{"performance":[{"ts":"2013-10-28T17:00:00Z","nsw":"0.38","nt":"0.00","qld":"0.35","sa":"0.15","tas":"0.00","vic":"0.11","wa":"0.09"},{"ts":"2013-10-28T17:10:00Z","nsw":"0.30","nt":"0.00","qld":"0.34","sa":"0.15","tas":"0.00","vic":"0.09","wa":"0.09"},{"ts":"2013-10-28T17:20:00Z","nsw":"0.34","nt":"0.00","qld":"0.34","sa":"0.15","tas":"0.00","vic":"0.49","wa":"0.09"},{"ts":"2013-10-28T17:30:00Z","nsw":"0.31","nt":"0.00","qld":"0.35","sa":"0.15","tas":"0.00","vic":"0.20","wa":"0.09"},{"ts":"2013-10-28T17:40:00Z","nsw":"0.33","nt":"0.00","qld":"0.34","sa":"0.15","tas":"0.00","vic":"0.16","wa":"0.09"},{"ts":"2013-10-28T17:50:00Z","nsw":"0.34","nt":"0.00","qld":"0.36","sa":"0.15","tas":"0.00","vic":"0.09","wa":"0.09"},{"ts":"2013-10-28T18:00:00Z","nsw":"0.30","nt":"0.00","qld":"0.34","sa":"0.15","tas":"0.00","vic":"0.08","wa":"0.09"},{"ts":"2013-10-28T18:10:00Z","nsw":"1.98","nt":"0.00","qld":"0.34","sa":"0.15","tas":"0.00","vic":"0.09","wa":"0.09"},{"ts":"2013-10-28T18:20:00Z","nsw":"0.33","nt":"0.00","qld":"0.35","sa":"0.15","tas":"0.00","vic":"0.09","wa":"0.09"},{"ts":"2013-10-28T18:30:00Z","nsw":"0.32","nt":"0.00","qld":"0.34","sa":"0.15","tas":"0.00","vic":"0.16","wa":"0.10"},{"ts":"2013-10-28T18:40:00Z","nsw":"0.36","nt":"0.00","qld":"0.35","sa":"0.15","tas":"0.00","vic":"0.08","wa":"0.09"},{"ts":"2013-10-28T18:50:00Z","nsw":"0.36","nt":"0.00","qld":"0.25","sa":"0.15","tas":"0.00","vic":"0.22","wa":"0.09"},{"ts":"2013-10-28T19:00:00Z","nsw":"0.36","nt":"0.00","qld":"0.15","sa":"0.10","tas":"0.04","vic":"0.28","wa":"0.09"},{"ts":"2013-10-28T19:10:00Z","nsw":"0.48","nt":"0.00","qld":"0.90","sa":"0.14","tas":"0.35","vic":"0.27","wa":"0.09"},{"ts":"2013-10-28T19:20:00Z","nsw":"1.11","nt":"0.00","qld":"1.77","sa":"0.09","tas":"0.75","vic":"0.06","wa":"0.09"},{"ts":"2013-10-28T19:30:00Z","nsw":"1.96","nt":"0.00","qld":"3.00","sa":"0.09","tas":"1.98","vic":"0.53","wa":"0.09"},{"ts":"2013-10-28T19:40:00Z","nsw":"2.58","nt":"0.00","qld":"4.63","sa":"0.09","tas":"3.44","vic":"0.71","wa":"0.09"},{"ts":"2013-10-28T19:50:00Z","nsw":"3.32","nt":"0.00","qld":"6.51","sa":"0.13","tas":"4.78","vic":"1.23","wa":"0.09"},{"ts":"2013-10-28T20:00:00Z","nsw":"4.42","nt":"0.00","qld":"8.46","sa":"0.38","tas":"8.08","vic":"1.91","wa":"0.09"},{"ts":"2013-10-28T20:10:00Z","nsw":"5.43","nt":"0.00","qld":"10.62","sa":"0.96","tas":"9.65","vic":"2.64","wa":"0.09"},{"ts":"2013-10-28T20:20:00Z","nsw":"7.26","nt":"0.00","qld":"12.80","sa":"1.41","tas":"12.11","vic":"3.75","wa":"0.08"},{"ts":"2013-10-28T20:30:00Z","nsw":"8.94","nt":"0.00","qld":"15.24","sa":"2.32","tas":"14.26","vic":"4.83","wa":"0.09"},{"ts":"2013-10-28T20:40:00Z","nsw":"11.24","nt":"0.00","qld":"18.64","sa":"2.96","tas":"17.35","vic":"5.97","wa":"0.08"},{"ts":"2013-10-28T20:50:00Z","nsw":"12.79","nt":"0.00","qld":"21.18","sa":"3.95","tas":"20.54","vic":"7.08","wa":"0.09"},{"ts":"2013-10-28T21:00:00Z","nsw":"15.74","nt":"0.25","qld":"24.28","sa":"4.81","tas":"24.10","vic":"8.70","wa":"0.08"},{"ts":"2013-10-28T21:10:00Z","nsw":"15.56","nt":"1.10","qld":"27.71","sa":"5.83","tas":"27.59","vic":"9.74","wa":"0.13"},{"ts":"2013-10-28T21:20:00Z","nsw":"19.31","nt":"1.69","qld":"31.11","sa":"7.07","tas":"31.14","vic":"12.08","wa":"0.13"},{"ts":"2013-10-28T21:30:00Z","nsw":"20.30","nt":"2.75","qld":"34.37","sa":"8.44","tas":"33.54","vic":"14.08","wa":"0.35"},{"ts":"2013-10-28T21:40:00Z","nsw":"24.68","nt":"4.94","qld":"37.56","sa":"10.15","tas":"35.02","vic":"15.98","wa":"0.77"},{"ts":"2013-10-28T21:50:00Z","nsw":"26.12","nt":"5.71","qld":"40.84","sa":"13.60","tas":"36.92","vic":"17.40","wa":"1.73"},{"ts":"2013-10-28T22:00:00Z","nsw":"30.35","nt":"7.76","qld":"44.35","sa":"13.65","tas":"40.05","vic":"20.24","wa":"3.11"},{"ts":"2013-10-28T22:10:00Z","nsw":"29.23","nt":"9.41","qld":"46.72","sa":"15.84","tas":"45.28","vic":"21.95","wa":"4.76"},{"ts":"2013-10-28T22:20:00Z","nsw":"34.44","nt":"10.64","qld":"49.35","sa":"19.75","tas":"49.58","vic":"25.89","wa":"6.63"},{"ts":"2013-10-28T22:30:00Z","nsw":"34.91","nt":"13.57","qld":"52.03","sa":"20.09","tas":"52.30","vic":"28.91","wa":"8.58"},{"ts":"2013-10-28T22:40:00Z","nsw":"39.34","nt":"17.34","qld":"55.60","sa":"22.49","tas":"53.10","vic":"28.52","wa":"10.82"},{"ts":"2013-10-28T22:50:00Z","nsw":"39.65","nt":"19.28","qld":"57.64","sa":"24.04","tas":"54.85","vic":"30.54","wa":"13.26"},{"ts":"2013-10-28T23:00:00Z","nsw":"44.30","nt":"24.36","qld":"60.35","sa":"24.50","tas":"61.83","vic":"34.32","wa":"16.10"},{"ts":"2013-10-28T23:10:00Z","nsw":"45.78","nt":"29.91","qld":"62.16","sa":"28.05","tas":"63.41","vic":"33.62","wa":"17.69"},{"ts":"2013-10-28T23:20:00Z","nsw":"48.82","nt":"31.56","qld":"63.52","sa":"30.23","tas":"65.95","vic":"36.44","wa":"21.48"},{"ts":"2013-10-28T23:30:00Z","nsw":"50.65","nt":"31.84","qld":"64.31","sa":"33.32","tas":"64.42","vic":"36.38","wa":"24.44"},{"ts":"2013-10-28T23:40:00Z","nsw":"51.77","nt":"34.28","qld":"66.75","sa":"30.58","tas":"67.12","vic":"37.16","wa":"28.14"},{"ts":"2013-10-28T23:50:00Z","nsw":"53.32","nt":"47.76","qld":"66.98","sa":"33.54","tas":"70.10","vic":"38.03","wa":"31.71"},{"ts":"2013-10-29T00:00:00Z","nsw":"55.39","nt":"39.60","qld":"67.92","sa":"31.48","tas":"73.70","vic":"41.54","wa":"35.97"},{"ts":"2013-10-29T00:10:00Z","nsw":"54.41","nt":"45.68","qld":"69.53","sa":"33.45","tas":"73.70","vic":"42.93","wa":"38.45"},{"ts":"2013-10-29T00:20:00Z","nsw":"55.52","nt":"55.98","qld":"70.65","sa":"32.40","tas":"78.04","vic":"46.58","wa":"41.97"},{"ts":"2013-10-29T00:30:00Z","nsw":"53.85","nt":"43.03","qld":"70.99","sa":"37.16","tas":"76.36","vic":"46.18","wa":"44.05"},{"ts":"2013-10-29T00:40:00Z","nsw":"53.91","nt":"50.19","qld":"71.14","sa":"36.93","tas":"77.37","vic":"52.07","wa":"47.72"},{"ts":"2013-10-29T00:50:00Z","nsw":"54.72","nt":"63.72","qld":"71.68","sa":"39.08","tas":"73.83","vic":"45.67","wa":"51.81"},{"ts":"2013-10-29T01:00:00Z","nsw":"57.06","nt":"60.16","qld":"71.92","sa":"38.26","tas":"74.49","vic":"50.69","wa":"53.90"},{"ts":"2013-10-29T01:10:00Z","nsw":"54.66","nt":"61.23","qld":"70.77","sa":"40.85","tas":"73.23","vic":"46.94","wa":"55.97"},{"ts":"2013-10-29T01:20:00Z","nsw":"58.42","nt":"50.48","qld":"71.63","sa":"41.30","tas":"76.27","vic":"54.80","wa":"58.90"},{"ts":"2013-10-29T01:30:00Z","nsw":"56.45","nt":"65.59","qld":"70.38","sa":"42.51","tas":"73.46","vic":"50.28","wa":"61.29"},{"ts":"2013-10-29T01:40:00Z","nsw":"55.48","nt":"43.87","qld":"69.51","sa":"43.88","tas":"73.39","vic":"54.07","wa":"62.84"},{"ts":"2013-10-29T01:50:00Z","nsw":"53.67","nt":"57.35","qld":"67.36","sa":"46.59","tas":"72.61","vic":"50.84","wa":"64.70"},{"ts":"2013-10-29T02:00:00Z","nsw":"49.60","nt":"54.42","qld":"67.00","sa":"46.88","tas":"79.96","vic":"58.02","wa":"65.26"},{"ts":"2013-10-29T02:10:00Z","nsw":"44.12","nt":"66.63","qld":"64.90","sa":"51.63","tas":"81.15","vic":"50.77","wa":"66.03"},{"ts":"2013-10-29T02:20:00Z","nsw":"43.96","nt":"47.46","qld":"60.09","sa":"52.01","tas":"83.41","vic":"50.77","wa":"67.40"},{"ts":"2013-10-29T02:30:00Z","nsw":"34.45","nt":"52.71","qld":"47.54","sa":"53.02","tas":"81.76","vic":"49.64","wa":"67.68"},{"ts":"2013-10-29T02:40:00Z","nsw":"31.71","nt":"72.58","qld":"38.59","sa":"53.38","tas":"83.34","vic":"54.88","wa":"69.86"},{"ts":"2013-10-29T02:50:00Z","nsw":"32.58","nt":"70.95","qld":"31.19","sa":"53.96","tas":"77.77","vic":"52.81","wa":"69.47"},{"ts":"2013-10-29T03:00:00Z","nsw":"32.79","nt":"75.54","qld":"24.23","sa":"52.95","tas":"79.87","vic":"60.73","wa":"71.79"},{"ts":"2013-10-29T03:10:00Z","nsw":"29.71","nt":"73.06","qld":"19.55","sa":"55.01","tas":"75.81","vic":"53.96","wa":"71.15"},{"ts":"2013-10-29T03:20:00Z","nsw":"28.58","nt":"76.24","qld":"19.47","sa":"54.97","tas":"74.75","vic":"59.90","wa":"72.60"},{"ts":"2013-10-29T03:30:00Z","nsw":"24.85","nt":"69.85","qld":"21.40","sa":"59.53","tas":"79.02","vic":"55.26","wa":"72.13"},{"ts":"2013-10-29T03:40:00Z","nsw":"26.28","nt":"75.00","qld":"23.40","sa":"60.17","tas":"74.79","vic":"59.58","wa":"73.53"},{"ts":"2013-10-29T03:50:00Z","nsw":"27.16","nt":"70.16","qld":"23.56","sa":"60.83","tas":"72.88","vic":"55.13","wa":"72.55"},{"ts":"2013-10-29T04:00:00Z","nsw":"27.78","nt":"77.03","qld":"23.12","sa":"60.52","tas":"67.63","vic":"58.83","wa":"72.44"},{"ts":"2013-10-29T04:10:00Z","nsw":"24.52","nt":"66.16","qld":"26.15","sa":"67.79","tas":"61.89","vic":"53.85","wa":"72.66"},{"ts":"2013-10-29T04:20:00Z","nsw":"19.57","nt":"70.42","qld":"26.78","sa":"61.76","tas":"68.38","vic":"55.65","wa":"73.05"},{"ts":"2013-10-29T04:30:00Z","nsw":"18.06","nt":"72.04","qld":"25.93","sa":"64.45","tas":"60.55","vic":"51.07","wa":"71.71"},{"ts":"2013-10-29T04:40:00Z","nsw":"16.99","nt":"70.07","qld":"24.84","sa":"59.41","tas":"62.64","vic":"53.98","wa":"72.17"},{"ts":"2013-10-29T04:50:00Z","nsw":"17.03","nt":"61.80","qld":"27.58","sa":"65.79","tas":"59.05","vic":"48.51","wa":"70.77"},{"ts":"2013-10-29T05:00:00Z","nsw":"18.14","nt":"66.22","qld":"35.66","sa":"59.47","tas":"52.38","vic":"50.36","wa":"71.11"},{"ts":"2013-10-29T05:10:00Z","nsw":"18.40","nt":"66.05","qld":"31.27","sa":"60.76","tas":"54.12","vic":"43.93","wa":"70.64"},{"ts":"2013-10-29T05:20:00Z","nsw":"17.66","nt":"57.65","qld":"27.29","sa":"56.98","tas":"52.48","vic":"45.10","wa":"69.21"},{"ts":"2013-10-29T05:30:00Z","nsw":"16.24","nt":"51.14","qld":"23.56","sa":"58.73","tas":"49.93","vic":"37.52","wa":"69.65"},{"ts":"2013-10-29T05:40:00Z","nsw":"16.34","nt":"34.06","qld":"22.56","sa":"53.41","tas":"49.68","vic":"37.64","wa":"67.84"},{"ts":"2013-10-29T05:50:00Z","nsw":"14.46","nt":"46.99","qld":"17.26","sa":"53.83","tas":"42.47","vic":"33.90","wa":"68.22"},{"ts":"2013-10-29T06:00:00Z","nsw":"13.88","nt":"41.09","qld":"14.48","sa":"47.82","tas":"39.48","vic":"30.68","wa":"67.61"},{"ts":"2013-10-29T06:10:00Z","nsw":"12.35","nt":"40.05","qld":"12.78","sa":"46.64","tas":"33.82","vic":"25.95","wa":"65.12"},{"ts":"2013-10-29T06:20:00Z","nsw":"11.31","nt":"39.80","qld":"10.25","sa":"42.57","tas":"28.51","vic":"22.93","wa":"64.29"},{"ts":"2013-10-29T06:30:00Z","nsw":"9.80","nt":"38.95","qld":"7.87","sa":"40.22","tas":"23.44","vic":"19.97","wa":"62.25"},{"ts":"2013-10-29T06:40:00Z","nsw":"8.45","nt":"37.54","qld":"5.27","sa":"36.73","tas":"24.48","vic":"17.59","wa":"62.20"},{"ts":"2013-10-29T06:50:00Z","nsw":"6.84","nt":"33.99","qld":"3.52","sa":"34.52","tas":"21.20","vic":"15.59","wa":"59.20"},{"ts":"2013-10-29T07:00:00Z","nsw":"6.32","nt":"25.09","qld":"2.69","sa":"30.43","tas":"17.31","vic":"13.51","wa":"57.02"},{"ts":"2013-10-29T07:10:00Z","nsw":"5.73","nt":"17.62","qld":"2.11","sa":"28.96","tas":"14.15","vic":"11.15","wa":"53.85"},{"ts":"2013-10-29T07:20:00Z","nsw":"4.54","nt":"15.57","qld":"1.60","sa":"26.04","tas":"12.29","vic":"9.29","wa":"51.20"},{"ts":"2013-10-29T07:30:00Z","nsw":"3.83","nt":"12.45","qld":"1.40","sa":"22.41","tas":"9.71","vic":"7.54","wa":"48.02"},{"ts":"2013-10-29T07:40:00Z","nsw":"3.84","nt":"9.68","qld":"1.12","sa":"19.18","tas":"8.77","vic":"5.86","wa":"45.68"},{"ts":"2013-10-29T07:50:00Z","nsw":"2.63","nt":"9.09","qld":"0.88","sa":"15.84","tas":"6.71","vic":"4.72","wa":"42.31"},{"ts":"2013-10-29T08:00:00Z","nsw":"2.56","nt":"8.00","qld":"0.88","sa":"12.99","tas":"4.97","vic":"3.42","wa":"38.60"},{"ts":"2013-10-29T08:10:00Z","nsw":"2.16","nt":"7.06","qld":"0.69","sa":"10.74","tas":"3.07","vic":"2.53","wa":"35.95"},{"ts":"2013-10-29T08:20:00Z","nsw":"1.31","nt":"7.25","qld":"0.71","sa":"8.69","tas":"1.95","vic":"1.83","wa":"32.65"},{"ts":"2013-10-29T08:30:00Z","nsw":"0.84","nt":"6.86","qld":"0.32","sa":"6.11","tas":"0.98","vic":"1.07","wa":"28.97"},{"ts":"2013-10-29T08:40:00Z","nsw":"0.50","nt":"5.60","qld":"0.28","sa":"4.34","tas":"0.43","vic":"0.68","wa":"25.91"},{"ts":"2013-10-29T08:50:00Z","nsw":"0.43","nt":"4.92","qld":"0.34","sa":"2.50","tas":"0.15","vic":"0.55","wa":"21.80"},{"ts":"2013-10-29T09:00:00Z","nsw":"0.47","nt":"3.32","qld":"0.37","sa":"1.06","tas":"0.18","vic":"0.61","wa":"18.24"},{"ts":"2013-10-29T09:10:00Z","nsw":"0.53","nt":"0.80","qld":"0.34","sa":"0.47","tas":"0.10","vic":"0.83","wa":"15.53"},{"ts":"2013-10-29T09:20:00Z","nsw":"0.55","nt":"0.85","qld":"0.34","sa":"0.54","tas":"0.12","vic":"0.44","wa":"12.99"},{"ts":"2013-10-29T09:30:00Z","nsw":"0.62","nt":"0.43","qld":"0.36","sa":"0.30","tas":"0.05","vic":"0.63","wa":"9.86"},{"ts":"2013-10-29T09:40:00Z","nsw":"0.67","nt":"0.64","qld":"0.37","sa":"0.33","tas":"0.03","vic":"0.68","wa":"7.86"},{"ts":"2013-10-29T09:50:00Z","nsw":"0.65","nt":"0.64","qld":"0.35","sa":"0.34","tas":"0.03","vic":"0.09","wa":"5.88"},{"ts":"2013-10-29T10:00:00Z","nsw":"0.64","nt":"0.85","qld":"0.37","sa":"0.21","tas":"0.03","vic":"0.61","wa":"4.35"},{"ts":"2013-10-29T10:10:00Z","nsw":"0.71","nt":"0.85","qld":"0.35","sa":"0.26","tas":"0.03","vic":"0.10","wa":"3.16"},{"ts":"2013-10-29T10:20:00Z","nsw":"0.73","nt":"0.85","qld":"0.36","sa":"0.21","tas":"0.03","vic":"0.09","wa":"2.00"},{"ts":"2013-10-29T10:30:00Z","nsw":"0.64","nt":"0.85","qld":"0.38","sa":"0.26","tas":"0.03","vic":"0.21","wa":"0.90"},{"ts":"2013-10-29T10:40:00Z","nsw":"0.68","nt":"0.85","qld":"0.37","sa":"0.14","tas":"0.03","vic":"0.29","wa":"0.41"},{"ts":"2013-10-29T10:50:00Z","nsw":"0.68","nt":"0.85","qld":"0.36","sa":"0.12","tas":"0.03","vic":"0.14","wa":"0.27"},{"ts":"2013-10-29T11:00:00Z","nsw":"0.64","nt":"0.85","qld":"0.36","sa":"0.17","tas":"0.03","vic":"0.25","wa":"0.21"},{"ts":"2013-10-29T11:10:00Z","nsw":"0.67","nt":"0.85","qld":"0.36","sa":"0.17","tas":"0.03","vic":"0.12","wa":"0.28"},{"ts":"2013-10-29T11:20:00Z","nsw":"1.58","nt":"0.85","qld":"0.42","sa":"0.12","tas":"0.03","vic":"0.24","wa":"0.22"},{"ts":"2013-10-29T11:30:00Z","nsw":"0.69","nt":"0.85","qld":"0.39","sa":"0.13","tas":"0.03","vic":"0.09","wa":"0.14"},{"ts":"2013-10-29T11:40:00Z","nsw":"0.66","nt":"0.85","qld":"0.37","sa":"0.12","tas":"0.03","vic":"0.42","wa":"0.18"},{"ts":"2013-10-29T11:50:00Z","nsw":"0.64","nt":"0.85","qld":"0.37","sa":"0.12","tas":"0.03","vic":"0.28","wa":"0.14"}],"contribution":[{"ts":"2013-10-28T17:00:00Z","nsw":"0.04","qld":"0.07","sa":"0.06","tas":"0.00","vic":"0.01","wa":"0.02"},{"ts":"2013-10-28T17:10:00Z","nsw":"0.03","qld":"0.07","sa":"0.06","tas":"0.00","vic":"0.01"},{"ts":"2013-10-28T17:20:00Z","nsw":"0.04","qld":"0.07","sa":"0.06","tas":"0.00","vic":"0.06"},{"ts":"2013-10-28T17:30:00Z","nsw":"0.03","qld":"0.07","sa":"0.06","tas":"0.00","vic":"0.02","wa":"0.02"},{"ts":"2013-10-28T17:40:00Z","nsw":"0.04","qld":"0.07","sa":"0.06","tas":"0.00","vic":"0.02"},{"ts":"2013-10-28T17:50:00Z","nsw":"0.04","qld":"0.08","sa":"0.06","tas":"0.00","vic":"0.01"},{"ts":"2013-10-28T18:00:00Z","nsw":"0.03","qld":"0.07","sa":"0.06","tas":"0.00","vic":"0.01","wa":"0.02"},{"ts":"2013-10-28T18:10:00Z","nsw":"0.21","qld":"0.07","sa":"0.06","tas":"0.00","vic":"0.01"},{"ts":"2013-10-28T18:20:00Z","nsw":"0.03","qld":"0.07","sa":"0.06","tas":"0.00","vic":"0.01"},{"ts":"2013-10-28T18:30:00Z","nsw":"0.03","qld":"0.07","sa":"0.06","tas":"0.00","vic":"0.02","wa":"0.02"},{"ts":"2013-10-28T18:40:00Z","nsw":"0.04","qld":"0.07","sa":"0.06","tas":"0.00","vic":"0.01"},{"ts":"2013-10-28T18:50:00Z","nsw":"0.04","qld":"0.05","sa":"0.06","tas":"0.00","vic":"0.02"},{"ts":"2013-10-28T19:00:00Z","nsw":"0.04","qld":"0.03","sa":"0.04","tas":"0.00","vic":"0.03","wa":"0.02"},{"ts":"2013-10-28T19:10:00Z","nsw":"0.05","qld":"0.18","sa":"0.05","tas":"0.02","vic":"0.03"},{"ts":"2013-10-28T19:20:00Z","nsw":"0.10","qld":"0.35","sa":"0.03","tas":"0.04","vic":"0.01"},{"ts":"2013-10-28T19:30:00Z","nsw":"0.18","qld":"0.58","sa":"0.03","tas":"0.09","vic":"0.05","wa":"0.02"},{"ts":"2013-10-28T19:40:00Z","nsw":"0.23","qld":"0.90","sa":"0.03","tas":"0.15","vic":"0.07"},{"ts":"2013-10-28T19:50:00Z","nsw":"0.29","qld":"1.24","sa":"0.04","tas":"0.21","vic":"0.12"},{"ts":"2013-10-28T20:00:00Z","nsw":"0.38","qld":"1.59","sa":"0.12","tas":"0.34","vic":"0.18","wa":"0.02"},{"ts":"2013-10-28T20:10:00Z","nsw":"0.46","qld":"1.93","sa":"0.30","tas":"0.40","vic":"0.23"},{"ts":"2013-10-28T20:20:00Z","nsw":"0.60","qld":"2.25","sa":"0.43","tas":"0.49","vic":"0.32"},{"ts":"2013-10-28T20:30:00Z","nsw":"0.73","qld":"2.62","sa":"0.69","tas":"0.57","vic":"0.40","wa":"0.02"},{"ts":"2013-10-28T20:40:00Z","nsw":"0.91","qld":"3.12","sa":"0.86","tas":"0.69","vic":"0.48"},{"ts":"2013-10-28T20:50:00Z","nsw":"1.01","qld":"3.50","sa":"1.09","tas":"0.81","vic":"0.57"},{"ts":"2013-10-28T21:00:00Z","nsw":"1.24","qld":"3.90","sa":"1.27","tas":"0.95","vic":"0.70","wa":"0.02"},{"ts":"2013-10-28T21:10:00Z","nsw":"1.22","qld":"4.37","sa":"1.54","tas":"1.10","vic":"0.80"},{"ts":"2013-10-28T21:20:00Z","nsw":"1.52","qld":"4.83","sa":"1.82","tas":"1.27","vic":"0.99"},{"ts":"2013-10-28T21:30:00Z","nsw":"1.58","qld":"5.36","sa":"2.15","tas":"1.40","vic":"1.16","wa":"0.07"},{"ts":"2013-10-28T21:40:00Z","nsw":"1.93","qld":"5.81","sa":"2.72","tas":"1.46","vic":"1.32"},{"ts":"2013-10-28T21:50:00Z","nsw":"2.04","qld":"6.22","sa":"3.65","tas":"1.54","vic":"1.46"},{"ts":"2013-10-28T22:00:00Z","nsw":"2.35","qld":"6.66","sa":"3.68","tas":"1.69","vic":"1.66","wa":"0.59"},{"ts":"2013-10-28T22:10:00Z","nsw":"2.24","qld":"6.92","sa":"4.23","tas":"1.93","vic":"1.78"},{"ts":"2013-10-28T22:20:00Z","nsw":"2.62","qld":"7.35","sa":"5.43","tas":"2.17","vic":"2.12"},{"ts":"2013-10-28T22:30:00Z","nsw":"2.66","qld":"7.71","sa":"5.46","tas":"2.30","vic":"2.34","wa":"1.53"},{"ts":"2013-10-28T22:40:00Z","nsw":"2.94","qld":"8.25","sa":"6.16","tas":"2.32","vic":"2.35"},{"ts":"2013-10-28T22:50:00Z","nsw":"2.96","qld":"8.44","sa":"6.51","tas":"2.40","vic":"2.52"},{"ts":"2013-10-28T23:00:00Z","nsw":"3.30","qld":"8.84","sa":"6.55","tas":"2.72","vic":"2.82","wa":"2.69"},{"ts":"2013-10-28T23:10:00Z","nsw":"3.40","qld":"9.09","sa":"7.68","tas":"2.84","vic":"2.75"},{"ts":"2013-10-28T23:20:00Z","nsw":"3.60","qld":"9.18","sa":"8.29","tas":"2.92","vic":"3.00"},{"ts":"2013-10-28T23:30:00Z","nsw":"3.74","qld":"9.30","sa":"9.07","tas":"2.88","vic":"3.05","wa":"3.82"},{"ts":"2013-10-28T23:40:00Z","nsw":"3.79","qld":"9.76","sa":"8.37","tas":"2.98","vic":"3.11"},{"ts":"2013-10-28T23:50:00Z","nsw":"3.89","qld":"9.72","sa":"9.11","tas":"3.15","vic":"3.20"},{"ts":"2013-10-29T00:00:00Z","nsw":"4.04","qld":"9.84","sa":"8.66","tas":"3.41","vic":"3.45","wa":"5.36"},{"ts":"2013-10-29T00:10:00Z","nsw":"3.99","qld":"9.99","sa":"9.20","tas":"3.38","vic":"3.57"},{"ts":"2013-10-29T00:20:00Z","nsw":"4.02","qld":"10.18","sa":"8.86","tas":"3.54","vic":"3.85"},{"ts":"2013-10-29T00:30:00Z","nsw":"3.94","qld":"10.30","sa":"10.02","tas":"3.47","vic":"3.83","wa":"6.57"},{"ts":"2013-10-29T00:40:00Z","nsw":"3.93","qld":"10.27","sa":"10.13","tas":"3.59","vic":"4.27"},{"ts":"2013-10-29T00:50:00Z","nsw":"3.99","qld":"10.38","sa":"10.49","tas":"3.44","vic":"3.77"},{"ts":"2013-10-29T01:00:00Z","nsw":"4.16","qld":"10.30","sa":"10.31","tas":"3.50","vic":"4.20","wa":"7.86"},{"ts":"2013-10-29T01:10:00Z","nsw":"4.04","qld":"10.15","sa":"10.99","tas":"3.38","vic":"3.91"},{"ts":"2013-10-29T01:20:00Z","nsw":"4.29","qld":"10.17","sa":"11.04","tas":"3.53","vic":"4.59"},{"ts":"2013-10-29T01:30:00Z","nsw":"4.17","qld":"10.06","sa":"11.30","tas":"3.43","vic":"4.19","wa":"8.80"},{"ts":"2013-10-29T01:40:00Z","nsw":"4.09","qld":"9.88","sa":"11.79","tas":"3.45","vic":"4.52"},{"ts":"2013-10-29T01:50:00Z","nsw":"3.95","qld":"9.68","sa":"12.46","tas":"3.45","vic":"4.27"},{"ts":"2013-10-29T02:00:00Z","nsw":"3.69","qld":"9.60","sa":"12.55","tas":"3.79","vic":"4.83","wa":"9.34"},{"ts":"2013-10-29T02:10:00Z","nsw":"3.28","qld":"9.23","sa":"13.70","tas":"3.87","vic":"4.26"},{"ts":"2013-10-29T02:20:00Z","nsw":"3.25","qld":"8.55","sa":"13.93","tas":"4.01","vic":"4.25"},{"ts":"2013-10-29T02:30:00Z","nsw":"2.59","qld":"6.76","sa":"14.05","tas":"3.85","vic":"4.15","wa":"9.47"},{"ts":"2013-10-29T02:40:00Z","nsw":"2.39","qld":"5.55","sa":"14.47","tas":"3.88","vic":"4.59"},{"ts":"2013-10-29T02:50:00Z","nsw":"2.46","qld":"4.46","sa":"14.77","tas":"3.68","vic":"4.48"},{"ts":"2013-10-29T03:00:00Z","nsw":"2.49","qld":"3.47","sa":"14.33","tas":"3.74","vic":"5.10","wa":"9.93"},{"ts":"2013-10-29T03:10:00Z","nsw":"2.27","qld":"2.79","sa":"14.68","tas":"3.61","vic":"4.56"},{"ts":"2013-10-29T03:20:00Z","nsw":"2.21","qld":"2.76","sa":"14.56","tas":"3.54","vic":"5.04"},{"ts":"2013-10-29T03:30:00Z","nsw":"1.93","qld":"3.06","sa":"15.81","tas":"3.70","vic":"4.67","wa":"9.89"},{"ts":"2013-10-29T03:40:00Z","nsw":"2.03","qld":"3.33","sa":"15.95","tas":"3.55","vic":"5.09"},{"ts":"2013-10-29T03:50:00Z","nsw":"2.11","qld":"3.37","sa":"16.12","tas":"3.45","vic":"4.68"},{"ts":"2013-10-29T04:00:00Z","nsw":"2.17","qld":"3.29","sa":"16.24","tas":"3.17","vic":"4.97","wa":"9.80"},{"ts":"2013-10-29T04:10:00Z","nsw":"1.92","qld":"3.76","sa":"17.86","tas":"2.94","vic":"4.59"},{"ts":"2013-10-29T04:20:00Z","nsw":"1.54","qld":"3.85","sa":"16.55","tas":"3.24","vic":"4.77"},{"ts":"2013-10-29T04:30:00Z","nsw":"1.42","qld":"3.74","sa":"17.27","tas":"2.82","vic":"4.40","wa":"9.66"},{"ts":"2013-10-29T04:40:00Z","nsw":"1.33","qld":"3.59","sa":"16.01","tas":"2.89","vic":"4.62"},{"ts":"2013-10-29T04:50:00Z","nsw":"1.33","qld":"3.96","sa":"17.42","tas":"2.76","vic":"4.18"},{"ts":"2013-10-29T05:00:00Z","nsw":"1.43","qld":"5.12","sa":"16.38","tas":"2.46","vic":"4.27","wa":"9.55"},{"ts":"2013-10-29T05:10:00Z","nsw":"1.46","qld":"4.56","sa":"16.37","tas":"2.57","vic":"3.79"},{"ts":"2013-10-29T05:20:00Z","nsw":"1.38","qld":"3.96","sa":"15.40","tas":"2.52","vic":"3.85"},{"ts":"2013-10-29T05:30:00Z","nsw":"1.26","qld":"3.45","sa":"15.88","tas":"2.39","vic":"3.23","wa":"9.30"},{"ts":"2013-10-29T05:40:00Z","nsw":"1.27","qld":"3.32","sa":"14.70","tas":"2.36","vic":"3.21"},{"ts":"2013-10-29T05:50:00Z","nsw":"1.12","qld":"2.52","sa":"14.85","tas":"2.00","vic":"2.87"},{"ts":"2013-10-29T06:00:00Z","nsw":"1.08","qld":"2.10","sa":"13.22","tas":"1.86","vic":"2.63","wa":"8.97"},{"ts":"2013-10-29T06:10:00Z","nsw":"0.96","qld":"1.85","sa":"12.98","tas":"1.59","vic":"2.24"},{"ts":"2013-10-29T06:20:00Z","nsw":"0.88","qld":"1.50","sa":"11.61","tas":"1.33","vic":"1.99"},{"ts":"2013-10-29T06:30:00Z","nsw":"0.76","qld":"1.15","sa":"11.03","tas":"1.07","vic":"1.71","wa":"8.26"},{"ts":"2013-10-29T06:40:00Z","nsw":"0.65","qld":"0.77","sa":"9.99","tas":"1.11","vic":"1.49"},{"ts":"2013-10-29T06:50:00Z","nsw":"0.53","qld":"0.51","sa":"9.43","tas":"0.96","vic":"1.34"},{"ts":"2013-10-29T07:00:00Z","nsw":"0.49","qld":"0.39","sa":"8.36","tas":"0.79","vic":"1.15","wa":"7.54"},{"ts":"2013-10-29T07:10:00Z","nsw":"0.44","qld":"0.30","sa":"7.91","tas":"0.65","vic":"0.96"},{"ts":"2013-10-29T07:20:00Z","nsw":"0.36","qld":"0.23","sa":"7.17","tas":"0.57","vic":"0.80"},{"ts":"2013-10-29T07:30:00Z","nsw":"0.30","qld":"0.20","sa":"6.17","tas":"0.44","vic":"0.64","wa":"6.36"},{"ts":"2013-10-29T07:40:00Z","nsw":"0.30","qld":"0.16","sa":"5.32","tas":"0.39","vic":"0.51"},{"ts":"2013-10-29T07:50:00Z","nsw":"0.21","qld":"0.13","sa":"4.49","tas":"0.30","vic":"0.41"},{"ts":"2013-10-29T08:00:00Z","nsw":"0.20","qld":"0.13","sa":"3.69","tas":"0.22","vic":"0.29","wa":"5.13"},{"ts":"2013-10-29T08:10:00Z","nsw":"0.17","qld":"0.10","sa":"3.03","tas":"0.14","vic":"0.22"},{"ts":"2013-10-29T08:20:00Z","nsw":"0.10","qld":"0.10","sa":"2.41","tas":"0.09","vic":"0.16"},{"ts":"2013-10-29T08:30:00Z","nsw":"0.07","qld":"0.05","sa":"1.74","tas":"0.04","vic":"0.09","wa":"3.88"},{"ts":"2013-10-29T08:40:00Z","nsw":"0.04","qld":"0.04","sa":"1.25","tas":"0.02","vic":"0.06"},{"ts":"2013-10-29T08:50:00Z","nsw":"0.03","qld":"0.05","sa":"0.73","tas":"0.01","vic":"0.05"},{"ts":"2013-10-29T09:00:00Z","nsw":"0.04","qld":"0.05","sa":"0.31","tas":"0.01","vic":"0.05","wa":"2.47"},{"ts":"2013-10-29T09:10:00Z","nsw":"0.04","qld":"0.05","sa":"0.13","tas":"0.00","vic":"0.07"},{"ts":"2013-10-29T09:20:00Z","nsw":"0.04","qld":"0.05","sa":"0.15","tas":"0.01","vic":"0.04"},{"ts":"2013-10-29T09:30:00Z","nsw":"0.05","qld":"0.06","sa":"0.09","tas":"0.00","vic":"0.05","wa":"1.36"},{"ts":"2013-10-29T09:40:00Z","nsw":"0.05","qld":"0.06","sa":"0.09","tas":"0.00","vic":"0.06"},{"ts":"2013-10-29T09:50:00Z","nsw":"0.05","qld":"0.05","sa":"0.09","tas":"0.00","vic":"0.01"},{"ts":"2013-10-29T10:00:00Z","nsw":"0.05","qld":"0.06","sa":"0.06","tas":"0.00","vic":"0.05","wa":"0.61"},{"ts":"2013-10-29T10:10:00Z","nsw":"0.06","qld":"0.06","sa":"0.07","tas":"0.00","vic":"0.01"},{"ts":"2013-10-29T10:20:00Z","nsw":"0.06","qld":"0.06","sa":"0.06","tas":"0.00","vic":"0.01"},{"ts":"2013-10-29T10:30:00Z","nsw":"0.05","qld":"0.06","sa":"0.07","tas":"0.00","vic":"0.02","wa":"0.13"},{"ts":"2013-10-29T10:40:00Z","nsw":"0.06","qld":"0.06","sa":"0.04","tas":"0.00","vic":"0.03"},{"ts":"2013-10-29T10:50:00Z","nsw":"0.06","qld":"0.06","sa":"0.03","tas":"0.00","vic":"0.01"},{"ts":"2013-10-29T11:00:00Z","nsw":"0.06","qld":"0.06","sa":"0.05","tas":"0.00","vic":"0.02","wa":"0.03"},{"ts":"2013-10-29T11:10:00Z","nsw":"0.06","qld":"0.06","sa":"0.05","tas":"0.00","vic":"0.01"},{"ts":"2013-10-29T11:20:00Z","nsw":"0.14","qld":"0.07","sa":"0.04","tas":"0.00","vic":"0.02"},{"ts":"2013-10-29T11:30:00Z","nsw":"0.06","qld":"0.06","sa":"0.04","tas":"0.00","vic":"0.01","wa":"0.02"},{"ts":"2013-10-29T11:40:00Z","nsw":"0.06","qld":"0.06","sa":"0.04","tas":"0.00","vic":"0.04"},{"ts":"2013-10-29T11:50:00Z","nsw":"0.06","qld":"0.06","sa":"0.04","tas":"0.00","vic":"0.03"}],"demand":[{"ts":"2013-10-28T17:00:00Z","nsw":5934,"qld":4661,"sa":1146,"tas":988,"vic":4224,"wa":1631},{"ts":"2013-10-28T17:10:00Z","nsw":5863,"qld":4681,"sa":1133,"tas":975,"vic":4203},{"ts":"2013-10-28T17:20:00Z","nsw":5972,"qld":4726,"sa":1154,"tas":961,"vic":4219},{"ts":"2013-10-28T17:30:00Z","nsw":5987,"qld":4650,"sa":1146,"tas":975,"vic":4232,"wa":1603},{"ts":"2013-10-28T17:40:00Z","nsw":6033,"qld":4683,"sa":1128,"tas":980,"vic":4217},{"ts":"2013-10-28T17:50:00Z","nsw":6048,"qld":4709,"sa":1136,"tas":993,"vic":4301},{"ts":"2013-10-28T18:00:00Z","nsw":6059,"qld":4792,"sa":1153,"tas":994,"vic":4306,"wa":1603},{"ts":"2013-10-28T18:10:00Z","nsw":6196,"qld":4725,"sa":1130,"tas":1010,"vic":4357},{"ts":"2013-10-28T18:20:00Z","nsw":6226,"qld":4802,"sa":1132,"tas":1013,"vic":4401},{"ts":"2013-10-28T18:30:00Z","nsw":6313,"qld":4750,"sa":1146,"tas":1014,"vic":4469,"wa":1586},{"ts":"2013-10-28T18:40:00Z","nsw":6425,"qld":4883,"sa":1158,"tas":1042,"vic":4600},{"ts":"2013-10-28T18:50:00Z","nsw":6570,"qld":4869,"sa":1177,"tas":1036,"vic":4687},{"ts":"2013-10-28T19:00:00Z","nsw":6677,"qld":4886,"sa":1183,"tas":1066,"vic":4806,"wa":1587},{"ts":"2013-10-28T19:10:00Z","nsw":6950,"qld":4966,"sa":1203,"tas":1102,"vic":5080},{"ts":"2013-10-28T19:20:00Z","nsw":7101,"qld":5001,"sa":1227,"tas":1126,"vic":5178},{"ts":"2013-10-28T19:30:00Z","nsw":7311,"qld":5044,"sa":1290,"tas":1161,"vic":5265,"wa":1590},{"ts":"2013-10-28T19:40:00Z","nsw":7463,"qld":5077,"sa":1334,"tas":1181,"vic":5417},{"ts":"2013-10-28T19:50:00Z","nsw":7603,"qld":5156,"sa":1375,"tas":1202,"vic":5505},{"ts":"2013-10-28T20:00:00Z","nsw":7646,"qld":5241,"sa":1423,"tas":1223,"vic":5623,"wa":1600},{"ts":"2013-10-28T20:10:00Z","nsw":7769,"qld":5395,"sa":1440,"tas":1255,"vic":5981},{"ts":"2013-10-28T20:20:00Z","nsw":7936,"qld":5508,"sa":1476,"tas":1280,"vic":6111},{"ts":"2013-10-28T20:30:00Z","nsw":7997,"qld":5669,"sa":1488,"tas":1282,"vic":6306,"wa":1619},{"ts":"2013-10-28T20:40:00Z","nsw":8064,"qld":5733,"sa":1518,"tas":1303,"vic":6316},{"ts":"2013-10-28T20:50:00Z","nsw":8145,"qld":5833,"sa":1604,"tas":1303,"vic":6357},{"ts":"2013-10-28T21:00:00Z","nsw":8204,"qld":5974,"sa":1647,"tas":1299,"vic":6275,"wa":1664},{"ts":"2013-10-28T21:10:00Z","nsw":8206,"qld":6027,"sa":1652,"tas":1275,"vic":6202},{"ts":"2013-10-28T21:20:00Z","nsw":8195,"qld":6049,"sa":1697,"tas":1249,"vic":6217},{"ts":"2013-10-28T21:30:00Z","nsw":8247,"qld":6025,"sa":1686,"tas":1212,"vic":6179,"wa":1703},{"ts":"2013-10-28T21:40:00Z","nsw":8199,"qld":6080,"sa":1598,"tas":1221,"vic":6157},{"ts":"2013-10-28T21:50:00Z","nsw":8229,"qld":6109,"sa":1578,"tas":1222,"vic":6116},{"ts":"2013-10-28T22:00:00Z","nsw":8261,"qld":6179,"sa":1592,"tas":1206,"vic":6186,"wa":1818},{"ts":"2013-10-28T22:10:00Z","nsw":8349,"qld":6194,"sa":1559,"tas":1188,"vic":6245},{"ts":"2013-10-28T22:20:00Z","nsw":8359,"qld":6152,"sa":1538,"tas":1155,"vic":6167},{"ts":"2013-10-28T22:30:00Z","nsw":8365,"qld":6161,"sa":1545,"tas":1154,"vic":6192,"wa":1924},{"ts":"2013-10-28T22:40:00Z","nsw":8450,"qld":6142,"sa":1519,"tas":1159,"vic":6118},{"ts":"2013-10-28T22:50:00Z","nsw":8464,"qld":6185,"sa":1538,"tas":1161,"vic":6088},{"ts":"2013-10-28T23:00:00Z","nsw":8473,"qld":6152,"sa":1538,"tas":1140,"vic":6073,"wa":2025},{"ts":"2013-10-28T23:10:00Z","nsw":8524,"qld":6193,"sa":1506,"tas":1128,"vic":6072},{"ts":"2013-10-28T23:20:00Z","nsw":8556,"qld":6225,"sa":1475,"tas":1127,"vic":6048},{"ts":"2013-10-28T23:30:00Z","nsw":8529,"qld":6193,"sa":1483,"tas":1127,"vic":5981,"wa":2144},{"ts":"2013-10-28T23:40:00Z","nsw":8577,"qld":6119,"sa":1486,"tas":1127,"vic":5973},{"ts":"2013-10-28T23:50:00Z","nsw":8605,"qld":6175,"sa":1477,"tas":1103,"vic":5950},{"ts":"2013-10-29T00:00:00Z","nsw":8570,"qld":6192,"sa":1472,"tas":1084,"vic":5995,"wa":2211},{"ts":"2013-10-29T00:10:00Z","nsw":8573,"qld":6221,"sa":1472,"tas":1090,"vic":5970},{"ts":"2013-10-29T00:20:00Z","nsw":8633,"qld":6185,"sa":1474,"tas":1099,"vic":5988},{"ts":"2013-10-29T00:30:00Z","nsw":8579,"qld":6163,"sa":1469,"tas":1095,"vic":5958,"wa":2178},{"ts":"2013-10-29T00:40:00Z","nsw":8603,"qld":6201,"sa":1467,"tas":1075,"vic":5986},{"ts":"2013-10-29T00:50:00Z","nsw":8555,"qld":6204,"sa":1471,"tas":1067,"vic":6000},{"ts":"2013-10-29T01:00:00Z","nsw":8588,"qld":6216,"sa":1486,"tas":1071,"vic":5948,"wa":2197},{"ts":"2013-10-29T01:10:00Z","nsw":8496,"qld":6217,"sa":1451,"tas":1087,"vic":5959},{"ts":"2013-10-29T01:20:00Z","nsw":8487,"qld":6272,"sa":1478,"tas":1085,"vic":5891},{"ts":"2013-10-29T01:30:00Z","nsw":8487,"qld":6239,"sa":1479,"tas":1066,"vic":5918,"wa":2210},{"ts":"2013-10-29T01:40:00Z","nsw":8519,"qld":6289,"sa":1448,"tas":1064,"vic":5902},{"ts":"2013-10-29T01:50:00Z","nsw":8501,"qld":6238,"sa":1454,"tas":1049,"vic":5890},{"ts":"2013-10-29T02:00:00Z","nsw":8467,"qld":6286,"sa":1449,"tas":1048,"vic":5895,"wa":2205},{"ts":"2013-10-29T02:10:00Z","nsw":8492,"qld":6325,"sa":1441,"tas":1041,"vic":5883},{"ts":"2013-10-29T02:20:00Z","nsw":8516,"qld":6420,"sa":1435,"tas":1040,"vic":5876},{"ts":"2013-10-29T02:30:00Z","nsw":8474,"qld":6548,"sa":1434,"tas":1058,"vic":5891,"wa":2252},{"ts":"2013-10-29T02:40:00Z","nsw":8446,"qld":6602,"sa":1388,"tas":1065,"vic":5851},{"ts":"2013-10-29T02:50:00Z","nsw":8423,"qld":6688,"sa":1384,"tas":1059,"vic":5800},{"ts":"2013-10-29T03:00:00Z","nsw":8355,"qld":6725,"sa":1408,"tas":1058,"vic":5845,"wa":2267},{"ts":"2013-10-29T03:10:00Z","nsw":8346,"qld":6747,"sa":1428,"tas":1046,"vic":5789},{"ts":"2013-10-29T03:20:00Z","nsw":8284,"qld":6796,"sa":1424,"tas":1059,"vic":5819},{"ts":"2013-10-29T03:30:00Z","nsw":8267,"qld":6750,"sa":1397,"tas":1062,"vic":5822,"wa":2287},{"ts":"2013-10-29T03:40:00Z","nsw":8274,"qld":6708,"sa":1403,"tas":1051,"vic":5769},{"ts":"2013-10-29T03:50:00Z","nsw":8191,"qld":6685,"sa":1408,"tas":1057,"vic":5783},{"ts":"2013-10-29T04:00:00Z","nsw":8185,"qld":6716,"sa":1390,"tas":1066,"vic":5780,"wa":2320},{"ts":"2013-10-29T04:10:00Z","nsw":8152,"qld":6640,"sa":1381,"tas":1058,"vic":5756},{"ts":"2013-10-29T04:20:00Z","nsw":8185,"qld":6620,"sa":1376,"tas":1053,"vic":5698},{"ts":"2013-10-29T04:30:00Z","nsw":8183,"qld":6599,"sa":1367,"tas":1069,"vic":5716,"wa":2333},{"ts":"2013-10-29T04:40:00Z","nsw":8196,"qld":6593,"sa":1383,"tas":1084,"vic":5751},{"ts":"2013-10-29T04:50:00Z","nsw":8235,"qld":6607,"sa":1366,"tas":1078,"vic":5774},{"ts":"2013-10-29T05:00:00Z","nsw":8185,"qld":6550,"sa":1346,"tas":1071,"vic":5819,"wa":2344},{"ts":"2013-10-29T05:10:00Z","nsw":8182,"qld":6512,"sa":1378,"tas":1060,"vic":5806},{"ts":"2013-10-29T05:20:00Z","nsw":8220,"qld":6527,"sa":1386,"tas":1053,"vic":5814},{"ts":"2013-10-29T05:30:00Z","nsw":8292,"qld":6554,"sa":1374,"tas":1058,"vic":5839,"wa":2363},{"ts":"2013-10-29T05:40:00Z","nsw":8267,"qld":6587,"sa":1387,"tas":1071,"vic":5893},{"ts":"2013-10-29T05:50:00Z","nsw":8324,"qld":6653,"sa":1391,"tas":1074,"vic":5890},{"ts":"2013-10-29T06:00:00Z","nsw":8304,"qld":6683,"sa":1384,"tas":1083,"vic":5852,"wa":2388},{"ts":"2013-10-29T06:10:00Z","nsw":8260,"qld":6732,"sa":1404,"tas":1084,"vic":5884},{"ts":"2013-10-29T06:20:00Z","nsw":8359,"qld":6695,"sa":1446,"tas":1098,"vic":5889},{"ts":"2013-10-29T06:30:00Z","nsw":8382,"qld":6714,"sa":1439,"tas":1127,"vic":5913,"wa":2407},{"ts":"2013-10-29T06:40:00Z","nsw":8383,"qld":6788,"sa":1460,"tas":1135,"vic":5981},{"ts":"2013-10-29T06:50:00Z","nsw":8356,"qld":6839,"sa":1471,"tas":1134,"vic":5949},{"ts":"2013-10-29T07:00:00Z","nsw":8401,"qld":6865,"sa":1482,"tas":1127,"vic":5963,"wa":2432},{"ts":"2013-10-29T07:10:00Z","nsw":8352,"qld":6849,"sa":1492,"tas":1115,"vic":5940},{"ts":"2013-10-29T07:20:00Z","nsw":8326,"qld":6881,"sa":1498,"tas":1119,"vic":5951},{"ts":"2013-10-29T07:30:00Z","nsw":8296,"qld":6890,"sa":1516,"tas":1138,"vic":5983,"wa":2460},{"ts":"2013-10-29T07:40:00Z","nsw":8284,"qld":6867,"sa":1516,"tas":1148,"vic":5916},{"ts":"2013-10-29T07:50:00Z","nsw":8296,"qld":6885,"sa":1500,"tas":1150,"vic":5932},{"ts":"2013-10-29T08:00:00Z","nsw":8288,"qld":6863,"sa":1516,"tas":1152,"vic":5985,"wa":2481},{"ts":"2013-10-29T08:10:00Z","nsw":8205,"qld":6792,"sa":1526,"tas":1138,"vic":5960},{"ts":"2013-10-29T08:20:00Z","nsw":8187,"qld":6784,"sa":1543,"tas":1150,"vic":5958},{"ts":"2013-10-29T08:30:00Z","nsw":8174,"qld":6790,"sa":1528,"tas":1154,"vic":5982,"wa":2499},{"ts":"2013-10-29T08:40:00Z","nsw":8177,"qld":6760,"sa":1532,"tas":1163,"vic":5967},{"ts":"2013-10-29T08:50:00Z","nsw":8177,"qld":6713,"sa":1529,"tas":1166,"vic":6049},{"ts":"2013-10-29T09:00:00Z","nsw":8194,"qld":6685,"sa":1544,"tas":1159,"vic":6076,"wa":2504},{"ts":"2013-10-29T09:10:00Z","nsw":8164,"qld":6591,"sa":1569,"tas":1114,"vic":6102},{"ts":"2013-10-29T09:20:00Z","nsw":8075,"qld":6537,"sa":1564,"tas":1020,"vic":6103},{"ts":"2013-10-29T09:30:00Z","nsw":8039,"qld":6448,"sa":1589,"tas":996,"vic":6084,"wa":2495},{"ts":"2013-10-29T09:40:00Z","nsw":7991,"qld":6389,"sa":1605,"tas":986,"vic":6055},{"ts":"2013-10-29T09:50:00Z","nsw":7884,"qld":6405,"sa":1601,"tas":1036,"vic":6044},{"ts":"2013-10-29T10:00:00Z","nsw":7846,"qld":6295,"sa":1600,"tas":1061,"vic":5983,"wa":2455},{"ts":"2013-10-29T10:10:00Z","nsw":7774,"qld":6270,"sa":1605,"tas":1072,"vic":5913},{"ts":"2013-10-29T10:20:00Z","nsw":7629,"qld":6223,"sa":1589,"tas":1103,"vic":5820},{"ts":"2013-10-29T10:30:00Z","nsw":7613,"qld":6122,"sa":1568,"tas":1083,"vic":5754,"wa":2461},{"ts":"2013-10-29T10:40:00Z","nsw":7535,"qld":6188,"sa":1566,"tas":1073,"vic":5716},{"ts":"2013-10-29T10:50:00Z","nsw":7417,"qld":6148,"sa":1540,"tas":1028,"vic":5650},{"ts":"2013-10-29T11:00:00Z","nsw":7451,"qld":6070,"sa":1537,"tas":1007,"vic":5537,"wa":2548},{"ts":"2013-10-29T11:10:00Z","nsw":7500,"qld":6136,"sa":1531,"tas":1020,"vic":5416},{"ts":"2013-10-29T11:20:00Z","nsw":7432,"qld":6150,"sa":1508,"tas":1046,"vic":5295},{"ts":"2013-10-29T11:30:00Z","nsw":7386,"qld":6028,"sa":1503,"tas":1031,"vic":5255,"wa":2494},{"ts":"2013-10-29T11:40:00Z","nsw":7332,"qld":6002,"sa":1451,"tas":1029,"vic":5129},{"ts":"2013-10-29T11:50:00Z","nsw":7246,"qld":5926,"sa":1419,"tas":1061,"vic":5058}],"output":[{"ts":"2013-10-28T17:00:00Z","nsw":2,"qld":3,"sa":0,"tas":0,"vic":0,"wa":0},{"ts":"2013-10-28T17:10:00Z","nsw":1,"qld":3,"sa":0,"tas":0,"vic":0},{"ts":"2013-10-28T17:20:00Z","nsw":2,"qld":3,"sa":0,"tas":0,"vic":2},{"ts":"2013-10-28T17:30:00Z","nsw":2,"qld":3,"sa":0,"tas":0,"vic":1,"wa":0},{"ts":"2013-10-28T17:40:00Z","nsw":2,"qld":3,"sa":0,"tas":0,"vic":0},{"ts":"2013-10-28T17:50:00Z","nsw":2,"qld":3,"sa":0,"tas":0,"vic":0},{"ts":"2013-10-28T18:00:00Z","nsw":1,"qld":3,"sa":0,"tas":0,"vic":0,"wa":0},{"ts":"2013-10-28T18:10:00Z","nsw":12,"qld":3,"sa":0,"tas":0,"vic":0},{"ts":"2013-10-28T18:20:00Z","nsw":2,"qld":3,"sa":0,"tas":0,"vic":0},{"ts":"2013-10-28T18:30:00Z","nsw":2,"qld":3,"sa":0,"tas":0,"vic":0,"wa":0},{"ts":"2013-10-28T18:40:00Z","nsw":2,"qld":3,"sa":0,"tas":0,"vic":0},{"ts":"2013-10-28T18:50:00Z","nsw":2,"qld":2,"sa":0,"tas":0,"vic":1},{"ts":"2013-10-28T19:00:00Z","nsw":2,"qld":1,"sa":0,"tas":0,"vic":1,"wa":0},{"ts":"2013-10-28T19:10:00Z","nsw":3,"qld":8,"sa":0,"tas":0,"vic":1},{"ts":"2013-10-28T19:20:00Z","nsw":7,"qld":17,"sa":0,"tas":0,"vic":0},{"ts":"2013-10-28T19:30:00Z","nsw":12,"qld":29,"sa":0,"tas":1,"vic":2,"wa":0},{"ts":"2013-10-28T19:40:00Z","nsw":16,"qld":45,"sa":0,"tas":1,"vic":3},{"ts":"2013-10-28T19:50:00Z","nsw":21,"qld":64,"sa":0,"tas":2,"vic":6},{"ts":"2013-10-28T20:00:00Z","nsw":28,"qld":83,"sa":1,"tas":4,"vic":9,"wa":0},{"ts":"2013-10-28T20:10:00Z","nsw":35,"qld":105,"sa":4,"tas":4,"vic":13},{"ts":"2013-10-28T20:20:00Z","nsw":47,"qld":127,"sa":6,"tas":6,"vic":19},{"ts":"2013-10-28T20:30:00Z","nsw":58,"qld":151,"sa":10,"tas":7,"vic":24,"wa":0},{"ts":"2013-10-28T20:40:00Z","nsw":73,"qld":184,"sa":13,"tas":8,"vic":30},{"ts":"2013-10-28T20:50:00Z","nsw":83,"qld":210,"sa":17,"tas":10,"vic":36},{"ts":"2013-10-28T21:00:00Z","nsw":102,"qld":240,"sa":21,"tas":12,"vic":44,"wa":0},{"ts":"2013-10-28T21:10:00Z","nsw":101,"qld":274,"sa":25,"tas":14,"vic":50},{"ts":"2013-10-28T21:20:00Z","nsw":126,"qld":308,"sa":31,"tas":16,"vic":62},{"ts":"2013-10-28T21:30:00Z","nsw":132,"qld":340,"sa":37,"tas":17,"vic":72,"wa":1},{"ts":"2013-10-28T21:40:00Z","nsw":161,"qld":372,"sa":45,"tas":18,"vic":82},{"ts":"2013-10-28T21:50:00Z","nsw":170,"qld":405,"sa":60,"tas":19,"vic":89},{"ts":"2013-10-28T22:00:00Z","nsw":198,"qld":439,"sa":60,"tas":20,"vic":104,"wa":10},{"ts":"2013-10-28T22:10:00Z","nsw":190,"qld":463,"sa":70,"tas":23,"vic":113},{"ts":"2013-10-28T22:20:00Z","nsw":224,"qld":489,"sa":87,"tas":25,"vic":133},{"ts":"2013-10-28T22:30:00Z","nsw":227,"qld":516,"sa":89,"tas":27,"vic":149,"wa":29},{"ts":"2013-10-28T22:40:00Z","nsw":256,"qld":551,"sa":99,"tas":27,"vic":147},{"ts":"2013-10-28T22:50:00Z","nsw":258,"qld":571,"sa":106,"tas":28,"vic":157},{"ts":"2013-10-28T23:00:00Z","nsw":289,"qld":598,"sa":108,"tas":32,"vic":177,"wa":56},{"ts":"2013-10-28T23:10:00Z","nsw":298,"qld":616,"sa":124,"tas":32,"vic":173},{"ts":"2013-10-28T23:20:00Z","nsw":318,"qld":630,"sa":134,"tas":34,"vic":187},{"ts":"2013-10-28T23:30:00Z","nsw":330,"qld":638,"sa":147,"tas":33,"vic":187,"wa":85},{"ts":"2013-10-28T23:40:00Z","nsw":337,"qld":662,"sa":135,"tas":34,"vic":191},{"ts":"2013-10-28T23:50:00Z","nsw":348,"qld":664,"sa":148,"tas":36,"vic":196},{"ts":"2013-10-29T00:00:00Z","nsw":361,"qld":673,"sa":139,"tas":38,"vic":214,"wa":125},{"ts":"2013-10-29T00:10:00Z","nsw":355,"qld":689,"sa":148,"tas":38,"vic":221},{"ts":"2013-10-29T00:20:00Z","nsw":362,"qld":700,"sa":143,"tas":40,"vic":240},{"ts":"2013-10-29T00:30:00Z","nsw":351,"qld":704,"sa":164,"tas":39,"vic":238,"wa":153},{"ts":"2013-10-29T00:40:00Z","nsw":351,"qld":705,"sa":163,"tas":40,"vic":268},{"ts":"2013-10-29T00:50:00Z","nsw":357,"qld":711,"sa":173,"tas":38,"vic":235},{"ts":"2013-10-29T01:00:00Z","nsw":372,"qld":713,"sa":169,"tas":38,"vic":261,"wa":187},{"ts":"2013-10-29T01:10:00Z","nsw":356,"qld":702,"sa":181,"tas":37,"vic":242},{"ts":"2013-10-29T01:20:00Z","nsw":381,"qld":710,"sa":183,"tas":39,"vic":282},{"ts":"2013-10-29T01:30:00Z","nsw":368,"qld":698,"sa":188,"tas":38,"vic":259,"wa":213},{"ts":"2013-10-29T01:40:00Z","nsw":362,"qld":689,"sa":194,"tas":37,"vic":278},{"ts":"2013-10-29T01:50:00Z","nsw":350,"qld":668,"sa":206,"tas":37,"vic":262},{"ts":"2013-10-29T02:00:00Z","nsw":323,"qld":664,"sa":208,"tas":41,"vic":299,"wa":227},{"ts":"2013-10-29T02:10:00Z","nsw":288,"qld":643,"sa":229,"tas":42,"vic":261},{"ts":"2013-10-29T02:20:00Z","nsw":287,"qld":596,"sa":230,"tas":43,"vic":261},{"ts":"2013-10-29T02:30:00Z","nsw":224,"qld":471,"sa":235,"tas":42,"vic":256,"wa":235},{"ts":"2013-10-29T02:40:00Z","nsw":207,"qld":382,"sa":236,"tas":43,"vic":283},{"ts":"2013-10-29T02:50:00Z","nsw":212,"qld":309,"sa":239,"tas":40,"vic":272},{"ts":"2013-10-29T03:00:00Z","nsw":214,"qld":240,"sa":235,"tas":41,"vic":313,"wa":249},{"ts":"2013-10-29T03:10:00Z","nsw":193,"qld":193,"sa":244,"tas":39,"vic":278},{"ts":"2013-10-29T03:20:00Z","nsw":186,"qld":193,"sa":244,"tas":38,"vic":308},{"ts":"2013-10-29T03:30:00Z","nsw":162,"qld":212,"sa":264,"tas":40,"vic":285,"wa":251},{"ts":"2013-10-29T03:40:00Z","nsw":171,"qld":232,"sa":267,"tas":38,"vic":307},{"ts":"2013-10-29T03:50:00Z","nsw":177,"qld":233,"sa":270,"tas":37,"vic":284},{"ts":"2013-10-29T04:00:00Z","nsw":181,"qld":229,"sa":268,"tas":35,"vic":303,"wa":252},{"ts":"2013-10-29T04:10:00Z","nsw":160,"qld":259,"sa":300,"tas":32,"vic":277},{"ts":"2013-10-29T04:20:00Z","nsw":127,"qld":265,"sa":274,"tas":35,"vic":287},{"ts":"2013-10-29T04:30:00Z","nsw":117,"qld":257,"sa":286,"tas":31,"vic":263,"wa":249},{"ts":"2013-10-29T04:40:00Z","nsw":110,"qld":246,"sa":263,"tas":32,"vic":278},{"ts":"2013-10-29T04:50:00Z","nsw":111,"qld":273,"sa":292,"tas":30,"vic":250},{"ts":"2013-10-29T05:00:00Z","nsw":118,"qld":353,"sa":263,"tas":27,"vic":259,"wa":247},{"ts":"2013-10-29T05:10:00Z","nsw":120,"qld":310,"sa":269,"tas":28,"vic":226},{"ts":"2013-10-29T05:20:00Z","nsw":115,"qld":270,"sa":252,"tas":27,"vic":232},{"ts":"2013-10-29T05:30:00Z","nsw":106,"qld":233,"sa":260,"tas":25,"vic":193,"wa":242},{"ts":"2013-10-29T05:40:00Z","nsw":106,"qld":223,"sa":237,"tas":25,"vic":194},{"ts":"2013-10-29T05:50:00Z","nsw":94,"qld":171,"sa":238,"tas":21,"vic":174},{"ts":"2013-10-29T06:00:00Z","nsw":90,"qld":143,"sa":212,"tas":20,"vic":158,"wa":235},{"ts":"2013-10-29T06:10:00Z","nsw":80,"qld":126,"sa":207,"tas":17,"vic":133},{"ts":"2013-10-29T06:20:00Z","nsw":73,"qld":101,"sa":188,"tas":14,"vic":118},{"ts":"2013-10-29T06:30:00Z","nsw":64,"qld":78,"sa":178,"tas":12,"vic":103,"wa":216},{"ts":"2013-10-29T06:40:00Z","nsw":55,"qld":52,"sa":163,"tas":12,"vic":90},{"ts":"2013-10-29T06:50:00Z","nsw":44,"qld":34,"sa":153,"tas":10,"vic":80},{"ts":"2013-10-29T07:00:00Z","nsw":41,"qld":26,"sa":135,"tas":8,"vic":69,"wa":198},{"ts":"2013-10-29T07:10:00Z","nsw":37,"qld":20,"sa":128,"tas":7,"vic":57},{"ts":"2013-10-29T07:20:00Z","nsw":29,"qld":15,"sa":115,"tas":6,"vic":47},{"ts":"2013-10-29T07:30:00Z","nsw":25,"qld":13,"sa":99,"tas":5,"vic":38,"wa":167},{"ts":"2013-10-29T07:40:00Z","nsw":25,"qld":11,"sa":85,"tas":4,"vic":30},{"ts":"2013-10-29T07:50:00Z","nsw":17,"qld":8,"sa":70,"tas":3,"vic":24},{"ts":"2013-10-29T08:00:00Z","nsw":16,"qld":8,"sa":57,"tas":2,"vic":17,"wa":134},{"ts":"2013-10-29T08:10:00Z","nsw":14,"qld":6,"sa":47,"tas":1,"vic":13},{"ts":"2013-10-29T08:20:00Z","nsw":8,"qld":7,"sa":38,"tas":1,"vic":9},{"ts":"2013-10-29T08:30:00Z","nsw":5,"qld":3,"sa":27,"tas":0,"vic":5,"wa":100},{"ts":"2013-10-29T08:40:00Z","nsw":3,"qld":2,"sa":19,"tas":0,"vic":3},{"ts":"2013-10-29T08:50:00Z","nsw":2,"qld":3,"sa":11,"tas":0,"vic":2},{"ts":"2013-10-29T09:00:00Z","nsw":3,"qld":3,"sa":4,"tas":0,"vic":3,"wa":63},{"ts":"2013-10-29T09:10:00Z","nsw":3,"qld":3,"sa":2,"tas":0,"vic":4},{"ts":"2013-10-29T09:20:00Z","nsw":3,"qld":3,"sa":2,"tas":0,"vic":2},{"ts":"2013-10-29T09:30:00Z","nsw":4,"qld":3,"sa":1,"tas":0,"vic":3,"wa":34},{"ts":"2013-10-29T09:40:00Z","nsw":4,"qld":3,"sa":1,"tas":0,"vic":3},{"ts":"2013-10-29T09:50:00Z","nsw":4,"qld":3,"sa":1,"tas":0,"vic":0},{"ts":"2013-10-29T10:00:00Z","nsw":4,"qld":3,"sa":0,"tas":0,"vic":3,"wa":15},{"ts":"2013-10-29T10:10:00Z","nsw":4,"qld":3,"sa":1,"tas":0,"vic":0},{"ts":"2013-10-29T10:20:00Z","nsw":4,"qld":3,"sa":0,"tas":0,"vic":0},{"ts":"2013-10-29T10:30:00Z","nsw":4,"qld":3,"sa":1,"tas":0,"vic":1,"wa":3},{"ts":"2013-10-29T10:40:00Z","nsw":4,"qld":3,"sa":0,"tas":0,"vic":1},{"ts":"2013-10-29T10:50:00Z","nsw":4,"qld":3,"sa":0,"tas":0,"vic":0},{"ts":"2013-10-29T11:00:00Z","nsw":4,"qld":3,"sa":0,"tas":0,"vic":1,"wa":0},{"ts":"2013-10-29T11:10:00Z","nsw":4,"qld":3,"sa":0,"tas":0,"vic":0},{"ts":"2013-10-29T11:20:00Z","nsw":10,"qld":4,"sa":0,"tas":0,"vic":1},{"ts":"2013-10-29T11:30:00Z","nsw":4,"qld":3,"sa":0,"tas":0,"vic":0,"wa":0},{"ts":"2013-10-29T11:40:00Z","nsw":4,"qld":3,"sa":0,"tas":0,"vic":2},{"ts":"2013-10-29T11:50:00Z","nsw":4,"qld":3,"sa":0,"tas":0,"vic":1}]}