{"performance":[{"ts":"2013-08-09T18:00:00Z","nsw":"0.24","nt":"0.00","qld":"0.32","sa":"0.10","tas":"0.00","vic":"0.10","wa":"0.12"},{"ts":"2013-08-09T18:10:00Z","nsw":"0.19","nt":"0.00","qld":"0.32","sa":"0.01","tas":"0.00","vic":"0.11","wa":"0.12"},{"ts":"2013-08-09T18:20:00Z","nsw":"0.26","nt":"0.00","qld":"0.28","sa":"0.12","tas":"0.00","vic":"0.11","wa":"0.13"},{"ts":"2013-08-09T18:30:00Z","nsw":"0.28","nt":"0.00","qld":"0.22","sa":"0.07","tas":"0.00","vic":"0.09","wa":"0.13"},{"ts":"2013-08-09T18:40:00Z","nsw":"0.25","nt":"0.00","qld":"0.31","sa":"0.11","tas":"0.00","vic":"0.11","wa":"0.11"},{"ts":"2013-08-09T18:50:00Z","nsw":"0.20","nt":"0.00","qld":"0.23","sa":"0.05","tas":"0.00","vic":"0.10","wa":"0.12"},{"ts":"2013-08-09T19:00:00Z","nsw":"0.28","nt":"0.00","qld":"0.15","sa":"0.08","tas":"0.00","vic":"0.12","wa":"0.12"},{"ts":"2013-08-09T19:10:00Z","nsw":"0.22","nt":"0.00","qld":"0.32","sa":"0.04","tas":"0.00","vic":"0.09","wa":"0.13"},{"ts":"2013-08-09T19:20:00Z","nsw":"0.29","nt":"0.00","qld":"0.33","sa":"0.11","tas":"0.00","vic":"0.10","wa":"0.12"},{"ts":"2013-08-09T19:30:00Z","nsw":"0.18","nt":"0.00","qld":"0.31","sa":"0.05","tas":"0.00","vic":"0.10","wa":"0.12"},{"ts":"2013-08-09T19:40:00Z","nsw":"0.26","nt":"0.00","qld":"0.27","sa":"0.11","tas":"0.00","vic":"0.11","wa":"0.11"},{"ts":"2013-08-09T19:50:00Z","nsw":"0.21","nt":"0.00","qld":"0.32","sa":"0.05","tas":"0.00","vic":"0.11","wa":"0.13"},{"ts":"2013-08-09T20:00:00Z","nsw":"0.29","nt":"0.00","qld":"0.28","sa":"0.09","tas":"0.00","vic":"0.11","wa":"0.11"},{"ts":"2013-08-09T20:10:00Z","nsw":"0.25","nt":"0.00","qld":"0.28","sa":"0.10","tas":"0.00","vic":"0.11","wa":"0.12"},{"ts":"2013-08-09T20:20:00Z","nsw":"0.32","nt":"0.00","qld":"0.10","sa":"0.11","tas":"0.00","vic":"0.10","wa":"0.10"},{"ts":"2013-08-09T20:30:00Z","nsw":"0.29","nt":"0.00","qld":"0.61","sa":"0.06","tas":"0.00","vic":"0.07","wa":"0.12"},{"ts":"2013-08-09T20:40:00Z","nsw":"0.31","nt":"0.00","qld":"1.73","sa":"0.08","tas":"0.10","vic":"0.11","wa":"0.10"},{"ts":"2013-08-09T20:50:00Z","nsw":"0.84","nt":"0.00","qld":"3.15","sa":"0.06","tas":"0.00","vic":"0.11","wa":"0.12"},{"ts":"2013-08-09T21:00:00Z","nsw":"1.57","qld":"5.21","sa":"0.10","tas":"0.00","vic":"0.11","wa":"0.10"},{"ts":"2013-08-09T21:10:00Z","nsw":"2.34","nt":"0.00","qld":"8.03","sa":"0.14","tas":"0.00","vic":"0.15","wa":"0.12"},{"ts":"2013-08-09T21:20:00Z","nsw":"4.00","qld":"10.86","sa":"0.14","tas":"0.37","vic":"0.42","wa":"0.13"},{"ts":"2013-08-09T21:30:00Z","nsw":"5.33","nt":"0.00","qld":"13.96","sa":"0.28","tas":"1.26","vic":"1.30","wa":"0.14"},{"ts":"2013-08-09T21:40:00Z","nsw":"7.53","nt":"0.00","qld":"17.66","sa":"0.18","tas":"2.79","vic":"2.81","wa":"0.12"},{"ts":"2013-08-09T21:50:00Z","nsw":"10.66","nt":"0.39","qld":"20.71","sa":"0.53","tas":"3.57","vic":"4.66","wa":"0.12"},{"ts":"2013-08-09T22:00:00Z","nsw":"9.61","qld":"17.92","sa":"0.29","tas":"5.35","vic":"4.58","wa":"0.00"},{"ts":"2013-08-09T22:10:00Z","nsw":"11.25","nt":"0.96","qld":"23.54","sa":"1.19","tas":"4.73","vic":"5.43","wa":"0.00"},{"ts":"2013-08-09T22:20:00Z","nsw":"9.40","qld":"23.64","sa":"1.29","tas":"2.99","vic":"6.93","wa":"0.00"},{"ts":"2013-08-09T22:30:00Z","nsw":"13.29","qld":"23.12","sa":"0.69","tas":"5.51","vic":"7.29","wa":"0.38"},{"ts":"2013-08-09T22:40:00Z","nsw":"18.57","nt":"2.23","qld":"30.69","sa":"2.99","tas":"10.54","vic":"12.58","wa":"0.10"},{"ts":"2013-08-09T22:50:00Z","nsw":"26.71","nt":"7.25","qld":"40.10","sa":"7.13","tas":"11.35","vic":"20.52","wa":"0.10"},{"ts":"2013-08-09T23:00:00Z","nsw":"30.94","nt":"12.88","qld":"42.90","sa":"8.12","tas":"9.56","vic":"24.25","wa":"0.22"},{"ts":"2013-08-09T23:10:00Z","nsw":"34.03","nt":"21.52","qld":"46.05","sa":"9.54","tas":"12.54","vic":"27.94","wa":"0.78"},{"ts":"2013-08-09T23:20:00Z","nsw":"36.14","nt":"19.66","qld":"48.46","sa":"11.19","tas":"18.84","vic":"31.89","wa":"1.58"},{"ts":"2013-08-09T23:30:00Z","nsw":"37.68","nt":"20.38","qld":"51.05","sa":"13.33","tas":"21.70","vic":"34.31","wa":"3.36"},{"ts":"2013-08-09T23:40:00Z","nsw":"38.97","nt":"26.88","qld":"53.32","sa":"15.49","tas":"24.84","vic":"36.64","wa":"5.57"},{"ts":"2013-08-09T23:50:00Z","nsw":"41.87","nt":"31.10","qld":"54.90","sa":"18.29","tas":"30.69","vic":"39.45","wa":"8.00"},{"ts":"2013-08-10T00:00:00Z","nsw":"42.71","nt":"32.05","qld":"57.28","sa":"19.26","tas":"38.22","vic":"39.81","wa":"10.73"},{"ts":"2013-08-10T00:10:00Z","nsw":"45.99","nt":"38.49","qld":"58.83","sa":"22.59","tas":"33.59","vic":"42.39","wa":"13.87"},{"ts":"2013-08-10T00:20:00Z","nsw":"47.44","nt":"41.12","qld":"60.29","sa":"24.02","tas":"42.40","vic":"45.30","wa":"15.35"},{"ts":"2013-08-10T00:30:00Z","nsw":"50.33","nt":"46.58","qld":"61.00","sa":"29.29","tas":"36.96","vic":"47.66","wa":"16.62"},{"ts":"2013-08-10T00:40:00Z","nsw":"50.82","nt":"45.49","qld":"62.48","sa":"28.43","tas":"35.96","vic":"50.16","wa":"20.61"},{"ts":"2013-08-10T00:50:00Z","nsw":"52.33","nt":"49.28","qld":"62.81","sa":"31.63","tas":"36.10","vic":"50.50","wa":"22.13"},{"ts":"2013-08-10T01:00:00Z","nsw":"53.98","nt":"53.99","qld":"63.88","sa":"31.08","tas":"40.75","vic":"51.59","wa":"25.61"},{"ts":"2013-08-10T01:10:00Z","nsw":"54.21","nt":"55.99","qld":"64.67","sa":"39.87","tas":"32.42","vic":"52.11","wa":"29.26"},{"ts":"2013-08-10T01:20:00Z","nsw":"56.00","nt":"59.08","qld":"65.57","sa":"41.92","tas":"38.28","vic":"57.14","wa":"30.71"},{"ts":"2013-08-10T01:30:00Z","nsw":"56.13","nt":"61.99","qld":"65.61","sa":"45.77","tas":"32.79","vic":"57.72","wa":"31.66"},{"ts":"2013-08-10T01:40:00Z","nsw":"55.44","nt":"61.45","qld":"66.03","sa":"43.69","tas":"39.32","vic":"57.69","wa":"30.68"},{"ts":"2013-08-10T01:50:00Z","nsw":"57.16","nt":"63.26","qld":"66.30","sa":"55.18","tas":"31.16","vic":"58.16","wa":"32.54"},{"ts":"2013-08-10T02:00:00Z","nsw":"58.74","nt":"62.83","qld":"66.10","sa":"48.96","tas":"30.21","vic":"57.17","wa":"32.32"},{"ts":"2013-08-10T02:10:00Z","nsw":"60.29","nt":"61.24","qld":"65.65","sa":"57.15","tas":"30.78","vic":"54.89","wa":"32.97"},{"ts":"2013-08-10T02:20:00Z","nsw":"60.26","nt":"64.45","qld":"65.78","sa":"48.38","tas":"45.54","vic":"54.44","wa":"33.88"},{"ts":"2013-08-10T02:30:00Z","nsw":"61.45","nt":"63.91","qld":"65.43","sa":"53.42","tas":"38.11","vic":"50.87","wa":"35.64"},{"ts":"2013-08-10T02:40:00Z","nsw":"59.18","nt":"67.08","qld":"64.60","sa":"52.28","tas":"49.94","vic":"53.37","wa":"35.90"},{"ts":"2013-08-10T02:50:00Z","nsw":"58.78","nt":"63.55","qld":"64.07","sa":"55.26","tas":"39.60","vic":"50.80","wa":"34.32"},{"ts":"2013-08-10T03:00:00Z","nsw":"59.50","nt":"68.71","qld":"63.25","sa":"50.28","tas":"42.57","vic":"53.96","wa":"40.17"},{"ts":"2013-08-10T03:10:00Z","nsw":"56.35","nt":"69.93","qld":"61.70","sa":"54.71","tas":"38.72","vic":"51.84","wa":"35.91"},{"ts":"2013-08-10T03:20:00Z","nsw":"56.53","nt":"63.93","qld":"60.96","sa":"51.67","tas":"45.74","vic":"56.09","wa":"42.72"},{"ts":"2013-08-10T03:30:00Z","nsw":"54.53","nt":"68.72","qld":"59.58","sa":"55.49","tas":"35.99","vic":"52.31","wa":"41.03"},{"ts":"2013-08-10T03:40:00Z","nsw":"53.84","nt":"69.45","qld":"57.53","sa":"50.11","tas":"46.21","vic":"53.16","wa":"46.62"},{"ts":"2013-08-10T03:50:00Z","nsw":"52.19","nt":"60.55","qld":"56.32","sa":"50.03","tas":"39.46","vic":"50.81","wa":"44.44"},{"ts":"2013-08-10T04:00:00Z","nsw":"50.89","nt":"70.82","qld":"54.56","sa":"48.36","tas":"43.92","vic":"49.75","wa":"43.94"},{"ts":"2013-08-10T04:10:00Z","nsw":"48.83","nt":"69.32","qld":"51.71","sa":"52.68","tas":"32.05","vic":"45.73","wa":"47.52"},{"ts":"2013-08-10T04:20:00Z","nsw":"46.72","nt":"65.41","qld":"50.11","sa":"47.70","tas":"38.57","vic":"46.08","wa":"39.31"},{"ts":"2013-08-10T04:30:00Z","nsw":"44.37","nt":"63.24","qld":"47.73","sa":"46.93","tas":"32.50","vic":"42.91","wa":"36.90"},{"ts":"2013-08-10T04:40:00Z","nsw":"41.77","nt":"58.28","qld":"44.37","sa":"43.70","tas":"36.90","vic":"42.05","wa":"45.33"},{"ts":"2013-08-10T04:50:00Z","nsw":"38.63","nt":"53.13","qld":"42.33","sa":"45.08","tas":"33.14","vic":"38.50","wa":"45.00"},{"ts":"2013-08-10T05:00:00Z","nsw":"36.40","nt":"47.09","qld":"39.59","sa":"35.09","tas":"32.57","vic":"36.37","wa":"42.12"},{"ts":"2013-08-10T05:10:00Z","nsw":"32.78","nt":"54.38","qld":"36.01","sa":"34.07","tas":"28.22","vic":"32.68","wa":"39.64"},{"ts":"2013-08-10T05:20:00Z","nsw":"31.76","nt":"44.02","qld":"33.65","sa":"30.43","tas":"28.78","vic":"30.01","wa":"38.92"},{"ts":"2013-08-10T05:30:00Z","nsw":"27.15","nt":"39.46","qld":"30.56","sa":"25.69","tas":"21.83","vic":"25.17","wa":"41.39"},{"ts":"2013-08-10T05:40:00Z","nsw":"24.95","nt":"42.64","qld":"26.96","sa":"21.76","tas":"23.86","vic":"22.96","wa":"37.04"},{"ts":"2013-08-10T05:50:00Z","nsw":"21.77","nt":"48.57","qld":"24.13","sa":"20.35","tas":"18.04","vic":"20.64","wa":"35.12"},{"ts":"2013-08-10T06:00:00Z","nsw":"18.37","nt":"37.52","qld":"20.98","sa":"19.00","tas":"16.92","vic":"19.86","wa":"36.78"},{"ts":"2013-08-10T06:10:00Z","nsw":"14.63","nt":"44.06","qld":"17.00","sa":"19.30","tas":"12.72","vic":"15.88","wa":"35.73"},{"ts":"2013-08-10T06:20:00Z","nsw":"12.19","nt":"37.62","qld":"14.15","sa":"17.19","tas":"12.53","vic":"15.07","wa":"41.08"},{"ts":"2013-08-10T06:30:00Z","nsw":"9.21","nt":"46.85","qld":"10.98","sa":"15.12","tas":"8.03","vic":"11.30","wa":"39.49"},{"ts":"2013-08-10T06:40:00Z","nsw":"7.06","nt":"42.03","qld":"7.87","sa":"12.72","tas":"5.95","vic":"9.33","wa":"36.91"},{"ts":"2013-08-10T06:50:00Z","nsw":"4.63","nt":"39.94","qld":"5.77","sa":"10.56","tas":"4.10","vic":"6.35","wa":"35.36"},{"ts":"2013-08-10T07:00:00Z","nsw":"2.74","nt":"35.82","qld":"3.82","sa":"8.15","tas":"2.37","vic":"4.81","wa":"37.27"},{"ts":"2013-08-10T07:10:00Z","nsw":"1.51","nt":"35.42","qld":"1.94","sa":"6.49","tas":"0.99","vic":"3.00","wa":"36.37"},{"ts":"2013-08-10T07:20:00Z","nsw":"1.21","nt":"29.17","qld":"1.44","sa":"4.91","tas":"0.38","vic":"2.08","wa":"31.11"},{"ts":"2013-08-10T07:30:00Z","nsw":"0.79","nt":"21.35","qld":"1.04","sa":"3.35","tas":"0.39","vic":"0.97","wa":"28.27"},{"ts":"2013-08-10T07:40:00Z","nsw":"0.43","nt":"25.27","qld":"0.64","sa":"2.47","tas":"0.11","vic":"0.56","wa":"26.50"},{"ts":"2013-08-10T07:50:00Z","nsw":"0.41","nt":"18.88","qld":"0.77","sa":"1.62","tas":"0.40","vic":"0.39","wa":"23.14"},{"ts":"2013-08-10T08:00:00Z","nsw":"0.45","nt":"12.49","qld":"0.57","sa":"0.84","tas":"0.03","vic":"0.41","wa":"18.08"},{"ts":"2013-08-10T08:10:00Z","nsw":"0.43","nt":"12.72","qld":"0.49","sa":"0.48","tas":"0.17","vic":"0.27","wa":"16.06"},{"ts":"2013-08-10T08:20:00Z","nsw":"0.81","nt":"9.38","qld":"0.24","sa":"0.36","tas":"0.20","vic":"0.13","wa":"14.92"},{"ts":"2013-08-10T08:30:00Z","nsw":"0.40","nt":"6.21","qld":"0.30","sa":"0.32","tas":"0.20","vic":"0.15","wa":"14.34"},{"ts":"2013-08-10T08:40:00Z","nsw":"0.73","nt":"4.15","qld":"0.34","sa":"0.19","tas":"0.22","vic":"0.10","wa":"12.00"},{"ts":"2013-08-10T08:50:00Z","nsw":"0.27","nt":"4.13","qld":"0.32","sa":"0.17","tas":"0.20","vic":"0.14","wa":"7.41"},{"ts":"2013-08-10T09:00:00Z","nsw":"0.34","nt":"1.75","qld":"0.21","sa":"0.10","tas":"0.23","vic":"0.14","wa":"3.88"},{"ts":"2013-08-10T09:10:00Z","nsw":"0.56","nt":"1.22","qld":"0.31","sa":"0.13","tas":"0.22","vic":"0.15","wa":"3.19"},{"ts":"2013-08-10T09:20:00Z","nsw":"0.54","nt":"0.39","qld":"0.31","sa":"0.13","tas":"0.20","vic":"0.12","wa":"3.47"},{"ts":"2013-08-10T09:30:00Z","nsw":"0.25","nt":"0.37","qld":"0.35","sa":"0.08","tas":"0.00","vic":"0.15","wa":"1.92"},{"ts":"2013-08-10T09:40:00Z","nsw":"0.54","nt":"0.46","qld":"0.29","sa":"0.12","tas":"0.22","vic":"0.16","wa":"0.60"},{"ts":"2013-08-10T09:50:00Z","nsw":"0.59","nt":"0.37","qld":"0.39","sa":"0.12","tas":"0.20","vic":"0.14","wa":"0.20"},{"ts":"2013-08-10T10:00:00Z","nsw":"0.32","nt":"0.37","qld":"0.40","sa":"0.09","tas":"0.00","vic":"0.14","wa":"0.23"},{"ts":"2013-08-10T10:10:00Z","nsw":"0.23","qld":"0.65","sa":"0.13","tas":"0.22","vic":"0.16","wa":"0.21"},{"ts":"2013-08-10T10:20:00Z","nsw":"0.58","nt":"0.26","qld":"0.73","sa":"0.06","tas":"0.20","vic":"0.15","wa":"0.23"},{"ts":"2013-08-10T10:30:00Z","nsw":"0.60","nt":"0.44","qld":"0.28","sa":"0.12","tas":"0.22","vic":"0.15","wa":"0.34"},{"ts":"2013-08-10T10:40:00Z","nsw":"0.65","nt":"0.75","qld":"0.73","sa":"0.04","tas":"0.20","vic":"0.14","wa":"0.20"},{"ts":"2013-08-10T10:50:00Z","nsw":"0.24","nt":"0.75","qld":"0.33","sa":"0.12","tas":"0.20","vic":"0.14","wa":"0.21"},{"ts":"2013-08-10T11:00:00Z","nsw":"0.53","nt":"0.23","qld":"0.32","sa":"0.13","tas":"0.00","vic":"0.13","wa":"0.12"},{"ts":"2013-08-10T11:10:00Z","nsw":"0.61","nt":"0.44","qld":"0.35","sa":"0.12","tas":"0.22","vic":"0.15","wa":"0.20"},{"ts":"2013-08-10T11:20:00Z","nsw":"0.32","nt":"0.40","qld":"0.30","sa":"0.12","tas":"0.20","vic":"0.15","wa":"0.20"},{"ts":"2013-08-10T11:30:00Z","nsw":"0.57","nt":"0.44","qld":"0.33","sa":"0.08","tas":"0.20","vic":"0.16","wa":"0.17"},{"ts":"2013-08-10T11:40:00Z","nsw":"0.60","nt":"0.26","qld":"0.35","sa":"0.04","tas":"0.20","vic":"0.15","wa":"0.18"},{"ts":"2013-08-10T11:50:00Z","nsw":"0.59","nt":"0.44","qld":"0.24","sa":"0.12","tas":"0.20","vic":"0.15","wa":"0.33"},{"ts":"2013-08-10T12:00:00Z","nsw":"0.70","nt":"0.44","qld":"0.33","sa":"0.13","tas":"0.20","vic":"0.16","wa":"0.33"},{"ts":"2013-08-10T12:10:00Z","nsw":"0.57","nt":"0.18","qld":"0.30","sa":"0.12","tas":"0.00","vic":"0.16","wa":"0.30"},{"ts":"2013-08-10T12:20:00Z","nsw":"0.36","nt":"0.40","qld":"0.32","sa":"0.10","tas":"0.20","vic":"0.14","wa":"0.34"},{"ts":"2013-08-10T12:30:00Z","nsw":"0.63","nt":"0.15","qld":"0.29","sa":"0.12","tas":"0.20","vic":"0.15","wa":"0.14"},{"ts":"2013-08-10T12:40:00Z","nsw":"1.66","nt":"0.26","qld":"0.26","sa":"0.13","tas":"0.22","vic":"0.15","wa":"0.18"},{"ts":"2013-08-10T12:50:00Z","nsw":"0.65","nt":"0.18","qld":"0.30","sa":"0.06","tas":"0.20","vic":"0.15","wa":"0.21"}],"contribution":[{"ts":"2013-08-09T18:00:00Z","nsw":"0.02","qld":"0.06","sa":"0.04","tas":"0.00","vic":"0.01","wa":"0.02"},{"ts":"2013-08-09T18:10:00Z","nsw":"0.02","qld":"0.06","sa":"0.00","tas":"0.00","vic":"0.01"},{"ts":"2013-08-09T18:20:00Z","nsw":"0.02","qld":"0.05","sa":"0.04","tas":"0.00","vic":"0.01"},{"ts":"2013-08-09T18:30:00Z","nsw":"0.03","qld":"0.04","sa":"0.03","tas":"0.00","vic":"0.01","wa":"0.03"},{"ts":"2013-08-09T18:40:00Z","nsw":"0.02","qld":"0.06","sa":"0.04","tas":"0.00","vic":"0.01"},{"ts":"2013-08-09T18:50:00Z","nsw":"0.02","qld":"0.04","sa":"0.02","tas":"0.00","vic":"0.01"},{"ts":"2013-08-09T19:00:00Z","nsw":"0.03","qld":"0.03","sa":"0.03","tas":"0.00","vic":"0.01","wa":"0.02"},{"ts":"2013-08-09T19:10:00Z","nsw":"0.02","qld":"0.06","sa":"0.02","tas":"0.00","vic":"0.01"},{"ts":"2013-08-09T19:20:00Z","nsw":"0.03","qld":"0.06","sa":"0.04","tas":"0.00","vic":"0.01"},{"ts":"2013-08-09T19:30:00Z","nsw":"0.02","qld":"0.05","sa":"0.02","tas":"0.00","vic":"0.01","wa":"0.02"},{"ts":"2013-08-09T19:40:00Z","nsw":"0.02","qld":"0.05","sa":"0.03","tas":"0.00","vic":"0.01"},{"ts":"2013-08-09T19:50:00Z","nsw":"0.02","qld":"0.05","sa":"0.02","tas":"0.00","vic":"0.01"},{"ts":"2013-08-09T20:00:00Z","nsw":"0.02","qld":"0.05","sa":"0.03","tas":"0.00","vic":"0.01","wa":"0.02"},{"ts":"2013-08-09T20:10:00Z","nsw":"0.02","qld":"0.05","sa":"0.03","tas":"0.00","vic":"0.01"},{"ts":"2013-08-09T20:20:00Z","nsw":"0.03","qld":"0.02","sa":"0.03","tas":"0.00","vic":"0.01"},{"ts":"2013-08-09T20:30:00Z","nsw":"0.02","qld":"0.10","sa":"0.02","tas":"0.00","vic":"0.01","wa":"0.02"},{"ts":"2013-08-09T20:40:00Z","nsw":"0.02","qld":"0.28","sa":"0.02","tas":"0.00","vic":"0.01"},{"ts":"2013-08-09T20:50:00Z","nsw":"0.07","qld":"0.49","sa":"0.02","tas":"0.00","vic":"0.01"},{"ts":"2013-08-09T21:00:00Z","nsw":"0.12","qld":"0.81","sa":"0.03","tas":"0.00","vic":"0.01","wa":"0.02"},{"ts":"2013-08-09T21:10:00Z","nsw":"0.18","qld":"1.21","sa":"0.04","tas":"0.00","vic":"0.01"},{"ts":"2013-08-09T21:20:00Z","nsw":"0.30","qld":"1.60","sa":"0.04","tas":"0.01","vic":"0.04"},{"ts":"2013-08-09T21:30:00Z","nsw":"0.39","qld":"2.03","sa":"0.08","tas":"0.04","vic":"0.11","wa":"0.03"},{"ts":"2013-08-09T21:40:00Z","nsw":"0.54","qld":"2.56","sa":"0.05","tas":"0.09","vic":"0.24"},{"ts":"2013-08-09T21:50:00Z","nsw":"0.75","qld":"2.99","sa":"0.15","tas":"0.11","vic":"0.39"},{"ts":"2013-08-09T22:00:00Z","nsw":"0.66","qld":"2.59","sa":"0.08","tas":"0.17","vic":"0.38","wa":"0.00"},{"ts":"2013-08-09T22:10:00Z","nsw":"0.76","qld":"3.40","sa":"0.33","tas":"0.14","vic":"0.44"},{"ts":"2013-08-09T22:20:00Z","nsw":"0.63","qld":"3.38","sa":"0.34","tas":"0.09","vic":"0.56"},{"ts":"2013-08-09T22:30:00Z","nsw":"0.89","qld":"3.32","sa":"0.18","tas":"0.16","vic":"0.59","wa":"0.07"},{"ts":"2013-08-09T22:40:00Z","nsw":"1.24","qld":"4.37","sa":"0.78","tas":"0.31","vic":"1.00"},{"ts":"2013-08-09T22:50:00Z","nsw":"1.77","qld":"5.64","sa":"1.83","tas":"0.32","vic":"1.61"},{"ts":"2013-08-09T23:00:00Z","nsw":"2.04","qld":"5.95","sa":"2.05","tas":"0.27","vic":"1.88","wa":"0.04"},{"ts":"2013-08-09T23:10:00Z","nsw":"2.25","qld":"6.50","sa":"2.40","tas":"0.35","vic":"2.19"},{"ts":"2013-08-09T23:20:00Z","nsw":"2.37","qld":"6.82","sa":"2.83","tas":"0.52","vic":"2.46"},{"ts":"2013-08-09T23:30:00Z","nsw":"2.50","qld":"7.16","sa":"3.32","tas":"0.61","vic":"2.67","wa":"0.58"},{"ts":"2013-08-09T23:40:00Z","nsw":"2.61","qld":"7.56","sa":"3.85","tas":"0.70","vic":"2.85"},{"ts":"2013-08-09T23:50:00Z","nsw":"2.80","qld":"7.80","sa":"4.56","tas":"0.87","vic":"3.11"},{"ts":"2013-08-10T00:00:00Z","nsw":"2.89","qld":"8.11","sa":"4.84","tas":"1.08","vic":"3.18","wa":"1.75"},{"ts":"2013-08-10T00:10:00Z","nsw":"3.11","qld":"8.41","sa":"5.73","tas":"0.96","vic":"3.33"},{"ts":"2013-08-10T00:20:00Z","nsw":"3.20","qld":"8.64","sa":"6.05","tas":"1.24","vic":"3.61"},{"ts":"2013-08-10T00:30:00Z","nsw":"3.44","qld":"8.74","sa":"7.18","tas":"1.06","vic":"3.77","wa":"2.55"},{"ts":"2013-08-10T00:40:00Z","nsw":"3.49","qld":"9.02","sa":"7.21","tas":"1.05","vic":"4.06"},{"ts":"2013-08-10T00:50:00Z","nsw":"3.67","qld":"9.16","sa":"8.04","tas":"1.06","vic":"4.12"},{"ts":"2013-08-10T01:00:00Z","nsw":"3.77","qld":"9.35","sa":"8.01","tas":"1.19","vic":"4.22","wa":"3.77"},{"ts":"2013-08-10T01:10:00Z","nsw":"3.85","qld":"9.47","sa":"10.26","tas":"0.95","vic":"4.28"},{"ts":"2013-08-10T01:20:00Z","nsw":"3.97","qld":"9.70","sa":"10.66","tas":"1.12","vic":"4.69"},{"ts":"2013-08-10T01:30:00Z","nsw":"4.04","qld":"9.69","sa":"11.85","tas":"0.98","vic":"4.77","wa":"4.64"},{"ts":"2013-08-10T01:40:00Z","nsw":"3.99","qld":"9.72","sa":"11.38","tas":"1.17","vic":"4.77"},{"ts":"2013-08-10T01:50:00Z","nsw":"4.15","qld":"9.75","sa":"14.03","tas":"0.92","vic":"4.83"},{"ts":"2013-08-10T02:00:00Z","nsw":"4.24","qld":"9.94","sa":"12.93","tas":"0.89","vic":"4.75","wa":"4.74"},{"ts":"2013-08-10T02:10:00Z","nsw":"4.43","qld":"9.76","sa":"14.72","tas":"0.90","vic":"4.60"},{"ts":"2013-08-10T02:20:00Z","nsw":"4.44","qld":"9.89","sa":"12.91","tas":"1.33","vic":"4.55"},{"ts":"2013-08-10T02:30:00Z","nsw":"4.58","qld":"9.82","sa":"14.06","tas":"1.12","vic":"4.30","wa":"5.28"},{"ts":"2013-08-10T02:40:00Z","nsw":"4.41","qld":"9.76","sa":"13.96","tas":"1.49","vic":"4.46"},{"ts":"2013-08-10T02:50:00Z","nsw":"4.36","qld":"9.69","sa":"14.58","tas":"1.21","vic":"4.36"},{"ts":"2013-08-10T03:00:00Z","nsw":"4.45","qld":"9.50","sa":"13.92","tas":"1.31","vic":"4.57","wa":"5.95"},{"ts":"2013-08-10T03:10:00Z","nsw":"4.29","qld":"9.33","sa":"14.87","tas":"1.20","vic":"4.38"},{"ts":"2013-08-10T03:20:00Z","nsw":"4.29","qld":"9.24","sa":"14.12","tas":"1.42","vic":"4.81"},{"ts":"2013-08-10T03:30:00Z","nsw":"4.16","qld":"9.01","sa":"14.96","tas":"1.12","vic":"4.45","wa":"6.17"},{"ts":"2013-08-10T03:40:00Z","nsw":"4.11","qld":"8.79","sa":"13.43","tas":"1.49","vic":"4.61"},{"ts":"2013-08-10T03:50:00Z","nsw":"3.98","qld":"8.65","sa":"13.51","tas":"1.24","vic":"4.36"},{"ts":"2013-08-10T04:00:00Z","nsw":"3.91","qld":"8.33","sa":"13.35","tas":"1.37","vic":"4.22","wa":"6.59"},{"ts":"2013-08-10T04:10:00Z","nsw":"3.80","qld":"7.97","sa":"14.12","tas":"1.00","vic":"4.00"},{"ts":"2013-08-10T04:20:00Z","nsw":"3.68","qld":"7.64","sa":"13.37","tas":"1.20","vic":"4.02"},{"ts":"2013-08-10T04:30:00Z","nsw":"3.42","qld":"7.32","sa":"13.23","tas":"1.02","vic":"3.73","wa":"5.57"},{"ts":"2013-08-10T04:40:00Z","nsw":"3.27","qld":"6.82","sa":"12.31","tas":"1.17","vic":"3.68"},{"ts":"2013-08-10T04:50:00Z","nsw":"3.00","qld":"6.46","sa":"12.42","tas":"1.06","vic":"3.35"},{"ts":"2013-08-10T05:00:00Z","nsw":"2.89","qld":"6.05","sa":"9.92","tas":"1.04","vic":"3.19","wa":"6.29"},{"ts":"2013-08-10T05:10:00Z","nsw":"2.57","qld":"5.51","sa":"9.62","tas":"0.90","vic":"2.84"},{"ts":"2013-08-10T05:20:00Z","nsw":"2.50","qld":"5.16","sa":"8.62","tas":"0.91","vic":"2.63"},{"ts":"2013-08-10T05:30:00Z","nsw":"2.12","qld":"4.60","sa":"7.18","tas":"0.69","vic":"2.19","wa":"6.23"},{"ts":"2013-08-10T05:40:00Z","nsw":"1.94","qld":"4.12","sa":"6.23","tas":"0.76","vic":"2.01"},{"ts":"2013-08-10T05:50:00Z","nsw":"1.69","qld":"3.65","sa":"5.73","tas":"0.57","vic":"1.77"},{"ts":"2013-08-10T06:00:00Z","nsw":"1.45","qld":"3.17","sa":"5.31","tas":"0.53","vic":"1.72","wa":"5.70"},{"ts":"2013-08-10T06:10:00Z","nsw":"1.13","qld":"2.57","sa":"5.42","tas":"0.40","vic":"1.36"},{"ts":"2013-08-10T06:20:00Z","nsw":"0.93","qld":"2.13","sa":"4.77","tas":"0.39","vic":"1.28"},{"ts":"2013-08-10T06:30:00Z","nsw":"0.71","qld":"1.61","sa":"4.14","tas":"0.25","vic":"0.96","wa":"6.08"},{"ts":"2013-08-10T06:40:00Z","nsw":"0.54","qld":"1.15","sa":"3.52","tas":"0.18","vic":"0.77"},{"ts":"2013-08-10T06:50:00Z","nsw":"0.35","qld":"0.84","sa":"2.85","tas":"0.12","vic":"0.53"},{"ts":"2013-08-10T07:00:00Z","nsw":"0.21","qld":"0.54","sa":"2.16","tas":"0.07","vic":"0.39","wa":"5.75"},{"ts":"2013-08-10T07:10:00Z","nsw":"0.11","qld":"0.28","sa":"1.69","tas":"0.03","vic":"0.24"},{"ts":"2013-08-10T07:20:00Z","nsw":"0.09","qld":"0.21","sa":"1.25","tas":"0.01","vic":"0.17"},{"ts":"2013-08-10T07:30:00Z","nsw":"0.06","qld":"0.15","sa":"0.82","tas":"0.01","vic":"0.08","wa":"4.42"},{"ts":"2013-08-10T07:40:00Z","nsw":"0.03","qld":"0.09","sa":"0.60","tas":"0.00","vic":"0.04"},{"ts":"2013-08-10T07:50:00Z","nsw":"0.03","qld":"0.11","sa":"0.39","tas":"0.01","vic":"0.03"},{"ts":"2013-08-10T08:00:00Z","nsw":"0.03","qld":"0.08","sa":"0.20","tas":"0.00","vic":"0.03","wa":"2.84"},{"ts":"2013-08-10T08:10:00Z","nsw":"0.03","qld":"0.07","sa":"0.11","tas":"0.00","vic":"0.02"},{"ts":"2013-08-10T08:20:00Z","nsw":"0.05","qld":"0.03","sa":"0.08","tas":"0.01","vic":"0.01"},{"ts":"2013-08-10T08:30:00Z","nsw":"0.03","qld":"0.04","sa":"0.07","tas":"0.01","vic":"0.01","wa":"2.21"},{"ts":"2013-08-10T08:40:00Z","nsw":"0.05","qld":"0.05","sa":"0.04","tas":"0.01","vic":"0.01"},{"ts":"2013-08-10T08:50:00Z","nsw":"0.02","qld":"0.04","sa":"0.04","tas":"0.01","vic":"0.01"},{"ts":"2013-08-10T09:00:00Z","nsw":"0.02","qld":"0.03","sa":"0.02","tas":"0.01","vic":"0.01","wa":"0.59"},{"ts":"2013-08-10T09:10:00Z","nsw":"0.04","qld":"0.04","sa":"0.03","tas":"0.01","vic":"0.01"},{"ts":"2013-08-10T09:20:00Z","nsw":"0.04","qld":"0.04","sa":"0.03","tas":"0.01","vic":"0.01"},{"ts":"2013-08-10T09:30:00Z","nsw":"0.02","qld":"0.05","sa":"0.02","tas":"0.00","vic":"0.01","wa":"0.28"},{"ts":"2013-08-10T09:40:00Z","nsw":"0.04","qld":"0.04","sa":"0.03","tas":"0.01","vic":"0.01"},{"ts":"2013-08-10T09:50:00Z","nsw":"0.04","qld":"0.05","sa":"0.03","tas":"0.01","vic":"0.01"},{"ts":"2013-08-10T10:00:00Z","nsw":"0.02","qld":"0.06","sa":"0.02","tas":"0.00","vic":"0.01","wa":"0.03"},{"ts":"2013-08-10T10:10:00Z","nsw":"0.02","qld":"0.09","sa":"0.03","tas":"0.01","vic":"0.01"},{"ts":"2013-08-10T10:20:00Z","nsw":"0.04","qld":"0.10","sa":"0.01","tas":"0.01","vic":"0.01"},{"ts":"2013-08-10T10:30:00Z","nsw":"0.04","qld":"0.04","sa":"0.03","tas":"0.01","vic":"0.01","wa":"0.04"},{"ts":"2013-08-10T10:40:00Z","nsw":"0.04","qld":"0.10","sa":"0.01","tas":"0.01","vic":"0.01"},{"ts":"2013-08-10T10:50:00Z","nsw":"0.02","qld":"0.05","sa":"0.03","tas":"0.01","vic":"0.01"},{"ts":"2013-08-10T11:00:00Z","nsw":"0.04","qld":"0.05","sa":"0.03","tas":"0.00","vic":"0.01","wa":"0.02"},{"ts":"2013-08-10T11:10:00Z","nsw":"0.04","qld":"0.05","sa":"0.03","tas":"0.01","vic":"0.01"},{"ts":"2013-08-10T11:20:00Z","nsw":"0.02","qld":"0.04","sa":"0.03","tas":"0.01","vic":"0.01"},{"ts":"2013-08-10T11:30:00Z","nsw":"0.04","qld":"0.05","sa":"0.02","tas":"0.01","vic":"0.01","wa":"0.02"},{"ts":"2013-08-10T11:40:00Z","nsw":"0.04","qld":"0.05","sa":"0.01","tas":"0.01","vic":"0.01"},{"ts":"2013-08-10T11:50:00Z","nsw":"0.04","qld":"0.03","sa":"0.03","tas":"0.01","vic":"0.01"},{"ts":"2013-08-10T12:00:00Z","nsw":"0.05","qld":"0.05","sa":"0.03","tas":"0.01","vic":"0.01","wa":"0.04"},{"ts":"2013-08-10T12:10:00Z","nsw":"0.04","qld":"0.04","sa":"0.03","tas":"0.00","vic":"0.01"},{"ts":"2013-08-10T12:20:00Z","nsw":"0.03","qld":"0.05","sa":"0.03","tas":"0.01","vic":"0.01"},{"ts":"2013-08-10T12:30:00Z","nsw":"0.04","qld":"0.04","sa":"0.03","tas":"0.01","vic":"0.01","wa":"0.02"},{"ts":"2013-08-10T12:40:00Z","nsw":"0.12","qld":"0.04","sa":"0.03","tas":"0.01","vic":"0.01"},{"ts":"2013-08-10T12:50:00Z","nsw":"0.05","qld":"0.05","sa":"0.01","tas":"0.01","vic":"0.01"}],"demand":[{"ts":"2013-08-09T18:00:00Z","nsw":6390,"qld":4494,"sa":1090,"tas":1034,"vic":4391,"wa":1562},{"ts":"2013-08-09T18:10:00Z","nsw":6304,"qld":4520,"sa":1116,"tas":1050,"vic":4311},{"ts":"2013-08-09T18:20:00Z","nsw":6264,"qld":4527,"sa":1112,"tas":1052,"vic":4305},{"ts":"2013-08-09T18:30:00Z","nsw":6287,"qld":4551,"sa":1126,"tas":1044,"vic":4267,"wa":1542},{"ts":"2013-08-09T18:40:00Z","nsw":6369,"qld":4557,"sa":1112,"tas":1005,"vic":4321},{"ts":"2013-08-09T18:50:00Z","nsw":6381,"qld":4564,"sa":1097,"tas":1029,"vic":4332},{"ts":"2013-08-09T19:00:00Z","nsw":6320,"qld":4665,"sa":1106,"tas":1034,"vic":4343,"wa":1542},{"ts":"2013-08-09T19:10:00Z","nsw":6458,"qld":4618,"sa":1111,"tas":1049,"vic":4361},{"ts":"2013-08-09T19:20:00Z","nsw":6432,"qld":4643,"sa":1125,"tas":1069,"vic":4312},{"ts":"2013-08-09T19:30:00Z","nsw":6486,"qld":4742,"sa":1136,"tas":1078,"vic":4375,"wa":1533},{"ts":"2013-08-09T19:40:00Z","nsw":6528,"qld":4772,"sa":1165,"tas":1068,"vic":4444},{"ts":"2013-08-09T19:50:00Z","nsw":6637,"qld":4755,"sa":1181,"tas":1064,"vic":4472},{"ts":"2013-08-09T20:00:00Z","nsw":6641,"qld":4811,"sa":1167,"tas":1077,"vic":4566,"wa":1531},{"ts":"2013-08-09T20:10:00Z","nsw":6862,"qld":4933,"sa":1166,"tas":1072,"vic":4656},{"ts":"2013-08-09T20:20:00Z","nsw":7007,"qld":4943,"sa":1174,"tas":1088,"vic":4739},{"ts":"2013-08-09T20:30:00Z","nsw":7085,"qld":5016,"sa":1199,"tas":1070,"vic":4808,"wa":1540},{"ts":"2013-08-09T20:40:00Z","nsw":7168,"qld":5077,"sa":1276,"tas":1090,"vic":4839},{"ts":"2013-08-09T20:50:00Z","nsw":7203,"qld":5149,"sa":1249,"tas":1113,"vic":4935},{"ts":"2013-08-09T21:00:00Z","nsw":7362,"qld":5234,"sa":1258,"tas":1128,"vic":4920,"wa":1489},{"ts":"2013-08-09T21:10:00Z","nsw":7437,"qld":5346,"sa":1267,"tas":1149,"vic":4928},{"ts":"2013-08-09T21:20:00Z","nsw":7631,"qld":5391,"sa":1299,"tas":1134,"vic":4975},{"ts":"2013-08-09T21:30:00Z","nsw":7824,"qld":5453,"sa":1320,"tas":1148,"vic":5003,"wa":1549},{"ts":"2013-08-09T21:40:00Z","nsw":7986,"qld":5496,"sa":1302,"tas":1170,"vic":5117},{"ts":"2013-08-09T21:50:00Z","nsw":8071,"qld":5480,"sa":1325,"tas":1188,"vic":5243},{"ts":"2013-08-09T22:00:00Z","nsw":8188,"qld":5450,"sa":1346,"tas":1186,"vic":5328,"wa":1555},{"ts":"2013-08-09T22:10:00Z","nsw":8351,"qld":5456,"sa":1370,"tas":1215,"vic":5379},{"ts":"2013-08-09T22:20:00Z","nsw":8359,"qld":5482,"sa":1408,"tas":1226,"vic":5409},{"ts":"2013-08-09T22:30:00Z","nsw":8406,"qld":5460,"sa":1405,"tas":1236,"vic":5449,"wa":1628},{"ts":"2013-08-09T22:40:00Z","nsw":8445,"qld":5441,"sa":1420,"tas":1268,"vic":5515},{"ts":"2013-08-09T22:50:00Z","nsw":8475,"qld":5454,"sa":1438,"tas":1320,"vic":5534},{"ts":"2013-08-09T23:00:00Z","nsw":8459,"qld":5450,"sa":1459,"tas":1313,"vic":5562,"wa":1730},{"ts":"2013-08-09T23:10:00Z","nsw":8460,"qld":5386,"sa":1450,"tas":1317,"vic":5540},{"ts":"2013-08-09T23:20:00Z","nsw":8467,"qld":5359,"sa":1440,"tas":1311,"vic":5523},{"ts":"2013-08-09T23:30:00Z","nsw":8366,"qld":5391,"sa":1453,"tas":1293,"vic":5518,"wa":1771},{"ts":"2013-08-09T23:40:00Z","nsw":8286,"qld":5305,"sa":1449,"tas":1301,"vic":5496},{"ts":"2013-08-09T23:50:00Z","nsw":8276,"qld":5250,"sa":1423,"tas":1285,"vic":5411},{"ts":"2013-08-10T00:00:00Z","nsw":8208,"qld":5233,"sa":1413,"tas":1288,"vic":5369,"wa":1856},{"ts":"2013-08-10T00:10:00Z","nsw":8145,"qld":5206,"sa":1401,"tas":1266,"vic":5361},{"ts":"2013-08-10T00:20:00Z","nsw":8159,"qld":5182,"sa":1405,"tas":1252,"vic":5337},{"ts":"2013-08-10T00:30:00Z","nsw":8027,"qld":5161,"sa":1397,"tas":1249,"vic":5338,"wa":1954},{"ts":"2013-08-10T00:40:00Z","nsw":7940,"qld":5101,"sa":1366,"tas":1245,"vic":5193},{"ts":"2013-08-10T00:50:00Z","nsw":7821,"qld":5032,"sa":1350,"tas":1243,"vic":5199},{"ts":"2013-08-10T01:00:00Z","nsw":7784,"qld":5037,"sa":1337,"tas":1245,"vic":5122,"wa":2010},{"ts":"2013-08-10T01:10:00Z","nsw":7724,"qld":5004,"sa":1310,"tas":1244,"vic":5136},{"ts":"2013-08-10T01:20:00Z","nsw":7733,"qld":4958,"sa":1308,"tas":1224,"vic":5109},{"ts":"2013-08-10T01:30:00Z","nsw":7612,"qld":4963,"sa":1278,"tas":1217,"vic":5072,"wa":2001},{"ts":"2013-08-10T01:40:00Z","nsw":7620,"qld":4951,"sa":1272,"tas":1221,"vic":5059},{"ts":"2013-08-10T01:50:00Z","nsw":7545,"qld":4952,"sa":1255,"tas":1236,"vic":5058},{"ts":"2013-08-10T02:00:00Z","nsw":7535,"qld":4898,"sa":1226,"tas":1239,"vic":5035,"wa":1999},{"ts":"2013-08-10T02:10:00Z","nsw":7449,"qld":4890,"sa":1252,"tas":1245,"vic":4991},{"ts":"2013-08-10T02:20:00Z","nsw":7406,"qld":4847,"sa":1229,"tas":1243,"vic":5031},{"ts":"2013-08-10T02:30:00Z","nsw":7304,"qld":4864,"sa":1210,"tas":1230,"vic":4989,"wa":1966},{"ts":"2013-08-10T02:40:00Z","nsw":7309,"qld":4858,"sa":1205,"tas":1207,"vic":5009},{"ts":"2013-08-10T02:50:00Z","nsw":7327,"qld":4829,"sa":1190,"tas":1185,"vic":4935},{"ts":"2013-08-10T03:00:00Z","nsw":7226,"qld":4908,"sa":1158,"tas":1176,"vic":4965,"wa":1952},{"ts":"2013-08-10T03:10:00Z","nsw":7170,"qld":4857,"sa":1168,"tas":1166,"vic":4954},{"ts":"2013-08-10T03:20:00Z","nsw":7187,"qld":4831,"sa":1177,"tas":1164,"vic":4914},{"ts":"2013-08-10T03:30:00Z","nsw":7158,"qld":4862,"sa":1187,"tas":1161,"vic":4934,"wa":1918},{"ts":"2013-08-10T03:40:00Z","nsw":7153,"qld":4815,"sa":1201,"tas":1130,"vic":4871},{"ts":"2013-08-10T03:50:00Z","nsw":7167,"qld":4841,"sa":1202,"tas":1159,"vic":4934},{"ts":"2013-08-10T04:00:00Z","nsw":7071,"qld":4849,"sa":1170,"tas":1162,"vic":4926,"wa":1916},{"ts":"2013-08-10T04:10:00Z","nsw":7058,"qld":4839,"sa":1182,"tas":1160,"vic":4832},{"ts":"2013-08-10T04:20:00Z","nsw":7031,"qld":4914,"sa":1160,"tas":1160,"vic":4837},{"ts":"2013-08-10T04:30:00Z","nsw":7081,"qld":4923,"sa":1156,"tas":1152,"vic":4879,"wa":1925},{"ts":"2013-08-10T04:40:00Z","nsw":7056,"qld":4945,"sa":1175,"tas":1144,"vic":4879},{"ts":"2013-08-10T04:50:00Z","nsw":7100,"qld":4961,"sa":1199,"tas":1142,"vic":4881},{"ts":"2013-08-10T05:00:00Z","nsw":7016,"qld":4985,"sa":1195,"tas":1144,"vic":4882,"wa":1932},{"ts":"2013-08-10T05:10:00Z","nsw":7063,"qld":5050,"sa":1195,"tas":1142,"vic":4919},{"ts":"2013-08-10T05:20:00Z","nsw":7088,"qld":5045,"sa":1219,"tas":1146,"vic":4925},{"ts":"2013-08-10T05:30:00Z","nsw":7174,"qld":5131,"sa":1244,"tas":1149,"vic":4980,"wa":1917},{"ts":"2013-08-10T05:40:00Z","nsw":7184,"qld":5076,"sa":1239,"tas":1143,"vic":4954},{"ts":"2013-08-10T05:50:00Z","nsw":7258,"qld":5138,"sa":1253,"tas":1152,"vic":5030},{"ts":"2013-08-10T06:00:00Z","nsw":7181,"qld":5233,"sa":1275,"tas":1163,"vic":5024,"wa":1872},{"ts":"2013-08-10T06:10:00Z","nsw":7316,"qld":5246,"sa":1273,"tas":1164,"vic":5081},{"ts":"2013-08-10T06:20:00Z","nsw":7428,"qld":5276,"sa":1286,"tas":1185,"vic":5149},{"ts":"2013-08-10T06:30:00Z","nsw":7403,"qld":5419,"sa":1311,"tas":1189,"vic":5158,"wa":1878},{"ts":"2013-08-10T06:40:00Z","nsw":7494,"qld":5447,"sa":1325,"tas":1208,"vic":5270},{"ts":"2013-08-10T06:50:00Z","nsw":7576,"qld":5520,"sa":1355,"tas":1228,"vic":5305},{"ts":"2013-08-10T07:00:00Z","nsw":7638,"qld":5685,"sa":1401,"tas":1249,"vic":5399,"wa":1880},{"ts":"2013-08-10T07:10:00Z","nsw":7758,"qld":5701,"sa":1413,"tas":1251,"vic":5420},{"ts":"2013-08-10T07:20:00Z","nsw":7912,"qld":5690,"sa":1462,"tas":1273,"vic":5492},{"ts":"2013-08-10T07:30:00Z","nsw":8211,"qld":5709,"sa":1514,"tas":1287,"vic":5606,"wa":1882},{"ts":"2013-08-10T07:40:00Z","nsw":8542,"qld":5795,"sa":1530,"tas":1317,"vic":5739},{"ts":"2013-08-10T07:50:00Z","nsw":8665,"qld":5927,"sa":1564,"tas":1332,"vic":5852},{"ts":"2013-08-10T08:00:00Z","nsw":8838,"qld":5984,"sa":1590,"tas":1351,"vic":6038,"wa":1904},{"ts":"2013-08-10T08:10:00Z","nsw":8808,"qld":6003,"sa":1631,"tas":1344,"vic":6116},{"ts":"2013-08-10T08:20:00Z","nsw":8816,"qld":6011,"sa":1687,"tas":1352,"vic":6186},{"ts":"2013-08-10T08:30:00Z","nsw":8901,"qld":5947,"sa":1730,"tas":1364,"vic":6220,"wa":1948},{"ts":"2013-08-10T08:40:00Z","nsw":8775,"qld":6013,"sa":1733,"tas":1350,"vic":6153},{"ts":"2013-08-10T08:50:00Z","nsw":8751,"qld":5959,"sa":1750,"tas":1329,"vic":6120},{"ts":"2013-08-10T09:00:00Z","nsw":8695,"qld":5948,"sa":1741,"tas":1347,"vic":6070,"wa":2015},{"ts":"2013-08-10T09:10:00Z","nsw":8611,"qld":5929,"sa":1758,"tas":1337,"vic":5992},{"ts":"2013-08-10T09:20:00Z","nsw":8528,"qld":5863,"sa":1748,"tas":1323,"vic":5952},{"ts":"2013-08-10T09:30:00Z","nsw":8443,"qld":5843,"sa":1744,"tas":1303,"vic":5909,"wa":2132},{"ts":"2013-08-10T09:40:00Z","nsw":8427,"qld":5772,"sa":1730,"tas":1297,"vic":5880},{"ts":"2013-08-10T09:50:00Z","nsw":8390,"qld":5832,"sa":1719,"tas":1288,"vic":5862},{"ts":"2013-08-10T10:00:00Z","nsw":8371,"qld":5845,"sa":1706,"tas":1283,"vic":5824,"wa":2251},{"ts":"2013-08-10T10:10:00Z","nsw":8455,"qld":5889,"sa":1699,"tas":1274,"vic":5814},{"ts":"2013-08-10T10:20:00Z","nsw":8366,"qld":5858,"sa":1709,"tas":1299,"vic":5776},{"ts":"2013-08-10T10:30:00Z","nsw":8333,"qld":5811,"sa":1706,"tas":1298,"vic":5766,"wa":2388},{"ts":"2013-08-10T10:40:00Z","nsw":8264,"qld":5799,"sa":1685,"tas":1275,"vic":5734},{"ts":"2013-08-10T10:50:00Z","nsw":8196,"qld":5777,"sa":1680,"tas":1258,"vic":5721},{"ts":"2013-08-10T11:00:00Z","nsw":8137,"qld":5738,"sa":1660,"tas":1251,"vic":5680,"wa":2424},{"ts":"2013-08-10T11:10:00Z","nsw":8054,"qld":5721,"sa":1654,"tas":1242,"vic":5645},{"ts":"2013-08-10T11:20:00Z","nsw":8027,"qld":5698,"sa":1641,"tas":1244,"vic":5587},{"ts":"2013-08-10T11:30:00Z","nsw":8053,"qld":5685,"sa":1639,"tas":1234,"vic":5504,"wa":2361},{"ts":"2013-08-10T11:40:00Z","nsw":8072,"qld":5616,"sa":1622,"tas":1217,"vic":5455},{"ts":"2013-08-10T11:50:00Z","nsw":7938,"qld":5601,"sa":1598,"tas":1215,"vic":5415},{"ts":"2013-08-10T12:00:00Z","nsw":8023,"qld":5481,"sa":1566,"tas":1202,"vic":5455,"wa":2308},{"ts":"2013-08-10T12:10:00Z","nsw":8120,"qld":5439,"sa":1546,"tas":1194,"vic":5407},{"ts":"2013-08-10T12:20:00Z","nsw":8072,"qld":5431,"sa":1532,"tas":1184,"vic":5413},{"ts":"2013-08-10T12:30:00Z","nsw":8134,"qld":5405,"sa":1531,"tas":1146,"vic":5393,"wa":2237},{"ts":"2013-08-10T12:40:00Z","nsw":8057,"qld":5427,"sa":1517,"tas":1150,"vic":5410},{"ts":"2013-08-10T12:50:00Z","nsw":7964,"qld":5355,"sa":1490,"tas":1144,"vic":5431}],"output":[{"ts":"2013-08-09T18:00:00Z","nsw":1,"qld":2,"sa":0,"tas":0,"vic":0,"wa":0},{"ts":"2013-08-09T18:10:00Z","nsw":1,"qld":2,"sa":0,"tas":0,"vic":0},{"ts":"2013-08-09T18:20:00Z","nsw":1,"qld":2,"sa":0,"tas":0,"vic":0},{"ts":"2013-08-09T18:30:00Z","nsw":1,"qld":1,"sa":0,"tas":0,"vic":0,"wa":0},{"ts":"2013-08-09T18:40:00Z","nsw":1,"qld":2,"sa":0,"tas":0,"vic":0},{"ts":"2013-08-09T18:50:00Z","nsw":1,"qld":1,"sa":0,"tas":0,"vic":0},{"ts":"2013-08-09T19:00:00Z","nsw":1,"qld":1,"sa":0,"tas":0,"vic":0,"wa":0},{"ts":"2013-08-09T19:10:00Z","nsw":1,"qld":2,"sa":0,"tas":0,"vic":0},{"ts":"2013-08-09T19:20:00Z","nsw":1,"qld":2,"sa":0,"tas":0,"vic":0},{"ts":"2013-08-09T19:30:00Z","nsw":1,"qld":2,"sa":0,"tas":0,"vic":0,"wa":0},{"ts":"2013-08-09T19:40:00Z","nsw":1,"qld":2,"sa":0,"tas":0,"vic":0},{"ts":"2013-08-09T19:50:00Z","nsw":1,"qld":2,"sa":0,"tas":0,"vic":0},{"ts":"2013-08-09T20:00:00Z","nsw":1,"qld":2,"sa":0,"tas":0,"vic":0,"wa":0},{"ts":"2013-08-09T20:10:00Z","nsw":1,"qld":2,"sa":0,"tas":0,"vic":0},{"ts":"2013-08-09T20:20:00Z","nsw":1,"qld":0,"sa":0,"tas":0,"vic":0},{"ts":"2013-08-09T20:30:00Z","nsw":1,"qld":4,"sa":0,"tas":0,"vic":0,"wa":0},{"ts":"2013-08-09T20:40:00Z","nsw":1,"qld":14,"sa":0,"tas":0,"vic":0},{"ts":"2013-08-09T20:50:00Z","nsw":4,"qld":25,"sa":0,"tas":0,"vic":0},{"ts":"2013-08-09T21:00:00Z","nsw":8,"qld":42,"sa":0,"tas":0,"vic":0,"wa":0},{"ts":"2013-08-09T21:10:00Z","nsw":13,"qld":65,"sa":0,"tas":0,"vic":0},{"ts":"2013-08-09T21:20:00Z","nsw":22,"qld":88,"sa":0,"tas":0,"vic":1},{"ts":"2013-08-09T21:30:00Z","nsw":30,"qld":113,"sa":1,"tas":0,"vic":5,"wa":0},{"ts":"2013-08-09T21:40:00Z","nsw":42,"qld":143,"sa":0,"tas":1,"vic":12},{"ts":"2013-08-09T21:50:00Z","nsw":60,"qld":168,"sa":1,"tas":1,"vic":20},{"ts":"2013-08-09T22:00:00Z","nsw":54,"qld":145,"sa":1,"tas":1,"vic":20,"wa":0},{"ts":"2013-08-09T22:10:00Z","nsw":64,"qld":190,"sa":4,"tas":1,"vic":23},{"ts":"2013-08-09T22:20:00Z","nsw":53,"qld":191,"sa":4,"tas":1,"vic":30},{"ts":"2013-08-09T22:30:00Z","nsw":75,"qld":187,"sa":2,"tas":2,"vic":32,"wa":1},{"ts":"2013-08-09T22:40:00Z","nsw":105,"qld":248,"sa":11,"tas":3,"vic":55},{"ts":"2013-08-09T22:50:00Z","nsw":152,"qld":325,"sa":26,"tas":4,"vic":90},{"ts":"2013-08-09T23:00:00Z","nsw":176,"qld":347,"sa":30,"tas":3,"vic":106,"wa":0},{"ts":"2013-08-09T23:10:00Z","nsw":194,"qld":373,"sa":35,"tas":4,"vic":123},{"ts":"2013-08-09T23:20:00Z","nsw":206,"qld":393,"sa":41,"tas":6,"vic":140},{"ts":"2013-08-09T23:30:00Z","nsw":215,"qld":414,"sa":49,"tas":7,"vic":151,"wa":10},{"ts":"2013-08-09T23:40:00Z","nsw":222,"qld":432,"sa":58,"tas":9,"vic":161},{"ts":"2013-08-09T23:50:00Z","nsw":239,"qld":445,"sa":68,"tas":11,"vic":173},{"ts":"2013-08-10T00:00:00Z","nsw":243,"qld":464,"sa":72,"tas":14,"vic":175,"wa":33},{"ts":"2013-08-10T00:10:00Z","nsw":262,"qld":477,"sa":84,"tas":12,"vic":186},{"ts":"2013-08-10T00:20:00Z","nsw":270,"qld":489,"sa":90,"tas":15,"vic":199},{"ts":"2013-08-10T00:30:00Z","nsw":287,"qld":494,"sa":109,"tas":13,"vic":210,"wa":51},{"ts":"2013-08-10T00:40:00Z","nsw":290,"qld":506,"sa":106,"tas":13,"vic":221},{"ts":"2013-08-10T00:50:00Z","nsw":298,"qld":509,"sa":118,"tas":13,"vic":222},{"ts":"2013-08-10T01:00:00Z","nsw":308,"qld":518,"sa":116,"tas":14,"vic":227,"wa":78},{"ts":"2013-08-10T01:10:00Z","nsw":309,"qld":524,"sa":149,"tas":11,"vic":229},{"ts":"2013-08-10T01:20:00Z","nsw":319,"qld":531,"sa":157,"tas":14,"vic":251},{"ts":"2013-08-10T01:30:00Z","nsw":320,"qld":532,"sa":171,"tas":12,"vic":254,"wa":97},{"ts":"2013-08-10T01:40:00Z","nsw":316,"qld":535,"sa":163,"tas":14,"vic":254},{"ts":"2013-08-10T01:50:00Z","nsw":326,"qld":537,"sa":206,"tas":11,"vic":256},{"ts":"2013-08-10T02:00:00Z","nsw":335,"qld":536,"sa":183,"tas":11,"vic":252,"wa":99},{"ts":"2013-08-10T02:10:00Z","nsw":344,"qld":532,"sa":214,"tas":11,"vic":242},{"ts":"2013-08-10T02:20:00Z","nsw":343,"qld":533,"sa":181,"tas":16,"vic":240},{"ts":"2013-08-10T02:30:00Z","nsw":350,"qld":530,"sa":200,"tas":14,"vic":224,"wa":109},{"ts":"2013-08-10T02:40:00Z","nsw":337,"qld":524,"sa":195,"tas":18,"vic":235},{"ts":"2013-08-10T02:50:00Z","nsw":335,"qld":519,"sa":207,"tas":14,"vic":224},{"ts":"2013-08-10T03:00:00Z","nsw":339,"qld":513,"sa":188,"tas":15,"vic":237,"wa":123},{"ts":"2013-08-10T03:10:00Z","nsw":321,"qld":500,"sa":205,"tas":14,"vic":228},{"ts":"2013-08-10T03:20:00Z","nsw":322,"qld":494,"sa":193,"tas":16,"vic":247},{"ts":"2013-08-10T03:30:00Z","nsw":311,"qld":483,"sa":208,"tas":13,"vic":230,"wa":126},{"ts":"2013-08-10T03:40:00Z","nsw":307,"qld":466,"sa":187,"tas":16,"vic":234},{"ts":"2013-08-10T03:50:00Z","nsw":297,"qld":456,"sa":187,"tas":14,"vic":224},{"ts":"2013-08-10T04:00:00Z","nsw":290,"qld":442,"sa":181,"tas":16,"vic":219,"wa":135},{"ts":"2013-08-10T04:10:00Z","nsw":278,"qld":419,"sa":197,"tas":11,"vic":201},{"ts":"2013-08-10T04:20:00Z","nsw":266,"qld":406,"sa":178,"tas":14,"vic":203},{"ts":"2013-08-10T04:30:00Z","nsw":253,"qld":387,"sa":175,"tas":11,"vic":189,"wa":113},{"ts":"2013-08-10T04:40:00Z","nsw":238,"qld":359,"sa":163,"tas":13,"vic":185},{"ts":"2013-08-10T04:50:00Z","nsw":220,"qld":343,"sa":168,"tas":12,"vic":169},{"ts":"2013-08-10T05:00:00Z","nsw":207,"qld":321,"sa":131,"tas":11,"vic":160,"wa":129},{"ts":"2013-08-10T05:10:00Z","nsw":187,"qld":292,"sa":127,"tas":10,"vic":144},{"ts":"2013-08-10T05:20:00Z","nsw":181,"qld":273,"sa":114,"tas":10,"vic":132},{"ts":"2013-08-10T05:30:00Z","nsw":154,"qld":247,"sa":96,"tas":8,"vic":110,"wa":127},{"ts":"2013-08-10T05:40:00Z","nsw":142,"qld":218,"sa":81,"tas":8,"vic":101},{"ts":"2013-08-10T05:50:00Z","nsw":124,"qld":195,"sa":76,"tas":6,"vic":90},{"ts":"2013-08-10T06:00:00Z","nsw":104,"qld":170,"sa":71,"tas":6,"vic":87,"wa":113},{"ts":"2013-08-10T06:10:00Z","nsw":83,"qld":137,"sa":72,"tas":4,"vic":70},{"ts":"2013-08-10T06:20:00Z","nsw":69,"qld":114,"sa":64,"tas":4,"vic":66},{"ts":"2013-08-10T06:30:00Z","nsw":52,"qld":89,"sa":56,"tas":2,"vic":49,"wa":121},{"ts":"2013-08-10T06:40:00Z","nsw":40,"qld":63,"sa":47,"tas":2,"vic":41},{"ts":"2013-08-10T06:50:00Z","nsw":26,"qld":46,"sa":39,"tas":1,"vic":27},{"ts":"2013-08-10T07:00:00Z","nsw":15,"qld":31,"sa":30,"tas":0,"vic":21,"wa":114},{"ts":"2013-08-10T07:10:00Z","nsw":8,"qld":15,"sa":24,"tas":0,"vic":13},{"ts":"2013-08-10T07:20:00Z","nsw":6,"qld":11,"sa":18,"tas":0,"vic":9},{"ts":"2013-08-10T07:30:00Z","nsw":4,"qld":8,"sa":12,"tas":0,"vic":4,"wa":86},{"ts":"2013-08-10T07:40:00Z","nsw":2,"qld":5,"sa":9,"tas":0,"vic":2},{"ts":"2013-08-10T07:50:00Z","nsw":2,"qld":6,"sa":6,"tas":0,"vic":1},{"ts":"2013-08-10T08:00:00Z","nsw":2,"qld":4,"sa":3,"tas":0,"vic":1,"wa":55},{"ts":"2013-08-10T08:10:00Z","nsw":2,"qld":3,"sa":1,"tas":0,"vic":1},{"ts":"2013-08-10T08:20:00Z","nsw":4,"qld":1,"sa":1,"tas":0,"vic":0},{"ts":"2013-08-10T08:30:00Z","nsw":2,"qld":2,"sa":1,"tas":0,"vic":0,"wa":44},{"ts":"2013-08-10T08:40:00Z","nsw":4,"qld":2,"sa":0,"tas":0,"vic":0},{"ts":"2013-08-10T08:50:00Z","nsw":1,"qld":2,"sa":0,"tas":0,"vic":0},{"ts":"2013-08-10T09:00:00Z","nsw":1,"qld":1,"sa":0,"tas":0,"vic":0,"wa":11},{"ts":"2013-08-10T09:10:00Z","nsw":3,"qld":2,"sa":0,"tas":0,"vic":0},{"ts":"2013-08-10T09:20:00Z","nsw":3,"qld":2,"sa":0,"tas":0,"vic":0},{"ts":"2013-08-10T09:30:00Z","nsw":1,"qld":2,"sa":0,"tas":0,"vic":0,"wa":5},{"ts":"2013-08-10T09:40:00Z","nsw":3,"qld":2,"sa":0,"tas":0,"vic":0},{"ts":"2013-08-10T09:50:00Z","nsw":3,"qld":3,"sa":0,"tas":0,"vic":0},{"ts":"2013-08-10T10:00:00Z","nsw":1,"qld":3,"sa":0,"tas":0,"vic":0,"wa":0},{"ts":"2013-08-10T10:10:00Z","nsw":1,"qld":5,"sa":0,"tas":0,"vic":0},{"ts":"2013-08-10T10:20:00Z","nsw":3,"qld":5,"sa":0,"tas":0,"vic":0},{"ts":"2013-08-10T10:30:00Z","nsw":3,"qld":2,"sa":0,"tas":0,"vic":0,"wa":1},{"ts":"2013-08-10T10:40:00Z","nsw":3,"qld":5,"sa":0,"tas":0,"vic":0},{"ts":"2013-08-10T10:50:00Z","nsw":1,"qld":2,"sa":0,"tas":0,"vic":0},{"ts":"2013-08-10T11:00:00Z","nsw":3,"qld":2,"sa":0,"tas":0,"vic":0,"wa":0},{"ts":"2013-08-10T11:10:00Z","nsw":3,"qld":2,"sa":0,"tas":0,"vic":0},{"ts":"2013-08-10T11:20:00Z","nsw":1,"qld":2,"sa":0,"tas":0,"vic":0},{"ts":"2013-08-10T11:30:00Z","nsw":3,"qld":2,"sa":0,"tas":0,"vic":0,"wa":0},{"ts":"2013-08-10T11:40:00Z","nsw":3,"qld":2,"sa":0,"tas":0,"vic":0},{"ts":"2013-08-10T11:50:00Z","nsw":3,"qld":1,"sa":0,"tas":0,"vic":0},{"ts":"2013-08-10T12:00:00Z","nsw":3,"qld":2,"sa":0,"tas":0,"vic":0,"wa":0},{"ts":"2013-08-10T12:10:00Z","nsw":3,"qld":2,"sa":0,"tas":0,"vic":0},{"ts":"2013-08-10T12:20:00Z","nsw":2,"qld":2,"sa":0,"tas":0,"vic":0},{"ts":"2013-08-10T12:30:00Z","nsw":3,"qld":2,"sa":0,"tas":0,"vic":0,"wa":0},{"ts":"2013-08-10T12:40:00Z","nsw":9,"qld":2,"sa":0,"tas":0,"vic":0},{"ts":"2013-08-10T12:50:00Z","nsw":3,"qld":2,"sa":0,"tas":0,"vic":0}]} 