{"performance":[{"ts":"2013-11-06T17:00:00Z","nsw":"0.36","nt":"0.00","qld":"0.34","sa":"0.14","tas":"0.00","vic":"0.05","wa":"0.09"},{"ts":"2013-11-06T17:10:00Z","nsw":"0.37","nt":"0.00","qld":"0.34","sa":"0.14","tas":"0.00","vic":"0.07","wa":"0.09"},{"ts":"2013-11-06T17:20:00Z","nsw":"0.33","nt":"0.00","qld":"0.34","sa":"0.14","tas":"0.00","vic":"0.05","wa":"0.09"},{"ts":"2013-11-06T17:30:00Z","nsw":"0.35","nt":"0.00","qld":"0.33","sa":"0.14","tas":"0.00","vic":"0.08","wa":"0.09"},{"ts":"2013-11-06T17:40:00Z","nsw":"0.40","nt":"0.00","qld":"0.33","sa":"0.14","tas":"0.00","vic":"0.08","wa":"0.09"},{"ts":"2013-11-06T17:50:00Z","nsw":"0.30","nt":"0.00","qld":"0.35","sa":"0.14","tas":"0.00","vic":"0.08","wa":"0.09"},{"ts":"2013-11-06T18:00:00Z","nsw":"0.34","nt":"0.00","qld":"0.34","sa":"0.14","tas":"0.00","vic":"0.09","wa":"0.08"},{"ts":"2013-11-06T18:10:00Z","nsw":"0.36","nt":"0.00","qld":"0.33","sa":"0.15","tas":"0.00","vic":"0.27","wa":"0.09"},{"ts":"2013-11-06T18:20:00Z","nsw":"0.41","nt":"0.00","qld":"0.35","sa":"0.14","tas":"0.00","vic":"0.05","wa":"0.08"},{"ts":"2013-11-06T18:30:00Z","nsw":"0.38","nt":"0.00","qld":"0.34","sa":"0.14","tas":"0.00","vic":"0.25","wa":"0.09"},{"ts":"2013-11-06T18:40:00Z","nsw":"0.36","nt":"0.00","qld":"0.34","sa":"0.14","tas":"0.00","vic":"0.06","wa":"0.08"},{"ts":"2013-11-06T18:50:00Z","nsw":"0.35","nt":"0.00","qld":"0.14","sa":"0.14","tas":"0.00","vic":"0.13","wa":"0.09"},{"ts":"2013-11-06T19:00:00Z","nsw":"0.70","nt":"0.00","qld":"0.78","sa":"0.12","tas":"0.05","vic":"0.11","wa":"0.08"},{"ts":"2013-11-06T19:10:00Z","nsw":"1.15","nt":"0.00","qld":"1.60","sa":"0.12","tas":"0.17","vic":"0.09","wa":"0.09"},{"ts":"2013-11-06T19:20:00Z","nsw":"1.88","nt":"0.00","qld":"2.74","sa":"0.12","tas":"0.60","vic":"0.28","wa":"0.09"},{"ts":"2013-11-06T19:30:00Z","nsw":"2.71","nt":"0.00","qld":"4.07","sa":"0.10","tas":"0.71","vic":"0.62","wa":"0.09"},{"ts":"2013-11-06T19:40:00Z","nsw":"4.09","nt":"0.00","qld":"5.85","sa":"0.10","tas":"0.92","vic":"1.25","wa":"0.08"},{"ts":"2013-11-06T19:50:00Z","nsw":"5.21","nt":"0.00","qld":"7.78","sa":"0.11","tas":"1.35","vic":"1.97","wa":"0.09"},{"ts":"2013-11-06T20:00:00Z","nsw":"7.00","nt":"0.00","qld":"9.73","sa":"0.46","tas":"1.84","vic":"3.16","wa":"0.08"},{"ts":"2013-11-06T20:10:00Z","nsw":"9.12","nt":"0.00","qld":"12.09","sa":"1.15","tas":"2.30","vic":"4.48","wa":"0.09"},{"ts":"2013-11-06T20:20:00Z","nsw":"11.13","nt":"0.00","qld":"14.50","sa":"2.24","tas":"3.56","vic":"6.00","wa":"0.08"},{"ts":"2013-11-06T20:30:00Z","nsw":"13.81","nt":"0.00","qld":"17.07","sa":"3.05","tas":"4.03","vic":"7.61","wa":"0.08"},{"ts":"2013-11-06T20:40:00Z","nsw":"16.09","nt":"0.00","qld":"20.32","sa":"3.56","tas":"4.39","vic":"9.57","wa":"0.08"},{"ts":"2013-11-06T20:50:00Z","nsw":"17.74","nt":"0.00","qld":"23.25","sa":"4.59","tas":"4.69","vic":"11.18","wa":"0.09"},{"ts":"2013-11-06T21:00:00Z","nsw":"20.58","nt":"0.41","qld":"26.35","sa":"6.52","tas":"6.39","vic":"12.83","wa":"0.11"},{"ts":"2013-11-06T21:10:00Z","nsw":"22.99","nt":"1.75","qld":"29.79","sa":"9.45","tas":"7.09","vic":"14.13","wa":"0.16"},{"ts":"2013-11-06T21:20:00Z","nsw":"25.72","nt":"2.67","qld":"32.98","sa":"9.85","tas":"7.28","vic":"16.55","wa":"0.33"},{"ts":"2013-11-06T21:30:00Z","nsw":"29.00","nt":"3.76","qld":"35.91","sa":"11.34","tas":"8.02","vic":"19.10","wa":"0.57"},{"ts":"2013-11-06T21:40:00Z","nsw":"32.42","nt":"6.06","qld":"39.95","sa":"11.79","tas":"9.00","vic":"21.73","wa":"1.26"},{"ts":"2013-11-06T21:50:00Z","nsw":"33.53","nt":"8.34","qld":"42.38","sa":"12.70","tas":"9.31","vic":"23.50","wa":"2.41"},{"ts":"2013-11-06T22:00:00Z","nsw":"37.03","nt":"10.04","qld":"45.53","sa":"12.58","tas":"10.58","vic":"25.33","wa":"3.49"},{"ts":"2013-11-06T22:10:00Z","nsw":"39.07","nt":"11.32","qld":"48.81","sa":"14.54","tas":"12.46","vic":"24.24","wa":"5.83"},{"ts":"2013-11-06T22:20:00Z","nsw":"44.03","nt":"11.25","qld":"51.19","sa":"17.63","tas":"12.96","vic":"23.20","wa":"7.88"},{"ts":"2013-11-06T22:30:00Z","nsw":"44.51","nt":"13.74","qld":"53.66","sa":"23.21","tas":"13.05","vic":"23.86","wa":"10.01"},{"ts":"2013-11-06T22:40:00Z","nsw":"47.87","nt":"15.27","qld":"56.46","sa":"26.89","tas":"15.14","vic":"27.70","wa":"10.98"},{"ts":"2013-11-06T22:50:00Z","nsw":"48.99","nt":"21.37","qld":"59.67","sa":"26.50","tas":"15.17","vic":"30.08","wa":"12.52"},{"ts":"2013-11-06T23:00:00Z","nsw":"50.67","nt":"21.21","qld":"61.18","sa":"24.38","tas":"15.10","vic":"35.88","wa":"16.53"},{"ts":"2013-11-06T23:10:00Z","nsw":"51.07","nt":"25.32","qld":"62.62","sa":"24.32","tas":"15.15","vic":"38.18","wa":"18.07"},{"ts":"2013-11-06T23:20:00Z","nsw":"54.61","nt":"35.06","qld":"64.83","sa":"21.38","tas":"15.05","vic":"39.10","wa":"20.59"},{"ts":"2013-11-06T23:30:00Z","nsw":"57.48","nt":"37.91","qld":"65.72","sa":"20.13","tas":"13.60","vic":"36.88","wa":"25.39"},{"ts":"2013-11-06T23:40:00Z","nsw":"58.14","nt":"38.77","qld":"67.12","sa":"23.72","tas":"15.10","vic":"36.60","wa":"28.53"},{"ts":"2013-11-06T23:50:00Z","nsw":"60.27","nt":"42.48","qld":"68.61","sa":"29.95","tas":"16.89","vic":"37.01","wa":"32.36"},{"ts":"2013-11-07T00:00:00Z","nsw":"62.40","nt":"39.90","qld":"69.59","sa":"33.84","tas":"18.36","vic":"40.37","wa":"37.28"},{"ts":"2013-11-07T00:10:00Z","nsw":"62.76","nt":"38.17","qld":"70.61","sa":"45.55","tas":"16.71","vic":"36.74","wa":"40.15"},{"ts":"2013-11-07T00:20:00Z","nsw":"64.66","nt":"38.68","qld":"71.61","sa":"45.70","tas":"17.45","vic":"34.75","wa":"42.56"},{"ts":"2013-11-07T00:30:00Z","nsw":"64.19","nt":"48.76","qld":"72.23","sa":"35.13","tas":"17.13","vic":"33.57","wa":"45.05"},{"ts":"2013-11-07T00:40:00Z","nsw":"65.67","nt":"51.66","qld":"72.93","sa":"45.16","tas":"18.30","vic":"39.84","wa":"49.24"},{"ts":"2013-11-07T00:50:00Z","nsw":"63.23","nt":"60.26","qld":"73.26","sa":"45.60","tas":"20.19","vic":"42.27","wa":"48.34"},{"ts":"2013-11-07T01:00:00Z","nsw":"67.55","nt":"65.64","qld":"73.68","sa":"40.51","tas":"17.08","vic":"43.81","wa":"54.06"},{"ts":"2013-11-07T01:10:00Z","nsw":"66.89","nt":"53.40","qld":"74.02","sa":"35.66","tas":"17.76","vic":"44.71","wa":"56.03"},{"ts":"2013-11-07T01:20:00Z","nsw":"68.66","nt":"64.15","qld":"74.72","sa":"29.02","tas":"19.91","vic":"46.44","wa":"58.29"},{"ts":"2013-11-07T01:30:00Z","nsw":"66.32","nt":"61.33","qld":"73.72","sa":"31.95","tas":"16.30","vic":"47.72","wa":"59.75"},{"ts":"2013-11-07T01:40:00Z","nsw":"67.49","nt":"52.55","qld":"74.27","sa":"33.31","tas":"18.01","vic":"49.67","wa":"60.90"},{"ts":"2013-11-07T01:50:00Z","nsw":"66.85","nt":"54.38","qld":"74.21","sa":"40.82","tas":"19.97","vic":"45.35","wa":"61.03"},{"ts":"2013-11-07T02:00:00Z","nsw":"66.28","nt":"67.25","qld":"74.04","sa":"45.48","tas":"19.71","vic":"44.58","wa":"64.84"},{"ts":"2013-11-07T02:10:00Z","nsw":"65.33","nt":"58.57","qld":"73.04","sa":"50.96","tas":"18.94","vic":"43.00","wa":"64.94"},{"ts":"2013-11-07T02:20:00Z","nsw":"66.64","nt":"57.76","qld":"73.43","sa":"57.27","tas":"19.91","vic":"45.55","wa":"65.90"},{"ts":"2013-11-07T02:30:00Z","nsw":"65.96","nt":"68.80","qld":"72.39","sa":"60.77","tas":"14.89","vic":"45.60","wa":"66.02"},{"ts":"2013-11-07T02:40:00Z","nsw":"62.74","nt":"50.18","qld":"72.23","sa":"58.27","tas":"14.67","vic":"47.16","wa":"69.90"},{"ts":"2013-11-07T02:50:00Z","nsw":"65.21","nt":"43.36","qld":"71.45","sa":"57.49","tas":"16.48","vic":"45.27","wa":"67.45"},{"ts":"2013-11-07T03:00:00Z","nsw":"64.83","nt":"33.40","qld":"70.97","sa":"53.37","tas":"18.00","vic":"46.65","wa":"71.26"},{"ts":"2013-11-07T03:10:00Z","nsw":"59.89","nt":"57.69","qld":"69.16","sa":"54.22","tas":"16.09","vic":"46.21","wa":"70.58"},{"ts":"2013-11-07T03:20:00Z","nsw":"62.84","nt":"79.52","qld":"69.12","sa":"52.02","tas":"16.28","vic":"45.97","wa":"70.08"},{"ts":"2013-11-07T03:30:00Z","nsw":"61.39","nt":"65.36","qld":"66.44","sa":"57.55","tas":"14.09","vic":"39.80","wa":"69.22"},{"ts":"2013-11-07T03:40:00Z","nsw":"59.60","nt":"69.62","qld":"66.21","sa":"41.13","tas":"15.71","vic":"37.86","wa":"70.95"},{"ts":"2013-11-07T03:50:00Z","nsw":"57.57","nt":"68.94","qld":"64.87","sa":"36.42","tas":"16.02","vic":"33.60","wa":"69.12"},{"ts":"2013-11-07T04:00:00Z","nsw":"55.29","nt":"64.95","qld":"62.23","sa":"34.89","tas":"15.51","vic":"36.43","wa":"75.29"},{"ts":"2013-11-07T04:10:00Z","nsw":"50.03","nt":"71.79","qld":"60.80","sa":"32.03","tas":"17.29","vic":"37.24","wa":"69.95"},{"ts":"2013-11-07T04:20:00Z","nsw":"51.01","nt":"59.84","qld":"58.66","sa":"33.52","tas":"18.54","vic":"39.53","wa":"67.57"},{"ts":"2013-11-07T04:30:00Z","nsw":"48.41","nt":"73.06","qld":"56.57","sa":"30.05","tas":"16.68","vic":"36.29","wa":"70.90"},{"ts":"2013-11-07T04:40:00Z","nsw":"49.93","nt":"72.68","qld":"53.84","sa":"27.70","tas":"21.73","vic":"36.33","wa":"69.25"},{"ts":"2013-11-07T04:50:00Z","nsw":"45.23","nt":"63.37","qld":"51.94","sa":"27.15","tas":"17.80","vic":"33.09","wa":"68.75"},{"ts":"2013-11-07T05:00:00Z","nsw":"44.19","nt":"56.12","qld":"49.29","sa":"22.88","tas":"17.32","vic":"37.00","wa":"70.06"},{"ts":"2013-11-07T05:10:00Z","nsw":"39.69","nt":"68.27","qld":"46.10","sa":"20.92","tas":"18.93","vic":"35.09","wa":"66.68"},{"ts":"2013-11-07T05:20:00Z","nsw":"38.68","nt":"57.97","qld":"43.59","sa":"16.85","tas":"22.50","vic":"36.30","wa":"69.98"},{"ts":"2013-11-07T05:30:00Z","nsw":"36.18","nt":"60.30","qld":"40.14","sa":"15.40","tas":"18.85","vic":"30.80","wa":"65.61"},{"ts":"2013-11-07T05:40:00Z","nsw":"32.62","nt":"60.48","qld":"36.43","sa":"13.72","tas":"21.75","vic":"27.86","wa":"68.16"},{"ts":"2013-11-07T05:50:00Z","nsw":"30.68","nt":"57.49","qld":"33.24","sa":"12.33","tas":"15.32","vic":"24.32","wa":"63.92"},{"ts":"2013-11-07T06:00:00Z","nsw":"26.78","nt":"54.59","qld":"29.99","sa":"11.50","tas":"13.90","vic":"21.22","wa":"63.12"},{"ts":"2013-11-07T06:10:00Z","nsw":"24.43","nt":"50.57","qld":"26.18","sa":"9.62","tas":"11.59","vic":"19.60","wa":"62.79"},{"ts":"2013-11-07T06:20:00Z","nsw":"22.45","nt":"49.25","qld":"23.01","sa":"9.17","tas":"11.22","vic":"18.53","wa":"63.84"},{"ts":"2013-11-07T06:30:00Z","nsw":"18.84","nt":"45.95","qld":"19.67","sa":"10.68","tas":"9.71","vic":"15.11","wa":"59.22"},{"ts":"2013-11-07T06:40:00Z","nsw":"16.11","nt":"42.43","qld":"16.73","sa":"11.64","tas":"9.25","vic":"14.91","wa":"57.47"},{"ts":"2013-11-07T06:50:00Z","nsw":"14.08","nt":"41.65","qld":"13.78","sa":"10.01","tas":"7.37","vic":"13.53","wa":"54.98"},{"ts":"2013-11-07T07:00:00Z","nsw":"11.26","nt":"38.26","qld":"11.45","sa":"7.39","tas":"5.87","vic":"12.88","wa":"55.91"},{"ts":"2013-11-07T07:10:00Z","nsw":"8.61","nt":"29.16","qld":"8.80","sa":"6.08","tas":"4.85","vic":"11.66","wa":"53.51"},{"ts":"2013-11-07T07:20:00Z","nsw":"7.83","nt":"28.23","qld":"6.95","sa":"4.10","tas":"4.37","vic":"10.84","wa":"48.24"},{"ts":"2013-11-07T07:30:00Z","nsw":"6.53","nt":"23.50","qld":"5.01","sa":"3.20","tas":"4.09","vic":"7.32","wa":"50.91"},{"ts":"2013-11-07T07:40:00Z","nsw":"4.86","nt":"16.90","qld":"3.41","sa":"2.60","tas":"2.93","vic":"6.11","wa":"47.60"},{"ts":"2013-11-07T07:50:00Z","nsw":"3.93","nt":"15.59","qld":"2.10","sa":"2.29","tas":"1.72","vic":"4.74","wa":"43.90"},{"ts":"2013-11-07T08:00:00Z","nsw":"2.74","nt":"12.62","qld":"1.18","sa":"2.58","tas":"1.48","vic":"3.78","wa":"40.40"},{"ts":"2013-11-07T08:10:00Z","nsw":"2.00","nt":"7.94","qld":"0.68","sa":"2.45","tas":"0.82","vic":"2.93","wa":"36.84"},{"ts":"2013-11-07T08:20:00Z","nsw":"1.33","nt":"6.62","qld":"0.52","sa":"2.10","tas":"0.73","vic":"2.05","wa":"34.74"},{"ts":"2013-11-07T08:30:00Z","nsw":"0.93","nt":"5.03","qld":"0.56","sa":"1.86","tas":"0.51","vic":"1.25","wa":"30.32"},{"ts":"2013-11-07T08:40:00Z","nsw":"0.78","nt":"3.24","qld":"0.35","sa":"1.85","tas":"0.27","vic":"0.78","wa":"28.82"},{"ts":"2013-11-07T08:50:00Z","nsw":"0.68","nt":"2.83","qld":"0.32","sa":"1.28","tas":"0.19","vic":"0.73","wa":"25.04"},{"ts":"2013-11-07T09:00:00Z","nsw":"0.80","nt":"1.34","qld":"0.40","sa":"0.55","tas":"0.19","vic":"0.63","wa":"20.78"},{"ts":"2013-11-07T09:10:00Z","nsw":"1.04","nt":"0.29","qld":"0.35","sa":"0.35","tas":"0.17","vic":"0.67","wa":"17.60"},{"ts":"2013-11-07T09:20:00Z","nsw":"0.93","nt":"0.49","qld":"0.37","sa":"0.40","tas":"0.13","vic":"0.43","wa":"14.41"},{"ts":"2013-11-07T09:30:00Z","nsw":"1.08","nt":"0.36","qld":"0.37","sa":"0.28","tas":"0.14","vic":"0.12","wa":"11.26"},{"ts":"2013-11-07T09:40:00Z","nsw":"1.01","nt":"0.41","qld":"0.37","sa":"0.34","tas":"0.14","vic":"0.12","wa":"10.51"},{"ts":"2013-11-07T09:50:00Z","nsw":"0.94","nt":"0.41","qld":"0.37","sa":"0.32","tas":"0.14","vic":"0.20","wa":"7.55"},{"ts":"2013-11-07T10:00:00Z","nsw":"0.96","nt":"0.51","qld":"0.37","sa":"0.24","tas":"0.14","vic":"0.12","wa":"6.00"},{"ts":"2013-11-07T10:10:00Z","nsw":"0.92","nt":"0.51","qld":"0.37","sa":"0.24","tas":"0.14","vic":"0.27","wa":"4.25"},{"ts":"2013-11-07T10:20:00Z","nsw":"0.90","nt":"0.51","qld":"0.38","sa":"0.29","tas":"0.14","vic":"0.28","wa":"2.84"},{"ts":"2013-11-07T10:30:00Z","nsw":"1.11","nt":"0.51","qld":"0.38","sa":"0.25","tas":"0.14","vic":"0.20","wa":"1.55"},{"ts":"2013-11-07T10:40:00Z","nsw":"0.87","nt":"0.51","qld":"0.37","sa":"0.24","tas":"0.14","vic":"0.20","wa":"0.74"},{"ts":"2013-11-07T10:50:00Z","nsw":"0.91","nt":"0.51","qld":"0.39","sa":"0.20","tas":"0.14","vic":"0.16","wa":"0.38"},{"ts":"2013-11-07T11:00:00Z","nsw":"0.90","nt":"0.51","qld":"0.41","sa":"0.24","tas":"0.14","vic":"0.12","wa":"0.23"},{"ts":"2013-11-07T11:10:00Z","nsw":"0.87","nt":"0.51","qld":"0.41","sa":"0.24","tas":"0.14","vic":"0.13","wa":"0.20"},{"ts":"2013-11-07T11:20:00Z","nsw":"0.83","nt":"0.51","qld":"0.40","sa":"0.20","tas":"0.14","vic":"0.20","wa":"0.22"},{"ts":"2013-11-07T11:30:00Z","nsw":"1.75","nt":"0.51","qld":"0.40","sa":"0.20","tas":"0.14","vic":"0.11","wa":"0.21"},{"ts":"2013-11-07T11:40:00Z","nsw":"0.86","nt":"0.51","qld":"0.39","sa":"0.20","tas":"0.14","vic":"0.11","wa":"0.22"},{"ts":"2013-11-07T11:50:00Z","nsw":"0.88","nt":"0.51","qld":"0.39","sa":"0.20","tas":"0.14","vic":"0.11","wa":"0.22"}],"contribution":[{"ts":"2013-11-06T17:00:00Z","nsw":"0.04","qld":"0.08","sa":"0.05","tas":"0.00","vic":"0.01","wa":"0.02"},{"ts":"2013-11-06T17:10:00Z","nsw":"0.04","qld":"0.07","sa":"0.05","tas":"0.00","vic":"0.01"},{"ts":"2013-11-06T17:20:00Z","nsw":"0.04","qld":"0.07","sa":"0.05","tas":"0.00","vic":"0.01"},{"ts":"2013-11-06T17:30:00Z","nsw":"0.04","qld":"0.07","sa":"0.05","tas":"0.00","vic":"0.01","wa":"0.02"},{"ts":"2013-11-06T17:40:00Z","nsw":"0.04","qld":"0.07","sa":"0.05","tas":"0.00","vic":"0.01"},{"ts":"2013-11-06T17:50:00Z","nsw":"0.03","qld":"0.08","sa":"0.05","tas":"0.00","vic":"0.01"},{"ts":"2013-11-06T18:00:00Z","nsw":"0.04","qld":"0.07","sa":"0.05","tas":"0.00","vic":"0.01","wa":"0.02"},{"ts":"2013-11-06T18:10:00Z","nsw":"0.04","qld":"0.07","sa":"0.06","tas":"0.00","vic":"0.03"},{"ts":"2013-11-06T18:20:00Z","nsw":"0.04","qld":"0.08","sa":"0.05","tas":"0.00","vic":"0.01"},{"ts":"2013-11-06T18:30:00Z","nsw":"0.04","qld":"0.07","sa":"0.05","tas":"0.00","vic":"0.03","wa":"0.02"},{"ts":"2013-11-06T18:40:00Z","nsw":"0.04","qld":"0.07","sa":"0.05","tas":"0.00","vic":"0.01"},{"ts":"2013-11-06T18:50:00Z","nsw":"0.03","qld":"0.03","sa":"0.05","tas":"0.00","vic":"0.02"},{"ts":"2013-11-06T19:00:00Z","nsw":"0.07","qld":"0.16","sa":"0.05","tas":"0.00","vic":"0.01","wa":"0.02"},{"ts":"2013-11-06T19:10:00Z","nsw":"0.11","qld":"0.33","sa":"0.04","tas":"0.01","vic":"0.01"},{"ts":"2013-11-06T19:20:00Z","nsw":"0.17","qld":"0.56","sa":"0.05","tas":"0.03","vic":"0.03"},{"ts":"2013-11-06T19:30:00Z","nsw":"0.24","qld":"0.81","sa":"0.04","tas":"0.03","vic":"0.06","wa":"0.02"},{"ts":"2013-11-06T19:40:00Z","nsw":"0.36","qld":"1.16","sa":"0.04","tas":"0.04","vic":"0.12"},{"ts":"2013-11-06T19:50:00Z","nsw":"0.45","qld":"1.50","sa":"0.04","tas":"0.06","vic":"0.19"},{"ts":"2013-11-06T20:00:00Z","nsw":"0.60","qld":"1.85","sa":"0.16","tas":"0.08","vic":"0.30","wa":"0.02"},{"ts":"2013-11-06T20:10:00Z","nsw":"0.77","qld":"2.26","sa":"0.40","tas":"0.10","vic":"0.41"},{"ts":"2013-11-06T20:20:00Z","nsw":"0.91","qld":"2.64","sa":"0.77","tas":"0.15","vic":"0.54"},{"ts":"2013-11-06T20:30:00Z","nsw":"1.13","qld":"3.05","sa":"1.01","tas":"0.17","vic":"0.67","wa":"0.02"},{"ts":"2013-11-06T20:40:00Z","nsw":"1.30","qld":"3.54","sa":"1.12","tas":"0.18","vic":"0.83"},{"ts":"2013-11-06T20:50:00Z","nsw":"1.42","qld":"3.99","sa":"1.37","tas":"0.19","vic":"0.96"},{"ts":"2013-11-06T21:00:00Z","nsw":"1.61","qld":"4.39","sa":"1.92","tas":"0.26","vic":"1.09","wa":"0.02"},{"ts":"2013-11-06T21:10:00Z","nsw":"1.80","qld":"4.92","sa":"2.79","tas":"0.29","vic":"1.23"},{"ts":"2013-11-06T21:20:00Z","nsw":"2.00","qld":"5.30","sa":"2.85","tas":"0.30","vic":"1.43"},{"ts":"2013-11-06T21:30:00Z","nsw":"2.26","qld":"5.74","sa":"3.30","tas":"0.33","vic":"1.66","wa":"0.12"},{"ts":"2013-11-06T21:40:00Z","nsw":"2.51","qld":"6.35","sa":"3.47","tas":"0.38","vic":"1.85"},{"ts":"2013-11-06T21:50:00Z","nsw":"2.59","qld":"6.69","sa":"3.68","tas":"0.40","vic":"2.01"},{"ts":"2013-11-06T22:00:00Z","nsw":"2.85","qld":"7.15","sa":"3.68","tas":"0.45","vic":"2.13","wa":"0.65"},{"ts":"2013-11-06T22:10:00Z","nsw":"2.96","qld":"7.69","sa":"4.18","tas":"0.52","vic":"2.05"},{"ts":"2013-11-06T22:20:00Z","nsw":"3.30","qld":"8.03","sa":"5.04","tas":"0.55","vic":"1.94"},{"ts":"2013-11-06T22:30:00Z","nsw":"3.34","qld":"8.38","sa":"6.53","tas":"0.56","vic":"2.00","wa":"1.76"},{"ts":"2013-11-06T22:40:00Z","nsw":"3.58","qld":"8.79","sa":"7.55","tas":"0.68","vic":"2.30"},{"ts":"2013-11-06T22:50:00Z","nsw":"3.66","qld":"9.15","sa":"7.45","tas":"0.67","vic":"2.49"},{"ts":"2013-11-06T23:00:00Z","nsw":"3.76","qld":"9.46","sa":"6.76","tas":"0.66","vic":"2.95","wa":"2.71"},{"ts":"2013-11-06T23:10:00Z","nsw":"3.78","qld":"9.64","sa":"6.85","tas":"0.67","vic":"3.13"},{"ts":"2013-11-06T23:20:00Z","nsw":"4.01","qld":"9.94","sa":"5.92","tas":"0.67","vic":"3.20"},{"ts":"2013-11-06T23:30:00Z","nsw":"4.24","qld":"10.14","sa":"5.53","tas":"0.61","vic":"2.99","wa":"3.97"},{"ts":"2013-11-06T23:40:00Z","nsw":"4.27","qld":"10.28","sa":"6.47","tas":"0.68","vic":"2.96"},{"ts":"2013-11-06T23:50:00Z","nsw":"4.42","qld":"10.45","sa":"8.25","tas":"0.74","vic":"2.97"},{"ts":"2013-11-07T00:00:00Z","nsw":"4.58","qld":"10.66","sa":"9.61","tas":"0.81","vic":"3.22","wa":"5.66"},{"ts":"2013-11-07T00:10:00Z","nsw":"4.61","qld":"10.80","sa":"12.55","tas":"0.74","vic":"2.95"},{"ts":"2013-11-07T00:20:00Z","nsw":"4.70","qld":"10.91","sa":"12.84","tas":"0.79","vic":"2.77"},{"ts":"2013-11-07T00:30:00Z","nsw":"4.66","qld":"11.02","sa":"9.77","tas":"0.79","vic":"2.68","wa":"6.82"},{"ts":"2013-11-07T00:40:00Z","nsw":"4.74","qld":"11.18","sa":"12.72","tas":"0.83","vic":"3.15"},{"ts":"2013-11-07T00:50:00Z","nsw":"4.60","qld":"11.01","sa":"12.72","tas":"0.92","vic":"3.35"},{"ts":"2013-11-07T01:00:00Z","nsw":"4.87","qld":"11.14","sa":"11.33","tas":"0.78","vic":"3.45","wa":"8.03"},{"ts":"2013-11-07T01:10:00Z","nsw":"4.79","qld":"11.26","sa":"9.85","tas":"0.81","vic":"3.53"},{"ts":"2013-11-07T01:20:00Z","nsw":"4.91","qld":"11.28","sa":"8.04","tas":"0.90","vic":"3.70"},{"ts":"2013-11-07T01:30:00Z","nsw":"4.74","qld":"11.35","sa":"8.71","tas":"0.74","vic":"3.78","wa":"8.84"},{"ts":"2013-11-07T01:40:00Z","nsw":"4.80","qld":"11.21","sa":"9.14","tas":"0.80","vic":"3.94"},{"ts":"2013-11-07T01:50:00Z","nsw":"4.72","qld":"11.20","sa":"11.10","tas":"0.87","vic":"3.62"},{"ts":"2013-11-07T02:00:00Z","nsw":"4.71","qld":"11.19","sa":"12.71","tas":"0.85","vic":"3.57","wa":"9.59"},{"ts":"2013-11-07T02:10:00Z","nsw":"4.65","qld":"10.92","sa":"14.11","tas":"0.81","vic":"3.44"},{"ts":"2013-11-07T02:20:00Z","nsw":"4.69","qld":"11.02","sa":"15.51","tas":"0.86","vic":"3.65"},{"ts":"2013-11-07T02:30:00Z","nsw":"4.62","qld":"10.78","sa":"16.45","tas":"0.65","vic":"3.65","wa":"9.70"},{"ts":"2013-11-07T02:40:00Z","nsw":"4.36","qld":"10.82","sa":"15.72","tas":"0.64","vic":"3.80"},{"ts":"2013-11-07T02:50:00Z","nsw":"4.53","qld":"10.61","sa":"15.78","tas":"0.73","vic":"3.65"},{"ts":"2013-11-07T03:00:00Z","nsw":"4.48","qld":"10.53","sa":"14.32","tas":"0.81","vic":"3.75","wa":"10.41"},{"ts":"2013-11-07T03:10:00Z","nsw":"4.11","qld":"10.28","sa":"14.23","tas":"0.73","vic":"3.70"},{"ts":"2013-11-07T03:20:00Z","nsw":"4.30","qld":"10.28","sa":"13.81","tas":"0.73","vic":"3.66"},{"ts":"2013-11-07T03:30:00Z","nsw":"4.18","qld":"9.87","sa":"15.21","tas":"0.63","vic":"3.19","wa":"10.09"},{"ts":"2013-11-07T03:40:00Z","nsw":"4.09","qld":"9.81","sa":"11.36","tas":"0.70","vic":"3.03"},{"ts":"2013-11-07T03:50:00Z","nsw":"3.93","qld":"9.57","sa":"9.99","tas":"0.72","vic":"2.69"},{"ts":"2013-11-07T04:00:00Z","nsw":"3.80","qld":"9.16","sa":"9.24","tas":"0.70","vic":"2.94","wa":"10.82"},{"ts":"2013-11-07T04:10:00Z","nsw":"3.43","qld":"9.00","sa":"8.77","tas":"0.78","vic":"3.02"},{"ts":"2013-11-07T04:20:00Z","nsw":"3.48","qld":"8.65","sa":"9.07","tas":"0.82","vic":"3.22"},{"ts":"2013-11-07T04:30:00Z","nsw":"3.31","qld":"8.36","sa":"8.25","tas":"0.74","vic":"3.00","wa":"10.23"},{"ts":"2013-11-07T04:40:00Z","nsw":"3.41","qld":"7.92","sa":"7.60","tas":"0.97","vic":"3.01"},{"ts":"2013-11-07T04:50:00Z","nsw":"3.06","qld":"7.69","sa":"7.48","tas":"0.79","vic":"2.75"},{"ts":"2013-11-07T05:00:00Z","nsw":"2.97","qld":"7.23","sa":"6.36","tas":"0.76","vic":"3.04","wa":"10.01"},{"ts":"2013-11-07T05:10:00Z","nsw":"2.67","qld":"6.87","sa":"6.06","tas":"0.85","vic":"2.89"},{"ts":"2013-11-07T05:20:00Z","nsw":"2.60","qld":"6.49","sa":"4.84","tas":"0.99","vic":"2.98"},{"ts":"2013-11-07T05:30:00Z","nsw":"2.42","qld":"5.93","sa":"4.36","tas":"0.83","vic":"2.55","wa":"9.44"},{"ts":"2013-11-07T05:40:00Z","nsw":"2.20","qld":"5.37","sa":"3.82","tas":"0.93","vic":"2.32"},{"ts":"2013-11-07T05:50:00Z","nsw":"2.06","qld":"4.94","sa":"3.49","tas":"0.67","vic":"2.03"},{"ts":"2013-11-07T06:00:00Z","nsw":"1.80","qld":"4.41","sa":"3.31","tas":"0.60","vic":"1.78","wa":"9.04"},{"ts":"2013-11-07T06:10:00Z","nsw":"1.65","qld":"3.86","sa":"2.80","tas":"0.49","vic":"1.64"},{"ts":"2013-11-07T06:20:00Z","nsw":"1.52","qld":"3.40","sa":"2.66","tas":"0.48","vic":"1.55"},{"ts":"2013-11-07T06:30:00Z","nsw":"1.28","qld":"2.90","sa":"3.03","tas":"0.41","vic":"1.28","wa":"8.39"},{"ts":"2013-11-07T06:40:00Z","nsw":"1.09","qld":"2.47","sa":"3.28","tas":"0.38","vic":"1.26"},{"ts":"2013-11-07T06:50:00Z","nsw":"0.97","qld":"2.04","sa":"2.80","tas":"0.30","vic":"1.16"},{"ts":"2013-11-07T07:00:00Z","nsw":"0.77","qld":"1.69","sa":"2.05","tas":"0.24","vic":"1.11","wa":"7.98"},{"ts":"2013-11-07T07:10:00Z","nsw":"0.60","qld":"1.31","sa":"1.73","tas":"0.20","vic":"1.01"},{"ts":"2013-11-07T07:20:00Z","nsw":"0.55","qld":"1.04","sa":"1.16","tas":"0.18","vic":"0.95"},{"ts":"2013-11-07T07:30:00Z","nsw":"0.46","qld":"0.76","sa":"0.91","tas":"0.17","vic":"0.64","wa":"7.27"},{"ts":"2013-11-07T07:40:00Z","nsw":"0.34","qld":"0.51","sa":"0.75","tas":"0.12","vic":"0.54"},{"ts":"2013-11-07T07:50:00Z","nsw":"0.28","qld":"0.32","sa":"0.65","tas":"0.07","vic":"0.42"},{"ts":"2013-11-07T08:00:00Z","nsw":"0.20","qld":"0.18","sa":"0.73","tas":"0.06","vic":"0.34","wa":"5.73"},{"ts":"2013-11-07T08:10:00Z","nsw":"0.14","qld":"0.10","sa":"0.70","tas":"0.03","vic":"0.27"},{"ts":"2013-11-07T08:20:00Z","nsw":"0.10","qld":"0.08","sa":"0.60","tas":"0.03","vic":"0.19"},{"ts":"2013-11-07T08:30:00Z","nsw":"0.07","qld":"0.08","sa":"0.53","tas":"0.02","vic":"0.11","wa":"4.33"},{"ts":"2013-11-07T08:40:00Z","nsw":"0.06","qld":"0.05","sa":"0.52","tas":"0.01","vic":"0.07"},{"ts":"2013-11-07T08:50:00Z","nsw":"0.05","qld":"0.05","sa":"0.36","tas":"0.01","vic":"0.07"},{"ts":"2013-11-07T09:00:00Z","nsw":"0.06","qld":"0.06","sa":"0.16","tas":"0.01","vic":"0.06","wa":"3.00"},{"ts":"2013-11-07T09:10:00Z","nsw":"0.07","qld":"0.05","sa":"0.10","tas":"0.01","vic":"0.06"},{"ts":"2013-11-07T09:20:00Z","nsw":"0.07","qld":"0.06","sa":"0.11","tas":"0.01","vic":"0.04"},{"ts":"2013-11-07T09:30:00Z","nsw":"0.08","qld":"0.06","sa":"0.08","tas":"0.01","vic":"0.01","wa":"1.64"},{"ts":"2013-11-07T09:40:00Z","nsw":"0.07","qld":"0.06","sa":"0.10","tas":"0.01","vic":"0.01"},{"ts":"2013-11-07T09:50:00Z","nsw":"0.07","qld":"0.06","sa":"0.09","tas":"0.01","vic":"0.02"},{"ts":"2013-11-07T10:00:00Z","nsw":"0.07","qld":"0.06","sa":"0.07","tas":"0.01","vic":"0.01","wa":"0.88"},{"ts":"2013-11-07T10:10:00Z","nsw":"0.07","qld":"0.06","sa":"0.07","tas":"0.01","vic":"0.02"},{"ts":"2013-11-07T10:20:00Z","nsw":"0.07","qld":"0.06","sa":"0.09","tas":"0.01","vic":"0.03"},{"ts":"2013-11-07T10:30:00Z","nsw":"0.09","qld":"0.06","sa":"0.07","tas":"0.01","vic":"0.02","wa":"0.23"},{"ts":"2013-11-07T10:40:00Z","nsw":"0.07","qld":"0.06","sa":"0.07","tas":"0.01","vic":"0.02"},{"ts":"2013-11-07T10:50:00Z","nsw":"0.07","qld":"0.06","sa":"0.06","tas":"0.01","vic":"0.02"},{"ts":"2013-11-07T11:00:00Z","nsw":"0.07","qld":"0.07","sa":"0.07","tas":"0.01","vic":"0.01","wa":"0.03"},{"ts":"2013-11-07T11:10:00Z","nsw":"0.07","qld":"0.07","sa":"0.07","tas":"0.01","vic":"0.01"},{"ts":"2013-11-07T11:20:00Z","nsw":"0.07","qld":"0.06","sa":"0.06","tas":"0.01","vic":"0.02"},{"ts":"2013-11-07T11:30:00Z","nsw":"0.14","qld":"0.06","sa":"0.06","tas":"0.01","vic":"0.01","wa":"0.03"},{"ts":"2013-11-07T11:40:00Z","nsw":"0.07","qld":"0.06","sa":"0.06","tas":"0.01","vic":"0.01"},{"ts":"2013-11-07T11:50:00Z","nsw":"0.07","qld":"0.06","sa":"0.07","tas":"0.01","vic":"0.01"}],"demand":[{"ts":"2013-11-06T17:00:00Z","nsw":5972,"qld":4526,"sa":1152,"tas":996,"vic":4305,"wa":1626},{"ts":"2013-11-06T17:10:00Z","nsw":6049,"qld":4566,"sa":1126,"tas":989,"vic":4318},{"ts":"2013-11-06T17:20:00Z","nsw":6022,"qld":4574,"sa":1164,"tas":998,"vic":4282},{"ts":"2013-11-06T17:30:00Z","nsw":6044,"qld":4545,"sa":1150,"tas":1020,"vic":4290,"wa":1622},{"ts":"2013-11-06T17:40:00Z","nsw":6069,"qld":4529,"sa":1138,"tas":1021,"vic":4277},{"ts":"2013-11-06T17:50:00Z","nsw":6084,"qld":4554,"sa":1136,"tas":1026,"vic":4301},{"ts":"2013-11-06T18:00:00Z","nsw":6154,"qld":4553,"sa":1112,"tas":1022,"vic":4339,"wa":1613},{"ts":"2013-11-06T18:10:00Z","nsw":6267,"qld":4622,"sa":1114,"tas":1023,"vic":4426},{"ts":"2013-11-06T18:20:00Z","nsw":6413,"qld":4618,"sa":1114,"tas":1031,"vic":4426},{"ts":"2013-11-06T18:30:00Z","nsw":6449,"qld":4624,"sa":1105,"tas":1032,"vic":4518,"wa":1604},{"ts":"2013-11-06T18:40:00Z","nsw":6525,"qld":4639,"sa":1118,"tas":1026,"vic":4548},{"ts":"2013-11-06T18:50:00Z","nsw":6581,"qld":4653,"sa":1104,"tas":1026,"vic":4624},{"ts":"2013-11-06T19:00:00Z","nsw":6726,"qld":4725,"sa":1120,"tas":1056,"vic":4719,"wa":1608},{"ts":"2013-11-06T19:10:00Z","nsw":7002,"qld":4793,"sa":1180,"tas":1103,"vic":4829},{"ts":"2013-11-06T19:20:00Z","nsw":7240,"qld":4808,"sa":1166,"tas":1130,"vic":4961},{"ts":"2013-11-06T19:30:00Z","nsw":7366,"qld":4905,"sa":1183,"tas":1146,"vic":5076,"wa":1600},{"ts":"2013-11-06T19:40:00Z","nsw":7484,"qld":4992,"sa":1243,"tas":1171,"vic":5191},{"ts":"2013-11-06T19:50:00Z","nsw":7635,"qld":5074,"sa":1253,"tas":1180,"vic":5288},{"ts":"2013-11-06T20:00:00Z","nsw":7631,"qld":5150,"sa":1253,"tas":1209,"vic":5438,"wa":1611},{"ts":"2013-11-06T20:10:00Z","nsw":7801,"qld":5208,"sa":1277,"tas":1208,"vic":5632},{"ts":"2013-11-06T20:20:00Z","nsw":7887,"qld":5303,"sa":1294,"tas":1212,"vic":5724},{"ts":"2013-11-06T20:30:00Z","nsw":7958,"qld":5434,"sa":1342,"tas":1226,"vic":5818,"wa":1616},{"ts":"2013-11-06T20:40:00Z","nsw":7987,"qld":5494,"sa":1401,"tas":1245,"vic":5919},{"ts":"2013-11-06T20:50:00Z","nsw":8102,"qld":5559,"sa":1466,"tas":1255,"vic":5967},{"ts":"2013-11-06T21:00:00Z","nsw":8193,"qld":5719,"sa":1476,"tas":1263,"vic":5892,"wa":1645},{"ts":"2013-11-06T21:10:00Z","nsw":8211,"qld":5765,"sa":1481,"tas":1257,"vic":5847},{"ts":"2013-11-06T21:20:00Z","nsw":8199,"qld":5823,"sa":1489,"tas":1241,"vic":5850},{"ts":"2013-11-06T21:30:00Z","nsw":8198,"qld":5840,"sa":1473,"tas":1234,"vic":5869,"wa":1734},{"ts":"2013-11-06T21:40:00Z","nsw":8230,"qld":5860,"sa":1455,"tas":1214,"vic":5907},{"ts":"2013-11-06T21:50:00Z","nsw":8224,"qld":5854,"sa":1464,"tas":1206,"vic":5927},{"ts":"2013-11-06T22:00:00Z","nsw":8268,"qld":5844,"sa":1475,"tas":1223,"vic":6017,"wa":1845},{"ts":"2013-11-06T22:10:00Z","nsw":8372,"qld":5834,"sa":1477,"tas":1222,"vic":5947},{"ts":"2013-11-06T22:20:00Z","nsw":8411,"qld":5842,"sa":1478,"tas":1217,"vic":6043},{"ts":"2013-11-06T22:30:00Z","nsw":8410,"qld":5828,"sa":1485,"tas":1188,"vic":6044,"wa":1941},{"ts":"2013-11-06T22:40:00Z","nsw":8418,"qld":5805,"sa":1463,"tas":1149,"vic":6086},{"ts":"2013-11-06T22:50:00Z","nsw":8400,"qld":5861,"sa":1456,"tas":1162,"vic":6096},{"ts":"2013-11-06T23:00:00Z","nsw":8445,"qld":5806,"sa":1479,"tas":1161,"vic":6101,"wa":2065},{"ts":"2013-11-06T23:10:00Z","nsw":8486,"qld":5834,"sa":1466,"tas":1161,"vic":6113},{"ts":"2013-11-06T23:20:00Z","nsw":8539,"qld":5813,"sa":1507,"tas":1155,"vic":6115},{"ts":"2013-11-06T23:30:00Z","nsw":8478,"qld":5783,"sa":1521,"tas":1152,"vic":6182,"wa":2138},{"ts":"2013-11-06T23:40:00Z","nsw":8526,"qld":5809,"sa":1502,"tas":1158,"vic":6208},{"ts":"2013-11-06T23:50:00Z","nsw":8525,"qld":5798,"sa":1448,"tas":1170,"vic":6236},{"ts":"2013-11-07T00:00:00Z","nsw":8510,"qld":5773,"sa":1413,"tas":1157,"vic":6236,"wa":2162},{"ts":"2013-11-07T00:10:00Z","nsw":8512,"qld":5782,"sa":1392,"tas":1155,"vic":6249},{"ts":"2013-11-07T00:20:00Z","nsw":8546,"qld":5788,"sa":1391,"tas":1129,"vic":6256},{"ts":"2013-11-07T00:30:00Z","nsw":8570,"qld":5794,"sa":1434,"tas":1121,"vic":6293,"wa":2142},{"ts":"2013-11-07T00:40:00Z","nsw":8603,"qld":5774,"sa":1367,"tas":1128,"vic":6310},{"ts":"2013-11-07T00:50:00Z","nsw":8610,"qld":5847,"sa":1395,"tas":1124,"vic":6301},{"ts":"2013-11-07T01:00:00Z","nsw":8649,"qld":5809,"sa":1421,"tas":1121,"vic":6312,"wa":2154},{"ts":"2013-11-07T01:10:00Z","nsw":8685,"qld":5795,"sa":1449,"tas":1127,"vic":6292},{"ts":"2013-11-07T01:20:00Z","nsw":8685,"qld":5829,"sa":1477,"tas":1144,"vic":6241},{"ts":"2013-11-07T01:30:00Z","nsw":8708,"qld":5775,"sa":1476,"tas":1143,"vic":6261,"wa":2145},{"ts":"2013-11-07T01:40:00Z","nsw":8749,"qld":5826,"sa":1477,"tas":1163,"vic":6232},{"ts":"2013-11-07T01:50:00Z","nsw":8798,"qld":5831,"sa":1428,"tas":1182,"vic":6232},{"ts":"2013-11-07T02:00:00Z","nsw":8752,"qld":5867,"sa":1384,"tas":1193,"vic":6213,"wa":2126},{"ts":"2013-11-07T02:10:00Z","nsw":8765,"qld":5890,"sa":1375,"tas":1197,"vic":6214},{"ts":"2013-11-07T02:20:00Z","nsw":8882,"qld":5899,"sa":1395,"tas":1189,"vic":6201},{"ts":"2013-11-07T02:30:00Z","nsw":8896,"qld":5923,"sa":1361,"tas":1184,"vic":6206,"wa":2138},{"ts":"2013-11-07T02:40:00Z","nsw":8980,"qld":5925,"sa":1382,"tas":1175,"vic":6178},{"ts":"2013-11-07T02:50:00Z","nsw":9002,"qld":5979,"sa":1379,"tas":1154,"vic":6157},{"ts":"2013-11-07T03:00:00Z","nsw":9056,"qld":5972,"sa":1440,"tas":1137,"vic":6189,"wa":2133},{"ts":"2013-11-07T03:10:00Z","nsw":9129,"qld":5989,"sa":1445,"tas":1132,"vic":6211},{"ts":"2013-11-07T03:20:00Z","nsw":9163,"qld":5980,"sa":1444,"tas":1143,"vic":6243},{"ts":"2013-11-07T03:30:00Z","nsw":9190,"qld":5995,"sa":1419,"tas":1148,"vic":6230,"wa":2146},{"ts":"2013-11-07T03:40:00Z","nsw":9143,"qld":6071,"sa":1436,"tas":1147,"vic":6239},{"ts":"2013-11-07T03:50:00Z","nsw":9177,"qld":6084,"sa":1472,"tas":1136,"vic":6253},{"ts":"2013-11-07T04:00:00Z","nsw":9167,"qld":6106,"sa":1506,"tas":1135,"vic":6196,"wa":2158},{"ts":"2013-11-07T04:10:00Z","nsw":9193,"qld":6087,"sa":1478,"tas":1140,"vic":6163},{"ts":"2013-11-07T04:20:00Z","nsw":9228,"qld":6133,"sa":1476,"tas":1154,"vic":6086},{"ts":"2013-11-07T04:30:00Z","nsw":9245,"qld":6174,"sa":1493,"tas":1153,"vic":6045,"wa":2164},{"ts":"2013-11-07T04:40:00Z","nsw":9299,"qld":6197,"sa":1493,"tas":1156,"vic":6016},{"ts":"2013-11-07T04:50:00Z","nsw":9395,"qld":6188,"sa":1487,"tas":1161,"vic":6037},{"ts":"2013-11-07T05:00:00Z","nsw":9420,"qld":6238,"sa":1488,"tas":1169,"vic":6075,"wa":2192},{"ts":"2013-11-07T05:10:00Z","nsw":9426,"qld":6239,"sa":1442,"tas":1149,"vic":6085},{"ts":"2013-11-07T05:20:00Z","nsw":9443,"qld":6238,"sa":1481,"tas":1166,"vic":6079},{"ts":"2013-11-07T05:30:00Z","nsw":9509,"qld":6305,"sa":1525,"tas":1175,"vic":6076,"wa":2190},{"ts":"2013-11-07T05:40:00Z","nsw":9520,"qld":6382,"sa":1537,"tas":1193,"vic":6036},{"ts":"2013-11-07T05:50:00Z","nsw":9528,"qld":6360,"sa":1501,"tas":1184,"vic":6063},{"ts":"2013-11-07T06:00:00Z","nsw":9508,"qld":6415,"sa":1493,"tas":1204,"vic":6045,"wa":2210},{"ts":"2013-11-07T06:10:00Z","nsw":9490,"qld":6441,"sa":1484,"tas":1210,"vic":6065},{"ts":"2013-11-07T06:20:00Z","nsw":9522,"qld":6481,"sa":1490,"tas":1201,"vic":6092},{"ts":"2013-11-07T06:30:00Z","nsw":9547,"qld":6558,"sa":1516,"tas":1222,"vic":6026,"wa":2251},{"ts":"2013-11-07T06:40:00Z","nsw":9526,"qld":6547,"sa":1528,"tas":1248,"vic":6014},{"ts":"2013-11-07T06:50:00Z","nsw":9428,"qld":6570,"sa":1553,"tas":1245,"vic":5961},{"ts":"2013-11-07T07:00:00Z","nsw":9415,"qld":6562,"sa":1545,"tas":1240,"vic":5946,"wa":2243},{"ts":"2013-11-07T07:10:00Z","nsw":9290,"qld":6535,"sa":1534,"tas":1245,"vic":5860},{"ts":"2013-11-07T07:20:00Z","nsw":9275,"qld":6557,"sa":1558,"tas":1236,"vic":5854},{"ts":"2013-11-07T07:30:00Z","nsw":9265,"qld":6529,"sa":1533,"tas":1240,"vic":5827,"wa":2260},{"ts":"2013-11-07T07:40:00Z","nsw":9238,"qld":6572,"sa":1527,"tas":1263,"vic":5792},{"ts":"2013-11-07T07:50:00Z","nsw":9196,"qld":6571,"sa":1548,"tas":1277,"vic":5774},{"ts":"2013-11-07T08:00:00Z","nsw":9109,"qld":6586,"sa":1537,"tas":1270,"vic":5738,"wa":2312},{"ts":"2013-11-07T08:10:00Z","nsw":9009,"qld":6547,"sa":1527,"tas":1274,"vic":5688},{"ts":"2013-11-07T08:20:00Z","nsw":8992,"qld":6565,"sa":1536,"tas":1273,"vic":5692},{"ts":"2013-11-07T08:30:00Z","nsw":9000,"qld":6616,"sa":1556,"tas":1259,"vic":5684,"wa":2330},{"ts":"2013-11-07T08:40:00Z","nsw":9067,"qld":6641,"sa":1559,"tas":1255,"vic":5664},{"ts":"2013-11-07T08:50:00Z","nsw":9174,"qld":6630,"sa":1541,"tas":1266,"vic":5702},{"ts":"2013-11-07T09:00:00Z","nsw":9153,"qld":6633,"sa":1531,"tas":1274,"vic":5737,"wa":2335},{"ts":"2013-11-07T09:10:00Z","nsw":9135,"qld":6573,"sa":1538,"tas":1286,"vic":5769},{"ts":"2013-11-07T09:20:00Z","nsw":9067,"qld":6497,"sa":1560,"tas":1292,"vic":5752},{"ts":"2013-11-07T09:30:00Z","nsw":8946,"qld":6504,"sa":1564,"tas":1301,"vic":5749,"wa":2347},{"ts":"2013-11-07T09:40:00Z","nsw":8910,"qld":6402,"sa":1549,"tas":1293,"vic":5692},{"ts":"2013-11-07T09:50:00Z","nsw":8798,"qld":6362,"sa":1562,"tas":1289,"vic":5614},{"ts":"2013-11-07T10:00:00Z","nsw":8709,"qld":6362,"sa":1553,"tas":1288,"vic":5567,"wa":2340},{"ts":"2013-11-07T10:10:00Z","nsw":8612,"qld":6339,"sa":1520,"tas":1280,"vic":5510},{"ts":"2013-11-07T10:20:00Z","nsw":8415,"qld":6296,"sa":1490,"tas":1276,"vic":5452},{"ts":"2013-11-07T10:30:00Z","nsw":8348,"qld":6159,"sa":1493,"tas":1275,"vic":5414,"wa":2366},{"ts":"2013-11-07T10:40:00Z","nsw":8252,"qld":6181,"sa":1506,"tas":1261,"vic":5354},{"ts":"2013-11-07T10:50:00Z","nsw":8146,"qld":6166,"sa":1503,"tas":1259,"vic":5246},{"ts":"2013-11-07T11:00:00Z","nsw":8151,"qld":6086,"sa":1491,"tas":1238,"vic":5138,"wa":2457},{"ts":"2013-11-07T11:10:00Z","nsw":8155,"qld":6180,"sa":1495,"tas":1232,"vic":5044},{"ts":"2013-11-07T11:20:00Z","nsw":8107,"qld":6176,"sa":1465,"tas":1225,"vic":4913},{"ts":"2013-11-07T11:30:00Z","nsw":8045,"qld":6097,"sa":1416,"tas":1211,"vic":4838,"wa":2434},{"ts":"2013-11-07T11:40:00Z","nsw":7992,"qld":6065,"sa":1399,"tas":1180,"vic":4804},{"ts":"2013-11-07T11:50:00Z","nsw":7830,"qld":5920,"sa":1364,"tas":1164,"vic":4766}],"output":[{"ts":"2013-11-06T17:00:00Z","nsw":2,"qld":3,"sa":0,"tas":0,"vic":0,"wa":0},{"ts":"2013-11-06T17:10:00Z","nsw":2,"qld":3,"sa":0,"tas":0,"vic":0},{"ts":"2013-11-06T17:20:00Z","nsw":2,"qld":3,"sa":0,"tas":0,"vic":0},{"ts":"2013-11-06T17:30:00Z","nsw":2,"qld":3,"sa":0,"tas":0,"vic":0,"wa":0},{"ts":"2013-11-06T17:40:00Z","nsw":2,"qld":3,"sa":0,"tas":0,"vic":0},{"ts":"2013-11-06T17:50:00Z","nsw":1,"qld":3,"sa":0,"tas":0,"vic":0},{"ts":"2013-11-06T18:00:00Z","nsw":2,"qld":3,"sa":0,"tas":0,"vic":0,"wa":0},{"ts":"2013-11-06T18:10:00Z","nsw":2,"qld":3,"sa":0,"tas":0,"vic":1},{"ts":"2013-11-06T18:20:00Z","nsw":2,"qld":3,"sa":0,"tas":0,"vic":0},{"ts":"2013-11-06T18:30:00Z","nsw":2,"qld":3,"sa":0,"tas":0,"vic":1,"wa":0},{"ts":"2013-11-06T18:40:00Z","nsw":2,"qld":3,"sa":0,"tas":0,"vic":0},{"ts":"2013-11-06T18:50:00Z","nsw":2,"qld":1,"sa":0,"tas":0,"vic":0},{"ts":"2013-11-06T19:00:00Z","nsw":4,"qld":7,"sa":0,"tas":0,"vic":0,"wa":0},{"ts":"2013-11-06T19:10:00Z","nsw":7,"qld":15,"sa":0,"tas":0,"vic":0},{"ts":"2013-11-06T19:20:00Z","nsw":12,"qld":27,"sa":0,"tas":0,"vic":1},{"ts":"2013-11-06T19:30:00Z","nsw":17,"qld":40,"sa":0,"tas":0,"vic":3,"wa":0},{"ts":"2013-11-06T19:40:00Z","nsw":26,"qld":58,"sa":0,"tas":0,"vic":6},{"ts":"2013-11-06T19:50:00Z","nsw":34,"qld":77,"sa":0,"tas":0,"vic":10},{"ts":"2013-11-06T20:00:00Z","nsw":45,"qld":96,"sa":2,"tas":0,"vic":16,"wa":0},{"ts":"2013-11-06T20:10:00Z","nsw":59,"qld":119,"sa":5,"tas":1,"vic":23},{"ts":"2013-11-06T20:20:00Z","nsw":72,"qld":143,"sa":9,"tas":1,"vic":30},{"ts":"2013-11-06T20:30:00Z","nsw":90,"qld":169,"sa":13,"tas":2,"vic":39,"wa":0},{"ts":"2013-11-06T20:40:00Z","nsw":105,"qld":201,"sa":15,"tas":2,"vic":49},{"ts":"2013-11-06T20:50:00Z","nsw":115,"qld":230,"sa":20,"tas":2,"vic":57},{"ts":"2013-11-06T21:00:00Z","nsw":134,"qld":261,"sa":28,"tas":3,"vic":66,"wa":0},{"ts":"2013-11-06T21:10:00Z","nsw":150,"qld":295,"sa":41,"tas":3,"vic":72},{"ts":"2013-11-06T21:20:00Z","nsw":167,"qld":327,"sa":43,"tas":3,"vic":85},{"ts":"2013-11-06T21:30:00Z","nsw":189,"qld":356,"sa":50,"tas":4,"vic":98,"wa":1},{"ts":"2013-11-06T21:40:00Z","nsw":211,"qld":396,"sa":52,"tas":4,"vic":112},{"ts":"2013-11-06T21:50:00Z","nsw":218,"qld":420,"sa":56,"tas":4,"vic":121},{"ts":"2013-11-06T22:00:00Z","nsw":241,"qld":451,"sa":55,"tas":5,"vic":130,"wa":12},{"ts":"2013-11-06T22:10:00Z","nsw":255,"qld":484,"sa":64,"tas":6,"vic":125},{"ts":"2013-11-06T22:20:00Z","nsw":287,"qld":507,"sa":78,"tas":6,"vic":119},{"ts":"2013-11-06T22:30:00Z","nsw":290,"qld":532,"sa":103,"tas":6,"vic":123,"wa":34},{"ts":"2013-11-06T22:40:00Z","nsw":312,"qld":560,"sa":119,"tas":7,"vic":142},{"ts":"2013-11-06T22:50:00Z","nsw":319,"qld":591,"sa":117,"tas":7,"vic":155},{"ts":"2013-11-06T23:00:00Z","nsw":330,"qld":606,"sa":108,"tas":7,"vic":185,"wa":57},{"ts":"2013-11-06T23:10:00Z","nsw":333,"qld":621,"sa":107,"tas":7,"vic":196},{"ts":"2013-11-06T23:20:00Z","nsw":356,"qld":643,"sa":94,"tas":7,"vic":201},{"ts":"2013-11-06T23:30:00Z","nsw":375,"qld":652,"sa":89,"tas":7,"vic":190,"wa":88},{"ts":"2013-11-06T23:40:00Z","nsw":379,"qld":665,"sa":105,"tas":7,"vic":188},{"ts":"2013-11-06T23:50:00Z","nsw":393,"qld":680,"sa":132,"tas":8,"vic":190},{"ts":"2013-11-07T00:00:00Z","nsw":407,"qld":690,"sa":150,"tas":9,"vic":208,"wa":129},{"ts":"2013-11-07T00:10:00Z","nsw":409,"qld":700,"sa":202,"tas":8,"vic":189},{"ts":"2013-11-07T00:20:00Z","nsw":422,"qld":710,"sa":202,"tas":9,"vic":179},{"ts":"2013-11-07T00:30:00Z","nsw":419,"qld":716,"sa":155,"tas":8,"vic":173,"wa":156},{"ts":"2013-11-07T00:40:00Z","nsw":428,"qld":723,"sa":200,"tas":9,"vic":205},{"ts":"2013-11-07T00:50:00Z","nsw":412,"qld":726,"sa":202,"tas":10,"vic":218},{"ts":"2013-11-07T01:00:00Z","nsw":441,"qld":730,"sa":179,"tas":8,"vic":225,"wa":188},{"ts":"2013-11-07T01:10:00Z","nsw":436,"qld":734,"sa":158,"tas":9,"vic":230},{"ts":"2013-11-07T01:20:00Z","nsw":448,"qld":741,"sa":128,"tas":10,"vic":239},{"ts":"2013-11-07T01:30:00Z","nsw":432,"qld":731,"sa":141,"tas":8,"vic":246,"wa":207},{"ts":"2013-11-07T01:40:00Z","nsw":440,"qld":736,"sa":147,"tas":9,"vic":256},{"ts":"2013-11-07T01:50:00Z","nsw":436,"qld":736,"sa":181,"tas":10,"vic":233},{"ts":"2013-11-07T02:00:00Z","nsw":432,"qld":734,"sa":201,"tas":10,"vic":229,"wa":225},{"ts":"2013-11-07T02:10:00Z","nsw":426,"qld":724,"sa":226,"tas":9,"vic":221},{"ts":"2013-11-07T02:20:00Z","nsw":435,"qld":728,"sa":254,"tas":10,"vic":234},{"ts":"2013-11-07T02:30:00Z","nsw":430,"qld":718,"sa":269,"tas":7,"vic":235,"wa":229},{"ts":"2013-11-07T02:40:00Z","nsw":409,"qld":716,"sa":258,"tas":7,"vic":243},{"ts":"2013-11-07T02:50:00Z","nsw":425,"qld":708,"sa":255,"tas":8,"vic":233},{"ts":"2013-11-07T03:00:00Z","nsw":423,"qld":704,"sa":236,"tas":9,"vic":240,"wa":247},{"ts":"2013-11-07T03:10:00Z","nsw":390,"qld":686,"sa":240,"tas":8,"vic":238},{"ts":"2013-11-07T03:20:00Z","nsw":410,"qld":685,"sa":230,"tas":8,"vic":237},{"ts":"2013-11-07T03:30:00Z","nsw":400,"qld":659,"sa":255,"tas":7,"vic":205,"wa":240},{"ts":"2013-11-07T03:40:00Z","nsw":389,"qld":656,"sa":182,"tas":8,"vic":195},{"ts":"2013-11-07T03:50:00Z","nsw":375,"qld":643,"sa":161,"tas":8,"vic":173},{"ts":"2013-11-07T04:00:00Z","nsw":360,"qld":617,"sa":154,"tas":8,"vic":187,"wa":261},{"ts":"2013-11-07T04:10:00Z","nsw":326,"qld":603,"sa":142,"tas":8,"vic":192},{"ts":"2013-11-07T04:20:00Z","nsw":333,"qld":581,"sa":148,"tas":9,"vic":203},{"ts":"2013-11-07T04:30:00Z","nsw":316,"qld":561,"sa":133,"tas":8,"vic":187,"wa":246},{"ts":"2013-11-07T04:40:00Z","nsw":325,"qld":534,"sa":122,"tas":11,"vic":187},{"ts":"2013-11-07T04:50:00Z","nsw":295,"qld":515,"sa":120,"tas":9,"vic":170},{"ts":"2013-11-07T05:00:00Z","nsw":288,"qld":489,"sa":101,"tas":8,"vic":190,"wa":243},{"ts":"2013-11-07T05:10:00Z","nsw":259,"qld":457,"sa":92,"tas":9,"vic":181},{"ts":"2013-11-07T05:20:00Z","nsw":252,"qld":432,"sa":74,"tas":11,"vic":187},{"ts":"2013-11-07T05:30:00Z","nsw":236,"qld":398,"sa":68,"tas":9,"vic":158,"wa":228},{"ts":"2013-11-07T05:40:00Z","nsw":212,"qld":361,"sa":60,"tas":11,"vic":143},{"ts":"2013-11-07T05:50:00Z","nsw":200,"qld":329,"sa":54,"tas":7,"vic":125},{"ts":"2013-11-07T06:00:00Z","nsw":174,"qld":297,"sa":51,"tas":7,"vic":109,"wa":219},{"ts":"2013-11-07T06:10:00Z","nsw":159,"qld":259,"sa":42,"tas":6,"vic":101},{"ts":"2013-11-07T06:20:00Z","nsw":146,"qld":228,"sa":40,"tas":5,"vic":95},{"ts":"2013-11-07T06:30:00Z","nsw":123,"qld":195,"sa":47,"tas":5,"vic":77,"wa":206},{"ts":"2013-11-07T06:40:00Z","nsw":105,"qld":165,"sa":51,"tas":4,"vic":76},{"ts":"2013-11-07T06:50:00Z","nsw":91,"qld":136,"sa":44,"tas":3,"vic":69},{"ts":"2013-11-07T07:00:00Z","nsw":73,"qld":113,"sa":32,"tas":3,"vic":66,"wa":194},{"ts":"2013-11-07T07:10:00Z","nsw":56,"qld":87,"sa":26,"tas":2,"vic":60},{"ts":"2013-11-07T07:20:00Z","nsw":51,"qld":68,"sa":18,"tas":2,"vic":55},{"ts":"2013-11-07T07:30:00Z","nsw":42,"qld":49,"sa":14,"tas":2,"vic":37,"wa":177},{"ts":"2013-11-07T07:40:00Z","nsw":31,"qld":33,"sa":11,"tas":1,"vic":31},{"ts":"2013-11-07T07:50:00Z","nsw":25,"qld":20,"sa":10,"tas":0,"vic":24},{"ts":"2013-11-07T08:00:00Z","nsw":17,"qld":11,"sa":11,"tas":0,"vic":19,"wa":140},{"ts":"2013-11-07T08:10:00Z","nsw":13,"qld":6,"sa":10,"tas":0,"vic":15},{"ts":"2013-11-07T08:20:00Z","nsw":8,"qld":5,"sa":9,"tas":0,"vic":10},{"ts":"2013-11-07T08:30:00Z","nsw":6,"qld":5,"sa":8,"tas":0,"vic":6,"wa":105},{"ts":"2013-11-07T08:40:00Z","nsw":5,"qld":3,"sa":8,"tas":0,"vic":4},{"ts":"2013-11-07T08:50:00Z","nsw":4,"qld":3,"sa":5,"tas":0,"vic":3},{"ts":"2013-11-07T09:00:00Z","nsw":5,"qld":3,"sa":2,"tas":0,"vic":3,"wa":72},{"ts":"2013-11-07T09:10:00Z","nsw":6,"qld":3,"sa":1,"tas":0,"vic":3},{"ts":"2013-11-07T09:20:00Z","nsw":6,"qld":3,"sa":1,"tas":0,"vic":2},{"ts":"2013-11-07T09:30:00Z","nsw":7,"qld":3,"sa":1,"tas":0,"vic":0,"wa":39},{"ts":"2013-11-07T09:40:00Z","nsw":6,"qld":3,"sa":1,"tas":0,"vic":0},{"ts":"2013-11-07T09:50:00Z","nsw":6,"qld":3,"sa":1,"tas":0,"vic":1},{"ts":"2013-11-07T10:00:00Z","nsw":6,"qld":3,"sa":1,"tas":0,"vic":0,"wa":20},{"ts":"2013-11-07T10:10:00Z","nsw":5,"qld":3,"sa":1,"tas":0,"vic":1},{"ts":"2013-11-07T10:20:00Z","nsw":5,"qld":3,"sa":1,"tas":0,"vic":1},{"ts":"2013-11-07T10:30:00Z","nsw":7,"qld":3,"sa":1,"tas":0,"vic":1,"wa":5},{"ts":"2013-11-07T10:40:00Z","nsw":5,"qld":3,"sa":1,"tas":0,"vic":1},{"ts":"2013-11-07T10:50:00Z","nsw":5,"qld":3,"sa":0,"tas":0,"vic":0},{"ts":"2013-11-07T11:00:00Z","nsw":5,"qld":4,"sa":1,"tas":0,"vic":0,"wa":0},{"ts":"2013-11-07T11:10:00Z","nsw":5,"qld":4,"sa":1,"tas":0,"vic":0},{"ts":"2013-11-07T11:20:00Z","nsw":5,"qld":3,"sa":0,"tas":0,"vic":1},{"ts":"2013-11-07T11:30:00Z","nsw":11,"qld":3,"sa":0,"tas":0,"vic":0,"wa":0},{"ts":"2013-11-07T11:40:00Z","nsw":5,"qld":3,"sa":0,"tas":0,"vic":0},{"ts":"2013-11-07T11:50:00Z","nsw":5,"qld":3,"sa":0,"tas":0,"vic":0}]} 