{"performance":[{"ts":"2013-05-25T18:00:00Z","nsw":"0.19","nt":"0.00","qld":"0.35","sa":"0.11","tas":"0.00","vic":"0.05","wa":"0.10"},{"ts":"2013-05-25T18:10:00Z","nsw":"0.28","nt":"0.00","qld":"0.36","sa":"0.10","tas":"0.00","vic":"0.06","wa":"0.11"},{"ts":"2013-05-25T18:20:00Z","nsw":"0.30","nt":"0.00","qld":"0.36","sa":"0.11","tas":"0.00","vic":"0.06","wa":"0.11"},{"ts":"2013-05-25T18:30:00Z","nsw":"0.31","nt":"0.00","qld":"0.33","sa":"0.11","tas":"0.00","vic":"0.06","wa":"0.11"},{"ts":"2013-05-25T18:40:00Z","nsw":"0.32","nt":"0.00","qld":"0.33","sa":"0.11","tas":"0.00","vic":"0.06","wa":"0.10"},{"ts":"2013-05-25T18:50:00Z","nsw":"0.16","nt":"0.00","qld":"0.33","sa":"0.08","tas":"0.00","vic":"0.07","wa":"0.11"},{"ts":"2013-05-25T19:00:00Z","nsw":"0.35","nt":"0.00","qld":"0.33","sa":"0.12","tas":"0.00","vic":"0.07","wa":"0.10"},{"ts":"2013-05-25T19:10:00Z","nsw":"0.27","nt":"0.00","qld":"0.39","sa":"0.11","tas":"0.00","vic":"0.06","wa":"0.11"},{"ts":"2013-05-25T19:20:00Z","nsw":"0.30","nt":"0.00","qld":"0.35","sa":"0.11","tas":"0.00","vic":"0.06","wa":"0.11"},{"ts":"2013-05-25T19:30:00Z","nsw":"0.30","nt":"0.00","qld":"0.39","sa":"0.11","tas":"0.00","vic":"0.05","wa":"0.11"},{"ts":"2013-05-25T19:40:00Z","nsw":"0.31","nt":"0.00","qld":"0.36","sa":"0.11","tas":"0.00","vic":"0.06","wa":"0.10"},{"ts":"2013-05-25T19:50:00Z","nsw":"0.30","nt":"0.00","qld":"0.35","sa":"0.11","tas":"0.00","vic":"0.05","wa":"0.11"},{"ts":"2013-05-25T20:00:00Z","nsw":"0.31","nt":"0.00","qld":"0.43","sa":"0.11","tas":"0.00","vic":"0.05","wa":"0.10"},{"ts":"2013-05-25T20:10:00Z","nsw":"0.46","nt":"0.00","qld":"0.34","sa":"0.10","tas":"0.00","vic":"0.05","wa":"0.11"},{"ts":"2013-05-25T20:20:00Z","nsw":"0.51","nt":"0.00","qld":"0.27","sa":"0.11","tas":"0.00","vic":"0.05","wa":"0.10"},{"ts":"2013-05-25T20:30:00Z","nsw":"0.53","nt":"0.00","qld":"0.33","sa":"0.10","tas":"0.00","vic":"0.05","wa":"0.11"},{"ts":"2013-05-25T20:40:00Z","nsw":"0.54","nt":"0.00","qld":"1.02","sa":"0.16","tas":"0.00","vic":"0.04","wa":"0.10"},{"ts":"2013-05-25T20:50:00Z","nsw":"0.54","nt":"0.00","qld":"2.13","sa":"0.13","tas":"0.00","vic":"0.05","wa":"0.11"},{"ts":"2013-05-25T21:00:00Z","nsw":"1.03","nt":"0.00","qld":"3.71","sa":"0.10","tas":"0.00","vic":"0.04","wa":"0.10"},{"ts":"2013-05-25T21:10:00Z","nsw":"1.83","nt":"0.00","qld":"5.96","sa":"0.10","tas":"0.00","vic":"0.04","wa":"0.13"},{"ts":"2013-05-25T21:20:00Z","nsw":"2.60","nt":"0.08","qld":"8.20","sa":"0.10","tas":"0.00","vic":"0.05","wa":"0.11"},{"ts":"2013-05-25T21:30:00Z","nsw":"3.89","nt":"0.02","qld":"11.26","sa":"0.11","tas":"0.06","vic":"0.08","wa":"0.13"},{"ts":"2013-05-25T21:40:00Z","nsw":"5.40","nt":"0.31","qld":"14.14","sa":"0.12","tas":"1.11","vic":"0.23","wa":"0.12"},{"ts":"2013-05-25T21:50:00Z","nsw":"7.24","nt":"1.66","qld":"16.16","sa":"0.34","tas":"2.34","vic":"0.54","wa":"0.13"},{"ts":"2013-05-25T22:00:00Z","nsw":"10.82","nt":"3.29","qld":"18.49","sa":"1.11","tas":"4.28","vic":"1.09","wa":"0.13"},{"ts":"2013-05-25T22:10:00Z","nsw":"13.08","nt":"4.25","qld":"21.07","sa":"2.57","tas":"5.56","vic":"1.74","wa":"0.13"},{"ts":"2013-05-25T22:20:00Z","nsw":"16.05","nt":"4.49","qld":"24.38","sa":"3.89","tas":"7.61","vic":"2.38","wa":"0.12"},{"ts":"2013-05-25T22:30:00Z","nsw":"17.68","nt":"4.95","qld":"26.90","sa":"5.68","tas":"10.09","vic":"3.15","wa":"0.13"},{"ts":"2013-05-25T22:40:00Z","nsw":"20.25","nt":"5.53","qld":"30.62","sa":"8.60","tas":"12.12","vic":"3.52","wa":"0.12"},{"ts":"2013-05-25T22:50:00Z","nsw":"21.58","nt":"8.31","qld":"34.01","sa":"10.56","tas":"15.14","vic":"4.63","wa":"0.12"},{"ts":"2013-05-25T23:00:00Z","nsw":"25.64","nt":"8.70","qld":"37.73","sa":"13.30","tas":"16.82","vic":"5.10","wa":"0.12"},{"ts":"2013-05-25T23:10:00Z","nsw":"25.91","nt":"8.07","qld":"39.31","sa":"14.49","tas":"21.65","vic":"6.03","wa":"0.20"},{"ts":"2013-05-25T23:20:00Z","nsw":"30.03","nt":"8.68","qld":"41.63","sa":"15.81","tas":"24.52","vic":"6.96","wa":"0.62"},{"ts":"2013-05-25T23:30:00Z","nsw":"32.20","nt":"18.91","qld":"43.05","sa":"17.50","tas":"27.78","vic":"7.95","wa":"1.70"},{"ts":"2013-05-25T23:40:00Z","nsw":"34.33","nt":"25.19","qld":"43.88","sa":"18.41","tas":"30.56","vic":"7.88","wa":"2.77"},{"ts":"2013-05-25T23:50:00Z","nsw":"35.29","nt":"34.40","qld":"46.23","sa":"20.31","tas":"32.57","vic":"9.81","wa":"4.80"},{"ts":"2013-05-26T00:00:00Z","nsw":"38.47","nt":"39.27","qld":"50.36","sa":"22.53","tas":"33.34","vic":"11.44","wa":"8.29"},{"ts":"2013-05-26T00:10:00Z","nsw":"38.19","nt":"45.08","qld":"52.64","sa":"27.57","tas":"35.46","vic":"11.13","wa":"10.45"},{"ts":"2013-05-26T00:20:00Z","nsw":"40.07","nt":"46.93","qld":"56.18","sa":"27.58","tas":"34.74","vic":"13.17","wa":"13.76"},{"ts":"2013-05-26T00:30:00Z","nsw":"42.07","nt":"50.49","qld":"56.96","sa":"31.01","tas":"36.61","vic":"13.88","wa":"17.09"},{"ts":"2013-05-26T00:40:00Z","nsw":"44.28","nt":"53.53","qld":"58.70","sa":"34.99","tas":"41.45","vic":"14.35","wa":"20.52"},{"ts":"2013-05-26T00:50:00Z","nsw":"44.21","nt":"55.60","qld":"59.03","sa":"37.93","tas":"43.00","vic":"15.66","wa":"24.71"},{"ts":"2013-05-26T01:00:00Z","nsw":"47.03","nt":"53.82","qld":"60.00","sa":"38.45","tas":"46.42","vic":"17.22","wa":"26.74"},{"ts":"2013-05-26T01:10:00Z","nsw":"48.27","nt":"55.48","qld":"61.17","sa":"40.33","tas":"42.05","vic":"16.58","wa":"31.69"},{"ts":"2013-05-26T01:20:00Z","nsw":"49.18","nt":"58.36","qld":"61.57","sa":"38.21","tas":"45.38","vic":"18.72","wa":"32.96"},{"ts":"2013-05-26T01:30:00Z","nsw":"50.00","nt":"61.56","qld":"61.50","sa":"40.47","tas":"42.20","vic":"17.44","wa":"36.57"},{"ts":"2013-05-26T01:40:00Z","nsw":"50.44","nt":"62.60","qld":"61.34","sa":"39.38","tas":"48.41","vic":"15.51","wa":"39.33"},{"ts":"2013-05-26T01:50:00Z","nsw":"51.42","nt":"64.33","qld":"60.10","sa":"44.88","tas":"43.42","vic":"17.37","wa":"42.19"},{"ts":"2013-05-26T02:00:00Z","nsw":"49.51","nt":"66.14","qld":"60.26","sa":"45.13","tas":"46.81","vic":"19.21","wa":"44.00"},{"ts":"2013-05-26T02:10:00Z","nsw":"48.73","nt":"66.66","qld":"60.33","sa":"43.62","tas":"38.33","vic":"17.30","wa":"43.91"},{"ts":"2013-05-26T02:20:00Z","nsw":"50.59","nt":"55.24","qld":"60.51","sa":"37.86","tas":"42.02","vic":"18.77","wa":"46.42"},{"ts":"2013-05-26T02:30:00Z","nsw":"50.20","nt":"59.16","qld":"58.41","sa":"42.39","tas":"40.51","vic":"18.63","wa":"51.58"},{"ts":"2013-05-26T02:40:00Z","nsw":"50.02","nt":"64.27","qld":"58.36","sa":"41.64","tas":"44.21","vic":"17.20","wa":"50.48"},{"ts":"2013-05-26T02:50:00Z","nsw":"49.00","nt":"58.74","qld":"56.12","sa":"40.87","tas":"39.74","vic":"17.25","wa":"53.83"},{"ts":"2013-05-26T03:00:00Z","nsw":"49.16","nt":"70.31","qld":"51.87","sa":"37.68","tas":"43.18","vic":"17.79","wa":"53.60"},{"ts":"2013-05-26T03:10:00Z","nsw":"45.22","nt":"63.02","qld":"47.39","sa":"35.84","tas":"39.66","vic":"17.52","wa":"54.57"},{"ts":"2013-05-26T03:20:00Z","nsw":"45.55","nt":"67.04","qld":"47.43","sa":"35.59","tas":"37.29","vic":"16.84","wa":"54.76"},{"ts":"2013-05-26T03:30:00Z","nsw":"44.63","nt":"67.06","qld":"42.78","sa":"37.69","tas":"31.98","vic":"17.25","wa":"55.72"},{"ts":"2013-05-26T03:40:00Z","nsw":"42.08","nt":"68.44","qld":"43.44","sa":"32.08","tas":"39.90","vic":"15.13","wa":"54.68"},{"ts":"2013-05-26T03:50:00Z","nsw":"41.30","nt":"66.54","qld":"40.76","sa":"35.36","tas":"32.49","vic":"16.78","wa":"55.14"},{"ts":"2013-05-26T04:00:00Z","nsw":"39.54","nt":"64.84","qld":"40.13","sa":"32.05","tas":"37.65","vic":"15.66","wa":"56.18"},{"ts":"2013-05-26T04:10:00Z","nsw":"35.15","nt":"63.43","qld":"35.58","sa":"32.59","tas":"33.83","vic":"13.13","wa":"53.12"},{"ts":"2013-05-26T04:20:00Z","nsw":"34.34","nt":"58.66","qld":"35.22","sa":"32.31","tas":"35.76","vic":"13.12","wa":"54.11"},{"ts":"2013-05-26T04:30:00Z","nsw":"32.37","nt":"58.89","qld":"31.81","sa":"30.89","tas":"32.08","vic":"12.09","wa":"50.95"},{"ts":"2013-05-26T04:40:00Z","nsw":"31.05","nt":"65.40","qld":"29.57","sa":"31.40","tas":"29.49","vic":"10.53","wa":"50.16"},{"ts":"2013-05-26T04:50:00Z","nsw":"28.53","nt":"62.42","qld":"25.29","sa":"27.04","tas":"23.37","vic":"10.30","wa":"47.56"},{"ts":"2013-05-26T05:00:00Z","nsw":"24.54","nt":"52.79","qld":"23.75","sa":"28.76","tas":"23.95","vic":"9.39","wa":"45.33"},{"ts":"2013-05-26T05:10:00Z","nsw":"21.98","nt":"56.01","qld":"21.20","sa":"29.50","tas":"21.04","vic":"7.14","wa":"47.87"},{"ts":"2013-05-26T05:20:00Z","nsw":"20.35","nt":"56.69","qld":"18.95","sa":"29.34","tas":"17.52","vic":"7.62","wa":"45.77"},{"ts":"2013-05-26T05:30:00Z","nsw":"16.22","nt":"53.99","qld":"16.15","sa":"26.15","tas":"15.30","vic":"6.30","wa":"45.26"},{"ts":"2013-05-26T05:40:00Z","nsw":"14.68","nt":"51.62","qld":"14.29","sa":"22.37","tas":"11.98","vic":"4.80","wa":"50.54"},{"ts":"2013-05-26T05:50:00Z","nsw":"10.20","nt":"48.69","qld":"12.48","sa":"20.68","tas":"8.71","vic":"5.14","wa":"48.12"},{"ts":"2013-05-26T06:00:00Z","nsw":"8.99","nt":"46.67","qld":"11.04","sa":"19.87","tas":"6.78","vic":"4.56","wa":"48.25"},{"ts":"2013-05-26T06:10:00Z","nsw":"6.81","nt":"44.72","qld":"8.27","sa":"18.35","tas":"4.95","vic":"3.01","wa":"44.57"},{"ts":"2013-05-26T06:20:00Z","nsw":"5.31","nt":"42.42","qld":"6.99","sa":"15.13","tas":"3.47","vic":"2.92","wa":"44.10"},{"ts":"2013-05-26T06:30:00Z","nsw":"3.60","nt":"39.76","qld":"4.94","sa":"12.08","tas":"1.97","vic":"1.95","wa":"42.38"},{"ts":"2013-05-26T06:40:00Z","nsw":"2.60","nt":"37.08","qld":"2.76","sa":"10.29","tas":"0.94","vic":"1.26","wa":"40.22"},{"ts":"2013-05-26T06:50:00Z","nsw":"1.43","nt":"32.96","qld":"1.69","sa":"9.16","tas":"0.26","vic":"0.84","wa":"39.77"},{"ts":"2013-05-26T07:00:00Z","nsw":"0.97","nt":"27.47","qld":"1.55","sa":"6.43","tas":"0.07","vic":"0.53","wa":"36.04"},{"ts":"2013-05-26T07:10:00Z","nsw":"0.59","nt":"23.45","qld":"0.92","sa":"4.95","tas":"0.18","vic":"0.43","wa":"32.92"},{"ts":"2013-05-26T07:20:00Z","nsw":"0.43","nt":"19.55","qld":"1.17","sa":"3.20","tas":"0.07","vic":"0.40","wa":"30.81"},{"ts":"2013-05-26T07:30:00Z","nsw":"0.46","nt":"16.19","qld":"0.91","sa":"1.39","tas":"0.03","vic":"0.24","wa":"26.07"},{"ts":"2013-05-26T07:40:00Z","nsw":"0.42","nt":"13.07","qld":"0.51","sa":"0.60","tas":"0.00","vic":"0.20","wa":"24.35"},{"ts":"2013-05-26T07:50:00Z","nsw":"0.58","nt":"10.25","qld":"0.63","sa":"0.48","tas":"0.00","vic":"0.10","wa":"19.88"},{"ts":"2013-05-26T08:00:00Z","nsw":"0.56","nt":"8.18","qld":"0.33","sa":"1.45","tas":"0.00","vic":"0.09","wa":"13.59"},{"ts":"2013-05-26T08:10:00Z","nsw":"1.49","nt":"6.53","qld":"0.33","sa":"0.38","tas":"0.00","vic":"0.09","wa":"9.39"},{"ts":"2013-05-26T08:20:00Z","nsw":"0.84","nt":"4.45","qld":"0.30","sa":"0.24","tas":"0.00","vic":"0.09","wa":"6.20"},{"ts":"2013-05-26T08:30:00Z","nsw":"0.59","nt":"2.62","qld":"0.35","sa":"0.24","tas":"0.00","vic":"0.09","wa":"4.43"},{"ts":"2013-05-26T08:40:00Z","nsw":"0.55","nt":"1.28","qld":"0.35","sa":"0.24","tas":"0.00","vic":"0.09","wa":"3.50"},{"ts":"2013-05-26T08:50:00Z","nsw":"0.55","nt":"0.42","qld":"0.35","sa":"0.26","tas":"0.00","vic":"0.09","wa":"2.17"},{"ts":"2013-05-26T09:00:00Z","nsw":"1.69","nt":"0.21","qld":"0.34","sa":"0.23","tas":"0.00","vic":"0.09","wa":"1.38"},{"ts":"2013-05-26T09:10:00Z","nsw":"1.62","nt":"0.21","qld":"0.33","sa":"0.25","tas":"0.00","vic":"0.09","wa":"0.62"},{"ts":"2013-05-26T09:20:00Z","nsw":"1.66","nt":"0.21","qld":"0.32","sa":"0.24","tas":"0.00","vic":"0.09","wa":"0.26"},{"ts":"2013-05-26T09:30:00Z","nsw":"1.45","nt":"0.21","qld":"0.34","sa":"0.25","tas":"0.00","vic":"0.09","wa":"0.20"},{"ts":"2013-05-26T09:40:00Z","nsw":"2.35","nt":"0.21","qld":"0.36","sa":"0.23","tas":"0.00","vic":"0.10","wa":"0.23"},{"ts":"2013-05-26T09:50:00Z","nsw":"1.71","nt":"0.21","qld":"0.35","sa":"0.24","tas":"0.00","vic":"0.07","wa":"0.27"},{"ts":"2013-05-26T10:00:00Z","nsw":"1.69","nt":"0.33","qld":"0.35","sa":"0.24","tas":"0.00","vic":"0.10","wa":"0.24"},{"ts":"2013-05-26T10:10:00Z","nsw":"0.53","nt":"0.33","qld":"0.32","sa":"0.24","tas":"0.00","vic":"0.12","wa":"0.28"},{"ts":"2013-05-26T10:20:00Z","nsw":"0.59","nt":"0.33","qld":"0.36","sa":"0.34","tas":"0.00","vic":"0.11","wa":"0.25"},{"ts":"2013-05-26T10:30:00Z","nsw":"0.60","nt":"0.33","qld":"0.35","sa":"0.27","tas":"0.00","vic":"0.10","wa":"0.26"},{"ts":"2013-05-26T10:40:00Z","nsw":"0.68","nt":"0.33","qld":"0.56","sa":"0.27","tas":"0.00","vic":"0.10","wa":"0.25"},{"ts":"2013-05-26T10:50:00Z","nsw":"1.63","nt":"0.33","qld":"0.39","sa":"0.26","tas":"0.00","vic":"0.11","wa":"0.28"},{"ts":"2013-05-26T11:00:00Z","nsw":"1.68","nt":"0.33","qld":"0.36","sa":"0.26","tas":"0.00","vic":"0.10","wa":"0.25"},{"ts":"2013-05-26T11:10:00Z","nsw":"1.80","nt":"0.33","qld":"0.40","sa":"0.27","tas":"0.00","vic":"0.10","wa":"0.26"},{"ts":"2013-05-26T11:20:00Z","nsw":"0.78","nt":"0.33","qld":"0.36","sa":"0.27","tas":"0.00","vic":"0.11","wa":"0.25"},{"ts":"2013-05-26T11:30:00Z","nsw":"0.85","nt":"0.33","qld":"0.36","sa":"0.25","tas":"0.00","vic":"0.11","wa":"0.39"},{"ts":"2013-05-26T11:40:00Z","nsw":"0.80","nt":"0.33","qld":"0.35","sa":"0.13","tas":"0.00","vic":"0.10","wa":"0.24"},{"ts":"2013-05-26T11:50:00Z","nsw":"0.71","nt":"0.33","qld":"0.35","sa":"0.12","tas":"0.00","vic":"0.11","wa":"0.26"},{"ts":"2013-05-26T12:00:00Z","nsw":"0.74","nt":"0.33","qld":"0.36","sa":"0.12","tas":"0.00","vic":"0.11","wa":"0.24"},{"ts":"2013-05-26T12:10:00Z","nsw":"0.74","nt":"0.33","qld":"0.29","sa":"0.10","tas":"0.00","vic":"0.09","wa":"0.24"},{"ts":"2013-05-26T12:20:00Z","nsw":"0.58","nt":"0.33","qld":"0.36","sa":"0.13","tas":"0.00","vic":"0.11","wa":"0.26"},{"ts":"2013-05-26T12:30:00Z","nsw":"0.54","nt":"0.33","qld":"0.36","sa":"0.12","tas":"0.00","vic":"0.11","wa":"0.26"},{"ts":"2013-05-26T12:40:00Z","nsw":"0.58","nt":"0.33","qld":"0.36","sa":"0.12","tas":"0.00","vic":"0.11","wa":"0.23"},{"ts":"2013-05-26T12:50:00Z","nsw":"0.62","nt":"0.33","qld":"0.34","sa":"0.19","tas":"0.00","vic":"0.11","wa":"0.22"}],"contribution":[{"ts":"2013-05-25T18:00:00Z","nsw":"0.02","qld":"0.06","sa":"0.04","tas":"0.00","vic":"0.01","wa":"0.02"},{"ts":"2013-05-25T18:10:00Z","nsw":"0.03","qld":"0.07","sa":"0.04","tas":"0.00","vic":"0.01"},{"ts":"2013-05-25T18:20:00Z","nsw":"0.03","qld":"0.07","sa":"0.04","tas":"0.00","vic":"0.01"},{"ts":"2013-05-25T18:30:00Z","nsw":"0.03","qld":"0.06","sa":"0.04","tas":"0.00","vic":"0.01","wa":"0.02"},{"ts":"2013-05-25T18:40:00Z","nsw":"0.03","qld":"0.06","sa":"0.04","tas":"0.00","vic":"0.01"},{"ts":"2013-05-25T18:50:00Z","nsw":"0.01","qld":"0.06","sa":"0.03","tas":"0.00","vic":"0.01"},{"ts":"2013-05-25T19:00:00Z","nsw":"0.03","qld":"0.06","sa":"0.04","tas":"0.00","vic":"0.01","wa":"0.02"},{"ts":"2013-05-25T19:10:00Z","nsw":"0.02","qld":"0.07","sa":"0.04","tas":"0.00","vic":"0.01"},{"ts":"2013-05-25T19:20:00Z","nsw":"0.03","qld":"0.06","sa":"0.04","tas":"0.00","vic":"0.01"},{"ts":"2013-05-25T19:30:00Z","nsw":"0.03","qld":"0.07","sa":"0.04","tas":"0.00","vic":"0.01","wa":"0.02"},{"ts":"2013-05-25T19:40:00Z","nsw":"0.03","qld":"0.06","sa":"0.04","tas":"0.00","vic":"0.01"},{"ts":"2013-05-25T19:50:00Z","nsw":"0.03","qld":"0.06","sa":"0.04","tas":"0.00","vic":"0.01"},{"ts":"2013-05-25T20:00:00Z","nsw":"0.03","qld":"0.08","sa":"0.04","tas":"0.00","vic":"0.01","wa":"0.02"},{"ts":"2013-05-25T20:10:00Z","nsw":"0.04","qld":"0.06","sa":"0.03","tas":"0.00","vic":"0.01"},{"ts":"2013-05-25T20:20:00Z","nsw":"0.04","qld":"0.05","sa":"0.04","tas":"0.00","vic":"0.00"},{"ts":"2013-05-25T20:30:00Z","nsw":"0.04","qld":"0.06","sa":"0.03","tas":"0.00","vic":"0.00","wa":"0.02"},{"ts":"2013-05-25T20:40:00Z","nsw":"0.05","qld":"0.17","sa":"0.05","tas":"0.00","vic":"0.00"},{"ts":"2013-05-25T20:50:00Z","nsw":"0.04","qld":"0.36","sa":"0.04","tas":"0.00","vic":"0.01"},{"ts":"2013-05-25T21:00:00Z","nsw":"0.08","qld":"0.61","sa":"0.03","tas":"0.00","vic":"0.00","wa":"0.02"},{"ts":"2013-05-25T21:10:00Z","nsw":"0.15","qld":"0.96","sa":"0.03","tas":"0.00","vic":"0.00"},{"ts":"2013-05-25T21:20:00Z","nsw":"0.20","qld":"1.31","sa":"0.03","tas":"0.00","vic":"0.00"},{"ts":"2013-05-25T21:30:00Z","nsw":"0.30","qld":"1.75","sa":"0.03","tas":"0.00","vic":"0.01","wa":"0.03"},{"ts":"2013-05-25T21:40:00Z","nsw":"0.41","qld":"2.17","sa":"0.04","tas":"0.04","vic":"0.02"},{"ts":"2013-05-25T21:50:00Z","nsw":"0.54","qld":"2.49","sa":"0.11","tas":"0.08","vic":"0.05"},{"ts":"2013-05-25T22:00:00Z","nsw":"0.78","qld":"2.79","sa":"0.35","tas":"0.15","vic":"0.10","wa":"0.03"},{"ts":"2013-05-25T22:10:00Z","nsw":"0.94","qld":"3.17","sa":"0.78","tas":"0.19","vic":"0.16"},{"ts":"2013-05-25T22:20:00Z","nsw":"1.13","qld":"3.66","sa":"1.17","tas":"0.26","vic":"0.22"},{"ts":"2013-05-25T22:30:00Z","nsw":"1.23","qld":"3.95","sa":"1.69","tas":"0.34","vic":"0.28","wa":"0.02"},{"ts":"2013-05-25T22:40:00Z","nsw":"1.38","qld":"4.47","sa":"2.56","tas":"0.41","vic":"0.32"},{"ts":"2013-05-25T22:50:00Z","nsw":"1.46","qld":"4.87","sa":"3.10","tas":"0.51","vic":"0.41"},{"ts":"2013-05-25T23:00:00Z","nsw":"1.73","qld":"5.37","sa":"3.78","tas":"0.56","vic":"0.45","wa":"0.02"},{"ts":"2013-05-25T23:10:00Z","nsw":"1.73","qld":"5.64","sa":"4.08","tas":"0.71","vic":"0.52"},{"ts":"2013-05-25T23:20:00Z","nsw":"2.01","qld":"5.96","sa":"4.44","tas":"0.80","vic":"0.59"},{"ts":"2013-05-25T23:30:00Z","nsw":"2.15","qld":"6.15","sa":"4.95","tas":"0.91","vic":"0.68","wa":"0.31"},{"ts":"2013-05-25T23:40:00Z","nsw":"2.29","qld":"6.36","sa":"5.08","tas":"0.99","vic":"0.67"},{"ts":"2013-05-25T23:50:00Z","nsw":"2.35","qld":"6.64","sa":"5.68","tas":"1.06","vic":"0.83"},{"ts":"2013-05-26T00:00:00Z","nsw":"2.57","qld":"7.23","sa":"6.25","tas":"1.08","vic":"0.96","wa":"1.46"},{"ts":"2013-05-26T00:10:00Z","nsw":"2.55","qld":"7.57","sa":"7.74","tas":"1.16","vic":"0.93"},{"ts":"2013-05-26T00:20:00Z","nsw":"2.69","qld":"8.18","sa":"7.59","tas":"1.14","vic":"1.10"},{"ts":"2013-05-26T00:30:00Z","nsw":"2.83","qld":"8.30","sa":"8.59","tas":"1.20","vic":"1.15","wa":"2.85"},{"ts":"2013-05-26T00:40:00Z","nsw":"3.00","qld":"8.48","sa":"9.59","tas":"1.36","vic":"1.20"},{"ts":"2013-05-26T00:50:00Z","nsw":"2.98","qld":"8.63","sa":"10.37","tas":"1.42","vic":"1.30"},{"ts":"2013-05-26T01:00:00Z","nsw":"3.21","qld":"8.72","sa":"10.94","tas":"1.55","vic":"1.43","wa":"4.32"},{"ts":"2013-05-26T01:10:00Z","nsw":"3.32","qld":"8.97","sa":"11.19","tas":"1.41","vic":"1.39"},{"ts":"2013-05-26T01:20:00Z","nsw":"3.39","qld":"9.00","sa":"10.57","tas":"1.53","vic":"1.55"},{"ts":"2013-05-26T01:30:00Z","nsw":"3.47","qld":"9.09","sa":"11.09","tas":"1.43","vic":"1.46","wa":"5.79"},{"ts":"2013-05-26T01:40:00Z","nsw":"3.52","qld":"9.07","sa":"10.79","tas":"1.64","vic":"1.29"},{"ts":"2013-05-26T01:50:00Z","nsw":"3.56","qld":"8.85","sa":"12.25","tas":"1.48","vic":"1.44"},{"ts":"2013-05-26T02:00:00Z","nsw":"3.46","qld":"9.04","sa":"12.20","tas":"1.59","vic":"1.70","wa":"6.95"},{"ts":"2013-05-26T02:10:00Z","nsw":"3.45","qld":"9.00","sa":"11.81","tas":"1.31","vic":"1.50"},{"ts":"2013-05-26T02:20:00Z","nsw":"3.59","qld":"8.94","sa":"10.39","tas":"1.46","vic":"1.65"},{"ts":"2013-05-26T02:30:00Z","nsw":"3.57","qld":"8.67","sa":"11.51","tas":"1.41","vic":"1.63","wa":"8.08"},{"ts":"2013-05-26T02:40:00Z","nsw":"3.57","qld":"8.68","sa":"11.31","tas":"1.53","vic":"1.52"},{"ts":"2013-05-26T02:50:00Z","nsw":"3.51","qld":"8.46","sa":"10.93","tas":"1.37","vic":"1.51"},{"ts":"2013-05-26T03:00:00Z","nsw":"3.52","qld":"7.76","sa":"10.17","tas":"1.50","vic":"1.50","wa":"8.43"},{"ts":"2013-05-26T03:10:00Z","nsw":"3.26","qld":"7.14","sa":"9.85","tas":"1.38","vic":"1.42"},{"ts":"2013-05-26T03:20:00Z","nsw":"3.31","qld":"7.21","sa":"9.74","tas":"1.30","vic":"1.39"},{"ts":"2013-05-26T03:30:00Z","nsw":"3.24","qld":"6.46","sa":"10.21","tas":"1.13","vic":"1.43","wa":"8.83"},{"ts":"2013-05-26T03:40:00Z","nsw":"3.08","qld":"6.54","sa":"8.75","tas":"1.41","vic":"1.26"},{"ts":"2013-05-26T03:50:00Z","nsw":"3.02","qld":"6.22","sa":"9.39","tas":"1.15","vic":"1.41"},{"ts":"2013-05-26T04:00:00Z","nsw":"2.89","qld":"6.07","sa":"8.64","tas":"1.32","vic":"1.30","wa":"8.98"},{"ts":"2013-05-26T04:10:00Z","nsw":"2.61","qld":"5.40","sa":"8.93","tas":"1.19","vic":"1.15"},{"ts":"2013-05-26T04:20:00Z","nsw":"2.58","qld":"5.36","sa":"8.90","tas":"1.26","vic":"1.16"},{"ts":"2013-05-26T04:30:00Z","nsw":"2.42","qld":"4.85","sa":"8.46","tas":"1.12","vic":"1.03","wa":"8.16"},{"ts":"2013-05-26T04:40:00Z","nsw":"2.31","qld":"4.54","sa":"8.64","tas":"1.03","vic":"0.87"},{"ts":"2013-05-26T04:50:00Z","nsw":"2.10","qld":"3.90","sa":"7.50","tas":"0.82","vic":"0.84"},{"ts":"2013-05-26T05:00:00Z","nsw":"1.82","qld":"3.63","sa":"7.95","tas":"0.83","vic":"0.78","wa":"7.37"},{"ts":"2013-05-26T05:10:00Z","nsw":"1.63","qld":"3.24","sa":"8.14","tas":"0.73","vic":"0.59"},{"ts":"2013-05-26T05:20:00Z","nsw":"1.50","qld":"2.89","sa":"8.01","tas":"0.62","vic":"0.62"},{"ts":"2013-05-26T05:30:00Z","nsw":"1.19","qld":"2.45","sa":"7.23","tas":"0.53","vic":"0.51","wa":"7.34"},{"ts":"2013-05-26T05:40:00Z","nsw":"1.07","qld":"2.15","sa":"6.16","tas":"0.41","vic":"0.39"},{"ts":"2013-05-26T05:50:00Z","nsw":"0.74","qld":"1.87","sa":"5.63","tas":"0.29","vic":"0.41"},{"ts":"2013-05-26T06:00:00Z","nsw":"0.65","qld":"1.65","sa":"5.38","tas":"0.23","vic":"0.37","wa":"7.76"},{"ts":"2013-05-26T06:10:00Z","nsw":"0.49","qld":"1.21","sa":"4.89","tas":"0.16","vic":"0.24"},{"ts":"2013-05-26T06:20:00Z","nsw":"0.37","qld":"1.01","sa":"3.96","tas":"0.11","vic":"0.23"},{"ts":"2013-05-26T06:30:00Z","nsw":"0.25","qld":"0.71","sa":"3.22","tas":"0.06","vic":"0.15","wa":"6.87"},{"ts":"2013-05-26T06:40:00Z","nsw":"0.18","qld":"0.39","sa":"2.69","tas":"0.03","vic":"0.10"},{"ts":"2013-05-26T06:50:00Z","nsw":"0.10","qld":"0.24","sa":"2.38","tas":"0.01","vic":"0.06"},{"ts":"2013-05-26T07:00:00Z","nsw":"0.06","qld":"0.21","sa":"1.65","tas":"0.00","vic":"0.04","wa":"5.90"},{"ts":"2013-05-26T07:10:00Z","nsw":"0.04","qld":"0.12","sa":"1.26","tas":"0.01","vic":"0.03"},{"ts":"2013-05-26T07:20:00Z","nsw":"0.03","qld":"0.16","sa":"0.80","tas":"0.00","vic":"0.03"},{"ts":"2013-05-26T07:30:00Z","nsw":"0.03","qld":"0.12","sa":"0.34","tas":"0.00","vic":"0.02","wa":"4.27"},{"ts":"2013-05-26T07:40:00Z","nsw":"0.03","qld":"0.07","sa":"0.14","tas":"0.00","vic":"0.01"},{"ts":"2013-05-26T07:50:00Z","nsw":"0.03","qld":"0.08","sa":"0.11","tas":"0.00","vic":"0.01"},{"ts":"2013-05-26T08:00:00Z","nsw":"0.03","qld":"0.04","sa":"0.33","tas":"0.00","vic":"0.01","wa":"2.24"},{"ts":"2013-05-26T08:10:00Z","nsw":"0.09","qld":"0.04","sa":"0.08","tas":"0.00","vic":"0.01"},{"ts":"2013-05-26T08:20:00Z","nsw":"0.05","qld":"0.04","sa":"0.05","tas":"0.00","vic":"0.01"},{"ts":"2013-05-26T08:30:00Z","nsw":"0.03","qld":"0.05","sa":"0.05","tas":"0.00","vic":"0.01","wa":"0.71"},{"ts":"2013-05-26T08:40:00Z","nsw":"0.03","qld":"0.05","sa":"0.05","tas":"0.00","vic":"0.01"},{"ts":"2013-05-26T08:50:00Z","nsw":"0.03","qld":"0.05","sa":"0.06","tas":"0.00","vic":"0.01"},{"ts":"2013-05-26T09:00:00Z","nsw":"0.10","qld":"0.05","sa":"0.05","tas":"0.00","vic":"0.01","wa":"0.22"},{"ts":"2013-05-26T09:10:00Z","nsw":"0.10","qld":"0.04","sa":"0.05","tas":"0.00","vic":"0.01"},{"ts":"2013-05-26T09:20:00Z","nsw":"0.10","qld":"0.04","sa":"0.05","tas":"0.00","vic":"0.01"},{"ts":"2013-05-26T09:30:00Z","nsw":"0.09","qld":"0.05","sa":"0.06","tas":"0.00","vic":"0.01","wa":"0.03"},{"ts":"2013-05-26T09:40:00Z","nsw":"0.15","qld":"0.05","sa":"0.05","tas":"0.00","vic":"0.01"},{"ts":"2013-05-26T09:50:00Z","nsw":"0.11","qld":"0.05","sa":"0.05","tas":"0.00","vic":"0.01"},{"ts":"2013-05-26T10:00:00Z","nsw":"0.10","qld":"0.05","sa":"0.06","tas":"0.00","vic":"0.01","wa":"0.03"},{"ts":"2013-05-26T10:10:00Z","nsw":"0.03","qld":"0.04","sa":"0.06","tas":"0.00","vic":"0.01"},{"ts":"2013-05-26T10:20:00Z","nsw":"0.04","qld":"0.05","sa":"0.08","tas":"0.00","vic":"0.01"},{"ts":"2013-05-26T10:30:00Z","nsw":"0.04","qld":"0.05","sa":"0.06","tas":"0.00","vic":"0.01","wa":"0.03"},{"ts":"2013-05-26T10:40:00Z","nsw":"0.04","qld":"0.08","sa":"0.06","tas":"0.00","vic":"0.01"},{"ts":"2013-05-26T10:50:00Z","nsw":"0.10","qld":"0.05","sa":"0.06","tas":"0.00","vic":"0.01"},{"ts":"2013-05-26T11:00:00Z","nsw":"0.11","qld":"0.05","sa":"0.06","tas":"0.00","vic":"0.01"},{"ts":"2013-05-26T11:10:00Z","nsw":"0.12","qld":"0.06","sa":"0.06","tas":"0.00","vic":"0.01"},{"ts":"2013-05-26T11:20:00Z","nsw":"0.05","qld":"0.05","sa":"0.06","tas":"0.00","vic":"0.01"},{"ts":"2013-05-26T11:30:00Z","nsw":"0.06","qld":"0.05","sa":"0.06","tas":"0.00","vic":"0.01"},{"ts":"2013-05-26T11:40:00Z","nsw":"0.05","qld":"0.05","sa":"0.03","tas":"0.00","vic":"0.01"},{"ts":"2013-05-26T11:50:00Z","nsw":"0.05","qld":"0.05","sa":"0.03","tas":"0.00","vic":"0.01"},{"ts":"2013-05-26T12:00:00Z","nsw":"0.05","qld":"0.05","sa":"0.03","tas":"0.00","vic":"0.01"},{"ts":"2013-05-26T12:10:00Z","nsw":"0.05","qld":"0.04","sa":"0.03","tas":"0.00","vic":"0.01"},{"ts":"2013-05-26T12:20:00Z","nsw":"0.04","qld":"0.05","sa":"0.03","tas":"0.00","vic":"0.01"},{"ts":"2013-05-26T12:30:00Z","nsw":"0.04","qld":"0.05","sa":"0.03","tas":"0.00","vic":"0.01"},{"ts":"2013-05-26T12:40:00Z","nsw":"0.04","qld":"0.05","sa":"0.03","tas":"0.00","vic":"0.01"},{"ts":"2013-05-26T12:50:00Z","nsw":"0.04","qld":"0.05","sa":"0.05","tas":"0.00","vic":"0.01"}],"demand":[{"ts":"2013-05-25T18:00:00Z","nsw":6262,"qld":4474,"sa":1106,"tas":902,"vic":4278,"wa":1568},{"ts":"2013-05-25T18:10:00Z","nsw":6264,"qld":4457,"sa":1107,"tas":911,"vic":4246},{"ts":"2013-05-25T18:20:00Z","nsw":6206,"qld":4492,"sa":1120,"tas":880,"vic":4238},{"ts":"2013-05-25T18:30:00Z","nsw":6217,"qld":4474,"sa":1132,"tas":904,"vic":4220,"wa":1551},{"ts":"2013-05-25T18:40:00Z","nsw":6219,"qld":4542,"sa":1132,"tas":906,"vic":4225},{"ts":"2013-05-25T18:50:00Z","nsw":6230,"qld":4565,"sa":1127,"tas":902,"vic":4208},{"ts":"2013-05-25T19:00:00Z","nsw":6278,"qld":4508,"sa":1116,"tas":909,"vic":4204,"wa":1511},{"ts":"2013-05-25T19:10:00Z","nsw":6293,"qld":4494,"sa":1131,"tas":912,"vic":4196},{"ts":"2013-05-25T19:20:00Z","nsw":6332,"qld":4580,"sa":1137,"tas":915,"vic":4188},{"ts":"2013-05-25T19:30:00Z","nsw":6398,"qld":4577,"sa":1133,"tas":912,"vic":4221,"wa":1501},{"ts":"2013-05-25T19:40:00Z","nsw":6462,"qld":4603,"sa":1150,"tas":917,"vic":4245},{"ts":"2013-05-25T19:50:00Z","nsw":6434,"qld":4597,"sa":1134,"tas":937,"vic":4231},{"ts":"2013-05-25T20:00:00Z","nsw":6567,"qld":4660,"sa":1146,"tas":931,"vic":4267,"wa":1500},{"ts":"2013-05-25T20:10:00Z","nsw":6630,"qld":4706,"sa":1131,"tas":933,"vic":4334},{"ts":"2013-05-25T20:20:00Z","nsw":6722,"qld":4686,"sa":1143,"tas":951,"vic":4413},{"ts":"2013-05-25T20:30:00Z","nsw":6748,"qld":4732,"sa":1174,"tas":945,"vic":4428,"wa":1507},{"ts":"2013-05-25T20:40:00Z","nsw":6773,"qld":4805,"sa":1186,"tas":954,"vic":4414},{"ts":"2013-05-25T20:50:00Z","nsw":6868,"qld":4811,"sa":1165,"tas":966,"vic":4490},{"ts":"2013-05-25T21:00:00Z","nsw":6964,"qld":4927,"sa":1166,"tas":979,"vic":4480,"wa":1501},{"ts":"2013-05-25T21:10:00Z","nsw":7073,"qld":4983,"sa":1194,"tas":981,"vic":4516},{"ts":"2013-05-25T21:20:00Z","nsw":7300,"qld":5028,"sa":1191,"tas":1010,"vic":4511},{"ts":"2013-05-25T21:30:00Z","nsw":7449,"qld":5079,"sa":1205,"tas":1020,"vic":4565,"wa":1505},{"ts":"2013-05-25T21:40:00Z","nsw":7565,"qld":5180,"sa":1169,"tas":1020,"vic":4580},{"ts":"2013-05-25T21:50:00Z","nsw":7687,"qld":5195,"sa":1156,"tas":1035,"vic":4682},{"ts":"2013-05-25T22:00:00Z","nsw":7849,"qld":5195,"sa":1188,"tas":1046,"vic":4732,"wa":1549},{"ts":"2013-05-25T22:10:00Z","nsw":7931,"qld":5218,"sa":1231,"tas":1059,"vic":4784},{"ts":"2013-05-25T22:20:00Z","nsw":8025,"qld":5248,"sa":1224,"tas":1074,"vic":4862},{"ts":"2013-05-25T22:30:00Z","nsw":8137,"qld":5287,"sa":1243,"tas":1078,"vic":4854,"wa":1590},{"ts":"2013-05-25T22:40:00Z","nsw":8269,"qld":5328,"sa":1219,"tas":1084,"vic":4922},{"ts":"2013-05-25T22:50:00Z","nsw":8293,"qld":5331,"sa":1225,"tas":1092,"vic":4970},{"ts":"2013-05-25T23:00:00Z","nsw":8312,"qld":5362,"sa":1264,"tas":1106,"vic":4994,"wa":1636},{"ts":"2013-05-25T23:10:00Z","nsw":8391,"qld":5326,"sa":1271,"tas":1117,"vic":5090},{"ts":"2013-05-25T23:20:00Z","nsw":8385,"qld":5336,"sa":1277,"tas":1111,"vic":5119},{"ts":"2013-05-25T23:30:00Z","nsw":8374,"qld":5303,"sa":1260,"tas":1116,"vic":5189,"wa":1677},{"ts":"2013-05-25T23:40:00Z","nsw":8362,"qld":5292,"sa":1285,"tas":1119,"vic":5197},{"ts":"2013-05-25T23:50:00Z","nsw":8394,"qld":5253,"sa":1271,"tas":1119,"vic":5173},{"ts":"2013-05-26T00:00:00Z","nsw":8314,"qld":5225,"sa":1250,"tas":1118,"vic":5187,"wa":1717},{"ts":"2013-05-26T00:10:00Z","nsw":8333,"qld":5187,"sa":1238,"tas":1106,"vic":5200},{"ts":"2013-05-26T00:20:00Z","nsw":8268,"qld":5136,"sa":1243,"tas":1107,"vic":5201},{"ts":"2013-05-26T00:30:00Z","nsw":8262,"qld":5075,"sa":1235,"tas":1106,"vic":5233,"wa":1791},{"ts":"2013-05-26T00:40:00Z","nsw":8164,"qld":5120,"sa":1228,"tas":1103,"vic":5228},{"ts":"2013-05-26T00:50:00Z","nsw":8178,"qld":5073,"sa":1212,"tas":1090,"vic":5230},{"ts":"2013-05-26T01:00:00Z","nsw":8088,"qld":5083,"sa":1187,"tas":1084,"vic":5245,"wa":1821},{"ts":"2013-05-26T01:10:00Z","nsw":8005,"qld":5019,"sa":1196,"tas":1077,"vic":5217},{"ts":"2013-05-26T01:20:00Z","nsw":7994,"qld":5041,"sa":1205,"tas":1071,"vic":5273},{"ts":"2013-05-26T01:30:00Z","nsw":7938,"qld":5010,"sa":1220,"tas":1069,"vic":5228,"wa":1829},{"ts":"2013-05-26T01:40:00Z","nsw":7912,"qld":4977,"sa":1222,"tas":1049,"vic":5239},{"ts":"2013-05-26T01:50:00Z","nsw":7929,"qld":5004,"sa":1206,"tas":1066,"vic":5074},{"ts":"2013-05-26T02:00:00Z","nsw":7819,"qld":4957,"sa":1217,"tas":1069,"vic":4930,"wa":1811},{"ts":"2013-05-26T02:10:00Z","nsw":7750,"qld":4995,"sa":1224,"tas":1053,"vic":4925},{"ts":"2013-05-26T02:20:00Z","nsw":7748,"qld":4963,"sa":1222,"tas":1040,"vic":4928},{"ts":"2013-05-26T02:30:00Z","nsw":7717,"qld":4983,"sa":1222,"tas":1043,"vic":4971,"wa":1804},{"ts":"2013-05-26T02:40:00Z","nsw":7717,"qld":4980,"sa":1228,"tas":1044,"vic":4927},{"ts":"2013-05-26T02:50:00Z","nsw":7679,"qld":4937,"sa":1245,"tas":1047,"vic":5079},{"ts":"2013-05-26T03:00:00Z","nsw":7719,"qld":4997,"sa":1247,"tas":1044,"vic":5202,"wa":1791},{"ts":"2013-05-26T03:10:00Z","nsw":7630,"qld":5018,"sa":1225,"tas":1037,"vic":5348},{"ts":"2013-05-26T03:20:00Z","nsw":7599,"qld":4993,"sa":1246,"tas":1037,"vic":5248},{"ts":"2013-05-26T03:30:00Z","nsw":7609,"qld":5006,"sa":1247,"tas":1029,"vic":5244,"wa":1771},{"ts":"2013-05-26T03:40:00Z","nsw":7583,"qld":4993,"sa":1256,"tas":1029,"vic":5251},{"ts":"2013-05-26T03:50:00Z","nsw":7580,"qld":5004,"sa":1271,"tas":1033,"vic":5206},{"ts":"2013-05-26T04:00:00Z","nsw":7543,"qld":5072,"sa":1261,"tas":1033,"vic":5120,"wa":1752},{"ts":"2013-05-26T04:10:00Z","nsw":7471,"qld":5086,"sa":1244,"tas":1036,"vic":4937},{"ts":"2013-05-26T04:20:00Z","nsw":7413,"qld":5069,"sa":1249,"tas":1038,"vic":4915},{"ts":"2013-05-26T04:30:00Z","nsw":7500,"qld":5073,"sa":1246,"tas":1035,"vic":5140,"wa":1765},{"ts":"2013-05-26T04:40:00Z","nsw":7515,"qld":5071,"sa":1242,"tas":1052,"vic":5263},{"ts":"2013-05-26T04:50:00Z","nsw":7566,"qld":5092,"sa":1252,"tas":1027,"vic":5325},{"ts":"2013-05-26T05:00:00Z","nsw":7582,"qld":5123,"sa":1245,"tas":1058,"vic":5288,"wa":1753},{"ts":"2013-05-26T05:10:00Z","nsw":7597,"qld":5157,"sa":1247,"tas":1043,"vic":5356},{"ts":"2013-05-26T05:20:00Z","nsw":7640,"qld":5175,"sa":1261,"tas":1043,"vic":5367},{"ts":"2013-05-26T05:30:00Z","nsw":7676,"qld":5209,"sa":1255,"tas":1069,"vic":5426,"wa":1756},{"ts":"2013-05-26T05:40:00Z","nsw":7749,"qld":5265,"sa":1288,"tas":1084,"vic":5457},{"ts":"2013-05-26T05:50:00Z","nsw":7872,"qld":5315,"sa":1305,"tas":1081,"vic":5532},{"ts":"2013-05-26T06:00:00Z","nsw":7907,"qld":5363,"sa":1323,"tas":1089,"vic":5511,"wa":1765},{"ts":"2013-05-26T06:10:00Z","nsw":7903,"qld":5469,"sa":1337,"tas":1100,"vic":5587},{"ts":"2013-05-26T06:20:00Z","nsw":8109,"qld":5522,"sa":1367,"tas":1125,"vic":5643},{"ts":"2013-05-26T06:30:00Z","nsw":8206,"qld":5644,"sa":1364,"tas":1154,"vic":5630,"wa":1767},{"ts":"2013-05-26T06:40:00Z","nsw":8359,"qld":5704,"sa":1398,"tas":1172,"vic":5707},{"ts":"2013-05-26T06:50:00Z","nsw":8542,"qld":5775,"sa":1420,"tas":1161,"vic":5806},{"ts":"2013-05-26T07:00:00Z","nsw":8703,"qld":5941,"sa":1444,"tas":1201,"vic":5974,"wa":1767},{"ts":"2013-05-26T07:10:00Z","nsw":8957,"qld":6054,"sa":1463,"tas":1235,"vic":6089},{"ts":"2013-05-26T07:20:00Z","nsw":9196,"qld":6033,"sa":1499,"tas":1247,"vic":6200},{"ts":"2013-05-26T07:30:00Z","nsw":9452,"qld":6179,"sa":1526,"tas":1279,"vic":6370,"wa":1798},{"ts":"2013-05-26T07:40:00Z","nsw":9569,"qld":6217,"sa":1586,"tas":1291,"vic":6426},{"ts":"2013-05-26T07:50:00Z","nsw":9656,"qld":6282,"sa":1640,"tas":1298,"vic":6465},{"ts":"2013-05-26T08:00:00Z","nsw":9740,"qld":6340,"sa":1638,"tas":1297,"vic":6491,"wa":1827},{"ts":"2013-05-26T08:10:00Z","nsw":9739,"qld":6292,"sa":1712,"tas":1302,"vic":6474},{"ts":"2013-05-26T08:20:00Z","nsw":9709,"qld":6228,"sa":1681,"tas":1292,"vic":6483},{"ts":"2013-05-26T08:30:00Z","nsw":9682,"qld":6255,"sa":1688,"tas":1282,"vic":6369,"wa":1905},{"ts":"2013-05-26T08:40:00Z","nsw":9546,"qld":6235,"sa":1688,"tas":1279,"vic":6312},{"ts":"2013-05-26T08:50:00Z","nsw":9491,"qld":6185,"sa":1663,"tas":1269,"vic":6226},{"ts":"2013-05-26T09:00:00Z","nsw":9503,"qld":6147,"sa":1659,"tas":1275,"vic":6212,"wa":1969},{"ts":"2013-05-26T09:10:00Z","nsw":9443,"qld":6128,"sa":1738,"tas":1278,"vic":6167},{"ts":"2013-05-26T09:20:00Z","nsw":9332,"qld":6068,"sa":1694,"tas":1257,"vic":6113},{"ts":"2013-05-26T09:30:00Z","nsw":9295,"qld":6057,"sa":1661,"tas":1268,"vic":6098,"wa":2044},{"ts":"2013-05-26T09:40:00Z","nsw":9163,"qld":6087,"sa":1672,"tas":1262,"vic":6041},{"ts":"2013-05-26T09:50:00Z","nsw":9173,"qld":6079,"sa":1656,"tas":1254,"vic":5953},{"ts":"2013-05-26T10:00:00Z","nsw":9172,"qld":6073,"sa":1643,"tas":1247,"vic":5950,"wa":2210},{"ts":"2013-05-26T10:10:00Z","nsw":9178,"qld":6066,"sa":1647,"tas":1252,"vic":5919},{"ts":"2013-05-26T10:20:00Z","nsw":9156,"qld":6069,"sa":1645,"tas":1254,"vic":5967},{"ts":"2013-05-26T10:30:00Z","nsw":9057,"qld":6019,"sa":1653,"tas":1239,"vic":5903,"wa":2325},{"ts":"2013-05-26T10:40:00Z","nsw":9093,"qld":5950,"sa":1641,"tas":1227,"vic":5843},{"ts":"2013-05-26T10:50:00Z","nsw":8962,"qld":5943,"sa":1628,"tas":1193,"vic":5788},{"ts":"2013-05-26T11:00:00Z","nsw":8827,"qld":5855,"sa":1620,"tas":1228,"vic":5781},{"ts":"2013-05-26T11:10:00Z","nsw":8872,"qld":5823,"sa":1609,"tas":1220,"vic":5674},{"ts":"2013-05-26T11:20:00Z","nsw":8768,"qld":5786,"sa":1580,"tas":1190,"vic":5643},{"ts":"2013-05-26T11:30:00Z","nsw":8578,"qld":5660,"sa":1542,"tas":1183,"vic":5551},{"ts":"2013-05-26T11:40:00Z","nsw":8582,"qld":5619,"sa":1515,"tas":1163,"vic":5527},{"ts":"2013-05-26T11:50:00Z","nsw":8515,"qld":5575,"sa":1521,"tas":1157,"vic":5430},{"ts":"2013-05-26T12:00:00Z","nsw":8442,"qld":5537,"sa":1514,"tas":1142,"vic":5369},{"ts":"2013-05-26T12:10:00Z","nsw":8383,"qld":5477,"sa":1498,"tas":1157,"vic":5347},{"ts":"2013-05-26T12:20:00Z","nsw":8399,"qld":5400,"sa":1461,"tas":1137,"vic":5327},{"ts":"2013-05-26T12:30:00Z","nsw":8390,"qld":5427,"sa":1464,"tas":1103,"vic":5242},{"ts":"2013-05-26T12:40:00Z","nsw":8265,"qld":5438,"sa":1464,"tas":1092,"vic":5206},{"ts":"2013-05-26T12:50:00Z","nsw":8064,"qld":5351,"sa":1442,"tas":1084,"vic":5223}],"output":[{"ts":"2013-05-25T18:00:00Z","nsw":1,"qld":2,"sa":0,"tas":0,"vic":0,"wa":0},{"ts":"2013-05-25T18:10:00Z","nsw":1,"qld":2,"sa":0,"tas":0,"vic":0},{"ts":"2013-05-25T18:20:00Z","nsw":1,"qld":2,"sa":0,"tas":0,"vic":0},{"ts":"2013-05-25T18:30:00Z","nsw":1,"qld":2,"sa":0,"tas":0,"vic":0,"wa":0},{"ts":"2013-05-25T18:40:00Z","nsw":1,"qld":2,"sa":0,"tas":0,"vic":0},{"ts":"2013-05-25T18:50:00Z","nsw":0,"qld":2,"sa":0,"tas":0,"vic":0},{"ts":"2013-05-25T19:00:00Z","nsw":1,"qld":2,"sa":0,"tas":0,"vic":0,"wa":0},{"ts":"2013-05-25T19:10:00Z","nsw":1,"qld":3,"sa":0,"tas":0,"vic":0},{"ts":"2013-05-25T19:20:00Z","nsw":1,"qld":2,"sa":0,"tas":0,"vic":0},{"ts":"2013-05-25T19:30:00Z","nsw":1,"qld":3,"sa":0,"tas":0,"vic":0,"wa":0},{"ts":"2013-05-25T19:40:00Z","nsw":1,"qld":2,"sa":0,"tas":0,"vic":0},{"ts":"2013-05-25T19:50:00Z","nsw":1,"qld":2,"sa":0,"tas":0,"vic":0},{"ts":"2013-05-25T20:00:00Z","nsw":1,"qld":3,"sa":0,"tas":0,"vic":0,"wa":0},{"ts":"2013-05-25T20:10:00Z","nsw":2,"qld":2,"sa":0,"tas":0,"vic":0},{"ts":"2013-05-25T20:20:00Z","nsw":2,"qld":2,"sa":0,"tas":0,"vic":0},{"ts":"2013-05-25T20:30:00Z","nsw":3,"qld":2,"sa":0,"tas":0,"vic":0,"wa":0},{"ts":"2013-05-25T20:40:00Z","nsw":3,"qld":8,"sa":0,"tas":0,"vic":0},{"ts":"2013-05-25T20:50:00Z","nsw":3,"qld":17,"sa":0,"tas":0,"vic":0},{"ts":"2013-05-25T21:00:00Z","nsw":5,"qld":30,"sa":0,"tas":0,"vic":0,"wa":0},{"ts":"2013-05-25T21:10:00Z","nsw":10,"qld":48,"sa":0,"tas":0,"vic":0},{"ts":"2013-05-25T21:20:00Z","nsw":14,"qld":66,"sa":0,"tas":0,"vic":0},{"ts":"2013-05-25T21:30:00Z","nsw":22,"qld":91,"sa":0,"tas":0,"vic":0,"wa":0},{"ts":"2013-05-25T21:40:00Z","nsw":30,"qld":114,"sa":0,"tas":0,"vic":1},{"ts":"2013-05-25T21:50:00Z","nsw":41,"qld":131,"sa":1,"tas":0,"vic":2},{"ts":"2013-05-25T22:00:00Z","nsw":61,"qld":149,"sa":4,"tas":1,"vic":4,"wa":0},{"ts":"2013-05-25T22:10:00Z","nsw":74,"qld":170,"sa":9,"tas":2,"vic":7},{"ts":"2013-05-25T22:20:00Z","nsw":91,"qld":197,"sa":14,"tas":2,"vic":10},{"ts":"2013-05-25T22:30:00Z","nsw":100,"qld":218,"sa":21,"tas":3,"vic":13,"wa":0},{"ts":"2013-05-25T22:40:00Z","nsw":115,"qld":248,"sa":32,"tas":4,"vic":15},{"ts":"2013-05-25T22:50:00Z","nsw":123,"qld":275,"sa":39,"tas":5,"vic":20},{"ts":"2013-05-25T23:00:00Z","nsw":146,"qld":306,"sa":49,"tas":6,"vic":22,"wa":0},{"ts":"2013-05-25T23:10:00Z","nsw":147,"qld":318,"sa":54,"tas":7,"vic":26},{"ts":"2013-05-25T23:20:00Z","nsw":171,"qld":337,"sa":59,"tas":9,"vic":30},{"ts":"2013-05-25T23:30:00Z","nsw":183,"qld":349,"sa":65,"tas":10,"vic":35,"wa":5},{"ts":"2013-05-25T23:40:00Z","nsw":195,"qld":355,"sa":69,"tas":11,"vic":34},{"ts":"2013-05-25T23:50:00Z","nsw":201,"qld":375,"sa":76,"tas":11,"vic":43},{"ts":"2013-05-26T00:00:00Z","nsw":219,"qld":408,"sa":84,"tas":12,"vic":50,"wa":25},{"ts":"2013-05-26T00:10:00Z","nsw":217,"qld":427,"sa":103,"tas":13,"vic":49},{"ts":"2013-05-26T00:20:00Z","nsw":228,"qld":455,"sa":103,"tas":12,"vic":58},{"ts":"2013-05-26T00:30:00Z","nsw":240,"qld":462,"sa":116,"tas":13,"vic":61,"wa":52},{"ts":"2013-05-26T00:40:00Z","nsw":252,"qld":476,"sa":131,"tas":15,"vic":63},{"ts":"2013-05-26T00:50:00Z","nsw":252,"qld":478,"sa":142,"tas":15,"vic":69},{"ts":"2013-05-26T01:00:00Z","nsw":268,"qld":486,"sa":144,"tas":17,"vic":75,"wa":82},{"ts":"2013-05-26T01:10:00Z","nsw":275,"qld":496,"sa":151,"tas":15,"vic":73},{"ts":"2013-05-26T01:20:00Z","nsw":280,"qld":499,"sa":143,"tas":16,"vic":82},{"ts":"2013-05-26T01:30:00Z","nsw":285,"qld":498,"sa":151,"tas":15,"vic":76,"wa":112},{"ts":"2013-05-26T01:40:00Z","nsw":287,"qld":497,"sa":147,"tas":17,"vic":68},{"ts":"2013-05-26T01:50:00Z","nsw":293,"qld":487,"sa":168,"tas":15,"vic":76},{"ts":"2013-05-26T02:00:00Z","nsw":282,"qld":488,"sa":169,"tas":17,"vic":84,"wa":135},{"ts":"2013-05-26T02:10:00Z","nsw":278,"qld":489,"sa":163,"tas":14,"vic":76},{"ts":"2013-05-26T02:20:00Z","nsw":288,"qld":490,"sa":141,"tas":15,"vic":82},{"ts":"2013-05-26T02:30:00Z","nsw":286,"qld":473,"sa":158,"tas":14,"vic":82,"wa":158},{"ts":"2013-05-26T02:40:00Z","nsw":285,"qld":473,"sa":156,"tas":16,"vic":75},{"ts":"2013-05-26T02:50:00Z","nsw":279,"qld":455,"sa":153,"tas":14,"vic":76},{"ts":"2013-05-26T03:00:00Z","nsw":280,"qld":420,"sa":141,"tas":15,"vic":78,"wa":164},{"ts":"2013-05-26T03:10:00Z","nsw":258,"qld":384,"sa":134,"tas":14,"vic":77},{"ts":"2013-05-26T03:20:00Z","nsw":260,"qld":384,"sa":133,"tas":13,"vic":74},{"ts":"2013-05-26T03:30:00Z","nsw":254,"qld":347,"sa":141,"tas":11,"vic":76,"wa":171},{"ts":"2013-05-26T03:40:00Z","nsw":240,"qld":352,"sa":120,"tas":14,"vic":66},{"ts":"2013-05-26T03:50:00Z","nsw":235,"qld":330,"sa":132,"tas":11,"vic":73},{"ts":"2013-05-26T04:00:00Z","nsw":225,"qld":325,"sa":120,"tas":13,"vic":69,"wa":172},{"ts":"2013-05-26T04:10:00Z","nsw":200,"qld":288,"sa":122,"tas":12,"vic":57},{"ts":"2013-05-26T04:20:00Z","nsw":196,"qld":285,"sa":121,"tas":13,"vic":57},{"ts":"2013-05-26T04:30:00Z","nsw":184,"qld":258,"sa":115,"tas":11,"vic":53,"wa":156},{"ts":"2013-05-26T04:40:00Z","nsw":177,"qld":239,"sa":117,"tas":10,"vic":46},{"ts":"2013-05-26T04:50:00Z","nsw":162,"qld":205,"sa":101,"tas":8,"vic":45},{"ts":"2013-05-26T05:00:00Z","nsw":140,"qld":192,"sa":107,"tas":8,"vic":41,"wa":139},{"ts":"2013-05-26T05:10:00Z","nsw":125,"qld":172,"sa":110,"tas":7,"vic":31},{"ts":"2013-05-26T05:20:00Z","nsw":116,"qld":153,"sa":109,"tas":6,"vic":33},{"ts":"2013-05-26T05:30:00Z","nsw":92,"qld":131,"sa":98,"tas":5,"vic":27,"wa":139},{"ts":"2013-05-26T05:40:00Z","nsw":83,"qld":115,"sa":83,"tas":4,"vic":21},{"ts":"2013-05-26T05:50:00Z","nsw":58,"qld":101,"sa":77,"tas":3,"vic":22},{"ts":"2013-05-26T06:00:00Z","nsw":51,"qld":89,"sa":74,"tas":2,"vic":20,"wa":148},{"ts":"2013-05-26T06:10:00Z","nsw":38,"qld":67,"sa":68,"tas":1,"vic":13},{"ts":"2013-05-26T06:20:00Z","nsw":30,"qld":56,"sa":56,"tas":1,"vic":12},{"ts":"2013-05-26T06:30:00Z","nsw":20,"qld":40,"sa":45,"tas":0,"vic":8,"wa":130},{"ts":"2013-05-26T06:40:00Z","nsw":14,"qld":22,"sa":38,"tas":0,"vic":5},{"ts":"2013-05-26T06:50:00Z","nsw":8,"qld":13,"sa":34,"tas":0,"vic":3},{"ts":"2013-05-26T07:00:00Z","nsw":5,"qld":12,"sa":24,"tas":0,"vic":2,"wa":110},{"ts":"2013-05-26T07:10:00Z","nsw":3,"qld":7,"sa":18,"tas":0,"vic":1},{"ts":"2013-05-26T07:20:00Z","nsw":2,"qld":9,"sa":11,"tas":0,"vic":1},{"ts":"2013-05-26T07:30:00Z","nsw":2,"qld":7,"sa":5,"tas":0,"vic":1,"wa":80},{"ts":"2013-05-26T07:40:00Z","nsw":2,"qld":4,"sa":2,"tas":0,"vic":0},{"ts":"2013-05-26T07:50:00Z","nsw":3,"qld":5,"sa":1,"tas":0,"vic":0},{"ts":"2013-05-26T08:00:00Z","nsw":3,"qld":2,"sa":5,"tas":0,"vic":0,"wa":41},{"ts":"2013-05-26T08:10:00Z","nsw":8,"qld":2,"sa":1,"tas":0,"vic":0},{"ts":"2013-05-26T08:20:00Z","nsw":4,"qld":2,"sa":0,"tas":0,"vic":0},{"ts":"2013-05-26T08:30:00Z","nsw":3,"qld":2,"sa":0,"tas":0,"vic":0,"wa":13},{"ts":"2013-05-26T08:40:00Z","nsw":3,"qld":2,"sa":0,"tas":0,"vic":0},{"ts":"2013-05-26T08:50:00Z","nsw":3,"qld":2,"sa":0,"tas":0,"vic":0},{"ts":"2013-05-26T09:00:00Z","nsw":9,"qld":2,"sa":0,"tas":0,"vic":0,"wa":4},{"ts":"2013-05-26T09:10:00Z","nsw":9,"qld":2,"sa":0,"tas":0,"vic":0},{"ts":"2013-05-26T09:20:00Z","nsw":9,"qld":2,"sa":0,"tas":0,"vic":0},{"ts":"2013-05-26T09:30:00Z","nsw":8,"qld":2,"sa":0,"tas":0,"vic":0,"wa":0},{"ts":"2013-05-26T09:40:00Z","nsw":13,"qld":2,"sa":0,"tas":0,"vic":0},{"ts":"2013-05-26T09:50:00Z","nsw":9,"qld":2,"sa":0,"tas":0,"vic":0},{"ts":"2013-05-26T10:00:00Z","nsw":9,"qld":2,"sa":0,"tas":0,"vic":0,"wa":0},{"ts":"2013-05-26T10:10:00Z","nsw":3,"qld":2,"sa":0,"tas":0,"vic":0},{"ts":"2013-05-26T10:20:00Z","nsw":3,"qld":2,"sa":1,"tas":0,"vic":0},{"ts":"2013-05-26T10:30:00Z","nsw":3,"qld":2,"sa":0,"tas":0,"vic":0,"wa":0},{"ts":"2013-05-26T10:40:00Z","nsw":3,"qld":4,"sa":1,"tas":0,"vic":0},{"ts":"2013-05-26T10:50:00Z","nsw":9,"qld":3,"sa":0,"tas":0,"vic":0},{"ts":"2013-05-26T11:00:00Z","nsw":9,"qld":2,"sa":0,"tas":0,"vic":0},{"ts":"2013-05-26T11:10:00Z","nsw":10,"qld":3,"sa":1,"tas":0,"vic":0},{"ts":"2013-05-26T11:20:00Z","nsw":4,"qld":2,"sa":1,"tas":0,"vic":0},{"ts":"2013-05-26T11:30:00Z","nsw":4,"qld":2,"sa":0,"tas":0,"vic":0},{"ts":"2013-05-26T11:40:00Z","nsw":4,"qld":2,"sa":0,"tas":0,"vic":0},{"ts":"2013-05-26T11:50:00Z","nsw":4,"qld":2,"sa":0,"tas":0,"vic":0},{"ts":"2013-05-26T12:00:00Z","nsw":4,"qld":2,"sa":0,"tas":0,"vic":0},{"ts":"2013-05-26T12:10:00Z","nsw":4,"qld":2,"sa":0,"tas":0,"vic":0},{"ts":"2013-05-26T12:20:00Z","nsw":3,"qld":2,"sa":0,"tas":0,"vic":0},{"ts":"2013-05-26T12:30:00Z","nsw":3,"qld":2,"sa":0,"tas":0,"vic":0},{"ts":"2013-05-26T12:40:00Z","nsw":3,"qld":2,"sa":0,"tas":0,"vic":0},{"ts":"2013-05-26T12:50:00Z","nsw":3,"qld":2,"sa":0,"tas":0,"vic":0}]} 