{"performance":[{"ts":"2013-12-10T17:00:00Z","nsw":"0.31","nt":"0.00","qld":"0.33","sa":"0.19","tas":"0.05","vic":"0.16","wa":"0.15"},{"ts":"2013-12-10T17:10:00Z","nsw":"0.36","nt":"0.00","qld":"0.32","sa":"0.20","tas":"0.05","vic":"0.16","wa":"0.16"},{"ts":"2013-12-10T17:20:00Z","nsw":"0.36","nt":"0.00","qld":"0.32","sa":"0.20","tas":"0.05","vic":"0.21","wa":"0.16"},{"ts":"2013-12-10T17:30:00Z","nsw":"0.33","nt":"0.00","qld":"0.32","sa":"0.18","tas":"0.05","vic":"0.21","wa":"0.17"},{"ts":"2013-12-10T17:40:00Z","nsw":"0.33","nt":"0.00","qld":"0.31","sa":"0.20","tas":"0.05","vic":"0.17","wa":"0.15"},{"ts":"2013-12-10T17:50:00Z","nsw":"0.34","nt":"0.00","qld":"0.32","sa":"0.19","tas":"0.05","vic":"0.20","wa":"0.16"},{"ts":"2013-12-10T18:00:00Z","nsw":"0.33","nt":"0.00","qld":"0.32","sa":"0.20","tas":"0.05","vic":"0.16","wa":"0.15"},{"ts":"2013-12-10T18:10:00Z","nsw":"0.29","nt":"0.00","qld":"0.34","sa":"0.20","tas":"0.05","vic":"0.25","wa":"0.16"},{"ts":"2013-12-10T18:20:00Z","nsw":"0.34","nt":"0.00","qld":"0.32","sa":"0.19","tas":"0.04","vic":"0.20","wa":"0.15"},{"ts":"2013-12-10T18:30:00Z","nsw":"0.45","nt":"0.00","qld":"0.32","sa":"0.20","tas":"0.04","vic":"0.31","wa":"0.16"},{"ts":"2013-12-10T18:40:00Z","nsw":"0.47","nt":"0.00","qld":"0.30","sa":"0.20","tas":"0.05","vic":"0.16","wa":"0.16"},{"ts":"2013-12-10T18:50:00Z","nsw":"0.61","nt":"0.00","qld":"0.14","sa":"0.18","tas":"0.22","vic":"0.15","wa":"0.16"},{"ts":"2013-12-10T19:00:00Z","nsw":"1.14","nt":"0.00","qld":"0.91","sa":"0.18","tas":"0.35","vic":"0.43","wa":"0.15"},{"ts":"2013-12-10T19:10:00Z","nsw":"1.75","nt":"0.00","qld":"1.32","sa":"0.17","tas":"0.59","vic":"0.77","wa":"0.17"},{"ts":"2013-12-10T19:20:00Z","nsw":"2.41","nt":"0.00","qld":"2.27","sa":"0.17","tas":"1.27","vic":"1.84","wa":"0.16"},{"ts":"2013-12-10T19:30:00Z","nsw":"3.08","nt":"0.00","qld":"3.62","sa":"0.24","tas":"1.65","vic":"2.41","wa":"0.17"},{"ts":"2013-12-10T19:40:00Z","nsw":"4.15","nt":"0.00","qld":"5.94","sa":"0.67","tas":"3.65","vic":"3.42","wa":"0.15"},{"ts":"2013-12-10T19:50:00Z","nsw":"5.56","nt":"0.00","qld":"8.48","sa":"1.43","tas":"5.17","vic":"3.92","wa":"0.17"},{"ts":"2013-12-10T20:00:00Z","nsw":"7.40","nt":"0.00","qld":"8.76","sa":"2.19","tas":"8.30","vic":"4.83","wa":"0.15"},{"ts":"2013-12-10T20:10:00Z","nsw":"9.41","nt":"0.00","qld":"8.61","sa":"3.44","tas":"9.95","vic":"6.26","wa":"0.16"},{"ts":"2013-12-10T20:20:00Z","nsw":"11.77","nt":"0.00","qld":"10.48","sa":"4.66","tas":"14.27","vic":"7.88","wa":"0.14"},{"ts":"2013-12-10T20:30:00Z","nsw":"12.98","nt":"0.00","qld":"13.84","sa":"5.96","tas":"13.78","vic":"8.82","wa":"0.16"},{"ts":"2013-12-10T20:40:00Z","nsw":"15.99","nt":"0.00","qld":"16.39","sa":"6.47","tas":"22.12","vic":"11.03","wa":"0.15"},{"ts":"2013-12-10T20:50:00Z","nsw":"17.98","nt":"0.00","qld":"17.59","sa":"8.36","tas":"22.67","vic":"12.34","wa":"0.16"},{"ts":"2013-12-10T21:00:00Z","nsw":"20.54","nt":"0.00","qld":"19.36","sa":"9.35","tas":"25.45","vic":"14.68","wa":"0.13"},{"ts":"2013-12-10T21:10:00Z","nsw":"21.89","nt":"0.97","qld":"19.70","sa":"14.33","tas":"28.10","vic":"14.63","wa":"0.27"},{"ts":"2013-12-10T21:20:00Z","nsw":"25.61","nt":"1.24","qld":"21.75","sa":"14.44","tas":"32.16","vic":"16.13","wa":"0.89"},{"ts":"2013-12-10T21:30:00Z","nsw":"27.90","nt":"2.11","qld":"24.56","sa":"16.47","tas":"32.67","vic":"17.38","wa":"1.91"},{"ts":"2013-12-10T21:40:00Z","nsw":"31.74","nt":"3.02","qld":"31.18","sa":"13.72","tas":"36.12","vic":"20.92","wa":"2.29"},{"ts":"2013-12-10T21:50:00Z","nsw":"34.39","nt":"5.77","qld":"27.92","sa":"14.97","tas":"34.73","vic":"21.50","wa":"3.90"},{"ts":"2013-12-10T22:00:00Z","nsw":"38.05","nt":"7.53","qld":"30.59","sa":"14.66","tas":"40.34","vic":"27.31","wa":"5.48"},{"ts":"2013-12-10T22:10:00Z","nsw":"39.72","nt":"11.50","qld":"35.08","sa":"20.32","tas":"35.66","vic":"26.24","wa":"6.97"},{"ts":"2013-12-10T22:20:00Z","nsw":"44.94","nt":"11.99","qld":"35.80","sa":"18.72","tas":"47.08","vic":"30.50","wa":"8.55"},{"ts":"2013-12-10T22:30:00Z","nsw":"45.31","nt":"11.78","qld":"32.95","sa":"22.80","tas":"45.64","vic":"29.45","wa":"10.75"},{"ts":"2013-12-10T22:40:00Z","nsw":"49.71","nt":"14.56","qld":"31.50","sa":"24.54","tas":"42.97","vic":"29.98","wa":"12.32"},{"ts":"2013-12-10T22:50:00Z","nsw":"49.79","nt":"18.06","qld":"31.23","sa":"33.05","tas":"41.23","vic":"25.90","wa":"14.74"},{"ts":"2013-12-10T23:00:00Z","nsw":"52.51","nt":"18.89","qld":"34.22","sa":"36.88","tas":"48.77","vic":"24.40","wa":"16.93"},{"ts":"2013-12-10T23:10:00Z","nsw":"50.97","nt":"11.87","qld":"36.25","sa":"44.26","tas":"44.20","vic":"21.17","wa":"20.05"},{"ts":"2013-12-10T23:20:00Z","nsw":"57.98","nt":"17.16","qld":"36.40","sa":"41.44","tas":"48.13","vic":"22.91","wa":"23.47"},{"ts":"2013-12-10T23:30:00Z","nsw":"57.30","nt":"27.25","qld":"33.61","sa":"42.99","tas":"49.18","vic":"24.51","wa":"26.11"},{"ts":"2013-12-10T23:40:00Z","nsw":"60.49","nt":"26.09","qld":"35.19","sa":"40.58","tas":"52.87","vic":"27.29","wa":"29.87"},{"ts":"2013-12-10T23:50:00Z","nsw":"60.06","nt":"48.17","qld":"39.18","sa":"40.86","tas":"55.39","vic":"30.61","wa":"33.88"},{"ts":"2013-12-11T00:00:00Z","nsw":"60.51","nt":"34.85","qld":"47.80","sa":"35.45","tas":"69.78","vic":"35.44","wa":"36.49"},{"ts":"2013-12-11T00:10:00Z","nsw":"58.83","nt":"31.68","qld":"51.51","sa":"39.31","tas":"56.32","vic":"32.65","wa":"38.89"},{"ts":"2013-12-11T00:20:00Z","nsw":"65.32","nt":"34.65","qld":"50.38","sa":"35.51","tas":"71.93","vic":"32.61","wa":"42.81"},{"ts":"2013-12-11T00:30:00Z","nsw":"63.56","nt":"38.03","qld":"43.89","sa":"35.68","tas":"62.12","vic":"33.26","wa":"44.59"},{"ts":"2013-12-11T00:40:00Z","nsw":"64.29","nt":"37.97","qld":"37.44","sa":"37.26","tas":"76.53","vic":"40.33","wa":"47.24"},{"ts":"2013-12-11T00:50:00Z","nsw":"67.91","nt":"39.31","qld":"33.49","sa":"38.53","tas":"73.88","vic":"43.10","wa":"50.29"},{"ts":"2013-12-11T01:00:00Z","nsw":"70.30","nt":"39.52","qld":"37.25","sa":"40.04","tas":"71.82","vic":"51.24","wa":"54.60"},{"ts":"2013-12-11T01:10:00Z","nsw":"67.21","nt":"38.96","qld":"42.58","sa":"44.74","tas":"59.81","vic":"45.12","wa":"54.66"},{"ts":"2013-12-11T01:20:00Z","nsw":"72.01","nt":"45.82","qld":"44.64","sa":"41.07","tas":"66.57","vic":"47.04","wa":"57.45"},{"ts":"2013-12-11T01:30:00Z","nsw":"70.33","nt":"21.11","qld":"44.66","sa":"47.37","tas":"73.25","vic":"39.56","wa":"60.76"},{"ts":"2013-12-11T01:40:00Z","nsw":"72.06","nt":"49.95","qld":"44.37","sa":"42.73","tas":"73.50","vic":"34.62","wa":"60.61"},{"ts":"2013-12-11T01:50:00Z","nsw":"69.33","nt":"54.46","qld":"42.79","sa":"47.15","tas":"68.02","vic":"37.17","wa":"62.96"},{"ts":"2013-12-11T02:00:00Z","nsw":"71.97","nt":"44.54","qld":"40.72","sa":"45.45","tas":"74.26","vic":"39.95","wa":"67.25"},{"ts":"2013-12-11T02:10:00Z","nsw":"69.41","nt":"64.18","qld":"36.81","sa":"49.34","tas":"61.88","vic":"41.62","wa":"66.20"},{"ts":"2013-12-11T02:20:00Z","nsw":"70.14","nt":"64.76","qld":"34.59","sa":"47.85","tas":"69.81","vic":"48.17","wa":"66.72"},{"ts":"2013-12-11T02:30:00Z","nsw":"68.35","nt":"62.00","qld":"33.42","sa":"52.53","tas":"70.33","vic":"47.77","wa":"67.80"},{"ts":"2013-12-11T02:40:00Z","nsw":"69.53","nt":"55.24","qld":"38.17","sa":"46.57","tas":"76.93","vic":"47.01","wa":"70.37"},{"ts":"2013-12-11T02:50:00Z","nsw":"65.77","nt":"68.12","qld":"44.31","sa":"51.24","tas":"70.58","vic":"46.05","wa":"71.98"},{"ts":"2013-12-11T03:00:00Z","nsw":"65.64","nt":"66.15","qld":"42.93","sa":"51.56","tas":"66.01","vic":"50.32","wa":"70.34"},{"ts":"2013-12-11T03:10:00Z","nsw":"64.32","nt":"77.13","qld":"38.16","sa":"55.40","tas":"72.07","vic":"46.16","wa":"70.92"},{"ts":"2013-12-11T03:20:00Z","nsw":"65.67","nt":"65.89","qld":"37.64","sa":"52.43","tas":"76.66","vic":"51.86","wa":"73.12"},{"ts":"2013-12-11T03:30:00Z","nsw":"67.40","nt":"70.44","qld":"49.25","sa":"51.26","tas":"65.12","vic":"49.78","wa":"71.32"},{"ts":"2013-12-11T03:40:00Z","nsw":"62.80","nt":"66.56","qld":"60.23","sa":"47.58","tas":"75.36","vic":"56.12","wa":"72.91"},{"ts":"2013-12-11T03:50:00Z","nsw":"63.55","nt":"62.18","qld":"59.75","sa":"50.66","tas":"53.12","vic":"54.15","wa":"72.36"},{"ts":"2013-12-11T04:00:00Z","nsw":"59.02","nt":"64.20","qld":"56.33","sa":"48.80","tas":"58.30","vic":"57.06","wa":"72.37"},{"ts":"2013-12-11T04:10:00Z","nsw":"57.55","nt":"61.48","qld":"50.72","sa":"50.95","tas":"55.66","vic":"50.03","wa":"73.22"},{"ts":"2013-12-11T04:20:00Z","nsw":"58.21","nt":"60.50","qld":"42.84","sa":"49.30","tas":"67.49","vic":"52.05","wa":"71.68"},{"ts":"2013-12-11T04:30:00Z","nsw":"52.76","nt":"46.64","qld":"34.17","sa":"47.47","tas":"62.80","vic":"46.50","wa":"73.72"},{"ts":"2013-12-11T04:40:00Z","nsw":"52.38","nt":"58.29","qld":"30.67","sa":"41.29","tas":"63.31","vic":"51.80","wa":"71.39"},{"ts":"2013-12-11T04:50:00Z","nsw":"52.01","nt":"53.99","qld":"27.04","sa":"41.52","tas":"49.82","vic":"50.93","wa":"71.32"},{"ts":"2013-12-11T05:00:00Z","nsw":"48.99","nt":"56.61","qld":"26.64","sa":"41.05","tas":"60.04","vic":"56.07","wa":"71.14"},{"ts":"2013-12-11T05:10:00Z","nsw":"47.23","nt":"57.99","qld":"26.95","sa":"40.62","tas":"58.42","vic":"52.09","wa":"71.91"},{"ts":"2013-12-11T05:20:00Z","nsw":"46.07","nt":"68.41","qld":"26.02","sa":"38.82","tas":"51.67","vic":"53.59","wa":"70.09"},{"ts":"2013-12-11T05:30:00Z","nsw":"42.69","nt":"45.12","qld":"28.05","sa":"37.05","tas":"47.47","vic":"48.63","wa":"69.25"},{"ts":"2013-12-11T05:40:00Z","nsw":"40.01","nt":"16.52","qld":"26.13","sa":"34.30","tas":"50.69","vic":"47.80","wa":"70.41"},{"ts":"2013-12-11T05:50:00Z","nsw":"37.83","nt":"33.22","qld":"20.87","sa":"33.20","tas":"41.86","vic":"45.27","wa":"67.39"},{"ts":"2013-12-11T06:00:00Z","nsw":"33.96","nt":"38.24","qld":"20.39","sa":"32.28","tas":"44.31","vic":"45.30","wa":"67.50"},{"ts":"2013-12-11T06:10:00Z","nsw":"31.18","nt":"35.40","qld":"19.25","sa":"33.23","tas":"41.30","vic":"37.11","wa":"65.22"},{"ts":"2013-12-11T06:20:00Z","nsw":"28.74","nt":"39.20","qld":"16.48","sa":"32.87","tas":"40.94","vic":"37.91","wa":"64.07"},{"ts":"2013-12-11T06:30:00Z","nsw":"25.77","nt":"31.70","qld":"13.63","sa":"33.51","tas":"28.77","vic":"33.11","wa":"61.70"},{"ts":"2013-12-11T06:40:00Z","nsw":"22.84","nt":"38.86","qld":"9.16","sa":"31.07","tas":"27.72","vic":"32.35","wa":"62.78"},{"ts":"2013-12-11T06:50:00Z","nsw":"21.51","nt":"38.87","qld":"5.98","sa":"32.47","tas":"23.98","vic":"27.83","wa":"59.16"},{"ts":"2013-12-11T07:00:00Z","nsw":"17.33","nt":"34.90","qld":"5.29","sa":"32.39","tas":"25.25","vic":"26.29","wa":"59.52"},{"ts":"2013-12-11T07:10:00Z","nsw":"14.27","nt":"29.37","qld":"3.82","sa":"29.40","tas":"19.08","vic":"23.28","wa":"56.05"},{"ts":"2013-12-11T07:20:00Z","nsw":"13.44","nt":"26.08","qld":"3.05","sa":"24.96","tas":"23.80","vic":"20.80","wa":"53.92"},{"ts":"2013-12-11T07:30:00Z","nsw":"10.42","nt":"24.93","qld":"2.66","sa":"22.54","tas":"17.71","vic":"17.62","wa":"52.05"},{"ts":"2013-12-11T07:40:00Z","nsw":"9.43","nt":"17.52","qld":"2.01","sa":"19.10","tas":"12.13","vic":"16.42","wa":"51.42"},{"ts":"2013-12-11T07:50:00Z","nsw":"7.96","nt":"17.85","qld":"1.30","sa":"18.10","tas":"11.96","vic":"13.45","wa":"47.65"},{"ts":"2013-12-11T08:00:00Z","nsw":"6.14","nt":"14.04","qld":"1.21","sa":"14.29","tas":"11.01","vic":"11.75","wa":"44.18"},{"ts":"2013-12-11T08:10:00Z","nsw":"4.97","nt":"9.92","qld":"0.76","sa":"12.29","tas":"9.31","vic":"10.19","wa":"41.53"},{"ts":"2013-12-11T08:20:00Z","nsw":"4.32","nt":"8.52","qld":"0.74","sa":"10.01","tas":"7.49","vic":"8.87","wa":"38.38"},{"ts":"2013-12-11T08:30:00Z","nsw":"2.87","nt":"5.09","qld":"0.61","sa":"8.62","tas":"6.13","vic":"6.82","wa":"36.13"},{"ts":"2013-12-11T08:40:00Z","nsw":"3.25","nt":"2.83","qld":"1.05","sa":"7.78","tas":"5.61","vic":"5.42","wa":"32.80"},{"ts":"2013-12-11T08:50:00Z","nsw":"2.19","nt":"1.84","qld":"0.83","sa":"6.00","tas":"4.75","vic":"4.45","wa":"29.94"},{"ts":"2013-12-11T09:00:00Z","nsw":"1.24","nt":"1.14","qld":"0.64","sa":"4.39","tas":"2.57","vic":"3.17","wa":"26.42"},{"ts":"2013-12-11T09:10:00Z","nsw":"1.08","nt":"0.52","qld":"0.75","sa":"3.78","tas":"1.37","vic":"1.89","wa":"23.12"},{"ts":"2013-12-11T09:20:00Z","nsw":"0.80","nt":"0.34","qld":"0.74","sa":"2.48","tas":"1.33","vic":"1.20","wa":"20.29"},{"ts":"2013-12-11T09:30:00Z","nsw":"0.78","nt":"0.32","qld":"0.79","sa":"1.65","tas":"0.54","vic":"0.75","wa":"17.20"},{"ts":"2013-12-11T09:40:00Z","nsw":"1.17","nt":"0.33","qld":"0.78","sa":"0.98","tas":"0.27","vic":"0.66","wa":"14.49"},{"ts":"2013-12-11T09:50:00Z","nsw":"1.01","nt":"0.32","qld":"0.37","sa":"0.65","tas":"0.35","vic":"0.81","wa":"11.59"},{"ts":"2013-12-11T10:00:00Z","nsw":"0.53","nt":"0.32","qld":"0.36","sa":"0.58","tas":"0.35","vic":"0.60","wa":"10.20"},{"ts":"2013-12-11T10:10:00Z","nsw":"0.74","nt":"0.37","qld":"0.40","sa":"0.57","tas":"0.43","vic":"0.39","wa":"8.19"},{"ts":"2013-12-11T10:20:00Z","nsw":"0.80","nt":"0.37","qld":"0.39","sa":"0.61","tas":"0.36","vic":"0.24","wa":"6.73"},{"ts":"2013-12-11T10:30:00Z","nsw":"0.90","nt":"0.37","qld":"0.39","sa":"0.61","tas":"0.39","vic":"0.22","wa":"4.86"},{"ts":"2013-12-11T10:40:00Z","nsw":"1.66","nt":"0.37","qld":"0.38","sa":"0.30","tas":"0.39","vic":"0.74","wa":"3.92"},{"ts":"2013-12-11T10:50:00Z","nsw":"1.75","nt":"0.37","qld":"0.37","sa":"0.24","tas":"0.39","vic":"0.47","wa":"2.49"},{"ts":"2013-12-11T11:00:00Z","nsw":"0.76","nt":"0.37","qld":"0.37","sa":"0.23","tas":"0.39","vic":"0.25","wa":"1.22"},{"ts":"2013-12-11T11:10:00Z","nsw":"0.80","nt":"0.37","qld":"0.35","sa":"0.25","tas":"0.40","vic":"0.23","wa":"0.60"},{"ts":"2013-12-11T11:20:00Z","nsw":"1.64","nt":"0.37","qld":"0.34","sa":"0.23","tas":"0.39","vic":"0.33","wa":"0.27"},{"ts":"2013-12-11T11:30:00Z","nsw":"0.91","nt":"0.37","qld":"0.38","sa":"0.24","tas":"0.40","vic":"0.23","wa":"0.20"},{"ts":"2013-12-11T11:40:00Z","nsw":"1.67","nt":"0.37","qld":"0.35","sa":"0.24","tas":"0.39","vic":"0.23","wa":"0.21"},{"ts":"2013-12-11T11:50:00Z","nsw":"1.74","nt":"0.37","qld":"0.37","sa":"0.24","tas":"0.39","vic":"0.23","wa":"0.24"}],"contribution":[{"ts":"2013-12-10T17:00:00Z","nsw":"0.03","qld":"0.07","sa":"0.08","tas":"0.00","vic":"0.02","wa":"0.03"},{"ts":"2013-12-10T17:10:00Z","nsw":"0.04","qld":"0.07","sa":"0.08","tas":"0.00","vic":"0.02","wa":"0.03"},{"ts":"2013-12-10T17:20:00Z","nsw":"0.04","qld":"0.07","sa":"0.08","tas":"0.00","vic":"0.03","wa":"0.03"},{"ts":"2013-12-10T17:30:00Z","nsw":"0.04","qld":"0.07","sa":"0.08","tas":"0.00","vic":"0.03","wa":"0.03"},{"ts":"2013-12-10T17:40:00Z","nsw":"0.03","qld":"0.06","sa":"0.08","tas":"0.00","vic":"0.02"},{"ts":"2013-12-10T17:50:00Z","nsw":"0.04","qld":"0.07","sa":"0.08","tas":"0.00","vic":"0.03","wa":"0.03"},{"ts":"2013-12-10T18:00:00Z","nsw":"0.03","qld":"0.07","sa":"0.08","tas":"0.00","vic":"0.02","wa":"0.03"},{"ts":"2013-12-10T18:10:00Z","nsw":"0.03","qld":"0.07","sa":"0.08","tas":"0.00","vic":"0.03","wa":"0.03"},{"ts":"2013-12-10T18:20:00Z","nsw":"0.03","qld":"0.07","sa":"0.08","tas":"0.00","vic":"0.02","wa":"0.03"},{"ts":"2013-12-10T18:30:00Z","nsw":"0.05","qld":"0.06","sa":"0.08","tas":"0.00","vic":"0.04","wa":"0.03"},{"ts":"2013-12-10T18:40:00Z","nsw":"0.05","qld":"0.06","sa":"0.08","tas":"0.00","vic":"0.02","wa":"0.03"},{"ts":"2013-12-10T18:50:00Z","nsw":"0.06","qld":"0.03","sa":"0.07","tas":"0.01","vic":"0.02","wa":"0.03"},{"ts":"2013-12-10T19:00:00Z","nsw":"0.11","qld":"0.18","sa":"0.07","tas":"0.02","vic":"0.05","wa":"0.03"},{"ts":"2013-12-10T19:10:00Z","nsw":"0.17","qld":"0.26","sa":"0.07","tas":"0.03","vic":"0.08","wa":"0.03"},{"ts":"2013-12-10T19:20:00Z","nsw":"0.22","qld":"0.44","sa":"0.07","tas":"0.06","vic":"0.20","wa":"0.03"},{"ts":"2013-12-10T19:30:00Z","nsw":"0.28","qld":"0.69","sa":"0.09","tas":"0.08","vic":"0.25","wa":"0.03"},{"ts":"2013-12-10T19:40:00Z","nsw":"0.37","qld":"1.12","sa":"0.26","tas":"0.18","vic":"0.35","wa":"0.03"},{"ts":"2013-12-10T19:50:00Z","nsw":"0.48","qld":"1.57","sa":"0.53","tas":"0.24","vic":"0.39","wa":"0.03"},{"ts":"2013-12-10T20:00:00Z","nsw":"0.63","qld":"1.60","sa":"0.80","tas":"0.38","vic":"0.47","wa":"0.03"},{"ts":"2013-12-10T20:10:00Z","nsw":"0.79","qld":"1.53","sa":"1.23","tas":"0.44","vic":"0.58","wa":"0.03"},{"ts":"2013-12-10T20:20:00Z","nsw":"0.96","qld":"1.81","sa":"1.62","tas":"0.62","vic":"0.72","wa":"0.03"},{"ts":"2013-12-10T20:30:00Z","nsw":"1.04","qld":"2.33","sa":"2.00","tas":"0.59","vic":"0.79","wa":"0.03"},{"ts":"2013-12-10T20:40:00Z","nsw":"1.26","qld":"2.72","sa":"2.13","tas":"0.94","vic":"0.97","wa":"0.03"},{"ts":"2013-12-10T20:50:00Z","nsw":"1.40","qld":"2.85","sa":"2.64","tas":"0.94","vic":"1.07","wa":"0.03"},{"ts":"2013-12-10T21:00:00Z","nsw":"1.59","qld":"3.07","sa":"2.91","tas":"1.07","vic":"1.27","wa":"0.03"},{"ts":"2013-12-10T21:10:00Z","nsw":"1.69","qld":"3.06","sa":"4.41","tas":"1.21","vic":"1.31","wa":"0.05"},{"ts":"2013-12-10T21:20:00Z","nsw":"1.97","qld":"3.31","sa":"4.45","tas":"1.38","vic":"1.44","wa":"0.18"},{"ts":"2013-12-10T21:30:00Z","nsw":"2.12","qld":"3.72","sa":"4.97","tas":"1.43","vic":"1.55","wa":"0.37"},{"ts":"2013-12-10T21:40:00Z","nsw":"2.39","qld":"4.59","sa":"4.23","tas":"1.58","vic":"1.86","wa":"0.44"},{"ts":"2013-12-10T21:50:00Z","nsw":"2.58","qld":"4.13","sa":"4.62","tas":"1.54","vic":"1.91","wa":"0.75"},{"ts":"2013-12-10T22:00:00Z","nsw":"2.83","qld":"4.45","sa":"4.56","tas":"1.78","vic":"2.41","wa":"1.02"},{"ts":"2013-12-10T22:10:00Z","nsw":"2.91","qld":"5.10","sa":"6.21","tas":"1.59","vic":"2.32","wa":"1.27"},{"ts":"2013-12-10T22:20:00Z","nsw":"3.28","qld":"5.16","sa":"5.86","tas":"2.14","vic":"2.68","wa":"1.53"},{"ts":"2013-12-10T22:30:00Z","nsw":"3.30","qld":"4.75","sa":"6.91","tas":"2.07","vic":"2.58","wa":"1.83"},{"ts":"2013-12-10T22:40:00Z","nsw":"3.60","qld":"4.54","sa":"7.34","tas":"1.88","vic":"2.63","wa":"2.08"},{"ts":"2013-12-10T22:50:00Z","nsw":"3.61","qld":"4.45","sa":"9.88","tas":"1.76","vic":"2.27","wa":"2.45"},{"ts":"2013-12-10T23:00:00Z","nsw":"3.81","qld":"4.85","sa":"11.09","tas":"2.13","vic":"2.13","wa":"2.70"},{"ts":"2013-12-10T23:10:00Z","nsw":"3.70","qld":"5.11","sa":"13.16","tas":"2.04","vic":"1.84","wa":"3.15"},{"ts":"2013-12-10T23:20:00Z","nsw":"4.14","qld":"5.13","sa":"12.56","tas":"2.30","vic":"2.00","wa":"3.64"},{"ts":"2013-12-10T23:30:00Z","nsw":"4.09","qld":"4.78","sa":"13.01","tas":"2.32","vic":"2.13","wa":"3.93"},{"ts":"2013-12-10T23:40:00Z","nsw":"4.28","qld":"4.96","sa":"12.45","tas":"2.43","vic":"2.37","wa":"4.44"},{"ts":"2013-12-10T23:50:00Z","nsw":"4.24","qld":"5.46","sa":"12.20","tas":"2.62","vic":"2.68","wa":"5.01"},{"ts":"2013-12-11T00:00:00Z","nsw":"4.31","qld":"6.58","sa":"10.59","tas":"3.24","vic":"3.07","wa":"5.31"},{"ts":"2013-12-11T00:10:00Z","nsw":"4.20","qld":"7.13","sa":"11.71","tas":"2.59","vic":"2.86","wa":"5.61"},{"ts":"2013-12-11T00:20:00Z","nsw":"4.62","qld":"6.91","sa":"10.65","tas":"3.34","vic":"2.81","wa":"6.13"},{"ts":"2013-12-11T00:30:00Z","nsw":"4.49","qld":"6.07","sa":"10.71","tas":"2.90","vic":"2.86","wa":"6.34"},{"ts":"2013-12-11T00:40:00Z","nsw":"4.54","qld":"5.16","sa":"11.65","tas":"3.58","vic":"3.45","wa":"6.69"},{"ts":"2013-12-11T00:50:00Z","nsw":"4.74","qld":"4.63","sa":"11.74","tas":"3.46","vic":"3.72","wa":"7.06"},{"ts":"2013-12-11T01:00:00Z","nsw":"4.91","qld":"5.13","sa":"11.97","tas":"3.38","vic":"4.39","wa":"7.60"},{"ts":"2013-12-11T01:10:00Z","nsw":"4.69","qld":"5.81","sa":"13.32","tas":"2.80","vic":"3.90","wa":"7.53"},{"ts":"2013-12-11T01:20:00Z","nsw":"5.02","qld":"6.08","sa":"12.10","tas":"3.09","vic":"4.06","wa":"7.87"},{"ts":"2013-12-11T01:30:00Z","nsw":"4.89","qld":"6.07","sa":"13.98","tas":"3.39","vic":"3.41","wa":"8.23"},{"ts":"2013-12-11T01:40:00Z","nsw":"4.99","qld":"6.02","sa":"12.75","tas":"3.45","vic":"2.96","wa":"8.22"},{"ts":"2013-12-11T01:50:00Z","nsw":"4.78","qld":"5.79","sa":"14.15","tas":"3.27","vic":"3.19","wa":"8.53"},{"ts":"2013-12-11T02:00:00Z","nsw":"4.97","qld":"5.50","sa":"13.63","tas":"3.56","vic":"3.49","wa":"9.04"},{"ts":"2013-12-11T02:10:00Z","nsw":"4.79","qld":"5.00","sa":"14.90","tas":"2.98","vic":"3.66","wa":"8.98"},{"ts":"2013-12-11T02:20:00Z","nsw":"4.85","qld":"4.67","sa":"14.14","tas":"3.31","vic":"4.20","wa":"9.05"},{"ts":"2013-12-11T02:30:00Z","nsw":"4.69","qld":"4.55","sa":"15.31","tas":"3.30","vic":"4.19","wa":"9.06"},{"ts":"2013-12-11T02:40:00Z","nsw":"4.76","qld":"5.19","sa":"13.55","tas":"3.60","vic":"4.12","wa":"9.33"},{"ts":"2013-12-11T02:50:00Z","nsw":"4.50","qld":"5.99","sa":"14.82","tas":"3.31","vic":"4.02","wa":"9.50"},{"ts":"2013-12-11T03:00:00Z","nsw":"4.48","qld":"5.75","sa":"15.04","tas":"3.08","vic":"4.40","wa":"9.14"},{"ts":"2013-12-11T03:10:00Z","nsw":"4.39","qld":"5.10","sa":"15.81","tas":"3.40","vic":"4.07","wa":"9.05"},{"ts":"2013-12-11T03:20:00Z","nsw":"4.47","qld":"5.01","sa":"15.16","tas":"3.63","vic":"4.50","wa":"9.27"},{"ts":"2013-12-11T03:30:00Z","nsw":"4.58","qld":"6.49","sa":"14.95","tas":"3.13","vic":"4.34","wa":"9.19"},{"ts":"2013-12-11T03:40:00Z","nsw":"4.29","qld":"7.85","sa":"13.79","tas":"3.59","vic":"5.00","wa":"9.20"},{"ts":"2013-12-11T03:50:00Z","nsw":"4.31","qld":"7.80","sa":"14.36","tas":"2.57","vic":"4.74","wa":"9.16"},{"ts":"2013-12-11T04:00:00Z","nsw":"4.04","qld":"7.35","sa":"14.15","tas":"2.80","vic":"4.98","wa":"9.02"},{"ts":"2013-12-11T04:10:00Z","nsw":"3.93","qld":"6.64","sa":"14.74","tas":"2.60","vic":"4.34","wa":"9.10"},{"ts":"2013-12-11T04:20:00Z","nsw":"3.95","qld":"5.64","sa":"14.20","tas":"3.15","vic":"4.53","wa":"8.90"},{"ts":"2013-12-11T04:30:00Z","nsw":"3.59","qld":"4.52","sa":"13.67","tas":"2.89","vic":"4.10","wa":"8.94"},{"ts":"2013-12-11T04:40:00Z","nsw":"3.56","qld":"4.07","sa":"12.21","tas":"2.89","vic":"4.54","wa":"8.65"},{"ts":"2013-12-11T04:50:00Z","nsw":"3.51","qld":"3.59","sa":"12.08","tas":"2.32","vic":"4.56","wa":"8.63"},{"ts":"2013-12-11T05:00:00Z","nsw":"3.29","qld":"3.53","sa":"12.00","tas":"2.80","vic":"4.94","wa":"8.51"},{"ts":"2013-12-11T05:10:00Z","nsw":"3.18","qld":"3.56","sa":"11.79","tas":"2.67","vic":"4.58","wa":"8.59"},{"ts":"2013-12-11T05:20:00Z","nsw":"3.09","qld":"3.45","sa":"11.26","tas":"2.37","vic":"4.66","wa":"8.37"},{"ts":"2013-12-11T05:30:00Z","nsw":"2.85","qld":"3.68","sa":"10.83","tas":"2.20","vic":"4.26","wa":"8.26"},{"ts":"2013-12-11T05:40:00Z","nsw":"2.67","qld":"3.47","sa":"10.12","tas":"2.34","vic":"4.19","wa":"8.35"},{"ts":"2013-12-11T05:50:00Z","nsw":"2.53","qld":"2.77","sa":"9.83","tas":"1.90","vic":"3.96","wa":"8.00"},{"ts":"2013-12-11T06:00:00Z","nsw":"2.27","qld":"2.70","sa":"9.63","tas":"2.02","vic":"3.96","wa":"7.96"},{"ts":"2013-12-11T06:10:00Z","nsw":"2.11","qld":"2.56","sa":"9.85","tas":"1.87","vic":"3.27","wa":"7.70"},{"ts":"2013-12-11T06:20:00Z","nsw":"1.93","qld":"2.18","sa":"9.61","tas":"1.85","vic":"3.30","wa":"7.54"},{"ts":"2013-12-11T06:30:00Z","nsw":"1.74","qld":"1.80","sa":"9.75","tas":"1.30","vic":"2.89","wa":"7.22"},{"ts":"2013-12-11T06:40:00Z","nsw":"1.54","qld":"1.22","sa":"9.09","tas":"1.25","vic":"2.87","wa":"7.33"},{"ts":"2013-12-11T06:50:00Z","nsw":"1.46","qld":"0.79","sa":"9.44","tas":"1.07","vic":"2.47","wa":"6.92"},{"ts":"2013-12-11T07:00:00Z","nsw":"1.19","qld":"0.71","sa":"9.42","tas":"1.13","vic":"2.36","wa":"6.93"},{"ts":"2013-12-11T07:10:00Z","nsw":"1.00","qld":"0.51","sa":"8.75","tas":"0.86","vic":"2.09","wa":"6.52"},{"ts":"2013-12-11T07:20:00Z","nsw":"0.95","qld":"0.41","sa":"7.62","tas":"1.08","vic":"1.89","wa":"6.28"},{"ts":"2013-12-11T07:30:00Z","nsw":"0.74","qld":"0.36","sa":"6.79","tas":"0.81","vic":"1.61","wa":"6.01"},{"ts":"2013-12-11T07:40:00Z","nsw":"0.67","qld":"0.27","sa":"5.76","tas":"0.56","vic":"1.51","wa":"5.92"},{"ts":"2013-12-11T07:50:00Z","nsw":"0.57","qld":"0.17","sa":"5.41","tas":"0.54","vic":"1.25","wa":"5.50"},{"ts":"2013-12-11T08:00:00Z","nsw":"0.44","qld":"0.17","sa":"4.41","tas":"0.50","vic":"1.09","wa":"5.10"},{"ts":"2013-12-11T08:10:00Z","nsw":"0.36","qld":"0.11","sa":"3.73","tas":"0.42","vic":"0.95","wa":"4.80"},{"ts":"2013-12-11T08:20:00Z","nsw":"0.32","qld":"0.10","sa":"3.09","tas":"0.35","vic":"0.83","wa":"4.44"},{"ts":"2013-12-11T08:30:00Z","nsw":"0.21","qld":"0.09","sa":"2.65","tas":"0.28","vic":"0.65","wa":"4.16"},{"ts":"2013-12-11T08:40:00Z","nsw":"0.24","qld":"0.15","sa":"2.39","tas":"0.26","vic":"0.52","wa":"3.80"},{"ts":"2013-12-11T08:50:00Z","nsw":"0.16","qld":"0.12","sa":"1.86","tas":"0.22","vic":"0.43","wa":"3.47"},{"ts":"2013-12-11T09:00:00Z","nsw":"0.09","qld":"0.09","sa":"1.38","tas":"0.12","vic":"0.30","wa":"3.10"},{"ts":"2013-12-11T09:10:00Z","nsw":"0.08","qld":"0.10","sa":"1.19","tas":"0.06","vic":"0.18","wa":"2.73"},{"ts":"2013-12-11T09:20:00Z","nsw":"0.06","qld":"0.11","sa":"0.77","tas":"0.06","vic":"0.12","wa":"2.40"},{"ts":"2013-12-11T09:30:00Z","nsw":"0.06","qld":"0.11","sa":"0.51","tas":"0.02","vic":"0.07","wa":"2.05"},{"ts":"2013-12-11T09:40:00Z","nsw":"0.09","qld":"0.11","sa":"0.31","tas":"0.01","vic":"0.06","wa":"1.73"},{"ts":"2013-12-11T09:50:00Z","nsw":"0.07","qld":"0.05","sa":"0.20","tas":"0.02","vic":"0.08","wa":"1.40"},{"ts":"2013-12-11T10:00:00Z","nsw":"0.04","qld":"0.05","sa":"0.18","tas":"0.02","vic":"0.06","wa":"1.25"},{"ts":"2013-12-11T10:10:00Z","nsw":"0.06","qld":"0.06","sa":"0.17","tas":"0.02","vic":"0.04","wa":"1.01"},{"ts":"2013-12-11T10:20:00Z","nsw":"0.06","qld":"0.06","sa":"0.18","tas":"0.02","vic":"0.02","wa":"0.83"},{"ts":"2013-12-11T10:30:00Z","nsw":"0.07","qld":"0.06","sa":"0.18","tas":"0.02","vic":"0.02","wa":"0.61"},{"ts":"2013-12-11T10:40:00Z","nsw":"0.13","qld":"0.06","sa":"0.09","tas":"0.02","vic":"0.07","wa":"0.49"},{"ts":"2013-12-11T10:50:00Z","nsw":"0.14","qld":"0.06","sa":"0.07","tas":"0.02","vic":"0.05","wa":"0.31"},{"ts":"2013-12-11T11:00:00Z","nsw":"0.06","qld":"0.06","sa":"0.07","tas":"0.02","vic":"0.02","wa":"0.16"},{"ts":"2013-12-11T11:10:00Z","nsw":"0.06","qld":"0.05","sa":"0.07","tas":"0.02","vic":"0.02","wa":"0.08"},{"ts":"2013-12-11T11:20:00Z","nsw":"0.13","qld":"0.05","sa":"0.07","tas":"0.02","vic":"0.03","wa":"0.04"},{"ts":"2013-12-11T11:30:00Z","nsw":"0.07","qld":"0.06","sa":"0.08","tas":"0.02","vic":"0.02","wa":"0.03"},{"ts":"2013-12-11T11:40:00Z","nsw":"0.13","qld":"0.05","sa":"0.07","tas":"0.02","vic":"0.02","wa":"0.03"},{"ts":"2013-12-11T11:50:00Z","nsw":"0.14","qld":"0.06","sa":"0.08","tas":"0.02","vic":"0.02","wa":"0.03"}],"demand":[{"ts":"2013-12-10T17:00:00Z","nsw":6067,"qld":4806,"sa":1076,"tas":863,"vic":4107,"wa":1772},{"ts":"2013-12-10T17:10:00Z","nsw":6088,"qld":4792,"sa":1076,"tas":859,"vic":4086,"wa":1772},{"ts":"2013-12-10T17:20:00Z","nsw":6105,"qld":4808,"sa":1080,"tas":872,"vic":4092,"wa":1770},{"ts":"2013-12-10T17:30:00Z","nsw":6089,"qld":4824,"sa":1070,"tas":887,"vic":4100,"wa":1766},{"ts":"2013-12-10T17:40:00Z","nsw":6113,"qld":4846,"sa":1099,"tas":893,"vic":4098},{"ts":"2013-12-10T17:50:00Z","nsw":6146,"qld":4809,"sa":1096,"tas":888,"vic":4152,"wa":1760},{"ts":"2013-12-10T18:00:00Z","nsw":6192,"qld":4874,"sa":1084,"tas":895,"vic":4184,"wa":1732},{"ts":"2013-12-10T18:10:00Z","nsw":6319,"qld":4895,"sa":1089,"tas":903,"vic":4216,"wa":1731},{"ts":"2013-12-10T18:20:00Z","nsw":6382,"qld":4900,"sa":1074,"tas":917,"vic":4292,"wa":1728},{"ts":"2013-12-10T18:30:00Z","nsw":6401,"qld":4901,"sa":1103,"tas":926,"vic":4374,"wa":1715},{"ts":"2013-12-10T18:40:00Z","nsw":6439,"qld":4946,"sa":1118,"tas":940,"vic":4443,"wa":1718},{"ts":"2013-12-10T18:50:00Z","nsw":6534,"qld":4920,"sa":1125,"tas":961,"vic":4507,"wa":1716},{"ts":"2013-12-10T19:00:00Z","nsw":6696,"qld":5006,"sa":1139,"tas":998,"vic":4588,"wa":1718},{"ts":"2013-12-10T19:10:00Z","nsw":6908,"qld":5059,"sa":1122,"tas":1026,"vic":4739,"wa":1714},{"ts":"2013-12-10T19:20:00Z","nsw":7127,"qld":5126,"sa":1134,"tas":1059,"vic":4849,"wa":1714},{"ts":"2013-12-10T19:30:00Z","nsw":7286,"qld":5157,"sa":1149,"tas":1073,"vic":4940,"wa":1720},{"ts":"2013-12-10T19:40:00Z","nsw":7386,"qld":5214,"sa":1163,"tas":1082,"vic":5096,"wa":1720},{"ts":"2013-12-10T19:50:00Z","nsw":7573,"qld":5314,"sa":1193,"tas":1110,"vic":5203,"wa":1723},{"ts":"2013-12-10T20:00:00Z","nsw":7652,"qld":5366,"sa":1216,"tas":1139,"vic":5326,"wa":1709},{"ts":"2013-12-10T20:10:00Z","nsw":7803,"qld":5529,"sa":1230,"tas":1161,"vic":5553,"wa":1708},{"ts":"2013-12-10T20:20:00Z","nsw":7953,"qld":5664,"sa":1261,"tas":1189,"vic":5625,"wa":1707},{"ts":"2013-12-10T20:30:00Z","nsw":8082,"qld":5772,"sa":1291,"tas":1196,"vic":5733,"wa":1723},{"ts":"2013-12-10T20:40:00Z","nsw":8242,"qld":5850,"sa":1331,"tas":1205,"vic":5812,"wa":1721},{"ts":"2013-12-10T20:50:00Z","nsw":8289,"qld":5934,"sa":1374,"tas":1229,"vic":5870,"wa":1718},{"ts":"2013-12-10T21:00:00Z","nsw":8338,"qld":6100,"sa":1382,"tas":1212,"vic":5800,"wa":1729},{"ts":"2013-12-10T21:10:00Z","nsw":8330,"qld":6225,"sa":1381,"tas":1200,"vic":5694,"wa":1738},{"ts":"2013-12-10T21:20:00Z","nsw":8336,"qld":6313,"sa":1390,"tas":1181,"vic":5711,"wa":1749},{"ts":"2013-12-10T21:30:00Z","nsw":8407,"qld":6335,"sa":1395,"tas":1167,"vic":5703,"wa":1769},{"ts":"2013-12-10T21:40:00Z","nsw":8463,"qld":6443,"sa":1376,"tas":1154,"vic":5693,"wa":1783},{"ts":"2013-12-10T21:50:00Z","nsw":8484,"qld":6463,"sa":1373,"tas":1152,"vic":5685,"wa":1799},{"ts":"2013-12-10T22:00:00Z","nsw":8563,"qld":6507,"sa":1359,"tas":1149,"vic":5703,"wa":1858},{"ts":"2013-12-10T22:10:00Z","nsw":8657,"qld":6448,"sa":1359,"tas":1138,"vic":5701,"wa":1885},{"ts":"2013-12-10T22:20:00Z","nsw":8638,"qld":6506,"sa":1342,"tas":1106,"vic":5726,"wa":1915},{"ts":"2013-12-10T22:30:00Z","nsw":8678,"qld":6548,"sa":1366,"tas":1130,"vic":5734,"wa":2006},{"ts":"2013-12-10T22:40:00Z","nsw":8674,"qld":6599,"sa":1366,"tas":1176,"vic":5724,"wa":2016},{"ts":"2013-12-10T22:50:00Z","nsw":8686,"qld":6644,"sa":1338,"tas":1185,"vic":5744,"wa":2042},{"ts":"2013-12-10T23:00:00Z","nsw":8682,"qld":6649,"sa":1307,"tas":1144,"vic":5790,"wa":2125},{"ts":"2013-12-10T23:10:00Z","nsw":8705,"qld":6642,"sa":1301,"tas":1083,"vic":5795,"wa":2142},{"ts":"2013-12-10T23:20:00Z","nsw":8757,"qld":6638,"sa":1277,"tas":1060,"vic":5805,"wa":2162},{"ts":"2013-12-10T23:30:00Z","nsw":8806,"qld":6632,"sa":1268,"tas":1082,"vic":5808,"wa":2219},{"ts":"2013-12-10T23:40:00Z","nsw":8852,"qld":6696,"sa":1272,"tas":1092,"vic":5796,"wa":2235},{"ts":"2013-12-10T23:50:00Z","nsw":8874,"qld":6681,"sa":1315,"tas":1064,"vic":5764,"wa":2236},{"ts":"2013-12-11T00:00:00Z","nsw":8808,"qld":6700,"sa":1330,"tas":1088,"vic":5750,"wa":2265},{"ts":"2013-12-11T00:10:00Z","nsw":8787,"qld":6671,"sa":1314,"tas":1098,"vic":5778,"wa":2275},{"ts":"2013-12-11T00:20:00Z","nsw":8825,"qld":6724,"sa":1323,"tas":1076,"vic":5770,"wa":2282},{"ts":"2013-12-11T00:30:00Z","nsw":8849,"qld":6763,"sa":1293,"tas":1073,"vic":5834,"wa":2293},{"ts":"2013-12-11T00:40:00Z","nsw":8861,"qld":6794,"sa":1265,"tas":1064,"vic":5812,"wa":2292},{"ts":"2013-12-11T00:50:00Z","nsw":8897,"qld":6833,"sa":1290,"tas":1065,"vic":5727,"wa":2302},{"ts":"2013-12-11T01:00:00Z","nsw":8933,"qld":6827,"sa":1301,"tas":1066,"vic":5736,"wa":2308},{"ts":"2013-12-11T01:10:00Z","nsw":8915,"qld":6849,"sa":1312,"tas":1077,"vic":5725,"wa":2335},{"ts":"2013-12-11T01:20:00Z","nsw":8893,"qld":6831,"sa":1319,"tas":1082,"vic":5777,"wa":2341},{"ts":"2013-12-11T01:30:00Z","nsw":8937,"qld":6847,"sa":1296,"tas":1078,"vic":5788,"wa":2357},{"ts":"2013-12-11T01:40:00Z","nsw":8965,"qld":6874,"sa":1296,"tas":1059,"vic":5836,"wa":2355},{"ts":"2013-12-11T01:50:00Z","nsw":9021,"qld":6878,"sa":1276,"tas":1039,"vic":5788,"wa":2350},{"ts":"2013-12-11T02:00:00Z","nsw":8995,"qld":6943,"sa":1268,"tas":1040,"vic":5707,"wa":2355},{"ts":"2013-12-11T02:10:00Z","nsw":9012,"qld":6963,"sa":1267,"tas":1036,"vic":5649,"wa":2334},{"ts":"2013-12-11T02:20:00Z","nsw":8993,"qld":6992,"sa":1290,"tas":1060,"vic":5657,"wa":2333},{"ts":"2013-12-11T02:30:00Z","nsw":9059,"qld":6982,"sa":1292,"tas":1067,"vic":5636,"wa":2368},{"ts":"2013-12-11T02:40:00Z","nsw":9077,"qld":6947,"sa":1312,"tas":1070,"vic":5649,"wa":2379},{"ts":"2013-12-11T02:50:00Z","nsw":9102,"qld":6907,"sa":1297,"tas":1069,"vic":5649,"wa":2385},{"ts":"2013-12-11T03:00:00Z","nsw":9148,"qld":6995,"sa":1300,"tas":1072,"vic":5630,"wa":2434},{"ts":"2013-12-11T03:10:00Z","nsw":9158,"qld":7052,"sa":1312,"tas":1059,"vic":5636,"wa":2479},{"ts":"2013-12-11T03:20:00Z","nsw":9156,"qld":7054,"sa":1295,"tas":1050,"vic":5672,"wa":2490},{"ts":"2013-12-11T03:30:00Z","nsw":9149,"qld":7056,"sa":1297,"tas":1044,"vic":5637,"wa":2452},{"ts":"2013-12-11T03:40:00Z","nsw":9159,"qld":7021,"sa":1331,"tas":1051,"vic":5553,"wa":2502},{"ts":"2013-12-11T03:50:00Z","nsw":9189,"qld":7007,"sa":1331,"tas":1040,"vic":5592,"wa":2497},{"ts":"2013-12-11T04:00:00Z","nsw":9183,"qld":7044,"sa":1314,"tas":1054,"vic":5624,"wa":2540},{"ts":"2013-12-11T04:10:00Z","nsw":9179,"qld":7062,"sa":1317,"tas":1083,"vic":5694,"wa":2545},{"ts":"2013-12-11T04:20:00Z","nsw":9226,"qld":7115,"sa":1330,"tas":1073,"vic":5654,"wa":2552},{"ts":"2013-12-11T04:30:00Z","nsw":9268,"qld":7155,"sa":1331,"tas":1094,"vic":5602,"wa":2612},{"ts":"2013-12-11T04:40:00Z","nsw":9290,"qld":7188,"sa":1320,"tas":1104,"vic":5578,"wa":2623},{"ts":"2013-12-11T04:50:00Z","nsw":9370,"qld":7228,"sa":1344,"tas":1080,"vic":5508,"wa":2626},{"ts":"2013-12-11T05:00:00Z","nsw":9410,"qld":7222,"sa":1341,"tas":1083,"vic":5568,"wa":2660},{"ts":"2013-12-11T05:10:00Z","nsw":9406,"qld":7205,"sa":1349,"tas":1101,"vic":5614,"wa":2661},{"ts":"2013-12-11T05:20:00Z","nsw":9463,"qld":7203,"sa":1358,"tas":1102,"vic":5656,"wa":2669},{"ts":"2013-12-11T05:30:00Z","nsw":9492,"qld":7258,"sa":1351,"tas":1094,"vic":5648,"wa":2676},{"ts":"2013-12-11T05:40:00Z","nsw":9524,"qld":7203,"sa":1344,"tas":1101,"vic":5645,"wa":2690},{"ts":"2013-12-11T05:50:00Z","nsw":9526,"qld":7263,"sa":1362,"tas":1118,"vic":5672,"wa":2695},{"ts":"2013-12-11T06:00:00Z","nsw":9535,"qld":7313,"sa":1354,"tas":1113,"vic":5668,"wa":2714},{"ts":"2013-12-11T06:10:00Z","nsw":9469,"qld":7278,"sa":1358,"tas":1126,"vic":5674,"wa":2719},{"ts":"2013-12-11T06:20:00Z","nsw":9523,"qld":7308,"sa":1381,"tas":1123,"vic":5731,"wa":2734},{"ts":"2013-12-11T06:30:00Z","nsw":9527,"qld":7379,"sa":1370,"tas":1131,"vic":5713,"wa":2758},{"ts":"2013-12-11T06:40:00Z","nsw":9507,"qld":7366,"sa":1387,"tas":1140,"vic":5652,"wa":2762},{"ts":"2013-12-11T06:50:00Z","nsw":9471,"qld":7428,"sa":1394,"tas":1146,"vic":5659,"wa":2771},{"ts":"2013-12-11T07:00:00Z","nsw":9368,"qld":7350,"sa":1395,"tas":1150,"vic":5607,"wa":2783},{"ts":"2013-12-11T07:10:00Z","nsw":9187,"qld":7354,"sa":1358,"tas":1136,"vic":5624,"wa":2794},{"ts":"2013-12-11T07:20:00Z","nsw":9170,"qld":7316,"sa":1352,"tas":1126,"vic":5571,"wa":2800},{"ts":"2013-12-11T07:30:00Z","nsw":9152,"qld":7337,"sa":1373,"tas":1126,"vic":5568,"wa":2832},{"ts":"2013-12-11T07:40:00Z","nsw":9078,"qld":7288,"sa":1386,"tas":1127,"vic":5527,"wa":2843},{"ts":"2013-12-11T07:50:00Z","nsw":9049,"qld":7321,"sa":1399,"tas":1137,"vic":5482,"wa":2851},{"ts":"2013-12-11T08:00:00Z","nsw":8994,"qld":7221,"sa":1379,"tas":1138,"vic":5494,"wa":2861},{"ts":"2013-12-11T08:10:00Z","nsw":8860,"qld":7124,"sa":1408,"tas":1128,"vic":5456,"wa":2869},{"ts":"2013-12-11T08:20:00Z","nsw":8808,"qld":7097,"sa":1395,"tas":1116,"vic":5421,"wa":2875},{"ts":"2013-12-11T08:30:00Z","nsw":8749,"qld":7115,"sa":1404,"tas":1123,"vic":5353,"wa":2893},{"ts":"2013-12-11T08:40:00Z","nsw":8697,"qld":7149,"sa":1405,"tas":1123,"vic":5312,"wa":2889},{"ts":"2013-12-11T08:50:00Z","nsw":8725,"qld":7145,"sa":1398,"tas":1121,"vic":5333,"wa":2895},{"ts":"2013-12-11T09:00:00Z","nsw":8710,"qld":7149,"sa":1400,"tas":1138,"vic":5348,"wa":2871},{"ts":"2013-12-11T09:10:00Z","nsw":8680,"qld":7127,"sa":1399,"tas":1153,"vic":5339,"wa":2866},{"ts":"2013-12-11T09:20:00Z","nsw":8712,"qld":7015,"sa":1420,"tas":1169,"vic":5332,"wa":2867},{"ts":"2013-12-11T09:30:00Z","nsw":8726,"qld":7035,"sa":1420,"tas":1186,"vic":5375,"wa":2860},{"ts":"2013-12-11T09:40:00Z","nsw":8765,"qld":6949,"sa":1418,"tas":1196,"vic":5411,"wa":2861},{"ts":"2013-12-11T09:50:00Z","nsw":8784,"qld":6852,"sa":1439,"tas":1198,"vic":5444,"wa":2843},{"ts":"2013-12-11T10:00:00Z","nsw":8697,"qld":6837,"sa":1449,"tas":1188,"vic":5499,"wa":2799},{"ts":"2013-12-11T10:10:00Z","nsw":8659,"qld":6775,"sa":1465,"tas":1193,"vic":5489,"wa":2793},{"ts":"2013-12-11T10:20:00Z","nsw":8566,"qld":6686,"sa":1488,"tas":1176,"vic":5464,"wa":2789},{"ts":"2013-12-11T10:30:00Z","nsw":8468,"qld":6676,"sa":1500,"tas":1173,"vic":5442,"wa":2739},{"ts":"2013-12-11T10:40:00Z","nsw":8377,"qld":6660,"sa":1505,"tas":1134,"vic":5377,"wa":2747},{"ts":"2013-12-11T10:50:00Z","nsw":8272,"qld":6581,"sa":1492,"tas":1129,"vic":5322,"wa":2747},{"ts":"2013-12-11T11:00:00Z","nsw":8301,"qld":6509,"sa":1484,"tas":1123,"vic":5245,"wa":2682},{"ts":"2013-12-11T11:10:00Z","nsw":8355,"qld":6611,"sa":1446,"tas":1114,"vic":5170,"wa":2677},{"ts":"2013-12-11T11:20:00Z","nsw":8276,"qld":6608,"sa":1433,"tas":1092,"vic":5109,"wa":2678},{"ts":"2013-12-11T11:30:00Z","nsw":8287,"qld":6457,"sa":1435,"tas":1068,"vic":5021,"wa":2675},{"ts":"2013-12-11T11:40:00Z","nsw":8148,"qld":6501,"sa":1412,"tas":1053,"vic":4977,"wa":2678},{"ts":"2013-12-11T11:50:00Z","nsw":7949,"qld":6369,"sa":1390,"tas":1049,"vic":4898,"wa":2704}],"output":[{"ts":"2013-12-10T17:00:00Z","nsw":2,"qld":3,"sa":0,"tas":0,"vic":0,"wa":0},{"ts":"2013-12-10T17:10:00Z","nsw":2,"qld":3,"sa":0,"tas":0,"vic":0,"wa":0},{"ts":"2013-12-10T17:20:00Z","nsw":2,"qld":3,"sa":0,"tas":0,"vic":1,"wa":0},{"ts":"2013-12-10T17:30:00Z","nsw":2,"qld":3,"sa":0,"tas":0,"vic":1,"wa":0},{"ts":"2013-12-10T17:40:00Z","nsw":2,"qld":3,"sa":0,"tas":0,"vic":0},{"ts":"2013-12-10T17:50:00Z","nsw":2,"qld":3,"sa":0,"tas":0,"vic":1,"wa":0},{"ts":"2013-12-10T18:00:00Z","nsw":2,"qld":3,"sa":0,"tas":0,"vic":0,"wa":0},{"ts":"2013-12-10T18:10:00Z","nsw":1,"qld":3,"sa":0,"tas":0,"vic":1,"wa":0},{"ts":"2013-12-10T18:20:00Z","nsw":2,"qld":3,"sa":0,"tas":0,"vic":1,"wa":0},{"ts":"2013-12-10T18:30:00Z","nsw":2,"qld":3,"sa":0,"tas":0,"vic":1,"wa":0},{"ts":"2013-12-10T18:40:00Z","nsw":3,"qld":2,"sa":0,"tas":0,"vic":0,"wa":0},{"ts":"2013-12-10T18:50:00Z","nsw":4,"qld":1,"sa":0,"tas":0,"vic":0,"wa":0},{"ts":"2013-12-10T19:00:00Z","nsw":7,"qld":8,"sa":0,"tas":0,"vic":2,"wa":0},{"ts":"2013-12-10T19:10:00Z","nsw":11,"qld":13,"sa":0,"tas":0,"vic":3,"wa":0},{"ts":"2013-12-10T19:20:00Z","nsw":15,"qld":22,"sa":0,"tas":0,"vic":9,"wa":0},{"ts":"2013-12-10T19:30:00Z","nsw":20,"qld":35,"sa":1,"tas":0,"vic":12,"wa":0},{"ts":"2013-12-10T19:40:00Z","nsw":27,"qld":58,"sa":2,"tas":1,"vic":17,"wa":0},{"ts":"2013-12-10T19:50:00Z","nsw":36,"qld":84,"sa":6,"tas":2,"vic":20,"wa":0},{"ts":"2013-12-10T20:00:00Z","nsw":48,"qld":86,"sa":9,"tas":4,"vic":24,"wa":0},{"ts":"2013-12-10T20:10:00Z","nsw":61,"qld":85,"sa":15,"tas":5,"vic":32,"wa":0},{"ts":"2013-12-10T20:20:00Z","nsw":76,"qld":103,"sa":20,"tas":7,"vic":40,"wa":0},{"ts":"2013-12-10T20:30:00Z","nsw":84,"qld":137,"sa":26,"tas":7,"vic":45,"wa":0},{"ts":"2013-12-10T20:40:00Z","nsw":104,"qld":162,"sa":28,"tas":11,"vic":56,"wa":0},{"ts":"2013-12-10T20:50:00Z","nsw":117,"qld":174,"sa":37,"tas":11,"vic":63,"wa":0},{"ts":"2013-12-10T21:00:00Z","nsw":134,"qld":192,"sa":41,"tas":13,"vic":75,"wa":0},{"ts":"2013-12-10T21:10:00Z","nsw":142,"qld":195,"sa":63,"tas":14,"vic":75,"wa":0},{"ts":"2013-12-10T21:20:00Z","nsw":167,"qld":215,"sa":64,"tas":16,"vic":83,"wa":3},{"ts":"2013-12-10T21:30:00Z","nsw":182,"qld":243,"sa":73,"tas":16,"vic":89,"wa":6},{"ts":"2013-12-10T21:40:00Z","nsw":207,"qld":309,"sa":60,"tas":18,"vic":107,"wa":7},{"ts":"2013-12-10T21:50:00Z","nsw":224,"qld":276,"sa":66,"tas":17,"vic":110,"wa":13},{"ts":"2013-12-10T22:00:00Z","nsw":248,"qld":303,"sa":65,"tas":20,"vic":140,"wa":19},{"ts":"2013-12-10T22:10:00Z","nsw":259,"qld":347,"sa":90,"tas":18,"vic":135,"wa":24},{"ts":"2013-12-10T22:20:00Z","nsw":293,"qld":355,"sa":83,"tas":24,"vic":157,"wa":29},{"ts":"2013-12-10T22:30:00Z","nsw":295,"qld":326,"sa":101,"tas":23,"vic":151,"wa":37},{"ts":"2013-12-10T22:40:00Z","nsw":324,"qld":312,"sa":108,"tas":22,"vic":154,"wa":42},{"ts":"2013-12-10T22:50:00Z","nsw":325,"qld":309,"sa":146,"tas":21,"vic":133,"wa":51},{"ts":"2013-12-10T23:00:00Z","nsw":342,"qld":339,"sa":163,"tas":25,"vic":125,"wa":58},{"ts":"2013-12-10T23:10:00Z","nsw":332,"qld":359,"sa":196,"tas":22,"vic":109,"wa":69},{"ts":"2013-12-10T23:20:00Z","nsw":378,"qld":361,"sa":183,"tas":24,"vic":118,"wa":81},{"ts":"2013-12-10T23:30:00Z","nsw":374,"qld":333,"sa":190,"tas":25,"vic":126,"wa":90},{"ts":"2013-12-10T23:40:00Z","nsw":394,"qld":349,"sa":180,"tas":27,"vic":140,"wa":103},{"ts":"2013-12-10T23:50:00Z","nsw":392,"qld":388,"sa":181,"tas":28,"vic":157,"wa":117},{"ts":"2013-12-11T00:00:00Z","nsw":395,"qld":474,"sa":157,"tas":36,"vic":182,"wa":126},{"ts":"2013-12-11T00:10:00Z","nsw":384,"qld":511,"sa":174,"tas":29,"vic":168,"wa":135},{"ts":"2013-12-11T00:20:00Z","nsw":426,"qld":499,"sa":157,"tas":37,"vic":168,"wa":148},{"ts":"2013-12-11T00:30:00Z","nsw":414,"qld":435,"sa":158,"tas":32,"vic":171,"wa":155},{"ts":"2013-12-11T00:40:00Z","nsw":419,"qld":371,"sa":165,"tas":39,"vic":208,"wa":164},{"ts":"2013-12-11T00:50:00Z","nsw":443,"qld":332,"sa":171,"tas":38,"vic":222,"wa":174},{"ts":"2013-12-11T01:00:00Z","nsw":458,"qld":369,"sa":177,"tas":37,"vic":264,"wa":189},{"ts":"2013-12-11T01:10:00Z","nsw":438,"qld":422,"sa":198,"tas":30,"vic":232,"wa":190},{"ts":"2013-12-11T01:20:00Z","nsw":470,"qld":442,"sa":182,"tas":34,"vic":242,"wa":199},{"ts":"2013-12-11T01:30:00Z","nsw":459,"qld":443,"sa":210,"tas":37,"vic":204,"wa":211},{"ts":"2013-12-11T01:40:00Z","nsw":470,"qld":440,"sa":189,"tas":38,"vic":178,"wa":210},{"ts":"2013-12-11T01:50:00Z","nsw":452,"qld":424,"sa":209,"tas":35,"vic":191,"wa":219},{"ts":"2013-12-11T02:00:00Z","nsw":469,"qld":403,"sa":201,"tas":38,"vic":206,"wa":234},{"ts":"2013-12-11T02:10:00Z","nsw":453,"qld":365,"sa":219,"tas":32,"vic":214,"wa":230},{"ts":"2013-12-11T02:20:00Z","nsw":457,"qld":343,"sa":212,"tas":36,"vic":248,"wa":232},{"ts":"2013-12-11T02:30:00Z","nsw":446,"qld":331,"sa":233,"tas":36,"vic":246,"wa":235},{"ts":"2013-12-11T02:40:00Z","nsw":453,"qld":378,"sa":206,"tas":39,"vic":242,"wa":244},{"ts":"2013-12-11T02:50:00Z","nsw":429,"qld":439,"sa":227,"tas":36,"vic":237,"wa":250},{"ts":"2013-12-11T03:00:00Z","nsw":428,"qld":425,"sa":228,"tas":34,"vic":259,"wa":244},{"ts":"2013-12-11T03:10:00Z","nsw":419,"qld":378,"sa":245,"tas":37,"vic":238,"wa":246},{"ts":"2013-12-11T03:20:00Z","nsw":428,"qld":373,"sa":232,"tas":39,"vic":267,"wa":254},{"ts":"2013-12-11T03:30:00Z","nsw":440,"qld":488,"sa":227,"tas":33,"vic":256,"wa":248},{"ts":"2013-12-11T03:40:00Z","nsw":410,"qld":597,"sa":211,"tas":39,"vic":289,"wa":253},{"ts":"2013-12-11T03:50:00Z","nsw":414,"qld":592,"sa":224,"tas":27,"vic":279,"wa":251},{"ts":"2013-12-11T04:00:00Z","nsw":385,"qld":558,"sa":216,"tas":30,"vic":294,"wa":251},{"ts":"2013-12-11T04:10:00Z","nsw":375,"qld":503,"sa":226,"tas":28,"vic":258,"wa":254},{"ts":"2013-12-11T04:20:00Z","nsw":380,"qld":424,"sa":218,"tas":34,"vic":268,"wa":249},{"ts":"2013-12-11T04:30:00Z","nsw":344,"qld":339,"sa":210,"tas":32,"vic":239,"wa":256},{"ts":"2013-12-11T04:40:00Z","nsw":341,"qld":304,"sa":183,"tas":32,"vic":267,"wa":248},{"ts":"2013-12-11T04:50:00Z","nsw":339,"qld":268,"sa":184,"tas":25,"vic":262,"wa":248},{"ts":"2013-12-11T05:00:00Z","nsw":319,"qld":264,"sa":182,"tas":31,"vic":289,"wa":247},{"ts":"2013-12-11T05:10:00Z","nsw":308,"qld":267,"sa":180,"tas":30,"vic":268,"wa":250},{"ts":"2013-12-11T05:20:00Z","nsw":300,"qld":258,"sa":172,"tas":26,"vic":276,"wa":243},{"ts":"2013-12-11T05:30:00Z","nsw":278,"qld":278,"sa":164,"tas":24,"vic":250,"wa":240},{"ts":"2013-12-11T05:40:00Z","nsw":261,"qld":259,"sa":152,"tas":26,"vic":246,"wa":245},{"ts":"2013-12-11T05:50:00Z","nsw":246,"qld":207,"sa":147,"tas":21,"vic":233,"wa":234},{"ts":"2013-12-11T06:00:00Z","nsw":221,"qld":202,"sa":143,"tas":22,"vic":233,"wa":234},{"ts":"2013-12-11T06:10:00Z","nsw":203,"qld":190,"sa":147,"tas":21,"vic":191,"wa":226},{"ts":"2013-12-11T06:20:00Z","nsw":187,"qld":163,"sa":145,"tas":21,"vic":195,"wa":222},{"ts":"2013-12-11T06:30:00Z","nsw":168,"qld":135,"sa":148,"tas":14,"vic":170,"wa":214},{"ts":"2013-12-11T06:40:00Z","nsw":149,"qld":90,"sa":137,"tas":14,"vic":166,"wa":218},{"ts":"2013-12-11T06:50:00Z","nsw":140,"qld":59,"sa":144,"tas":12,"vic":143,"wa":205},{"ts":"2013-12-11T07:00:00Z","nsw":113,"qld":52,"sa":143,"tas":13,"vic":135,"wa":207},{"ts":"2013-12-11T07:10:00Z","nsw":93,"qld":37,"sa":130,"tas":9,"vic":120,"wa":195},{"ts":"2013-12-11T07:20:00Z","nsw":87,"qld":30,"sa":110,"tas":12,"vic":107,"wa":187},{"ts":"2013-12-11T07:30:00Z","nsw":68,"qld":26,"sa":100,"tas":9,"vic":90,"wa":181},{"ts":"2013-12-11T07:40:00Z","nsw":61,"qld":19,"sa":84,"tas":6,"vic":84,"wa":178},{"ts":"2013-12-11T07:50:00Z","nsw":51,"qld":12,"sa":80,"tas":6,"vic":69,"wa":165},{"ts":"2013-12-11T08:00:00Z","nsw":40,"qld":11,"sa":63,"tas":5,"vic":60,"wa":153},{"ts":"2013-12-11T08:10:00Z","nsw":32,"qld":7,"sa":54,"tas":4,"vic":52,"wa":144},{"ts":"2013-12-11T08:20:00Z","nsw":28,"qld":7,"sa":44,"tas":3,"vic":45,"wa":133},{"ts":"2013-12-11T08:30:00Z","nsw":18,"qld":6,"sa":38,"tas":3,"vic":35,"wa":125},{"ts":"2013-12-11T08:40:00Z","nsw":21,"qld":10,"sa":34,"tas":2,"vic":27,"wa":114},{"ts":"2013-12-11T08:50:00Z","nsw":14,"qld":8,"sa":26,"tas":2,"vic":22,"wa":104},{"ts":"2013-12-11T09:00:00Z","nsw":8,"qld":6,"sa":19,"tas":1,"vic":16,"wa":91},{"ts":"2013-12-11T09:10:00Z","nsw":7,"qld":7,"sa":16,"tas":0,"vic":9,"wa":80},{"ts":"2013-12-11T09:20:00Z","nsw":5,"qld":7,"sa":11,"tas":0,"vic":6,"wa":70},{"ts":"2013-12-11T09:30:00Z","nsw":5,"qld":7,"sa":7,"tas":0,"vic":3,"wa":59},{"ts":"2013-12-11T09:40:00Z","nsw":7,"qld":7,"sa":4,"tas":0,"vic":3,"wa":50},{"ts":"2013-12-11T09:50:00Z","nsw":6,"qld":3,"sa":2,"tas":0,"vic":4,"wa":40},{"ts":"2013-12-11T10:00:00Z","nsw":3,"qld":3,"sa":2,"tas":0,"vic":3,"wa":35},{"ts":"2013-12-11T10:10:00Z","nsw":4,"qld":3,"sa":2,"tas":0,"vic":2,"wa":28},{"ts":"2013-12-11T10:20:00Z","nsw":5,"qld":3,"sa":2,"tas":0,"vic":1,"wa":23},{"ts":"2013-12-11T10:30:00Z","nsw":5,"qld":3,"sa":2,"tas":0,"vic":1,"wa":16},{"ts":"2013-12-11T10:40:00Z","nsw":10,"qld":3,"sa":1,"tas":0,"vic":3,"wa":13},{"ts":"2013-12-11T10:50:00Z","nsw":11,"qld":3,"sa":1,"tas":0,"vic":2,"wa":8},{"ts":"2013-12-11T11:00:00Z","nsw":4,"qld":3,"sa":1,"tas":0,"vic":1,"wa":4},{"ts":"2013-12-11T11:10:00Z","nsw":5,"qld":3,"sa":1,"tas":0,"vic":1,"wa":2},{"ts":"2013-12-11T11:20:00Z","nsw":10,"qld":3,"sa":1,"tas":0,"vic":1,"wa":0},{"ts":"2013-12-11T11:30:00Z","nsw":5,"qld":3,"sa":1,"tas":0,"vic":1,"wa":0},{"ts":"2013-12-11T11:40:00Z","nsw":10,"qld":3,"sa":1,"tas":0,"vic":1,"wa":0},{"ts":"2013-12-11T11:50:00Z","nsw":11,"qld":3,"sa":1,"tas":0,"vic":1,"wa":0}]}