{"performance":[{"ts":"2013-05-13T18:00:00Z","nsw":"0.65","nt":"0.00","qld":"0.51","sa":"0.11","tas":"0.00","vic":"0.05","wa":"0.10"},{"ts":"2013-05-13T18:10:00Z","nsw":"0.14","nt":"0.00","qld":"0.44","sa":"0.11","tas":"0.00","vic":"0.05","wa":"0.11"},{"ts":"2013-05-13T18:20:00Z","nsw":"0.19","nt":"0.00","qld":"0.47","sa":"0.11","tas":"0.00","vic":"0.04","wa":"0.10"},{"ts":"2013-05-13T18:30:00Z","nsw":"0.18","nt":"0.00","qld":"0.47","sa":"0.11","tas":"0.00","vic":"0.05","wa":"0.11"},{"ts":"2013-05-13T18:40:00Z","nsw":"0.19","nt":"0.00","qld":"0.43","sa":"0.11","tas":"0.00","vic":"0.05","wa":"0.10"},{"ts":"2013-05-13T18:50:00Z","nsw":"0.17","nt":"0.00","qld":"0.47","sa":"0.11","tas":"0.00","vic":"0.04","wa":"0.11"},{"ts":"2013-05-13T19:00:00Z","nsw":"0.18","nt":"0.00","qld":"0.50","sa":"0.11","tas":"0.00","vic":"0.04","wa":"0.10"},{"ts":"2013-05-13T19:10:00Z","nsw":"0.16","nt":"0.00","qld":"0.49","sa":"0.11","tas":"0.00","vic":"0.05","wa":"0.11"},{"ts":"2013-05-13T19:20:00Z","nsw":"0.17","nt":"0.00","qld":"0.45","sa":"0.11","tas":"0.00","vic":"0.05","wa":"0.11"},{"ts":"2013-05-13T19:30:00Z","nsw":"0.16","nt":"0.00","qld":"0.45","sa":"0.11","tas":"0.00","vic":"0.07","wa":"0.11"},{"ts":"2013-05-13T19:40:00Z","nsw":"0.18","nt":"0.00","qld":"0.46","sa":"0.11","tas":"0.00","vic":"0.07","wa":"0.10"},{"ts":"2013-05-13T19:50:00Z","nsw":"0.15","nt":"0.00","qld":"0.48","sa":"0.11","tas":"0.00","vic":"0.07","wa":"0.11"},{"ts":"2013-05-13T20:00:00Z","nsw":"0.20","nt":"0.00","qld":"0.49","sa":"0.11","tas":"0.00","vic":"0.06","wa":"0.10"},{"ts":"2013-05-13T20:10:00Z","nsw":"0.18","nt":"0.00","qld":"0.44","sa":"0.11","tas":"0.00","vic":"0.07","wa":"0.11"},{"ts":"2013-05-13T20:20:00Z","nsw":"0.22","nt":"0.00","qld":"0.41","sa":"0.11","tas":"0.00","vic":"0.07","wa":"0.10"},{"ts":"2013-05-13T20:30:00Z","nsw":"0.20","nt":"0.00","qld":"0.35","sa":"0.11","tas":"0.00","vic":"0.07","wa":"0.11"},{"ts":"2013-05-13T20:40:00Z","nsw":"0.22","nt":"0.00","qld":"0.40","sa":"0.11","tas":"0.00","vic":"0.07","wa":"0.10"},{"ts":"2013-05-13T20:50:00Z","nsw":"0.25","nt":"0.00","qld":"0.66","sa":"0.11","tas":"0.00","vic":"0.07","wa":"0.11"},{"ts":"2013-05-13T21:00:00Z","nsw":"0.37","nt":"0.00","qld":"1.25","sa":"0.11","tas":"0.00","vic":"0.08","wa":"0.10"},{"ts":"2013-05-13T21:10:00Z","nsw":"0.71","nt":"0.08","qld":"1.98","sa":"0.11","tas":"0.00","vic":"0.14","wa":"0.12"},{"ts":"2013-05-13T21:20:00Z","nsw":"1.19","nt":"0.00","qld":"2.63","sa":"0.11","tas":"0.10","vic":"0.70","wa":"0.13"},{"ts":"2013-05-13T21:30:00Z","nsw":"1.72","nt":"0.10","qld":"3.45","sa":"0.13","tas":"0.91","vic":"1.36","wa":"0.12"},{"ts":"2013-05-13T21:40:00Z","nsw":"2.61","nt":"0.40","qld":"3.34","sa":"0.14","tas":"2.55","vic":"2.87","wa":"0.11"},{"ts":"2013-05-13T21:50:00Z","nsw":"4.06","nt":"0.82","qld":"4.35","sa":"0.86","tas":"5.06","vic":"4.29","wa":"0.12"},{"ts":"2013-05-13T22:00:00Z","nsw":"5.56","nt":"1.54","qld":"4.95","sa":"1.38","tas":"8.12","vic":"6.39","wa":"0.11"},{"ts":"2013-05-13T22:10:00Z","nsw":"6.18","nt":"2.77","qld":"5.61","sa":"2.30","tas":"9.13","vic":"8.82","wa":"0.12"},{"ts":"2013-05-13T22:20:00Z","nsw":"7.55","nt":"4.70","qld":"6.82","sa":"2.85","tas":"11.23","vic":"11.34","wa":"0.11"},{"ts":"2013-05-13T22:30:00Z","nsw":"7.03","nt":"6.56","qld":"9.40","sa":"4.23","tas":"10.88","vic":"13.91","wa":"0.12"},{"ts":"2013-05-13T22:40:00Z","nsw":"8.09","nt":"7.92","qld":"10.85","sa":"4.97","tas":"10.93","vic":"18.22","wa":"0.10"},{"ts":"2013-05-13T22:50:00Z","nsw":"9.88","nt":"11.33","qld":"11.55","sa":"6.55","tas":"12.32","vic":"18.49","wa":"0.12"},{"ts":"2013-05-13T23:00:00Z","nsw":"11.08","nt":"12.45","qld":"13.16","sa":"7.67","tas":"15.27","vic":"22.88","wa":"0.12"},{"ts":"2013-05-13T23:10:00Z","nsw":"13.82","nt":"16.44","qld":"13.85","sa":"8.94","tas":"15.81","vic":"24.61","wa":"0.72"},{"ts":"2013-05-13T23:20:00Z","nsw":"17.21","nt":"19.18","qld":"15.14","sa":"8.53","tas":"19.59","vic":"28.04","wa":"1.21"},{"ts":"2013-05-13T23:30:00Z","nsw":"17.21","nt":"22.65","qld":"16.55","sa":"10.97","tas":"21.56","vic":"29.62","wa":"2.41"},{"ts":"2013-05-13T23:40:00Z","nsw":"21.13","nt":"25.98","qld":"17.48","sa":"11.45","tas":"20.23","vic":"33.98","wa":"4.73"},{"ts":"2013-05-13T23:50:00Z","nsw":"23.26","nt":"29.29","qld":"17.96","sa":"14.07","tas":"21.69","vic":"34.61","wa":"7.63"},{"ts":"2013-05-14T00:00:00Z","nsw":"29.10","nt":"33.52","qld":"19.15","sa":"16.06","tas":"29.40","vic":"37.10","wa":"11.16"},{"ts":"2013-05-14T00:10:00Z","nsw":"31.51","nt":"40.15","qld":"20.69","sa":"20.97","tas":"35.28","vic":"39.12","wa":"14.11"},{"ts":"2013-05-14T00:20:00Z","nsw":"35.27","nt":"42.95","qld":"23.95","sa":"24.05","tas":"44.03","vic":"40.55","wa":"17.75"},{"ts":"2013-05-14T00:30:00Z","nsw":"36.64","nt":"45.94","qld":"26.19","sa":"27.94","tas":"45.32","vic":"40.61","wa":"21.49"},{"ts":"2013-05-14T00:40:00Z","nsw":"38.72","nt":"48.68","qld":"25.66","sa":"30.55","tas":"52.55","vic":"44.65","wa":"24.55"},{"ts":"2013-05-14T00:50:00Z","nsw":"42.62","nt":"49.87","qld":"25.79","sa":"34.81","tas":"47.45","vic":"42.11","wa":"28.19"},{"ts":"2013-05-14T01:00:00Z","nsw":"40.81","nt":"53.62","qld":"29.44","sa":"33.48","tas":"50.57","vic":"42.28","wa":"30.75"},{"ts":"2013-05-14T01:10:00Z","nsw":"47.24","nt":"55.61","qld":"29.92","sa":"35.21","tas":"45.81","vic":"43.76","wa":"33.60"},{"ts":"2013-05-14T01:20:00Z","nsw":"42.91","nt":"57.67","qld":"33.91","sa":"28.45","tas":"47.50","vic":"42.97","wa":"36.94"},{"ts":"2013-05-14T01:30:00Z","nsw":"43.02","nt":"59.15","qld":"36.70","sa":"32.01","tas":"45.84","vic":"41.19","wa":"39.99"},{"ts":"2013-05-14T01:40:00Z","nsw":"48.07","nt":"61.07","qld":"37.18","sa":"30.80","tas":"51.41","vic":"40.63","wa":"39.97"},{"ts":"2013-05-14T01:50:00Z","nsw":"45.92","nt":"62.71","qld":"36.46","sa":"32.57","tas":"41.91","vic":"39.77","wa":"43.47"},{"ts":"2013-05-14T02:00:00Z","nsw":"49.86","nt":"63.97","qld":"34.74","sa":"33.78","tas":"39.09","vic":"36.46","wa":"44.45"},{"ts":"2013-05-14T02:10:00Z","nsw":"47.23","nt":"64.87","qld":"35.05","sa":"37.74","tas":"31.28","vic":"30.31","wa":"46.25"},{"ts":"2013-05-14T02:20:00Z","nsw":"48.44","nt":"65.49","qld":"37.06","sa":"39.28","tas":"33.03","vic":"34.09","wa":"49.17"},{"ts":"2013-05-14T02:30:00Z","nsw":"46.18","nt":"55.86","qld":"38.89","sa":"38.91","tas":"28.61","vic":"28.17","wa":"53.28"},{"ts":"2013-05-14T02:40:00Z","nsw":"45.08","nt":"68.70","qld":"41.61","sa":"40.26","tas":"30.26","vic":"26.86","wa":"52.81"},{"ts":"2013-05-14T02:50:00Z","nsw":"49.91","nt":"69.29","qld":"43.15","sa":"40.17","tas":"27.57","vic":"25.01","wa":"55.03"},{"ts":"2013-05-14T03:00:00Z","nsw":"50.92","nt":"68.53","qld":"44.18","sa":"40.40","tas":"28.08","vic":"25.07","wa":"55.64"},{"ts":"2013-05-14T03:10:00Z","nsw":"46.15","nt":"66.40","qld":"42.97","sa":"41.94","tas":"18.43","vic":"23.30","wa":"56.77"},{"ts":"2013-05-14T03:20:00Z","nsw":"44.04","nt":"70.35","qld":"42.86","sa":"39.58","tas":"18.30","vic":"24.13","wa":"56.49"},{"ts":"2013-05-14T03:30:00Z","nsw":"42.25","nt":"58.83","qld":"43.25","sa":"44.69","tas":"15.49","vic":"22.43","wa":"59.61"},{"ts":"2013-05-14T03:40:00Z","nsw":"41.70","nt":"67.92","qld":"43.01","sa":"47.17","tas":"13.82","vic":"22.04","wa":"59.22"},{"ts":"2013-05-14T03:50:00Z","nsw":"42.25","nt":"71.36","qld":"39.52","sa":"48.39","tas":"13.51","vic":"19.89","wa":"59.29"},{"ts":"2013-05-14T04:00:00Z","nsw":"39.01","nt":"50.92","qld":"38.60","sa":"42.52","tas":"12.01","vic":"19.65","wa":"60.61"},{"ts":"2013-05-14T04:10:00Z","nsw":"34.74","nt":"46.14","qld":"34.30","sa":"40.21","tas":"12.28","vic":"17.63","wa":"58.88"},{"ts":"2013-05-14T04:20:00Z","nsw":"35.87","nt":"61.88","qld":"35.96","sa":"42.29","tas":"15.89","vic":"15.88","wa":"59.96"},{"ts":"2013-05-14T04:30:00Z","nsw":"32.17","nt":"63.84","qld":"32.48","sa":"44.95","tas":"14.68","vic":"13.61","wa":"59.65"},{"ts":"2013-05-14T04:40:00Z","nsw":"29.61","nt":"29.11","qld":"28.32","sa":"41.31","tas":"13.63","vic":"12.77","wa":"57.68"},{"ts":"2013-05-14T04:50:00Z","nsw":"25.99","nt":"47.62","qld":"26.64","sa":"39.00","tas":"8.54","vic":"11.89","wa":"57.93"},{"ts":"2013-05-14T05:00:00Z","nsw":"23.84","nt":"44.71","qld":"23.81","sa":"30.74","tas":"6.47","vic":"9.99","wa":"58.84"},{"ts":"2013-05-14T05:10:00Z","nsw":"21.02","nt":"40.99","qld":"21.88","sa":"28.67","tas":"6.80","vic":"9.15","wa":"55.94"},{"ts":"2013-05-14T05:20:00Z","nsw":"19.07","nt":"34.38","qld":"20.87","sa":"23.29","tas":"4.66","vic":"8.68","wa":"55.11"},{"ts":"2013-05-14T05:30:00Z","nsw":"16.07","nt":"43.45","qld":"20.86","sa":"20.95","tas":"5.11","vic":"7.51","wa":"54.80"},{"ts":"2013-05-14T05:40:00Z","nsw":"15.25","nt":"43.05","qld":"18.21","sa":"19.55","tas":"6.94","vic":"7.22","wa":"52.50"},{"ts":"2013-05-14T05:50:00Z","nsw":"12.44","nt":"49.88","qld":"15.96","sa":"18.56","tas":"3.93","vic":"6.29","wa":"51.07"},{"ts":"2013-05-14T06:00:00Z","nsw":"10.61","nt":"57.28","qld":"12.22","sa":"16.57","tas":"4.99","vic":"5.70","wa":"51.09"},{"ts":"2013-05-14T06:10:00Z","nsw":"7.86","nt":"44.06","qld":"9.12","sa":"15.93","tas":"4.91","vic":"4.73","wa":"48.13"},{"ts":"2013-05-14T06:20:00Z","nsw":"6.19","nt":"42.54","qld":"6.64","sa":"13.93","tas":"3.11","vic":"4.45","wa":"47.47"},{"ts":"2013-05-14T06:30:00Z","nsw":"4.26","nt":"43.37","qld":"5.12","sa":"13.39","tas":"1.65","vic":"3.67","wa":"45.78"},{"ts":"2013-05-14T06:40:00Z","nsw":"2.89","nt":"32.83","qld":"3.34","sa":"11.60","tas":"0.94","vic":"3.22","wa":"42.86"},{"ts":"2013-05-14T06:50:00Z","nsw":"1.57","nt":"30.74","qld":"2.42","sa":"9.41","tas":"0.37","vic":"2.33","wa":"40.43"},{"ts":"2013-05-14T07:00:00Z","nsw":"0.91","nt":"20.37","qld":"1.93","sa":"7.49","tas":"0.21","vic":"1.57","wa":"37.39"},{"ts":"2013-05-14T07:10:00Z","nsw":"0.58","nt":"17.40","qld":"1.27","sa":"5.55","tas":"0.09","vic":"0.87","wa":"35.62"},{"ts":"2013-05-14T07:20:00Z","nsw":"0.41","nt":"14.15","qld":"1.21","sa":"3.11","tas":"0.07","vic":"0.71","wa":"34.15"},{"ts":"2013-05-14T07:30:00Z","nsw":"0.34","nt":"13.50","qld":"0.99","sa":"1.71","tas":"0.03","vic":"0.65","wa":"29.81"},{"ts":"2013-05-14T07:40:00Z","nsw":"0.37","nt":"6.41","qld":"0.64","sa":"0.87","tas":"0.00","vic":"0.61","wa":"27.26"},{"ts":"2013-05-14T07:50:00Z","nsw":"0.38","nt":"9.41","qld":"0.51","sa":"0.44","tas":"0.00","vic":"0.38","wa":"24.71"},{"ts":"2013-05-14T08:00:00Z","nsw":"0.43","nt":"7.00","qld":"0.39","sa":"0.37","tas":"0.00","vic":"0.60","wa":"20.90"},{"ts":"2013-05-14T08:10:00Z","nsw":"0.69","nt":"7.78","qld":"0.40","sa":"0.33","tas":"0.00","vic":"0.42","wa":"17.56"},{"ts":"2013-05-14T08:20:00Z","nsw":"0.60","nt":"5.87","qld":"0.44","sa":"0.26","tas":"0.00","vic":"0.40","wa":"14.86"},{"ts":"2013-05-14T08:30:00Z","nsw":"0.66","nt":"4.52","qld":"0.47","sa":"0.15","tas":"0.00","vic":"0.39","wa":"12.14"},{"ts":"2013-05-14T08:40:00Z","nsw":"0.70","nt":"2.38","qld":"0.46","sa":"0.15","tas":"0.00","vic":"0.44","wa":"9.01"},{"ts":"2013-05-14T08:50:00Z","nsw":"0.50","nt":"0.57","qld":"0.46","sa":"0.15","tas":"0.00","vic":"0.37","wa":"6.14"},{"ts":"2013-05-14T09:00:00Z","nsw":"0.62","nt":"0.37","qld":"0.43","sa":"0.15","tas":"0.00","vic":"0.23","wa":"3.87"},{"ts":"2013-05-14T09:10:00Z","nsw":"0.51","nt":"0.37","qld":"0.47","sa":"0.14","tas":"0.00","vic":"0.23","wa":"1.72"},{"ts":"2013-05-14T09:20:00Z","nsw":"1.77","nt":"0.37","qld":"0.43","sa":"0.14","tas":"0.00","vic":"0.23","wa":"0.52"},{"ts":"2013-05-14T09:30:00Z","nsw":"0.60","nt":"0.27","qld":"0.45","sa":"0.12","tas":"0.00","vic":"1.39","wa":"0.26"},{"ts":"2013-05-14T09:40:00Z","nsw":"0.60","nt":"0.28","qld":"0.46","sa":"0.12","tas":"0.00","vic":"0.18","wa":"0.18"},{"ts":"2013-05-14T09:50:00Z","nsw":"0.62","nt":"0.28","qld":"0.46","sa":"0.12","tas":"0.00","vic":"0.34","wa":"0.20"},{"ts":"2013-05-14T10:00:00Z","nsw":"0.65","nt":"0.44","qld":"0.46","sa":"0.12","tas":"0.00","vic":"0.54","wa":"0.22"},{"ts":"2013-05-14T10:10:00Z","nsw":"1.64","nt":"0.44","qld":"0.45","sa":"0.12","tas":"0.00","vic":"0.33","wa":"0.23"},{"ts":"2013-05-14T10:20:00Z","nsw":"1.78","nt":"0.44","qld":"0.46","sa":"0.12","tas":"0.00","vic":"0.37","wa":"0.21"},{"ts":"2013-05-14T10:30:00Z","nsw":"0.77","nt":"0.44","qld":"0.46","sa":"0.12","tas":"0.00","vic":"0.35","wa":"0.27"},{"ts":"2013-05-14T10:40:00Z","nsw":"0.55","nt":"0.44","qld":"0.46","sa":"0.14","tas":"0.00","vic":"0.43","wa":"0.26"},{"ts":"2013-05-14T10:50:00Z","nsw":"0.57","nt":"0.44","qld":"0.46","sa":"0.12","tas":"0.00","vic":"0.43","wa":"0.28"},{"ts":"2013-05-14T11:00:00Z","nsw":"0.55","nt":"0.44","qld":"0.47","sa":"0.19","tas":"0.00","vic":"0.45","wa":"0.26"},{"ts":"2013-05-14T11:10:00Z","nsw":"0.54","nt":"0.44","qld":"0.49","sa":"0.13","tas":"0.00","vic":"0.56","wa":"0.27"},{"ts":"2013-05-14T11:20:00Z","nsw":"0.60","nt":"0.44","qld":"0.46","sa":"0.13","tas":"0.00","vic":"0.63","wa":"0.26"},{"ts":"2013-05-14T11:30:00Z","nsw":"0.53","nt":"0.44","qld":"0.45","sa":"0.13","tas":"0.00","vic":"0.40","wa":"0.27"},{"ts":"2013-05-14T11:40:00Z","nsw":"0.54","nt":"0.44","qld":"0.46","sa":"0.12","tas":"0.00","vic":"0.56","wa":"0.26"},{"ts":"2013-05-14T11:50:00Z","nsw":"0.55","nt":"0.44","qld":"0.46","sa":"0.12","tas":"0.00","vic":"0.62","wa":"0.27"},{"ts":"2013-05-14T12:00:00Z","nsw":"0.65","nt":"0.44","qld":"0.50","sa":"0.12","tas":"0.00","vic":"0.53","wa":"0.24"},{"ts":"2013-05-14T12:10:00Z","nsw":"0.51","nt":"0.44","qld":"0.47","sa":"0.11","tas":"0.00","vic":"0.35","wa":"0.29"},{"ts":"2013-05-14T12:20:00Z","nsw":"0.71","nt":"0.44","qld":"0.46","sa":"0.12","tas":"0.00","vic":"0.32","wa":"0.27"},{"ts":"2013-05-14T12:30:00Z","nsw":"0.71","nt":"0.44","qld":"0.46","sa":"0.11","tas":"0.00","vic":"0.24","wa":"0.28"},{"ts":"2013-05-14T12:40:00Z","nsw":"0.50","nt":"0.44","qld":"0.46","sa":"0.15","tas":"0.00","vic":"0.41","wa":"0.24"},{"ts":"2013-05-14T12:50:00Z","nsw":"0.58","nt":"0.44","qld":"0.46","sa":"0.12","tas":"0.00","vic":"0.24","wa":"0.25"}],"contribution":[{"ts":"2013-05-13T18:00:00Z","nsw":"0.06","qld":"0.09","sa":"0.04","tas":"0.00","vic":"0.01","wa":"0.02"},{"ts":"2013-05-13T18:10:00Z","nsw":"0.01","qld":"0.08","sa":"0.04","tas":"0.00","vic":"0.01"},{"ts":"2013-05-13T18:20:00Z","nsw":"0.02","qld":"0.08","sa":"0.04","tas":"0.00","vic":"0.00"},{"ts":"2013-05-13T18:30:00Z","nsw":"0.02","qld":"0.08","sa":"0.04","tas":"0.00","vic":"0.00","wa":"0.02"},{"ts":"2013-05-13T18:40:00Z","nsw":"0.02","qld":"0.08","sa":"0.04","tas":"0.00","vic":"0.01"},{"ts":"2013-05-13T18:50:00Z","nsw":"0.02","qld":"0.08","sa":"0.04","tas":"0.00","vic":"0.00"},{"ts":"2013-05-13T19:00:00Z","nsw":"0.02","qld":"0.08","sa":"0.04","tas":"0.00","vic":"0.00","wa":"0.02"},{"ts":"2013-05-13T19:10:00Z","nsw":"0.01","qld":"0.08","sa":"0.04","tas":"0.00","vic":"0.00"},{"ts":"2013-05-13T19:20:00Z","nsw":"0.02","qld":"0.08","sa":"0.04","tas":"0.00","vic":"0.00"},{"ts":"2013-05-13T19:30:00Z","nsw":"0.01","qld":"0.07","sa":"0.04","tas":"0.00","vic":"0.01","wa":"0.02"},{"ts":"2013-05-13T19:40:00Z","nsw":"0.02","qld":"0.07","sa":"0.04","tas":"0.00","vic":"0.01"},{"ts":"2013-05-13T19:50:00Z","nsw":"0.01","qld":"0.08","sa":"0.04","tas":"0.00","vic":"0.01"},{"ts":"2013-05-13T20:00:00Z","nsw":"0.02","qld":"0.07","sa":"0.04","tas":"0.00","vic":"0.01","wa":"0.02"},{"ts":"2013-05-13T20:10:00Z","nsw":"0.01","qld":"0.07","sa":"0.04","tas":"0.00","vic":"0.01"},{"ts":"2013-05-13T20:20:00Z","nsw":"0.02","qld":"0.06","sa":"0.04","tas":"0.00","vic":"0.01"},{"ts":"2013-05-13T20:30:00Z","nsw":"0.01","qld":"0.05","sa":"0.03","tas":"0.00","vic":"0.01","wa":"0.02"},{"ts":"2013-05-13T20:40:00Z","nsw":"0.02","qld":"0.06","sa":"0.03","tas":"0.00","vic":"0.01"},{"ts":"2013-05-13T20:50:00Z","nsw":"0.02","qld":"0.09","sa":"0.03","tas":"0.00","vic":"0.01"},{"ts":"2013-05-13T21:00:00Z","nsw":"0.03","qld":"0.17","sa":"0.03","tas":"0.00","vic":"0.01","wa":"0.02"},{"ts":"2013-05-13T21:10:00Z","nsw":"0.05","qld":"0.26","sa":"0.03","tas":"0.00","vic":"0.01"},{"ts":"2013-05-13T21:20:00Z","nsw":"0.08","qld":"0.35","sa":"0.03","tas":"0.00","vic":"0.05"},{"ts":"2013-05-13T21:30:00Z","nsw":"0.11","qld":"0.45","sa":"0.03","tas":"0.02","vic":"0.09","wa":"0.03"},{"ts":"2013-05-13T21:40:00Z","nsw":"0.17","qld":"0.43","sa":"0.04","tas":"0.06","vic":"0.20"},{"ts":"2013-05-13T21:50:00Z","nsw":"0.26","qld":"0.56","sa":"0.23","tas":"0.13","vic":"0.29"},{"ts":"2013-05-13T22:00:00Z","nsw":"0.36","qld":"0.64","sa":"0.36","tas":"0.20","vic":"0.43","wa":"0.02"},{"ts":"2013-05-13T22:10:00Z","nsw":"0.39","qld":"0.73","sa":"0.58","tas":"0.22","vic":"0.59"},{"ts":"2013-05-13T22:20:00Z","nsw":"0.48","qld":"0.88","sa":"0.71","tas":"0.28","vic":"0.76"},{"ts":"2013-05-13T22:30:00Z","nsw":"0.44","qld":"1.20","sa":"1.06","tas":"0.28","vic":"0.93","wa":"0.02"},{"ts":"2013-05-13T22:40:00Z","nsw":"0.51","qld":"1.39","sa":"1.22","tas":"0.28","vic":"1.22"},{"ts":"2013-05-13T22:50:00Z","nsw":"0.62","qld":"1.48","sa":"1.63","tas":"0.31","vic":"1.23"},{"ts":"2013-05-13T23:00:00Z","nsw":"0.70","qld":"1.71","sa":"1.90","tas":"0.39","vic":"1.53","wa":"0.02"},{"ts":"2013-05-13T23:10:00Z","nsw":"0.87","qld":"1.79","sa":"2.22","tas":"0.41","vic":"1.65"},{"ts":"2013-05-13T23:20:00Z","nsw":"1.08","qld":"1.94","sa":"2.14","tas":"0.51","vic":"1.87"},{"ts":"2013-05-13T23:30:00Z","nsw":"1.09","qld":"2.13","sa":"2.71","tas":"0.56","vic":"2.00","wa":"0.35"},{"ts":"2013-05-13T23:40:00Z","nsw":"1.33","qld":"2.24","sa":"2.83","tas":"0.53","vic":"2.31"},{"ts":"2013-05-13T23:50:00Z","nsw":"1.47","qld":"2.31","sa":"3.43","tas":"0.58","vic":"2.36"},{"ts":"2013-05-14T00:00:00Z","nsw":"1.83","qld":"2.45","sa":"3.91","tas":"0.80","vic":"2.52","wa":"1.50"},{"ts":"2013-05-14T00:10:00Z","nsw":"1.98","qld":"2.65","sa":"5.14","tas":"0.98","vic":"2.67"},{"ts":"2013-05-14T00:20:00Z","nsw":"2.24","qld":"3.09","sa":"5.93","tas":"1.22","vic":"2.78"},{"ts":"2013-05-14T00:30:00Z","nsw":"2.31","qld":"3.39","sa":"6.87","tas":"1.27","vic":"2.79","wa":"2.86"},{"ts":"2013-05-14T00:40:00Z","nsw":"2.44","qld":"3.35","sa":"7.63","tas":"1.48","vic":"3.07"},{"ts":"2013-05-14T00:50:00Z","nsw":"2.72","qld":"3.35","sa":"8.81","tas":"1.34","vic":"2.94"},{"ts":"2013-05-14T01:00:00Z","nsw":"2.64","qld":"3.78","sa":"8.44","tas":"1.44","vic":"2.95","wa":"4.14"},{"ts":"2013-05-14T01:10:00Z","nsw":"3.04","qld":"3.85","sa":"8.77","tas":"1.29","vic":"3.06"},{"ts":"2013-05-14T01:20:00Z","nsw":"2.77","qld":"4.35","sa":"7.13","tas":"1.33","vic":"3.00"},{"ts":"2013-05-14T01:30:00Z","nsw":"2.77","qld":"4.74","sa":"7.73","tas":"1.30","vic":"2.90","wa":"5.43"},{"ts":"2013-05-14T01:40:00Z","nsw":"3.10","qld":"4.80","sa":"7.55","tas":"1.47","vic":"2.83"},{"ts":"2013-05-14T01:50:00Z","nsw":"2.97","qld":"4.70","sa":"7.92","tas":"1.20","vic":"2.80"},{"ts":"2013-05-14T02:00:00Z","nsw":"3.23","qld":"4.54","sa":"8.24","tas":"1.12","vic":"2.59","wa":"6.11"},{"ts":"2013-05-14T02:10:00Z","nsw":"3.09","qld":"4.54","sa":"9.36","tas":"0.90","vic":"2.11"},{"ts":"2013-05-14T02:20:00Z","nsw":"3.16","qld":"4.77","sa":"9.40","tas":"0.95","vic":"2.37"},{"ts":"2013-05-14T02:30:00Z","nsw":"3.02","qld":"5.01","sa":"9.39","tas":"0.83","vic":"1.95","wa":"7.33"},{"ts":"2013-05-14T02:40:00Z","nsw":"2.97","qld":"5.37","sa":"9.67","tas":"0.86","vic":"1.89"},{"ts":"2013-05-14T02:50:00Z","nsw":"3.28","qld":"5.57","sa":"9.69","tas":"0.79","vic":"1.76"},{"ts":"2013-05-14T03:00:00Z","nsw":"3.35","qld":"5.69","sa":"9.88","tas":"0.80","vic":"1.74","wa":"7.76"},{"ts":"2013-05-14T03:10:00Z","nsw":"3.06","qld":"5.56","sa":"10.22","tas":"0.53","vic":"1.63"},{"ts":"2013-05-14T03:20:00Z","nsw":"2.91","qld":"5.53","sa":"9.79","tas":"0.52","vic":"1.66"},{"ts":"2013-05-14T03:30:00Z","nsw":"2.80","qld":"5.63","sa":"10.81","tas":"0.44","vic":"1.56","wa":"8.36"},{"ts":"2013-05-14T03:40:00Z","nsw":"2.75","qld":"5.59","sa":"11.38","tas":"0.40","vic":"1.54"},{"ts":"2013-05-14T03:50:00Z","nsw":"2.79","qld":"5.10","sa":"11.44","tas":"0.38","vic":"1.38"},{"ts":"2013-05-14T04:00:00Z","nsw":"2.58","qld":"4.99","sa":"10.22","tas":"0.34","vic":"1.36","wa":"8.56"},{"ts":"2013-05-14T04:10:00Z","nsw":"2.32","qld":"4.46","sa":"9.70","tas":"0.34","vic":"1.21"},{"ts":"2013-05-14T04:20:00Z","nsw":"2.39","qld":"4.66","sa":"10.07","tas":"0.46","vic":"1.10"},{"ts":"2013-05-14T04:30:00Z","nsw":"2.14","qld":"4.24","sa":"10.62","tas":"0.41","vic":"0.95","wa":"8.48"},{"ts":"2013-05-14T04:40:00Z","nsw":"1.98","qld":"3.71","sa":"9.65","tas":"0.38","vic":"0.89"},{"ts":"2013-05-14T04:50:00Z","nsw":"1.74","qld":"3.48","sa":"9.20","tas":"0.24","vic":"0.83"},{"ts":"2013-05-14T05:00:00Z","nsw":"1.60","qld":"3.11","sa":"7.56","tas":"0.18","vic":"0.70","wa":"8.41"},{"ts":"2013-05-14T05:10:00Z","nsw":"1.41","qld":"2.85","sa":"7.14","tas":"0.19","vic":"0.64"},{"ts":"2013-05-14T05:20:00Z","nsw":"1.30","qld":"2.74","sa":"5.60","tas":"0.13","vic":"0.61"},{"ts":"2013-05-14T05:30:00Z","nsw":"1.09","qld":"2.72","sa":"5.14","tas":"0.14","vic":"0.52","wa":"7.85"},{"ts":"2013-05-14T05:40:00Z","nsw":"1.03","qld":"2.39","sa":"4.84","tas":"0.19","vic":"0.50"},{"ts":"2013-05-14T05:50:00Z","nsw":"0.84","qld":"2.10","sa":"4.61","tas":"0.11","vic":"0.44"},{"ts":"2013-05-14T06:00:00Z","nsw":"0.71","qld":"1.60","sa":"4.20","tas":"0.14","vic":"0.39","wa":"7.32"},{"ts":"2013-05-14T06:10:00Z","nsw":"0.53","qld":"1.20","sa":"4.01","tas":"0.13","vic":"0.33"},{"ts":"2013-05-14T06:20:00Z","nsw":"0.41","qld":"0.86","sa":"3.40","tas":"0.09","vic":"0.30"},{"ts":"2013-05-14T06:30:00Z","nsw":"0.28","qld":"0.66","sa":"3.21","tas":"0.04","vic":"0.25","wa":"6.55"},{"ts":"2013-05-14T06:40:00Z","nsw":"0.19","qld":"0.42","sa":"2.82","tas":"0.03","vic":"0.22"},{"ts":"2013-05-14T06:50:00Z","nsw":"0.10","qld":"0.31","sa":"2.24","tas":"0.01","vic":"0.16"},{"ts":"2013-05-14T07:00:00Z","nsw":"0.06","qld":"0.24","sa":"1.75","tas":"0.01","vic":"0.10","wa":"5.40"},{"ts":"2013-05-14T07:10:00Z","nsw":"0.04","qld":"0.16","sa":"1.31","tas":"0.00","vic":"0.06"},{"ts":"2013-05-14T07:20:00Z","nsw":"0.03","qld":"0.15","sa":"0.74","tas":"0.00","vic":"0.05"},{"ts":"2013-05-14T07:30:00Z","nsw":"0.02","qld":"0.12","sa":"0.40","tas":"0.00","vic":"0.04","wa":"4.32"},{"ts":"2013-05-14T07:40:00Z","nsw":"0.02","qld":"0.08","sa":"0.21","tas":"0.00","vic":"0.04"},{"ts":"2013-05-14T07:50:00Z","nsw":"0.02","qld":"0.06","sa":"0.10","tas":"0.00","vic":"0.02"},{"ts":"2013-05-14T08:00:00Z","nsw":"0.02","qld":"0.05","sa":"0.08","tas":"0.00","vic":"0.04","wa":"3.03"},{"ts":"2013-05-14T08:10:00Z","nsw":"0.04","qld":"0.05","sa":"0.07","tas":"0.00","vic":"0.03"},{"ts":"2013-05-14T08:20:00Z","nsw":"0.04","qld":"0.05","sa":"0.06","tas":"0.00","vic":"0.02"},{"ts":"2013-05-14T08:30:00Z","nsw":"0.04","qld":"0.06","sa":"0.03","tas":"0.00","vic":"0.02","wa":"1.75"},{"ts":"2013-05-14T08:40:00Z","nsw":"0.04","qld":"0.06","sa":"0.03","tas":"0.00","vic":"0.03"},{"ts":"2013-05-14T08:50:00Z","nsw":"0.03","qld":"0.06","sa":"0.03","tas":"0.00","vic":"0.02"},{"ts":"2013-05-14T09:00:00Z","nsw":"0.04","qld":"0.05","sa":"0.03","tas":"0.00","vic":"0.01","wa":"0.55"},{"ts":"2013-05-14T09:10:00Z","nsw":"0.03","qld":"0.06","sa":"0.03","tas":"0.00","vic":"0.01"},{"ts":"2013-05-14T09:20:00Z","nsw":"0.11","qld":"0.06","sa":"0.03","tas":"0.00","vic":"0.01"},{"ts":"2013-05-14T09:30:00Z","nsw":"0.04","qld":"0.06","sa":"0.03","tas":"0.00","vic":"0.09","wa":"0.04"},{"ts":"2013-05-14T09:40:00Z","nsw":"0.04","qld":"0.06","sa":"0.03","tas":"0.00","vic":"0.01"},{"ts":"2013-05-14T09:50:00Z","nsw":"0.04","qld":"0.06","sa":"0.03","tas":"0.00","vic":"0.02"},{"ts":"2013-05-14T10:00:00Z","nsw":"0.04","qld":"0.06","sa":"0.03","tas":"0.00","vic":"0.04","wa":"0.03"},{"ts":"2013-05-14T10:10:00Z","nsw":"0.11","qld":"0.06","sa":"0.03","tas":"0.00","vic":"0.02"},{"ts":"2013-05-14T10:20:00Z","nsw":"0.12","qld":"0.06","sa":"0.03","tas":"0.00","vic":"0.02"},{"ts":"2013-05-14T10:30:00Z","nsw":"0.05","qld":"0.06","sa":"0.03","tas":"0.00","vic":"0.02","wa":"0.03"},{"ts":"2013-05-14T10:40:00Z","nsw":"0.04","qld":"0.06","sa":"0.03","tas":"0.00","vic":"0.03"},{"ts":"2013-05-14T10:50:00Z","nsw":"0.04","qld":"0.06","sa":"0.03","tas":"0.00","vic":"0.03"},{"ts":"2013-05-14T11:00:00Z","nsw":"0.04","qld":"0.06","sa":"0.05","tas":"0.00","vic":"0.03","wa":"0.03"},{"ts":"2013-05-14T11:10:00Z","nsw":"0.04","qld":"0.07","sa":"0.03","tas":"0.00","vic":"0.04"},{"ts":"2013-05-14T11:20:00Z","nsw":"0.04","qld":"0.06","sa":"0.03","tas":"0.00","vic":"0.04"},{"ts":"2013-05-14T11:30:00Z","nsw":"0.04","qld":"0.06","sa":"0.03","tas":"0.00","vic":"0.03","wa":"0.03"},{"ts":"2013-05-14T11:40:00Z","nsw":"0.04","qld":"0.06","sa":"0.03","tas":"0.00","vic":"0.04"},{"ts":"2013-05-14T11:50:00Z","nsw":"0.04","qld":"0.06","sa":"0.03","tas":"0.00","vic":"0.05"},{"ts":"2013-05-14T12:00:00Z","nsw":"0.05","qld":"0.07","sa":"0.03","tas":"0.00","vic":"0.04","wa":"0.03"},{"ts":"2013-05-14T12:10:00Z","nsw":"0.04","qld":"0.07","sa":"0.03","tas":"0.00","vic":"0.03"},{"ts":"2013-05-14T12:20:00Z","nsw":"0.05","qld":"0.07","sa":"0.03","tas":"0.00","vic":"0.03"},{"ts":"2013-05-14T12:30:00Z","nsw":"0.05","qld":"0.07","sa":"0.03","tas":"0.00","vic":"0.02","wa":"0.04"},{"ts":"2013-05-14T12:40:00Z","nsw":"0.04","qld":"0.07","sa":"0.04","tas":"0.00","vic":"0.03"},{"ts":"2013-05-14T12:50:00Z","nsw":"0.04","qld":"0.07","sa":"0.03","tas":"0.00","vic":"0.02"}],"demand":[{"ts":"2013-05-13T18:00:00Z","nsw":6161,"qld":4599,"sa":1067,"tas":982,"vic":4233,"wa":1444},{"ts":"2013-05-13T18:10:00Z","nsw":6126,"qld":4579,"sa":1063,"tas":975,"vic":4213},{"ts":"2013-05-13T18:20:00Z","nsw":6173,"qld":4601,"sa":1050,"tas":968,"vic":4250},{"ts":"2013-05-13T18:30:00Z","nsw":6118,"qld":4643,"sa":1034,"tas":967,"vic":4319,"wa":1441},{"ts":"2013-05-13T18:40:00Z","nsw":6210,"qld":4632,"sa":1019,"tas":976,"vic":4324},{"ts":"2013-05-13T18:50:00Z","nsw":6206,"qld":4663,"sa":1030,"tas":976,"vic":4361},{"ts":"2013-05-13T19:00:00Z","nsw":6317,"qld":4740,"sa":1024,"tas":990,"vic":4408,"wa":1429},{"ts":"2013-05-13T19:10:00Z","nsw":6391,"qld":4820,"sa":1038,"tas":1024,"vic":4501},{"ts":"2013-05-13T19:20:00Z","nsw":6527,"qld":4883,"sa":1041,"tas":1050,"vic":4583},{"ts":"2013-05-13T19:30:00Z","nsw":6619,"qld":4943,"sa":1053,"tas":1075,"vic":4654,"wa":1439},{"ts":"2013-05-13T19:40:00Z","nsw":6777,"qld":5010,"sa":1095,"tas":1149,"vic":4743},{"ts":"2013-05-13T19:50:00Z","nsw":6873,"qld":5092,"sa":1131,"tas":1156,"vic":4811},{"ts":"2013-05-13T20:00:00Z","nsw":7074,"qld":5302,"sa":1121,"tas":1176,"vic":5013,"wa":1435},{"ts":"2013-05-13T20:10:00Z","nsw":7405,"qld":5436,"sa":1115,"tas":1190,"vic":5285},{"ts":"2013-05-13T20:20:00Z","nsw":7626,"qld":5554,"sa":1128,"tas":1229,"vic":5418},{"ts":"2013-05-13T20:30:00Z","nsw":7901,"qld":5626,"sa":1165,"tas":1272,"vic":5595,"wa":1456},{"ts":"2013-05-13T20:40:00Z","nsw":8154,"qld":5703,"sa":1235,"tas":1297,"vic":5726},{"ts":"2013-05-13T20:50:00Z","nsw":8317,"qld":5926,"sa":1286,"tas":1349,"vic":5925},{"ts":"2013-05-13T21:00:00Z","nsw":8241,"qld":6019,"sa":1294,"tas":1385,"vic":6072,"wa":1486},{"ts":"2013-05-13T21:10:00Z","nsw":8374,"qld":6172,"sa":1330,"tas":1406,"vic":6131},{"ts":"2013-05-13T21:20:00Z","nsw":8603,"qld":6188,"sa":1354,"tas":1435,"vic":6237},{"ts":"2013-05-13T21:30:00Z","nsw":8637,"qld":6271,"sa":1389,"tas":1464,"vic":6322,"wa":1478},{"ts":"2013-05-13T21:40:00Z","nsw":8792,"qld":6301,"sa":1399,"tas":1460,"vic":6439},{"ts":"2013-05-13T21:50:00Z","nsw":8850,"qld":6288,"sa":1443,"tas":1455,"vic":6474},{"ts":"2013-05-13T22:00:00Z","nsw":8921,"qld":6220,"sa":1441,"tas":1483,"vic":6547,"wa":1591},{"ts":"2013-05-13T22:10:00Z","nsw":8957,"qld":6268,"sa":1488,"tas":1483,"vic":6598},{"ts":"2013-05-13T22:20:00Z","nsw":8971,"qld":6273,"sa":1494,"tas":1465,"vic":6559},{"ts":"2013-05-13T22:30:00Z","nsw":8980,"qld":6244,"sa":1490,"tas":1446,"vic":6480,"wa":1763},{"ts":"2013-05-13T22:40:00Z","nsw":8964,"qld":6221,"sa":1499,"tas":1446,"vic":6476},{"ts":"2013-05-13T22:50:00Z","nsw":8965,"qld":6181,"sa":1481,"tas":1449,"vic":6483},{"ts":"2013-05-13T23:00:00Z","nsw":8941,"qld":6188,"sa":1484,"tas":1439,"vic":6496,"wa":1978},{"ts":"2013-05-13T23:10:00Z","nsw":9009,"qld":6174,"sa":1473,"tas":1419,"vic":6479},{"ts":"2013-05-13T23:20:00Z","nsw":8976,"qld":6202,"sa":1459,"tas":1419,"vic":6456},{"ts":"2013-05-13T23:30:00Z","nsw":8937,"qld":6190,"sa":1473,"tas":1405,"vic":6374,"wa":2105},{"ts":"2013-05-13T23:40:00Z","nsw":8933,"qld":6176,"sa":1466,"tas":1389,"vic":6337},{"ts":"2013-05-13T23:50:00Z","nsw":8892,"qld":6181,"sa":1489,"tas":1368,"vic":6321},{"ts":"2013-05-14T00:00:00Z","nsw":8898,"qld":6176,"sa":1473,"tas":1344,"vic":6295,"wa":2253},{"ts":"2013-05-14T00:10:00Z","nsw":8888,"qld":6149,"sa":1448,"tas":1303,"vic":6296},{"ts":"2013-05-14T00:20:00Z","nsw":8782,"qld":6102,"sa":1423,"tas":1314,"vic":6277},{"ts":"2013-05-14T00:30:00Z","nsw":8833,"qld":6046,"sa":1407,"tas":1295,"vic":6252,"wa":2245},{"ts":"2013-05-14T00:40:00Z","nsw":8762,"qld":6018,"sa":1377,"tas":1294,"vic":6210},{"ts":"2013-05-14T00:50:00Z","nsw":8688,"qld":6066,"sa":1353,"tas":1284,"vic":6127},{"ts":"2013-05-14T01:00:00Z","nsw":8634,"qld":6084,"sa":1366,"tas":1278,"vic":6124,"wa":2192},{"ts":"2013-05-14T01:10:00Z","nsw":8612,"qld":6055,"sa":1383,"tas":1290,"vic":6129},{"ts":"2013-05-14T01:20:00Z","nsw":8619,"qld":6046,"sa":1410,"tas":1289,"vic":6106},{"ts":"2013-05-14T01:30:00Z","nsw":8586,"qld":6025,"sa":1413,"tas":1279,"vic":6079,"wa":2142},{"ts":"2013-05-14T01:40:00Z","nsw":8553,"qld":5985,"sa":1413,"tas":1269,"vic":6160},{"ts":"2013-05-14T01:50:00Z","nsw":8563,"qld":5989,"sa":1422,"tas":1271,"vic":6091},{"ts":"2013-05-14T02:00:00Z","nsw":8500,"qld":5969,"sa":1405,"tas":1265,"vic":6069,"wa":2100},{"ts":"2013-05-14T02:10:00Z","nsw":8447,"qld":5972,"sa":1374,"tas":1258,"vic":6182},{"ts":"2013-05-14T02:20:00Z","nsw":8431,"qld":5985,"sa":1419,"tas":1262,"vic":6211},{"ts":"2013-05-14T02:30:00Z","nsw":8451,"qld":5967,"sa":1413,"tas":1267,"vic":6223,"wa":2073},{"ts":"2013-05-14T02:40:00Z","nsw":8435,"qld":5929,"sa":1407,"tas":1281,"vic":6173},{"ts":"2013-05-14T02:50:00Z","nsw":8404,"qld":5929,"sa":1392,"tas":1274,"vic":6174},{"ts":"2013-05-14T03:00:00Z","nsw":8330,"qld":5935,"sa":1375,"tas":1278,"vic":6252,"wa":2034},{"ts":"2013-05-14T03:10:00Z","nsw":8379,"qld":5926,"sa":1374,"tas":1279,"vic":6229},{"ts":"2013-05-14T03:20:00Z","nsw":8416,"qld":5918,"sa":1374,"tas":1292,"vic":6278},{"ts":"2013-05-14T03:30:00Z","nsw":8365,"qld":5890,"sa":1384,"tas":1297,"vic":6200,"wa":2009},{"ts":"2013-05-14T03:40:00Z","nsw":8390,"qld":5918,"sa":1384,"tas":1291,"vic":6225},{"ts":"2013-05-14T03:50:00Z","nsw":8391,"qld":5942,"sa":1401,"tas":1310,"vic":6263},{"ts":"2013-05-14T04:00:00Z","nsw":8432,"qld":5939,"sa":1398,"tas":1299,"vic":6316,"wa":1991},{"ts":"2013-05-14T04:10:00Z","nsw":8384,"qld":5961,"sa":1410,"tas":1328,"vic":6324},{"ts":"2013-05-14T04:20:00Z","nsw":8375,"qld":5958,"sa":1416,"tas":1294,"vic":6286},{"ts":"2013-05-14T04:30:00Z","nsw":8372,"qld":5977,"sa":1433,"tas":1315,"vic":6239,"wa":1979},{"ts":"2013-05-14T04:40:00Z","nsw":8374,"qld":5972,"sa":1451,"tas":1297,"vic":6269},{"ts":"2013-05-14T04:50:00Z","nsw":8379,"qld":5986,"sa":1440,"tas":1295,"vic":6277},{"ts":"2013-05-14T05:00:00Z","nsw":8365,"qld":5999,"sa":1404,"tas":1292,"vic":6298,"wa":1970},{"ts":"2013-05-14T05:10:00Z","nsw":8324,"qld":6042,"sa":1413,"tas":1297,"vic":6289},{"ts":"2013-05-14T05:20:00Z","nsw":8292,"qld":6013,"sa":1485,"tas":1292,"vic":6246},{"ts":"2013-05-14T05:30:00Z","nsw":8339,"qld":6028,"sa":1459,"tas":1314,"vic":6276,"wa":1980},{"ts":"2013-05-14T05:40:00Z","nsw":8370,"qld":6042,"sa":1440,"tas":1324,"vic":6293},{"ts":"2013-05-14T05:50:00Z","nsw":8411,"qld":6055,"sa":1429,"tas":1337,"vic":6318},{"ts":"2013-05-14T06:00:00Z","nsw":8467,"qld":6097,"sa":1422,"tas":1335,"vic":6357,"wa":1989},{"ts":"2013-05-14T06:10:00Z","nsw":8515,"qld":6134,"sa":1437,"tas":1342,"vic":6386},{"ts":"2013-05-14T06:20:00Z","nsw":8573,"qld":6205,"sa":1496,"tas":1346,"vic":6473},{"ts":"2013-05-14T06:30:00Z","nsw":8611,"qld":6263,"sa":1517,"tas":1361,"vic":6479,"wa":2008},{"ts":"2013-05-14T06:40:00Z","nsw":8700,"qld":6377,"sa":1506,"tas":1374,"vic":6563},{"ts":"2013-05-14T06:50:00Z","nsw":8831,"qld":6402,"sa":1560,"tas":1392,"vic":6606},{"ts":"2013-05-14T07:00:00Z","nsw":8916,"qld":6442,"sa":1575,"tas":1420,"vic":6657,"wa":2015},{"ts":"2013-05-14T07:10:00Z","nsw":9119,"qld":6532,"sa":1568,"tas":1431,"vic":6800},{"ts":"2013-05-14T07:20:00Z","nsw":9405,"qld":6599,"sa":1571,"tas":1455,"vic":6956},{"ts":"2013-05-14T07:30:00Z","nsw":9654,"qld":6608,"sa":1584,"tas":1476,"vic":7100,"wa":2032},{"ts":"2013-05-14T07:40:00Z","nsw":9709,"qld":6637,"sa":1562,"tas":1481,"vic":7143},{"ts":"2013-05-14T07:50:00Z","nsw":9755,"qld":6686,"sa":1608,"tas":1489,"vic":7241},{"ts":"2013-05-14T08:00:00Z","nsw":9731,"qld":6667,"sa":1634,"tas":1469,"vic":7310,"wa":2057},{"ts":"2013-05-14T08:10:00Z","nsw":9765,"qld":6629,"sa":1685,"tas":1478,"vic":7266},{"ts":"2013-05-14T08:20:00Z","nsw":9707,"qld":6624,"sa":1713,"tas":1473,"vic":7197},{"ts":"2013-05-14T08:30:00Z","nsw":9621,"qld":6593,"sa":1739,"tas":1458,"vic":7178,"wa":2096},{"ts":"2013-05-14T08:40:00Z","nsw":9562,"qld":6596,"sa":1738,"tas":1443,"vic":7094},{"ts":"2013-05-14T08:50:00Z","nsw":9194,"qld":6540,"sa":1712,"tas":1439,"vic":7033},{"ts":"2013-05-14T09:00:00Z","nsw":9159,"qld":6497,"sa":1693,"tas":1436,"vic":7044,"wa":2146},{"ts":"2013-05-14T09:10:00Z","nsw":9043,"qld":6451,"sa":1676,"tas":1425,"vic":6915},{"ts":"2013-05-14T09:20:00Z","nsw":8970,"qld":6372,"sa":1687,"tas":1421,"vic":6812},{"ts":"2013-05-14T09:30:00Z","nsw":8872,"qld":6367,"sa":1678,"tas":1414,"vic":6836,"wa":2211},{"ts":"2013-05-14T09:40:00Z","nsw":8837,"qld":6346,"sa":1650,"tas":1409,"vic":6801},{"ts":"2013-05-14T09:50:00Z","nsw":8772,"qld":6334,"sa":1649,"tas":1400,"vic":6739},{"ts":"2013-05-14T10:00:00Z","nsw":8717,"qld":6334,"sa":1633,"tas":1389,"vic":6660,"wa":2354},{"ts":"2013-05-14T10:10:00Z","nsw":8713,"qld":6337,"sa":1630,"tas":1369,"vic":6669},{"ts":"2013-05-14T10:20:00Z","nsw":8537,"qld":6262,"sa":1600,"tas":1370,"vic":6639},{"ts":"2013-05-14T10:30:00Z","nsw":8499,"qld":6176,"sa":1600,"tas":1372,"vic":6574,"wa":2472},{"ts":"2013-05-14T10:40:00Z","nsw":8427,"qld":6168,"sa":1577,"tas":1362,"vic":6510},{"ts":"2013-05-14T10:50:00Z","nsw":8367,"qld":6080,"sa":1548,"tas":1346,"vic":6379},{"ts":"2013-05-14T11:00:00Z","nsw":8288,"qld":6022,"sa":1556,"tas":1317,"vic":6307,"wa":2495},{"ts":"2013-05-14T11:10:00Z","nsw":8486,"qld":6048,"sa":1561,"tas":1296,"vic":6222},{"ts":"2013-05-14T11:20:00Z","nsw":8265,"qld":5943,"sa":1548,"tas":1282,"vic":6194},{"ts":"2013-05-14T11:30:00Z","nsw":8050,"qld":5905,"sa":1528,"tas":1264,"vic":6089,"wa":2435},{"ts":"2013-05-14T11:40:00Z","nsw":8161,"qld":5893,"sa":1495,"tas":1232,"vic":5988},{"ts":"2013-05-14T11:50:00Z","nsw":8063,"qld":5795,"sa":1492,"tas":1220,"vic":5872},{"ts":"2013-05-14T12:00:00Z","nsw":8096,"qld":5694,"sa":1479,"tas":1209,"vic":5703,"wa":2363},{"ts":"2013-05-14T12:10:00Z","nsw":8214,"qld":5730,"sa":1455,"tas":1215,"vic":5695},{"ts":"2013-05-14T12:20:00Z","nsw":8137,"qld":5606,"sa":1428,"tas":1207,"vic":5630},{"ts":"2013-05-14T12:30:00Z","nsw":8126,"qld":5655,"sa":1421,"tas":1193,"vic":5590,"wa":2301},{"ts":"2013-05-14T12:40:00Z","nsw":8042,"qld":5574,"sa":1417,"tas":1189,"vic":5535},{"ts":"2013-05-14T12:50:00Z","nsw":7620,"qld":5518,"sa":1404,"tas":1178,"vic":5499}],"output":[{"ts":"2013-05-13T18:00:00Z","nsw":3,"qld":4,"sa":0,"tas":0,"vic":0,"wa":0},{"ts":"2013-05-13T18:10:00Z","nsw":0,"qld":3,"sa":0,"tas":0,"vic":0},{"ts":"2013-05-13T18:20:00Z","nsw":1,"qld":3,"sa":0,"tas":0,"vic":0},{"ts":"2013-05-13T18:30:00Z","nsw":1,"qld":3,"sa":0,"tas":0,"vic":0,"wa":0},{"ts":"2013-05-13T18:40:00Z","nsw":1,"qld":3,"sa":0,"tas":0,"vic":0},{"ts":"2013-05-13T18:50:00Z","nsw":0,"qld":3,"sa":0,"tas":0,"vic":0},{"ts":"2013-05-13T19:00:00Z","nsw":1,"qld":4,"sa":0,"tas":0,"vic":0,"wa":0},{"ts":"2013-05-13T19:10:00Z","nsw":0,"qld":3,"sa":0,"tas":0,"vic":0},{"ts":"2013-05-13T19:20:00Z","nsw":0,"qld":3,"sa":0,"tas":0,"vic":0},{"ts":"2013-05-13T19:30:00Z","nsw":0,"qld":3,"sa":0,"tas":0,"vic":0,"wa":0},{"ts":"2013-05-13T19:40:00Z","nsw":1,"qld":3,"sa":0,"tas":0,"vic":0},{"ts":"2013-05-13T19:50:00Z","nsw":0,"qld":3,"sa":0,"tas":0,"vic":0},{"ts":"2013-05-13T20:00:00Z","nsw":1,"qld":3,"sa":0,"tas":0,"vic":0,"wa":0},{"ts":"2013-05-13T20:10:00Z","nsw":1,"qld":3,"sa":0,"tas":0,"vic":0},{"ts":"2013-05-13T20:20:00Z","nsw":1,"qld":3,"sa":0,"tas":0,"vic":0},{"ts":"2013-05-13T20:30:00Z","nsw":1,"qld":2,"sa":0,"tas":0,"vic":0,"wa":0},{"ts":"2013-05-13T20:40:00Z","nsw":1,"qld":3,"sa":0,"tas":0,"vic":0},{"ts":"2013-05-13T20:50:00Z","nsw":1,"qld":5,"sa":0,"tas":0,"vic":0},{"ts":"2013-05-13T21:00:00Z","nsw":2,"qld":10,"sa":0,"tas":0,"vic":0,"wa":0},{"ts":"2013-05-13T21:10:00Z","nsw":4,"qld":16,"sa":0,"tas":0,"vic":0},{"ts":"2013-05-13T21:20:00Z","nsw":6,"qld":21,"sa":0,"tas":0,"vic":3},{"ts":"2013-05-13T21:30:00Z","nsw":9,"qld":28,"sa":0,"tas":0,"vic":6,"wa":0},{"ts":"2013-05-13T21:40:00Z","nsw":14,"qld":27,"sa":0,"tas":0,"vic":12},{"ts":"2013-05-13T21:50:00Z","nsw":23,"qld":35,"sa":3,"tas":1,"vic":18},{"ts":"2013-05-13T22:00:00Z","nsw":31,"qld":40,"sa":5,"tas":2,"vic":28,"wa":0},{"ts":"2013-05-13T22:10:00Z","nsw":35,"qld":45,"sa":8,"tas":3,"vic":38},{"ts":"2013-05-13T22:20:00Z","nsw":43,"qld":55,"sa":10,"tas":4,"vic":49},{"ts":"2013-05-13T22:30:00Z","nsw":40,"qld":76,"sa":15,"tas":3,"vic":61,"wa":0},{"ts":"2013-05-13T22:40:00Z","nsw":46,"qld":88,"sa":18,"tas":4,"vic":80},{"ts":"2013-05-13T22:50:00Z","nsw":56,"qld":93,"sa":24,"tas":4,"vic":81},{"ts":"2013-05-13T23:00:00Z","nsw":63,"qld":106,"sa":28,"tas":5,"vic":100,"wa":0},{"ts":"2013-05-13T23:10:00Z","nsw":78,"qld":112,"sa":33,"tas":5,"vic":108},{"ts":"2013-05-13T23:20:00Z","nsw":98,"qld":122,"sa":31,"tas":7,"vic":123},{"ts":"2013-05-13T23:30:00Z","nsw":98,"qld":134,"sa":41,"tas":7,"vic":130,"wa":7},{"ts":"2013-05-13T23:40:00Z","nsw":120,"qld":141,"sa":42,"tas":7,"vic":149},{"ts":"2013-05-13T23:50:00Z","nsw":132,"qld":145,"sa":52,"tas":7,"vic":152},{"ts":"2013-05-14T00:00:00Z","nsw":166,"qld":155,"sa":60,"tas":10,"vic":163,"wa":34},{"ts":"2013-05-14T00:10:00Z","nsw":179,"qld":167,"sa":78,"tas":12,"vic":172},{"ts":"2013-05-14T00:20:00Z","nsw":201,"qld":194,"sa":90,"tas":16,"vic":178},{"ts":"2013-05-14T00:30:00Z","nsw":209,"qld":212,"sa":104,"tas":16,"vic":179,"wa":66},{"ts":"2013-05-14T00:40:00Z","nsw":221,"qld":208,"sa":114,"tas":19,"vic":196},{"ts":"2013-05-14T00:50:00Z","nsw":243,"qld":209,"sa":130,"tas":17,"vic":185},{"ts":"2013-05-14T01:00:00Z","nsw":232,"qld":238,"sa":125,"tas":18,"vic":186,"wa":94},{"ts":"2013-05-14T01:10:00Z","nsw":269,"qld":242,"sa":131,"tas":16,"vic":192},{"ts":"2013-05-14T01:20:00Z","nsw":244,"qld":275,"sa":106,"tas":17,"vic":189},{"ts":"2013-05-14T01:30:00Z","nsw":245,"qld":297,"sa":120,"tas":16,"vic":181,"wa":123},{"ts":"2013-05-14T01:40:00Z","nsw":274,"qld":301,"sa":115,"tas":18,"vic":179},{"ts":"2013-05-14T01:50:00Z","nsw":262,"qld":295,"sa":122,"tas":15,"vic":175},{"ts":"2013-05-14T02:00:00Z","nsw":284,"qld":281,"sa":126,"tas":14,"vic":160,"wa":136},{"ts":"2013-05-14T02:10:00Z","nsw":269,"qld":284,"sa":141,"tas":11,"vic":133},{"ts":"2013-05-14T02:20:00Z","nsw":276,"qld":300,"sa":147,"tas":12,"vic":150},{"ts":"2013-05-14T02:30:00Z","nsw":263,"qld":315,"sa":145,"tas":10,"vic":124,"wa":163},{"ts":"2013-05-14T02:40:00Z","nsw":257,"qld":337,"sa":150,"tas":11,"vic":118},{"ts":"2013-05-14T02:50:00Z","nsw":284,"qld":350,"sa":150,"tas":10,"vic":110},{"ts":"2013-05-14T03:00:00Z","nsw":290,"qld":358,"sa":151,"tas":10,"vic":110,"wa":171},{"ts":"2013-05-14T03:10:00Z","nsw":263,"qld":348,"sa":157,"tas":6,"vic":102},{"ts":"2013-05-14T03:20:00Z","nsw":251,"qld":347,"sa":148,"tas":6,"vic":106},{"ts":"2013-05-14T03:30:00Z","nsw":241,"qld":350,"sa":167,"tas":5,"vic":98,"wa":183},{"ts":"2013-05-14T03:40:00Z","nsw":238,"qld":348,"sa":176,"tas":5,"vic":97},{"ts":"2013-05-14T03:50:00Z","nsw":241,"qld":320,"sa":181,"tas":4,"vic":87},{"ts":"2013-05-14T04:00:00Z","nsw":222,"qld":313,"sa":159,"tas":4,"vic":86,"wa":186},{"ts":"2013-05-14T04:10:00Z","nsw":198,"qld":278,"sa":150,"tas":4,"vic":77},{"ts":"2013-05-14T04:20:00Z","nsw":204,"qld":291,"sa":158,"tas":5,"vic":70},{"ts":"2013-05-14T04:30:00Z","nsw":183,"qld":263,"sa":168,"tas":5,"vic":59,"wa":183},{"ts":"2013-05-14T04:40:00Z","nsw":169,"qld":229,"sa":154,"tas":5,"vic":56},{"ts":"2013-05-14T04:50:00Z","nsw":148,"qld":216,"sa":146,"tas":3,"vic":52},{"ts":"2013-05-14T05:00:00Z","nsw":136,"qld":193,"sa":115,"tas":2,"vic":44,"wa":181},{"ts":"2013-05-14T05:10:00Z","nsw":119,"qld":177,"sa":107,"tas":2,"vic":40},{"ts":"2013-05-14T05:20:00Z","nsw":108,"qld":169,"sa":87,"tas":1,"vic":38},{"ts":"2013-05-14T05:30:00Z","nsw":91,"qld":169,"sa":78,"tas":1,"vic":33,"wa":168},{"ts":"2013-05-14T05:40:00Z","nsw":87,"qld":147,"sa":73,"tas":2,"vic":31},{"ts":"2013-05-14T05:50:00Z","nsw":71,"qld":129,"sa":69,"tas":1,"vic":27},{"ts":"2013-05-14T06:00:00Z","nsw":60,"qld":99,"sa":62,"tas":1,"vic":25,"wa":157},{"ts":"2013-05-14T06:10:00Z","nsw":44,"qld":73,"sa":59,"tas":1,"vic":20},{"ts":"2013-05-14T06:20:00Z","nsw":35,"qld":53,"sa":52,"tas":1,"vic":19},{"ts":"2013-05-14T06:30:00Z","nsw":24,"qld":41,"sa":50,"tas":0,"vic":16,"wa":140},{"ts":"2013-05-14T06:40:00Z","nsw":16,"qld":27,"sa":43,"tas":0,"vic":14},{"ts":"2013-05-14T06:50:00Z","nsw":8,"qld":19,"sa":35,"tas":0,"vic":10},{"ts":"2013-05-14T07:00:00Z","nsw":5,"qld":15,"sa":28,"tas":0,"vic":6,"wa":115},{"ts":"2013-05-14T07:10:00Z","nsw":3,"qld":10,"sa":20,"tas":0,"vic":3},{"ts":"2013-05-14T07:20:00Z","nsw":2,"qld":9,"sa":11,"tas":0,"vic":3},{"ts":"2013-05-14T07:30:00Z","nsw":1,"qld":8,"sa":6,"tas":0,"vic":2,"wa":91},{"ts":"2013-05-14T07:40:00Z","nsw":2,"qld":5,"sa":3,"tas":0,"vic":2},{"ts":"2013-05-14T07:50:00Z","nsw":2,"qld":4,"sa":1,"tas":0,"vic":1},{"ts":"2013-05-14T08:00:00Z","nsw":2,"qld":3,"sa":1,"tas":0,"vic":2,"wa":64},{"ts":"2013-05-14T08:10:00Z","nsw":3,"qld":3,"sa":1,"tas":0,"vic":1},{"ts":"2013-05-14T08:20:00Z","nsw":3,"qld":3,"sa":0,"tas":0,"vic":1},{"ts":"2013-05-14T08:30:00Z","nsw":3,"qld":3,"sa":0,"tas":0,"vic":1,"wa":37},{"ts":"2013-05-14T08:40:00Z","nsw":3,"qld":3,"sa":0,"tas":0,"vic":1},{"ts":"2013-05-14T08:50:00Z","nsw":2,"qld":3,"sa":0,"tas":0,"vic":1},{"ts":"2013-05-14T09:00:00Z","nsw":3,"qld":3,"sa":0,"tas":0,"vic":0,"wa":11},{"ts":"2013-05-14T09:10:00Z","nsw":2,"qld":3,"sa":0,"tas":0,"vic":1},{"ts":"2013-05-14T09:20:00Z","nsw":10,"qld":3,"sa":0,"tas":0,"vic":0},{"ts":"2013-05-14T09:30:00Z","nsw":3,"qld":3,"sa":0,"tas":0,"vic":6,"wa":0},{"ts":"2013-05-14T09:40:00Z","nsw":3,"qld":3,"sa":0,"tas":0,"vic":0},{"ts":"2013-05-14T09:50:00Z","nsw":3,"qld":3,"sa":0,"tas":0,"vic":1},{"ts":"2013-05-14T10:00:00Z","nsw":3,"qld":3,"sa":0,"tas":0,"vic":2,"wa":0},{"ts":"2013-05-14T10:10:00Z","nsw":9,"qld":3,"sa":0,"tas":0,"vic":1},{"ts":"2013-05-14T10:20:00Z","nsw":10,"qld":3,"sa":0,"tas":0,"vic":1},{"ts":"2013-05-14T10:30:00Z","nsw":4,"qld":3,"sa":0,"tas":0,"vic":1,"wa":0},{"ts":"2013-05-14T10:40:00Z","nsw":3,"qld":3,"sa":0,"tas":0,"vic":1},{"ts":"2013-05-14T10:50:00Z","nsw":3,"qld":3,"sa":0,"tas":0,"vic":1},{"ts":"2013-05-14T11:00:00Z","nsw":3,"qld":3,"sa":0,"tas":0,"vic":1,"wa":0},{"ts":"2013-05-14T11:10:00Z","nsw":3,"qld":3,"sa":0,"tas":0,"vic":2},{"ts":"2013-05-14T11:20:00Z","nsw":3,"qld":3,"sa":0,"tas":0,"vic":2},{"ts":"2013-05-14T11:30:00Z","nsw":3,"qld":3,"sa":0,"tas":0,"vic":1,"wa":0},{"ts":"2013-05-14T11:40:00Z","nsw":3,"qld":3,"sa":0,"tas":0,"vic":2},{"ts":"2013-05-14T11:50:00Z","nsw":3,"qld":3,"sa":0,"tas":0,"vic":2},{"ts":"2013-05-14T12:00:00Z","nsw":3,"qld":4,"sa":0,"tas":0,"vic":2,"wa":0},{"ts":"2013-05-14T12:10:00Z","nsw":2,"qld":3,"sa":0,"tas":0,"vic":1},{"ts":"2013-05-14T12:20:00Z","nsw":4,"qld":3,"sa":0,"tas":0,"vic":1},{"ts":"2013-05-14T12:30:00Z","nsw":4,"qld":3,"sa":0,"tas":0,"vic":1,"wa":0},{"ts":"2013-05-14T12:40:00Z","nsw":2,"qld":3,"sa":0,"tas":0,"vic":1},{"ts":"2013-05-14T12:50:00Z","nsw":3,"qld":3,"sa":0,"tas":0,"vic":1}]}