{"performance":[{"ts":"2013-06-18T18:00:00Z","nsw":"0.09","nt":"0.00","qld":"0.32","sa":"0.11","tas":"0.00","vic":"0.06","wa":"0.09"},{"ts":"2013-06-18T18:10:00Z","nsw":"0.10","nt":"0.00","qld":"0.35","sa":"0.11","tas":"0.00","vic":"0.07","wa":"0.10"},{"ts":"2013-06-18T18:20:00Z","nsw":"0.11","nt":"0.00","qld":"0.35","sa":"0.12","tas":"0.00","vic":"0.07","wa":"0.09"},{"ts":"2013-06-18T18:30:00Z","nsw":"0.13","nt":"0.00","qld":"0.32","sa":"0.11","tas":"0.00","vic":"0.05","wa":"0.10"},{"ts":"2013-06-18T18:40:00Z","nsw":"0.10","nt":"0.00","qld":"0.33","sa":"0.12","tas":"0.00","vic":"0.07","wa":"0.09"},{"ts":"2013-06-18T18:50:00Z","nsw":"0.12","nt":"0.00","qld":"0.32","sa":"0.11","tas":"0.00","vic":"0.08","wa":"0.10"},{"ts":"2013-06-18T19:00:00Z","nsw":"0.20","nt":"0.00","qld":"0.35","sa":"0.12","tas":"0.00","vic":"0.07","wa":"0.09"},{"ts":"2013-06-18T19:10:00Z","nsw":"0.08","nt":"0.00","qld":"0.38","sa":"0.11","tas":"0.00","vic":"0.06","wa":"0.10"},{"ts":"2013-06-18T19:20:00Z","nsw":"0.08","nt":"0.00","qld":"0.34","sa":"0.11","tas":"0.00","vic":"0.06","wa":"0.10"},{"ts":"2013-06-18T19:30:00Z","nsw":"0.08","nt":"0.00","qld":"0.34","sa":"0.11","tas":"0.00","vic":"0.06","wa":"0.10"},{"ts":"2013-06-18T19:40:00Z","nsw":"0.18","nt":"0.00","qld":"0.34","sa":"0.11","tas":"0.00","vic":"0.07","wa":"0.09"},{"ts":"2013-06-18T19:50:00Z","nsw":"0.11","nt":"0.00","qld":"0.33","sa":"0.11","tas":"0.00","vic":"0.07","wa":"0.10"},{"ts":"2013-06-18T20:00:00Z","nsw":"0.17","nt":"0.00","qld":"0.36","sa":"0.11","tas":"0.00","vic":"0.06","wa":"0.09"},{"ts":"2013-06-18T20:10:00Z","nsw":"0.14","nt":"0.00","qld":"0.36","sa":"0.11","tas":"0.00","vic":"0.06","wa":"0.10"},{"ts":"2013-06-18T20:20:00Z","nsw":"0.27","nt":"0.00","qld":"0.34","sa":"0.11","tas":"0.00","vic":"0.10","wa":"0.09"},{"ts":"2013-06-18T20:30:00Z","nsw":"0.26","nt":"0.00","qld":"0.11","sa":"0.11","tas":"0.00","vic":"0.04","wa":"0.10"},{"ts":"2013-06-18T20:40:00Z","nsw":"0.29","nt":"0.00","qld":"0.40","sa":"0.11","tas":"0.00","vic":"0.07","wa":"0.09"},{"ts":"2013-06-18T20:50:00Z","nsw":"0.30","nt":"0.00","qld":"1.30","sa":"0.11","tas":"0.00","vic":"0.06","wa":"0.10"},{"ts":"2013-06-18T21:00:00Z","nsw":"0.37","nt":"0.00","qld":"2.56","sa":"0.11","tas":"0.00","vic":"0.06","wa":"0.09"},{"ts":"2013-06-18T21:10:00Z","nsw":"0.55","nt":"0.00","qld":"4.33","sa":"0.11","tas":"0.00","vic":"0.04","wa":"0.12"},{"ts":"2013-06-18T21:20:00Z","nsw":"0.99","nt":"0.00","qld":"6.76","sa":"0.11","tas":"0.00","vic":"0.06","wa":"0.12"},{"ts":"2013-06-18T21:30:00Z","nsw":"1.52","nt":"0.06","qld":"9.52","sa":"0.11","tas":"0.00","vic":"0.07","wa":"0.11"},{"ts":"2013-06-18T21:40:00Z","nsw":"2.65","nt":"0.00","qld":"12.99","sa":"0.11","tas":"0.00","vic":"0.27","wa":"0.11"},{"ts":"2013-06-18T21:50:00Z","nsw":"4.17","nt":"0.45","qld":"16.20","sa":"0.10","tas":"0.34","vic":"1.01","wa":"0.12"},{"ts":"2013-06-18T22:00:00Z","nsw":"6.44","nt":"1.41","qld":"19.77","sa":"0.25","tas":"1.57","vic":"2.32","wa":"0.09"},{"ts":"2013-06-18T22:10:00Z","nsw":"8.11","nt":"2.81","qld":"23.11","sa":"1.25","tas":"2.27","vic":"4.01","wa":"0.11"},{"ts":"2013-06-18T22:20:00Z","nsw":"10.05","nt":"3.59","qld":"26.61","sa":"2.27","tas":"6.29","vic":"5.95","wa":"0.24"},{"ts":"2013-06-18T22:30:00Z","nsw":"9.72","nt":"4.85","qld":"29.87","sa":"4.20","tas":"6.21","vic":"8.31","wa":"0.24"},{"ts":"2013-06-18T22:40:00Z","nsw":"13.83","nt":"5.35","qld":"33.66","sa":"6.28","tas":"9.72","vic":"10.74","wa":"0.24"},{"ts":"2013-06-18T22:50:00Z","nsw":"17.25","nt":"5.59","qld":"36.53","sa":"8.58","tas":"11.54","vic":"13.07","wa":"0.27"},{"ts":"2013-06-18T23:00:00Z","nsw":"19.31","nt":"6.06","qld":"39.68","sa":"11.10","tas":"15.25","vic":"16.51","wa":"0.23"},{"ts":"2013-06-18T23:10:00Z","nsw":"19.72","nt":"7.46","qld":"42.36","sa":"13.72","tas":"14.01","vic":"18.35","wa":"0.12"},{"ts":"2013-06-18T23:20:00Z","nsw":"19.89","nt":"8.45","qld":"44.70","sa":"16.23","tas":"18.21","vic":"21.63","wa":"0.25"},{"ts":"2013-06-18T23:30:00Z","nsw":"19.64","nt":"10.73","qld":"47.08","sa":"19.44","tas":"18.19","vic":"23.85","wa":"0.84"},{"ts":"2013-06-18T23:40:00Z","nsw":"20.89","nt":"12.98","qld":"49.77","sa":"22.45","tas":"20.27","vic":"27.35","wa":"2.15"},{"ts":"2013-06-18T23:50:00Z","nsw":"24.08","nt":"13.87","qld":"51.89","sa":"24.57","tas":"21.22","vic":"29.05","wa":"4.30"},{"ts":"2013-06-19T00:00:00Z","nsw":"26.08","nt":"14.99","qld":"53.94","sa":"27.25","tas":"24.57","vic":"30.88","wa":"6.77"},{"ts":"2013-06-19T00:10:00Z","nsw":"25.11","nt":"16.14","qld":"55.74","sa":"29.72","tas":"23.95","vic":"33.09","wa":"9.83"},{"ts":"2013-06-19T00:20:00Z","nsw":"32.19","nt":"18.43","qld":"57.26","sa":"30.89","tas":"31.20","vic":"34.97","wa":"12.39"},{"ts":"2013-06-19T00:30:00Z","nsw":"26.96","nt":"24.30","qld":"58.18","sa":"33.87","tas":"30.86","vic":"38.61","wa":"16.09"},{"ts":"2013-06-19T00:40:00Z","nsw":"32.27","nt":"30.36","qld":"59.95","sa":"35.94","tas":"33.52","vic":"40.43","wa":"19.36"},{"ts":"2013-06-19T00:50:00Z","nsw":"33.45","nt":"32.58","qld":"60.96","sa":"37.18","tas":"31.58","vic":"42.44","wa":"22.86"},{"ts":"2013-06-19T01:00:00Z","nsw":"39.82","nt":"34.18","qld":"62.02","sa":"38.67","tas":"33.32","vic":"44.97","wa":"25.23"},{"ts":"2013-06-19T01:10:00Z","nsw":"38.89","nt":"36.52","qld":"62.19","sa":"40.74","tas":"30.56","vic":"45.47","wa":"27.53"},{"ts":"2013-06-19T01:20:00Z","nsw":"44.62","nt":"33.76","qld":"62.88","sa":"41.77","tas":"33.08","vic":"46.06","wa":"30.15"},{"ts":"2013-06-19T01:30:00Z","nsw":"40.17","nt":"38.56","qld":"62.23","sa":"43.02","tas":"29.77","vic":"48.13","wa":"32.38"},{"ts":"2013-06-19T01:40:00Z","nsw":"44.55","nt":"42.18","qld":"62.16","sa":"43.91","tas":"31.19","vic":"49.96","wa":"35.95"},{"ts":"2013-06-19T01:50:00Z","nsw":"43.68","nt":"45.10","qld":"62.80","sa":"45.55","tas":"31.26","vic":"48.76","wa":"38.62"},{"ts":"2013-06-19T02:00:00Z","nsw":"48.41","nt":"54.28","qld":"62.23","sa":"45.26","tas":"33.93","vic":"50.68","wa":"39.80"},{"ts":"2013-06-19T02:10:00Z","nsw":"45.97","nt":"58.15","qld":"61.92","sa":"45.30","tas":"32.69","vic":"49.58","wa":"42.48"},{"ts":"2013-06-19T02:20:00Z","nsw":"46.61","nt":"59.52","qld":"61.33","sa":"44.48","tas":"34.20","vic":"51.27","wa":"45.68"},{"ts":"2013-06-19T02:30:00Z","nsw":"40.20","nt":"59.72","qld":"59.98","sa":"44.36","tas":"30.76","vic":"48.38","wa":"46.98"},{"ts":"2013-06-19T02:40:00Z","nsw":"40.95","nt":"64.47","qld":"59.65","sa":"41.38","tas":"33.24","vic":"48.47","wa":"47.52"},{"ts":"2013-06-19T02:50:00Z","nsw":"33.36","nt":"61.92","qld":"58.76","sa":"43.72","tas":"28.77","vic":"46.46","wa":"49.40"},{"ts":"2013-06-19T03:00:00Z","nsw":"32.01","nt":"57.77","qld":"58.18","sa":"44.57","tas":"32.17","vic":"48.32","wa":"50.63"},{"ts":"2013-06-19T03:10:00Z","nsw":"30.71","nt":"63.85","qld":"56.11","sa":"45.57","tas":"29.64","vic":"46.43","wa":"52.15"},{"ts":"2013-06-19T03:20:00Z","nsw":"31.25","nt":"60.01","qld":"54.54","sa":"42.58","tas":"30.34","vic":"45.52","wa":"52.97"},{"ts":"2013-06-19T03:30:00Z","nsw":"28.84","nt":"58.54","qld":"51.07","sa":"42.56","tas":"29.87","vic":"43.22","wa":"54.34"},{"ts":"2013-06-19T03:40:00Z","nsw":"30.50","nt":"56.57","qld":"50.20","sa":"39.47","tas":"29.21","vic":"41.90","wa":"54.48"},{"ts":"2013-06-19T03:50:00Z","nsw":"27.91","nt":"58.85","qld":"47.47","sa":"36.81","tas":"25.95","vic":"40.40","wa":"56.79"},{"ts":"2013-06-19T04:00:00Z","nsw":"30.27","nt":"61.85","qld":"47.00","sa":"34.93","tas":"28.56","vic":"40.68","wa":"55.64"},{"ts":"2013-06-19T04:10:00Z","nsw":"24.23","nt":"54.73","qld":"42.33","sa":"34.74","tas":"21.07","vic":"38.93","wa":"54.56"},{"ts":"2013-06-19T04:20:00Z","nsw":"23.19","nt":"54.59","qld":"37.78","sa":"34.12","tas":"22.47","vic":"38.59","wa":"51.93"},{"ts":"2013-06-19T04:30:00Z","nsw":"19.37","nt":"56.29","qld":"35.80","sa":"31.83","tas":"19.28","vic":"35.27","wa":"55.14"},{"ts":"2013-06-19T04:40:00Z","nsw":"20.11","nt":"58.38","qld":"31.65","sa":"28.61","tas":"20.02","vic":"32.57","wa":"55.23"},{"ts":"2013-06-19T04:50:00Z","nsw":"18.18","nt":"56.73","qld":"26.94","sa":"24.06","tas":"17.02","vic":"30.62","wa":"54.43"},{"ts":"2013-06-19T05:00:00Z","nsw":"16.52","nt":"53.18","qld":"25.23","sa":"24.84","tas":"15.70","vic":"29.56","wa":"53.27"},{"ts":"2013-06-19T05:10:00Z","nsw":"13.89","nt":"34.79","qld":"20.15","sa":"26.70","tas":"12.78","vic":"25.42","wa":"52.99"},{"ts":"2013-06-19T05:20:00Z","nsw":"14.68","nt":"29.28","qld":"19.68","sa":"23.04","tas":"11.85","vic":"22.84","wa":"51.26"},{"ts":"2013-06-19T05:30:00Z","nsw":"10.30","nt":"27.81","qld":"16.79","sa":"22.96","tas":"10.31","vic":"20.29","wa":"48.03"},{"ts":"2013-06-19T05:40:00Z","nsw":"9.91","nt":"25.74","qld":"14.77","sa":"20.44","tas":"8.39","vic":"17.20","wa":"49.52"},{"ts":"2013-06-19T05:50:00Z","nsw":"8.62","nt":"25.40","qld":"15.38","sa":"17.22","tas":"7.26","vic":"14.63","wa":"46.47"},{"ts":"2013-06-19T06:00:00Z","nsw":"7.44","nt":"25.90","qld":"14.92","sa":"15.49","tas":"5.45","vic":"13.13","wa":"45.02"},{"ts":"2013-06-19T06:10:00Z","nsw":"5.78","nt":"32.70","qld":"10.72","sa":"14.97","tas":"3.32","vic":"9.12","wa":"43.74"},{"ts":"2013-06-19T06:20:00Z","nsw":"4.56","nt":"33.53","qld":"8.39","sa":"10.76","tas":"2.37","vic":"7.37","wa":"44.10"},{"ts":"2013-06-19T06:30:00Z","nsw":"3.11","nt":"27.64","qld":"5.57","sa":"10.16","tas":"1.09","vic":"5.00","wa":"39.24"},{"ts":"2013-06-19T06:40:00Z","nsw":"2.11","nt":"31.43","qld":"2.59","sa":"10.34","tas":"0.66","vic":"3.38","wa":"36.08"},{"ts":"2013-06-19T06:50:00Z","nsw":"1.36","nt":"20.99","qld":"2.03","sa":"7.92","tas":"0.15","vic":"2.07","wa":"33.26"},{"ts":"2013-06-19T07:00:00Z","nsw":"0.89","nt":"20.95","qld":"1.34","sa":"6.10","tas":"0.16","vic":"1.14","wa":"32.27"},{"ts":"2013-06-19T07:10:00Z","nsw":"0.76","nt":"17.61","qld":"0.84","sa":"4.20","tas":"0.08","vic":"0.95","wa":"30.25"},{"ts":"2013-06-19T07:20:00Z","nsw":"0.78","nt":"14.34","qld":"1.11","sa":"2.82","tas":"0.06","vic":"0.91","wa":"27.61"},{"ts":"2013-06-19T07:30:00Z","nsw":"0.84","nt":"12.65","qld":"1.06","sa":"1.15","tas":"0.03","vic":"0.81","wa":"25.50"},{"ts":"2013-06-19T07:40:00Z","nsw":"0.83","nt":"8.02","qld":"0.50","sa":"0.54","tas":"0.00","vic":"0.89","wa":"22.49"},{"ts":"2013-06-19T07:50:00Z","nsw":"1.11","nt":"7.39","qld":"0.46","sa":"0.37","tas":"0.00","vic":"0.91","wa":"21.15"},{"ts":"2013-06-19T08:00:00Z","nsw":"1.01","nt":"4.96","qld":"0.29","sa":"0.27","tas":"0.00","vic":"0.95","wa":"19.02"},{"ts":"2013-06-19T08:10:00Z","nsw":"1.01","nt":"4.33","qld":"0.33","sa":"0.21","tas":"0.00","vic":"0.94","wa":"14.09"},{"ts":"2013-06-19T08:20:00Z","nsw":"1.17","nt":"4.21","qld":"0.34","sa":"0.19","tas":"0.00","vic":"0.95","wa":"11.24"},{"ts":"2013-06-19T08:30:00Z","nsw":"1.10","nt":"3.34","qld":"0.37","sa":"0.15","tas":"0.00","vic":"0.95","wa":"9.54"},{"ts":"2013-06-19T08:40:00Z","nsw":"1.15","nt":"1.26","qld":"0.35","sa":"0.15","tas":"0.00","vic":"1.03","wa":"6.62"},{"ts":"2013-06-19T08:50:00Z","nsw":"0.99","nt":"0.79","qld":"0.35","sa":"0.16","tas":"0.00","vic":"1.01","wa":"4.14"},{"ts":"2013-06-19T09:00:00Z","nsw":"1.02","nt":"0.31","qld":"0.36","sa":"0.16","tas":"0.00","vic":"1.01","wa":"2.64"},{"ts":"2013-06-19T09:10:00Z","nsw":"0.98","nt":"0.31","qld":"0.35","sa":"0.14","tas":"0.00","vic":"0.94","wa":"1.30"},{"ts":"2013-06-19T09:20:00Z","nsw":"0.99","nt":"0.31","qld":"0.35","sa":"0.15","tas":"0.00","vic":"0.95","wa":"1.26"},{"ts":"2013-06-19T09:30:00Z","nsw":"1.05","nt":"0.29","qld":"0.38","sa":"0.14","tas":"0.00","vic":"1.01","wa":"0.96"},{"ts":"2013-06-19T09:40:00Z","nsw":"1.04","nt":"0.31","qld":"0.39","sa":"0.14","tas":"0.00","vic":"0.98","wa":"1.44"},{"ts":"2013-06-19T09:50:00Z","nsw":"1.02","nt":"0.31","qld":"0.33","sa":"0.14","tas":"0.00","vic":"0.98","wa":"1.95"},{"ts":"2013-06-19T10:00:00Z","nsw":"1.02","nt":"0.49","qld":"0.41","sa":"0.15","tas":"0.00","vic":"1.00","wa":"1.98"},{"ts":"2013-06-19T10:10:00Z","nsw":"0.98","nt":"0.49","qld":"0.33","sa":"0.19","tas":"0.00","vic":"1.03","wa":"2.82"},{"ts":"2013-06-19T10:20:00Z","nsw":"1.03","nt":"0.49","qld":"0.33","sa":"0.14","tas":"0.00","vic":"1.00","wa":"2.65"},{"ts":"2013-06-19T10:30:00Z","nsw":"1.12","nt":"0.49","qld":"0.36","sa":"0.18","tas":"0.00","vic":"1.00","wa":"2.83"},{"ts":"2013-06-19T10:40:00Z","nsw":"1.11","nt":"0.49","qld":"0.37","sa":"0.19","tas":"0.00","vic":"1.40","wa":"2.61"},{"ts":"2013-06-19T10:50:00Z","nsw":"1.11","nt":"0.49","qld":"0.36","sa":"0.16","tas":"0.00","vic":"1.52","wa":"2.78"},{"ts":"2013-06-19T11:00:00Z","nsw":"1.05","nt":"0.49","qld":"0.33","sa":"0.17","tas":"0.00","vic":"1.65","wa":"2.60"},{"ts":"2013-06-19T11:10:00Z","nsw":"1.05","nt":"0.49","qld":"0.33","sa":"0.16","tas":"0.00","vic":"1.63","wa":"2.59"},{"ts":"2013-06-19T11:20:00Z","nsw":"1.09","nt":"0.49","qld":"0.50","sa":"0.18","tas":"0.00","vic":"1.63","wa":"2.57"},{"ts":"2013-06-19T11:30:00Z","nsw":"1.12","nt":"0.49","qld":"0.30","sa":"0.18","tas":"0.00","vic":"1.69","wa":"2.59"},{"ts":"2013-06-19T11:40:00Z","nsw":"1.15","nt":"0.49","qld":"0.35","sa":"0.12","tas":"0.00","vic":"1.58","wa":"2.43"},{"ts":"2013-06-19T11:50:00Z","nsw":"1.04","nt":"0.49","qld":"0.34","sa":"0.12","tas":"0.00","vic":"1.51","wa":"2.58"},{"ts":"2013-06-19T12:00:00Z","nsw":"1.04","nt":"0.49","qld":"0.34","sa":"0.12","tas":"0.00","vic":"1.67","wa":"2.44"},{"ts":"2013-06-19T12:10:00Z","nsw":"1.12","nt":"0.49","qld":"0.33","sa":"0.13","tas":"0.00","vic":"1.36","wa":"2.59"},{"ts":"2013-06-19T12:20:00Z","nsw":"1.17","nt":"0.49","qld":"0.34","sa":"0.15","tas":"0.00","vic":"1.31","wa":"2.44"},{"ts":"2013-06-19T12:30:00Z","nsw":"1.08","nt":"0.49","qld":"0.37","sa":"0.12","tas":"0.00","vic":"1.26","wa":"2.60"},{"ts":"2013-06-19T12:40:00Z","nsw":"1.11","nt":"0.49","qld":"0.34","sa":"0.13","tas":"0.00","vic":"1.23","wa":"2.57"},{"ts":"2013-06-19T12:50:00Z","nsw":"1.02","nt":"0.49","qld":"0.34","sa":"0.12","tas":"0.00","vic":"1.23","wa":"2.76"}],"contribution":[{"ts":"2013-06-18T18:00:00Z","nsw":"0.01","qld":"0.06","sa":"0.03","tas":"0.00","vic":"0.01","wa":"0.02"},{"ts":"2013-06-18T18:10:00Z","nsw":"0.01","qld":"0.06","sa":"0.03","tas":"0.00","vic":"0.01"},{"ts":"2013-06-18T18:20:00Z","nsw":"0.01","qld":"0.06","sa":"0.03","tas":"0.00","vic":"0.01"},{"ts":"2013-06-18T18:30:00Z","nsw":"0.01","qld":"0.05","sa":"0.03","tas":"0.00","vic":"0.00","wa":"0.02"},{"ts":"2013-06-18T18:40:00Z","nsw":"0.01","qld":"0.06","sa":"0.03","tas":"0.00","vic":"0.01"},{"ts":"2013-06-18T18:50:00Z","nsw":"0.01","qld":"0.05","sa":"0.03","tas":"0.00","vic":"0.01"},{"ts":"2013-06-18T19:00:00Z","nsw":"0.02","qld":"0.06","sa":"0.03","tas":"0.00","vic":"0.01","wa":"0.02"},{"ts":"2013-06-18T19:10:00Z","nsw":"0.01","qld":"0.06","sa":"0.03","tas":"0.00","vic":"0.01"},{"ts":"2013-06-18T19:20:00Z","nsw":"0.01","qld":"0.05","sa":"0.03","tas":"0.00","vic":"0.01"},{"ts":"2013-06-18T19:30:00Z","nsw":"0.01","qld":"0.05","sa":"0.03","tas":"0.00","vic":"0.01","wa":"0.02"},{"ts":"2013-06-18T19:40:00Z","nsw":"0.01","qld":"0.05","sa":"0.03","tas":"0.00","vic":"0.01"},{"ts":"2013-06-18T19:50:00Z","nsw":"0.01","qld":"0.05","sa":"0.03","tas":"0.00","vic":"0.01"},{"ts":"2013-06-18T20:00:00Z","nsw":"0.01","qld":"0.05","sa":"0.03","tas":"0.00","vic":"0.00","wa":"0.02"},{"ts":"2013-06-18T20:10:00Z","nsw":"0.01","qld":"0.05","sa":"0.03","tas":"0.00","vic":"0.00"},{"ts":"2013-06-18T20:20:00Z","nsw":"0.02","qld":"0.05","sa":"0.03","tas":"0.00","vic":"0.01"},{"ts":"2013-06-18T20:30:00Z","nsw":"0.02","qld":"0.01","sa":"0.03","tas":"0.00","vic":"0.00","wa":"0.02"},{"ts":"2013-06-18T20:40:00Z","nsw":"0.02","qld":"0.05","sa":"0.03","tas":"0.00","vic":"0.01"},{"ts":"2013-06-18T20:50:00Z","nsw":"0.02","qld":"0.16","sa":"0.03","tas":"0.00","vic":"0.00"},{"ts":"2013-06-18T21:00:00Z","nsw":"0.02","qld":"0.31","sa":"0.03","tas":"0.00","vic":"0.00","wa":"0.02"},{"ts":"2013-06-18T21:10:00Z","nsw":"0.03","qld":"0.52","sa":"0.03","tas":"0.00","vic":"0.00"},{"ts":"2013-06-18T21:20:00Z","nsw":"0.06","qld":"0.80","sa":"0.02","tas":"0.00","vic":"0.00"},{"ts":"2013-06-18T21:30:00Z","nsw":"0.09","qld":"1.11","sa":"0.02","tas":"0.00","vic":"0.00","wa":"0.02"},{"ts":"2013-06-18T21:40:00Z","nsw":"0.15","qld":"1.52","sa":"0.02","tas":"0.00","vic":"0.02"},{"ts":"2013-06-18T21:50:00Z","nsw":"0.23","qld":"1.89","sa":"0.02","tas":"0.01","vic":"0.06"},{"ts":"2013-06-18T22:00:00Z","nsw":"0.36","qld":"2.31","sa":"0.05","tas":"0.04","vic":"0.14","wa":"0.02"},{"ts":"2013-06-18T22:10:00Z","nsw":"0.45","qld":"2.74","sa":"0.24","tas":"0.05","vic":"0.25"},{"ts":"2013-06-18T22:20:00Z","nsw":"0.56","qld":"3.19","sa":"0.44","tas":"0.15","vic":"0.36"},{"ts":"2013-06-18T22:30:00Z","nsw":"0.54","qld":"3.60","sa":"0.80","tas":"0.15","vic":"0.51","wa":"0.04"},{"ts":"2013-06-18T22:40:00Z","nsw":"0.77","qld":"4.07","sa":"1.18","tas":"0.23","vic":"0.66"},{"ts":"2013-06-18T22:50:00Z","nsw":"0.97","qld":"4.44","sa":"1.60","tas":"0.28","vic":"0.80"},{"ts":"2013-06-18T23:00:00Z","nsw":"1.10","qld":"4.84","sa":"2.11","tas":"0.37","vic":"1.01","wa":"0.03"},{"ts":"2013-06-18T23:10:00Z","nsw":"1.11","qld":"5.19","sa":"2.61","tas":"0.33","vic":"1.12"},{"ts":"2013-06-18T23:20:00Z","nsw":"1.14","qld":"5.51","sa":"3.09","tas":"0.44","vic":"1.32"},{"ts":"2013-06-18T23:30:00Z","nsw":"1.13","qld":"5.85","sa":"3.70","tas":"0.44","vic":"1.46","wa":"0.11"},{"ts":"2013-06-18T23:40:00Z","nsw":"1.20","qld":"6.21","sa":"4.32","tas":"0.50","vic":"1.68"},{"ts":"2013-06-18T23:50:00Z","nsw":"1.38","qld":"6.55","sa":"4.76","tas":"0.53","vic":"1.81"},{"ts":"2013-06-19T00:00:00Z","nsw":"1.50","qld":"6.88","sa":"5.30","tas":"0.62","vic":"1.92","wa":"0.79"},{"ts":"2013-06-19T00:10:00Z","nsw":"1.44","qld":"7.17","sa":"5.87","tas":"0.60","vic":"2.07"},{"ts":"2013-06-19T00:20:00Z","nsw":"1.86","qld":"7.36","sa":"6.13","tas":"0.79","vic":"2.20"},{"ts":"2013-06-19T00:30:00Z","nsw":"1.57","qld":"7.48","sa":"6.75","tas":"0.79","vic":"2.42","wa":"1.85"},{"ts":"2013-06-19T00:40:00Z","nsw":"1.88","qld":"7.77","sa":"7.25","tas":"0.89","vic":"2.54"},{"ts":"2013-06-19T00:50:00Z","nsw":"1.96","qld":"7.92","sa":"7.57","tas":"0.84","vic":"2.70"},{"ts":"2013-06-19T01:00:00Z","nsw":"2.34","qld":"8.06","sa":"7.91","tas":"0.89","vic":"2.87","wa":"2.94"},{"ts":"2013-06-19T01:10:00Z","nsw":"2.32","qld":"8.14","sa":"8.44","tas":"0.81","vic":"2.93"},{"ts":"2013-06-19T01:20:00Z","nsw":"2.65","qld":"8.23","sa":"8.65","tas":"0.86","vic":"2.99"},{"ts":"2013-06-19T01:30:00Z","nsw":"2.40","qld":"8.15","sa":"9.06","tas":"0.78","vic":"3.14","wa":"3.86"},{"ts":"2013-06-19T01:40:00Z","nsw":"2.69","qld":"8.22","sa":"9.36","tas":"0.82","vic":"3.27"},{"ts":"2013-06-19T01:50:00Z","nsw":"2.65","qld":"8.21","sa":"9.70","tas":"0.83","vic":"3.21"},{"ts":"2013-06-19T02:00:00Z","nsw":"2.91","qld":"8.22","sa":"9.67","tas":"0.91","vic":"3.38","wa":"4.84"},{"ts":"2013-06-19T02:10:00Z","nsw":"2.79","qld":"8.21","sa":"9.78","tas":"0.88","vic":"3.32"},{"ts":"2013-06-19T02:20:00Z","nsw":"2.84","qld":"8.11","sa":"9.61","tas":"0.94","vic":"3.45"},{"ts":"2013-06-19T02:30:00Z","nsw":"2.44","qld":"7.97","sa":"9.53","tas":"0.85","vic":"3.26","wa":"5.76"},{"ts":"2013-06-19T02:40:00Z","nsw":"2.50","qld":"7.96","sa":"9.09","tas":"0.92","vic":"3.26"},{"ts":"2013-06-19T02:50:00Z","nsw":"2.05","qld":"7.79","sa":"9.53","tas":"0.80","vic":"3.14"},{"ts":"2013-06-19T03:00:00Z","nsw":"1.98","qld":"7.85","sa":"9.71","tas":"0.88","vic":"3.26","wa":"6.38"},{"ts":"2013-06-19T03:10:00Z","nsw":"1.88","qld":"7.51","sa":"9.91","tas":"0.82","vic":"3.12"},{"ts":"2013-06-19T03:20:00Z","nsw":"1.91","qld":"7.28","sa":"9.30","tas":"0.84","vic":"3.04"},{"ts":"2013-06-19T03:30:00Z","nsw":"1.76","qld":"6.91","sa":"9.26","tas":"0.83","vic":"2.91","wa":"6.94"},{"ts":"2013-06-19T03:40:00Z","nsw":"1.87","qld":"6.75","sa":"8.62","tas":"0.81","vic":"2.83"},{"ts":"2013-06-19T03:50:00Z","nsw":"1.72","qld":"6.41","sa":"8.03","tas":"0.72","vic":"2.72"},{"ts":"2013-06-19T04:00:00Z","nsw":"1.86","qld":"6.38","sa":"7.67","tas":"0.78","vic":"2.73","wa":"7.17"},{"ts":"2013-06-19T04:10:00Z","nsw":"1.49","qld":"5.73","sa":"7.56","tas":"0.57","vic":"2.63"},{"ts":"2013-06-19T04:20:00Z","nsw":"1.43","qld":"5.10","sa":"7.41","tas":"0.60","vic":"2.61"},{"ts":"2013-06-19T04:30:00Z","nsw":"1.20","qld":"4.84","sa":"6.99","tas":"0.52","vic":"2.40","wa":"7.18"},{"ts":"2013-06-19T04:40:00Z","nsw":"1.25","qld":"4.29","sa":"6.32","tas":"0.55","vic":"2.22"},{"ts":"2013-06-19T04:50:00Z","nsw":"1.13","qld":"3.68","sa":"5.29","tas":"0.47","vic":"2.10"},{"ts":"2013-06-19T05:00:00Z","nsw":"1.02","qld":"3.45","sa":"5.50","tas":"0.43","vic":"2.04","wa":"7.00"},{"ts":"2013-06-19T05:10:00Z","nsw":"0.86","qld":"2.77","sa":"5.88","tas":"0.35","vic":"1.76"},{"ts":"2013-06-19T05:20:00Z","nsw":"0.90","qld":"2.68","sa":"5.16","tas":"0.32","vic":"1.58"},{"ts":"2013-06-19T05:30:00Z","nsw":"0.63","qld":"2.28","sa":"5.08","tas":"0.28","vic":"1.40","wa":"6.39"},{"ts":"2013-06-19T05:40:00Z","nsw":"0.60","qld":"2.00","sa":"4.53","tas":"0.22","vic":"1.19"},{"ts":"2013-06-19T05:50:00Z","nsw":"0.52","qld":"2.05","sa":"3.83","tas":"0.19","vic":"1.00"},{"ts":"2013-06-19T06:00:00Z","nsw":"0.45","qld":"1.99","sa":"3.44","tas":"0.14","vic":"0.89","wa":"6.03"},{"ts":"2013-06-19T06:10:00Z","nsw":"0.35","qld":"1.41","sa":"3.31","tas":"0.09","vic":"0.62"},{"ts":"2013-06-19T06:20:00Z","nsw":"0.27","qld":"1.10","sa":"2.40","tas":"0.06","vic":"0.50"},{"ts":"2013-06-19T06:30:00Z","nsw":"0.18","qld":"0.72","sa":"2.24","tas":"0.03","vic":"0.34","wa":"5.27"},{"ts":"2013-06-19T06:40:00Z","nsw":"0.12","qld":"0.33","sa":"2.27","tas":"0.02","vic":"0.22"},{"ts":"2013-06-19T06:50:00Z","nsw":"0.08","qld":"0.25","sa":"1.72","tas":"0.00","vic":"0.14"},{"ts":"2013-06-19T07:00:00Z","nsw":"0.05","qld":"0.17","sa":"1.30","tas":"0.00","vic":"0.07","wa":"4.35"},{"ts":"2013-06-19T07:10:00Z","nsw":"0.04","qld":"0.10","sa":"0.85","tas":"0.00","vic":"0.06"},{"ts":"2013-06-19T07:20:00Z","nsw":"0.04","qld":"0.13","sa":"0.56","tas":"0.00","vic":"0.06"},{"ts":"2013-06-19T07:30:00Z","nsw":"0.04","qld":"0.12","sa":"0.23","tas":"0.00","vic":"0.05","wa":"3.44"},{"ts":"2013-06-19T07:40:00Z","nsw":"0.04","qld":"0.06","sa":"0.10","tas":"0.00","vic":"0.05"},{"ts":"2013-06-19T07:50:00Z","nsw":"0.06","qld":"0.05","sa":"0.07","tas":"0.00","vic":"0.05"},{"ts":"2013-06-19T08:00:00Z","nsw":"0.05","qld":"0.03","sa":"0.05","tas":"0.00","vic":"0.06","wa":"2.56"},{"ts":"2013-06-19T08:10:00Z","nsw":"0.05","qld":"0.04","sa":"0.04","tas":"0.00","vic":"0.06"},{"ts":"2013-06-19T08:20:00Z","nsw":"0.06","qld":"0.04","sa":"0.03","tas":"0.00","vic":"0.06"},{"ts":"2013-06-19T08:30:00Z","nsw":"0.06","qld":"0.04","sa":"0.03","tas":"0.00","vic":"0.06","wa":"1.29"},{"ts":"2013-06-19T08:40:00Z","nsw":"0.06","qld":"0.04","sa":"0.03","tas":"0.00","vic":"0.06"},{"ts":"2013-06-19T08:50:00Z","nsw":"0.05","qld":"0.04","sa":"0.03","tas":"0.00","vic":"0.06"},{"ts":"2013-06-19T09:00:00Z","nsw":"0.05","qld":"0.04","sa":"0.03","tas":"0.00","vic":"0.06","wa":"0.35"},{"ts":"2013-06-19T09:10:00Z","nsw":"0.05","qld":"0.04","sa":"0.02","tas":"0.00","vic":"0.06"},{"ts":"2013-06-19T09:20:00Z","nsw":"0.05","qld":"0.04","sa":"0.03","tas":"0.00","vic":"0.06"},{"ts":"2013-06-19T09:30:00Z","nsw":"0.06","qld":"0.04","sa":"0.03","tas":"0.00","vic":"0.06","wa":"0.12"},{"ts":"2013-06-19T09:40:00Z","nsw":"0.06","qld":"0.05","sa":"0.02","tas":"0.00","vic":"0.06"},{"ts":"2013-06-19T09:50:00Z","nsw":"0.05","qld":"0.04","sa":"0.03","tas":"0.00","vic":"0.06"},{"ts":"2013-06-19T10:00:00Z","nsw":"0.06","qld":"0.05","sa":"0.03","tas":"0.00","vic":"0.06","wa":"0.22"},{"ts":"2013-06-19T10:10:00Z","nsw":"0.05","qld":"0.04","sa":"0.03","tas":"0.00","vic":"0.07"},{"ts":"2013-06-19T10:20:00Z","nsw":"0.06","qld":"0.04","sa":"0.03","tas":"0.00","vic":"0.06"},{"ts":"2013-06-19T10:30:00Z","nsw":"0.06","qld":"0.04","sa":"0.03","tas":"0.00","vic":"0.06","wa":"0.30"},{"ts":"2013-06-19T10:40:00Z","nsw":"0.06","qld":"0.04","sa":"0.04","tas":"0.00","vic":"0.09"},{"ts":"2013-06-19T10:50:00Z","nsw":"0.06","qld":"0.04","sa":"0.03","tas":"0.00","vic":"0.10"},{"ts":"2013-06-19T11:00:00Z","nsw":"0.06","qld":"0.04","sa":"0.03","tas":"0.00","vic":"0.11","wa":"0.28"},{"ts":"2013-06-19T11:10:00Z","nsw":"0.06","qld":"0.04","sa":"0.03","tas":"0.00","vic":"0.11"},{"ts":"2013-06-19T11:20:00Z","nsw":"0.06","qld":"0.06","sa":"0.03","tas":"0.00","vic":"0.11"},{"ts":"2013-06-19T11:30:00Z","nsw":"0.07","qld":"0.04","sa":"0.03","tas":"0.00","vic":"0.12","wa":"0.28"},{"ts":"2013-06-19T11:40:00Z","nsw":"0.07","qld":"0.05","sa":"0.02","tas":"0.00","vic":"0.11"},{"ts":"2013-06-19T11:50:00Z","nsw":"0.06","qld":"0.04","sa":"0.02","tas":"0.00","vic":"0.11"},{"ts":"2013-06-19T12:00:00Z","nsw":"0.06","qld":"0.05","sa":"0.02","tas":"0.00","vic":"0.12","wa":"0.27"},{"ts":"2013-06-19T12:10:00Z","nsw":"0.07","qld":"0.04","sa":"0.03","tas":"0.00","vic":"0.10"},{"ts":"2013-06-19T12:20:00Z","nsw":"0.07","qld":"0.04","sa":"0.03","tas":"0.00","vic":"0.10"},{"ts":"2013-06-19T12:30:00Z","nsw":"0.07","qld":"0.05","sa":"0.03","tas":"0.00","vic":"0.09","wa":"0.30"},{"ts":"2013-06-19T12:40:00Z","nsw":"0.07","qld":"0.05","sa":"0.03","tas":"0.00","vic":"0.09"},{"ts":"2013-06-19T12:50:00Z","nsw":"0.06","qld":"0.05","sa":"0.03","tas":"0.00","vic":"0.09"}],"demand":[{"ts":"2013-06-18T18:00:00Z","nsw":6748,"qld":4665,"sa":1266,"tas":1034,"vic":4763,"wa":1627},{"ts":"2013-06-18T18:10:00Z","nsw":6736,"qld":4681,"sa":1262,"tas":1020,"vic":4774},{"ts":"2013-06-18T18:20:00Z","nsw":6743,"qld":4713,"sa":1246,"tas":1037,"vic":4769},{"ts":"2013-06-18T18:30:00Z","nsw":6741,"qld":4763,"sa":1247,"tas":1041,"vic":4774,"wa":1642},{"ts":"2013-06-18T18:40:00Z","nsw":6792,"qld":4761,"sa":1253,"tas":1056,"vic":4796},{"ts":"2013-06-18T18:50:00Z","nsw":6866,"qld":4834,"sa":1258,"tas":1073,"vic":4815},{"ts":"2013-06-18T19:00:00Z","nsw":6959,"qld":4925,"sa":1255,"tas":1093,"vic":4869,"wa":1606},{"ts":"2013-06-18T19:10:00Z","nsw":7141,"qld":5046,"sa":1261,"tas":1103,"vic":4966},{"ts":"2013-06-18T19:20:00Z","nsw":7286,"qld":5183,"sa":1275,"tas":1117,"vic":4979},{"ts":"2013-06-18T19:30:00Z","nsw":7382,"qld":5244,"sa":1280,"tas":1132,"vic":5029,"wa":1627},{"ts":"2013-06-18T19:40:00Z","nsw":7569,"qld":5364,"sa":1327,"tas":1129,"vic":5108},{"ts":"2013-06-18T19:50:00Z","nsw":7686,"qld":5494,"sa":1330,"tas":1150,"vic":5239},{"ts":"2013-06-18T20:00:00Z","nsw":7933,"qld":5703,"sa":1354,"tas":1188,"vic":5383,"wa":1619},{"ts":"2013-06-18T20:10:00Z","nsw":8310,"qld":5924,"sa":1351,"tas":1212,"vic":5662},{"ts":"2013-06-18T20:20:00Z","nsw":8616,"qld":6079,"sa":1373,"tas":1244,"vic":5815},{"ts":"2013-06-18T20:30:00Z","nsw":8839,"qld":6229,"sa":1422,"tas":1272,"vic":5993,"wa":1649},{"ts":"2013-06-18T20:40:00Z","nsw":9168,"qld":6321,"sa":1490,"tas":1301,"vic":6202},{"ts":"2013-06-18T20:50:00Z","nsw":9410,"qld":6522,"sa":1536,"tas":1343,"vic":6388},{"ts":"2013-06-18T21:00:00Z","nsw":9470,"qld":6637,"sa":1606,"tas":1406,"vic":6557,"wa":1663},{"ts":"2013-06-18T21:10:00Z","nsw":9640,"qld":6774,"sa":1648,"tas":1467,"vic":6604},{"ts":"2013-06-18T21:20:00Z","nsw":9811,"qld":6802,"sa":1724,"tas":1525,"vic":6836},{"ts":"2013-06-18T21:30:00Z","nsw":10049,"qld":6834,"sa":1766,"tas":1542,"vic":6963,"wa":1721},{"ts":"2013-06-18T21:40:00Z","nsw":10177,"qld":6800,"sa":1782,"tas":1563,"vic":7040},{"ts":"2013-06-18T21:50:00Z","nsw":10270,"qld":6775,"sa":1847,"tas":1557,"vic":7121},{"ts":"2013-06-18T22:00:00Z","nsw":10303,"qld":6698,"sa":1905,"tas":1569,"vic":7137,"wa":1844},{"ts":"2013-06-18T22:10:00Z","nsw":10277,"qld":6626,"sa":1931,"tas":1560,"vic":7212},{"ts":"2013-06-18T22:20:00Z","nsw":10187,"qld":6522,"sa":1955,"tas":1552,"vic":7233},{"ts":"2013-06-18T22:30:00Z","nsw":10132,"qld":6456,"sa":1964,"tas":1541,"vic":7190,"wa":2057},{"ts":"2013-06-18T22:40:00Z","nsw":10075,"qld":6411,"sa":1976,"tas":1528,"vic":7146},{"ts":"2013-06-18T22:50:00Z","nsw":10020,"qld":6375,"sa":1966,"tas":1519,"vic":7110},{"ts":"2013-06-18T23:00:00Z","nsw":9935,"qld":6331,"sa":1936,"tas":1517,"vic":7161,"wa":2252},{"ts":"2013-06-18T23:10:00Z","nsw":9981,"qld":6270,"sa":1919,"tas":1536,"vic":7164},{"ts":"2013-06-18T23:20:00Z","nsw":9822,"qld":6187,"sa":1905,"tas":1525,"vic":7134},{"ts":"2013-06-18T23:30:00Z","nsw":9810,"qld":6109,"sa":1887,"tas":1504,"vic":7068,"wa":2462},{"ts":"2013-06-18T23:40:00Z","nsw":9814,"qld":6084,"sa":1863,"tas":1485,"vic":7028},{"ts":"2013-06-18T23:50:00Z","nsw":9816,"qld":6015,"sa":1840,"tas":1465,"vic":6963},{"ts":"2013-06-19T00:00:00Z","nsw":9765,"qld":5914,"sa":1817,"tas":1449,"vic":6933,"wa":2624},{"ts":"2013-06-19T00:10:00Z","nsw":9748,"qld":5855,"sa":1781,"tas":1447,"vic":6893},{"ts":"2013-06-19T00:20:00Z","nsw":9690,"qld":5845,"sa":1771,"tas":1434,"vic":6867},{"ts":"2013-06-19T00:30:00Z","nsw":9651,"qld":5831,"sa":1747,"tas":1421,"vic":6839,"wa":2632},{"ts":"2013-06-19T00:40:00Z","nsw":9591,"qld":5793,"sa":1718,"tas":1376,"vic":6839},{"ts":"2013-06-19T00:50:00Z","nsw":9506,"qld":5741,"sa":1702,"tas":1371,"vic":6734},{"ts":"2013-06-19T01:00:00Z","nsw":9440,"qld":5742,"sa":1681,"tas":1363,"vic":6695,"wa":2561},{"ts":"2013-06-19T01:10:00Z","nsw":9334,"qld":5685,"sa":1664,"tas":1384,"vic":6617},{"ts":"2013-06-19T01:20:00Z","nsw":9358,"qld":5660,"sa":1641,"tas":1401,"vic":6563},{"ts":"2013-06-19T01:30:00Z","nsw":9293,"qld":5683,"sa":1607,"tas":1403,"vic":6526,"wa":2482},{"ts":"2013-06-19T01:40:00Z","nsw":9221,"qld":5634,"sa":1596,"tas":1374,"vic":6510},{"ts":"2013-06-19T01:50:00Z","nsw":9178,"qld":5658,"sa":1592,"tas":1364,"vic":6463},{"ts":"2013-06-19T02:00:00Z","nsw":9181,"qld":5629,"sa":1576,"tas":1356,"vic":6375,"wa":2409},{"ts":"2013-06-19T02:10:00Z","nsw":9149,"qld":5618,"sa":1568,"tas":1339,"vic":6377},{"ts":"2013-06-19T02:20:00Z","nsw":9123,"qld":5609,"sa":1574,"tas":1324,"vic":6339},{"ts":"2013-06-19T02:30:00Z","nsw":9153,"qld":5605,"sa":1571,"tas":1317,"vic":6339,"wa":2363},{"ts":"2013-06-19T02:40:00Z","nsw":9131,"qld":5584,"sa":1553,"tas":1311,"vic":6331},{"ts":"2013-06-19T02:50:00Z","nsw":9086,"qld":5595,"sa":1558,"tas":1320,"vic":6318},{"ts":"2013-06-19T03:00:00Z","nsw":9070,"qld":5549,"sa":1560,"tas":1323,"vic":6316,"wa":2284},{"ts":"2013-06-19T03:10:00Z","nsw":9157,"qld":5577,"sa":1555,"tas":1321,"vic":6362},{"ts":"2013-06-19T03:20:00Z","nsw":9136,"qld":5605,"sa":1560,"tas":1314,"vic":6389},{"ts":"2013-06-19T03:30:00Z","nsw":9157,"qld":5622,"sa":1565,"tas":1310,"vic":6350,"wa":2241},{"ts":"2013-06-19T03:40:00Z","nsw":9132,"qld":5640,"sa":1576,"tas":1319,"vic":6327},{"ts":"2013-06-19T03:50:00Z","nsw":9104,"qld":5616,"sa":1578,"tas":1325,"vic":6370},{"ts":"2013-06-19T04:00:00Z","nsw":9124,"qld":5626,"sa":1590,"tas":1337,"vic":6401,"wa":2216},{"ts":"2013-06-19T04:10:00Z","nsw":9129,"qld":5661,"sa":1594,"tas":1353,"vic":6343},{"ts":"2013-06-19T04:20:00Z","nsw":9105,"qld":5701,"sa":1593,"tas":1364,"vic":6359},{"ts":"2013-06-19T04:30:00Z","nsw":9101,"qld":5672,"sa":1590,"tas":1347,"vic":6314,"wa":2193},{"ts":"2013-06-19T04:40:00Z","nsw":9069,"qld":5715,"sa":1602,"tas":1330,"vic":6305},{"ts":"2013-06-19T04:50:00Z","nsw":9088,"qld":5717,"sa":1606,"tas":1320,"vic":6278},{"ts":"2013-06-19T05:00:00Z","nsw":9121,"qld":5749,"sa":1600,"tas":1335,"vic":6264,"wa":2179},{"ts":"2013-06-19T05:10:00Z","nsw":9183,"qld":5755,"sa":1589,"tas":1347,"vic":6267},{"ts":"2013-06-19T05:20:00Z","nsw":9272,"qld":5801,"sa":1592,"tas":1355,"vic":6290},{"ts":"2013-06-19T05:30:00Z","nsw":9254,"qld":5862,"sa":1606,"tas":1357,"vic":6286,"wa":2164},{"ts":"2013-06-19T05:40:00Z","nsw":9331,"qld":5883,"sa":1613,"tas":1373,"vic":6329},{"ts":"2013-06-19T05:50:00Z","nsw":9417,"qld":5916,"sa":1625,"tas":1382,"vic":6381},{"ts":"2013-06-19T06:00:00Z","nsw":9500,"qld":5970,"sa":1641,"tas":1390,"vic":6431,"wa":2158},{"ts":"2013-06-19T06:10:00Z","nsw":9559,"qld":6068,"sa":1632,"tas":1397,"vic":6451},{"ts":"2013-06-19T06:20:00Z","nsw":9662,"qld":6144,"sa":1643,"tas":1407,"vic":6538},{"ts":"2013-06-19T06:30:00Z","nsw":9767,"qld":6242,"sa":1662,"tas":1444,"vic":6591,"wa":2170},{"ts":"2013-06-19T06:40:00Z","nsw":9992,"qld":6364,"sa":1684,"tas":1458,"vic":6668},{"ts":"2013-06-19T06:50:00Z","nsw":10155,"qld":6569,"sa":1704,"tas":1485,"vic":6730},{"ts":"2013-06-19T07:00:00Z","nsw":10389,"qld":6614,"sa":1776,"tas":1512,"vic":6831,"wa":2182},{"ts":"2013-06-19T07:10:00Z","nsw":10696,"qld":6812,"sa":1852,"tas":1544,"vic":7000},{"ts":"2013-06-19T07:20:00Z","nsw":10986,"qld":6841,"sa":1870,"tas":1574,"vic":7194},{"ts":"2013-06-19T07:30:00Z","nsw":11198,"qld":6964,"sa":1929,"tas":1584,"vic":7311,"wa":2199},{"ts":"2013-06-19T07:40:00Z","nsw":11252,"qld":7031,"sa":2006,"tas":1586,"vic":7452},{"ts":"2013-06-19T07:50:00Z","nsw":11328,"qld":7054,"sa":2066,"tas":1591,"vic":7556},{"ts":"2013-06-19T08:00:00Z","nsw":11356,"qld":7003,"sa":2107,"tas":1574,"vic":7550,"wa":2229},{"ts":"2013-06-19T08:10:00Z","nsw":11261,"qld":6998,"sa":2148,"tas":1573,"vic":7473},{"ts":"2013-06-19T08:20:00Z","nsw":11289,"qld":7027,"sa":2185,"tas":1546,"vic":7501},{"ts":"2013-06-19T08:30:00Z","nsw":11238,"qld":7036,"sa":2207,"tas":1537,"vic":7464,"wa":2248},{"ts":"2013-06-19T08:40:00Z","nsw":11162,"qld":7081,"sa":2217,"tas":1556,"vic":7409},{"ts":"2013-06-19T08:50:00Z","nsw":11100,"qld":7034,"sa":2201,"tas":1570,"vic":7330},{"ts":"2013-06-19T09:00:00Z","nsw":11053,"qld":7017,"sa":2189,"tas":1570,"vic":7266,"wa":2322},{"ts":"2013-06-19T09:10:00Z","nsw":10883,"qld":7001,"sa":2178,"tas":1554,"vic":7165},{"ts":"2013-06-19T09:20:00Z","nsw":10852,"qld":6927,"sa":2163,"tas":1541,"vic":7086},{"ts":"2013-06-19T09:30:00Z","nsw":10720,"qld":6903,"sa":2103,"tas":1531,"vic":7091,"wa":2468},{"ts":"2013-06-19T09:40:00Z","nsw":10645,"qld":6910,"sa":2145,"tas":1527,"vic":7080},{"ts":"2013-06-19T09:50:00Z","nsw":10599,"qld":6957,"sa":2112,"tas":1515,"vic":7040},{"ts":"2013-06-19T10:00:00Z","nsw":10530,"qld":6950,"sa":2093,"tas":1516,"vic":7028,"wa":2715},{"ts":"2013-06-19T10:10:00Z","nsw":10493,"qld":6980,"sa":2084,"tas":1518,"vic":6923},{"ts":"2013-06-19T10:20:00Z","nsw":10458,"qld":6878,"sa":2059,"tas":1524,"vic":6865},{"ts":"2013-06-19T10:30:00Z","nsw":10383,"qld":6831,"sa":2045,"tas":1499,"vic":6836,"wa":2843},{"ts":"2013-06-19T10:40:00Z","nsw":10338,"qld":6758,"sa":2047,"tas":1481,"vic":6760},{"ts":"2013-06-19T10:50:00Z","nsw":10227,"qld":6697,"sa":2045,"tas":1467,"vic":6680},{"ts":"2013-06-19T11:00:00Z","nsw":10107,"qld":6617,"sa":2020,"tas":1459,"vic":6609,"wa":2845},{"ts":"2013-06-19T11:10:00Z","nsw":9979,"qld":6594,"sa":2023,"tas":1442,"vic":6492},{"ts":"2013-06-19T11:20:00Z","nsw":9886,"qld":6490,"sa":1970,"tas":1420,"vic":6429},{"ts":"2013-06-19T11:30:00Z","nsw":9722,"qld":6384,"sa":1951,"tas":1400,"vic":6343,"wa":2805},{"ts":"2013-06-19T11:40:00Z","nsw":9641,"qld":6335,"sa":1938,"tas":1381,"vic":6281},{"ts":"2013-06-19T11:50:00Z","nsw":9474,"qld":6208,"sa":1900,"tas":1367,"vic":6163},{"ts":"2013-06-19T12:00:00Z","nsw":9389,"qld":6156,"sa":1860,"tas":1357,"vic":6093,"wa":2746},{"ts":"2013-06-19T12:10:00Z","nsw":9441,"qld":6100,"sa":1855,"tas":1335,"vic":5992},{"ts":"2013-06-19T12:20:00Z","nsw":9401,"qld":5976,"sa":1787,"tas":1310,"vic":5944},{"ts":"2013-06-19T12:30:00Z","nsw":9277,"qld":5905,"sa":1761,"tas":1275,"vic":5945,"wa":2681},{"ts":"2013-06-19T12:40:00Z","nsw":9160,"qld":5858,"sa":1745,"tas":1266,"vic":5874},{"ts":"2013-06-19T12:50:00Z","nsw":8971,"qld":5769,"sa":1717,"tas":1264,"vic":5795}],"output":[{"ts":"2013-06-18T18:00:00Z","nsw":0,"qld":2,"sa":0,"tas":0,"vic":0,"wa":0},{"ts":"2013-06-18T18:10:00Z","nsw":0,"qld":2,"sa":0,"tas":0,"vic":0},{"ts":"2013-06-18T18:20:00Z","nsw":0,"qld":2,"sa":0,"tas":0,"vic":0},{"ts":"2013-06-18T18:30:00Z","nsw":0,"qld":2,"sa":0,"tas":0,"vic":0,"wa":0},{"ts":"2013-06-18T18:40:00Z","nsw":0,"qld":2,"sa":0,"tas":0,"vic":0},{"ts":"2013-06-18T18:50:00Z","nsw":0,"qld":2,"sa":0,"tas":0,"vic":0},{"ts":"2013-06-18T19:00:00Z","nsw":1,"qld":2,"sa":0,"tas":0,"vic":0,"wa":0},{"ts":"2013-06-18T19:10:00Z","nsw":0,"qld":3,"sa":0,"tas":0,"vic":0},{"ts":"2013-06-18T19:20:00Z","nsw":0,"qld":2,"sa":0,"tas":0,"vic":0},{"ts":"2013-06-18T19:30:00Z","nsw":0,"qld":2,"sa":0,"tas":0,"vic":0,"wa":0},{"ts":"2013-06-18T19:40:00Z","nsw":1,"qld":2,"sa":0,"tas":0,"vic":0},{"ts":"2013-06-18T19:50:00Z","nsw":0,"qld":2,"sa":0,"tas":0,"vic":0},{"ts":"2013-06-18T20:00:00Z","nsw":0,"qld":2,"sa":0,"tas":0,"vic":0,"wa":0},{"ts":"2013-06-18T20:10:00Z","nsw":0,"qld":2,"sa":0,"tas":0,"vic":0},{"ts":"2013-06-18T20:20:00Z","nsw":1,"qld":2,"sa":0,"tas":0,"vic":0},{"ts":"2013-06-18T20:30:00Z","nsw":1,"qld":0,"sa":0,"tas":0,"vic":0,"wa":0},{"ts":"2013-06-18T20:40:00Z","nsw":1,"qld":3,"sa":0,"tas":0,"vic":0},{"ts":"2013-06-18T20:50:00Z","nsw":1,"qld":10,"sa":0,"tas":0,"vic":0},{"ts":"2013-06-18T21:00:00Z","nsw":2,"qld":20,"sa":0,"tas":0,"vic":0,"wa":0},{"ts":"2013-06-18T21:10:00Z","nsw":3,"qld":35,"sa":0,"tas":0,"vic":0},{"ts":"2013-06-18T21:20:00Z","nsw":5,"qld":54,"sa":0,"tas":0,"vic":0},{"ts":"2013-06-18T21:30:00Z","nsw":8,"qld":77,"sa":0,"tas":0,"vic":0,"wa":0},{"ts":"2013-06-18T21:40:00Z","nsw":15,"qld":105,"sa":0,"tas":0,"vic":1},{"ts":"2013-06-18T21:50:00Z","nsw":23,"qld":131,"sa":0,"tas":0,"vic":4},{"ts":"2013-06-18T22:00:00Z","nsw":36,"qld":160,"sa":0,"tas":0,"vic":10,"wa":0},{"ts":"2013-06-18T22:10:00Z","nsw":46,"qld":187,"sa":4,"tas":0,"vic":17},{"ts":"2013-06-18T22:20:00Z","nsw":57,"qld":215,"sa":8,"tas":2,"vic":26},{"ts":"2013-06-18T22:30:00Z","nsw":55,"qld":242,"sa":15,"tas":2,"vic":36,"wa":0},{"ts":"2013-06-18T22:40:00Z","nsw":78,"qld":273,"sa":23,"tas":3,"vic":47},{"ts":"2013-06-18T22:50:00Z","nsw":98,"qld":296,"sa":32,"tas":4,"vic":57},{"ts":"2013-06-18T23:00:00Z","nsw":110,"qld":321,"sa":41,"tas":5,"vic":72,"wa":0},{"ts":"2013-06-18T23:10:00Z","nsw":112,"qld":343,"sa":51,"tas":5,"vic":80},{"ts":"2013-06-18T23:20:00Z","nsw":113,"qld":362,"sa":60,"tas":6,"vic":95},{"ts":"2013-06-18T23:30:00Z","nsw":112,"qld":381,"sa":72,"tas":6,"vic":105,"wa":2},{"ts":"2013-06-18T23:40:00Z","nsw":119,"qld":403,"sa":84,"tas":7,"vic":120},{"ts":"2013-06-18T23:50:00Z","nsw":137,"qld":420,"sa":92,"tas":7,"vic":128},{"ts":"2013-06-19T00:00:00Z","nsw":148,"qld":437,"sa":102,"tas":9,"vic":136,"wa":20},{"ts":"2013-06-19T00:10:00Z","nsw":143,"qld":452,"sa":111,"tas":8,"vic":145},{"ts":"2013-06-19T00:20:00Z","nsw":183,"qld":464,"sa":115,"tas":11,"vic":154},{"ts":"2013-06-19T00:30:00Z","nsw":153,"qld":471,"sa":126,"tas":11,"vic":170,"wa":49},{"ts":"2013-06-19T00:40:00Z","nsw":184,"qld":486,"sa":134,"tas":12,"vic":178},{"ts":"2013-06-19T00:50:00Z","nsw":190,"qld":494,"sa":139,"tas":11,"vic":187},{"ts":"2013-06-19T01:00:00Z","nsw":227,"qld":503,"sa":144,"tas":12,"vic":198,"wa":77},{"ts":"2013-06-19T01:10:00Z","nsw":222,"qld":504,"sa":152,"tas":11,"vic":200},{"ts":"2013-06-19T01:20:00Z","nsw":254,"qld":510,"sa":156,"tas":12,"vic":203},{"ts":"2013-06-19T01:30:00Z","nsw":229,"qld":504,"sa":161,"tas":10,"vic":212,"wa":99},{"ts":"2013-06-19T01:40:00Z","nsw":254,"qld":504,"sa":164,"tas":11,"vic":220},{"ts":"2013-06-19T01:50:00Z","nsw":249,"qld":509,"sa":170,"tas":11,"vic":215},{"ts":"2013-06-19T02:00:00Z","nsw":276,"qld":504,"sa":169,"tas":12,"vic":223,"wa":122},{"ts":"2013-06-19T02:10:00Z","nsw":262,"qld":502,"sa":169,"tas":12,"vic":218},{"ts":"2013-06-19T02:20:00Z","nsw":266,"qld":497,"sa":166,"tas":12,"vic":226},{"ts":"2013-06-19T02:30:00Z","nsw":229,"qld":486,"sa":166,"tas":11,"vic":213,"wa":144},{"ts":"2013-06-19T02:40:00Z","nsw":233,"qld":483,"sa":155,"tas":12,"vic":213},{"ts":"2013-06-19T02:50:00Z","nsw":190,"qld":476,"sa":163,"tas":10,"vic":204},{"ts":"2013-06-19T03:00:00Z","nsw":182,"qld":471,"sa":167,"tas":11,"vic":213,"wa":155},{"ts":"2013-06-19T03:10:00Z","nsw":175,"qld":455,"sa":170,"tas":10,"vic":204},{"ts":"2013-06-19T03:20:00Z","nsw":178,"qld":442,"sa":159,"tas":11,"vic":200},{"ts":"2013-06-19T03:30:00Z","nsw":164,"qld":414,"sa":159,"tas":10,"vic":190,"wa":167},{"ts":"2013-06-19T03:40:00Z","nsw":174,"qld":407,"sa":147,"tas":10,"vic":184},{"ts":"2013-06-19T03:50:00Z","nsw":159,"qld":385,"sa":138,"tas":9,"vic":178},{"ts":"2013-06-19T04:00:00Z","nsw":172,"qld":381,"sa":130,"tas":10,"vic":179,"wa":171},{"ts":"2013-06-19T04:10:00Z","nsw":138,"qld":343,"sa":130,"tas":7,"vic":171},{"ts":"2013-06-19T04:20:00Z","nsw":132,"qld":306,"sa":127,"tas":8,"vic":170},{"ts":"2013-06-19T04:30:00Z","nsw":110,"qld":290,"sa":119,"tas":7,"vic":155,"wa":169},{"ts":"2013-06-19T04:40:00Z","nsw":114,"qld":256,"sa":107,"tas":7,"vic":143},{"ts":"2013-06-19T04:50:00Z","nsw":103,"qld":218,"sa":90,"tas":6,"vic":135},{"ts":"2013-06-19T05:00:00Z","nsw":94,"qld":204,"sa":93,"tas":5,"vic":130,"wa":163},{"ts":"2013-06-19T05:10:00Z","nsw":79,"qld":163,"sa":100,"tas":4,"vic":112},{"ts":"2013-06-19T05:20:00Z","nsw":83,"qld":159,"sa":86,"tas":4,"vic":100},{"ts":"2013-06-19T05:30:00Z","nsw":58,"qld":136,"sa":86,"tas":3,"vic":89,"wa":147},{"ts":"2013-06-19T05:40:00Z","nsw":56,"qld":119,"sa":76,"tas":3,"vic":75},{"ts":"2013-06-19T05:50:00Z","nsw":49,"qld":124,"sa":64,"tas":2,"vic":64},{"ts":"2013-06-19T06:00:00Z","nsw":42,"qld":121,"sa":58,"tas":2,"vic":57,"wa":138},{"ts":"2013-06-19T06:10:00Z","nsw":32,"qld":87,"sa":56,"tas":1,"vic":40},{"ts":"2013-06-19T06:20:00Z","nsw":26,"qld":68,"sa":40,"tas":0,"vic":32},{"ts":"2013-06-19T06:30:00Z","nsw":17,"qld":45,"sa":38,"tas":0,"vic":22,"wa":120},{"ts":"2013-06-19T06:40:00Z","nsw":12,"qld":20,"sa":38,"tas":0,"vic":14},{"ts":"2013-06-19T06:50:00Z","nsw":7,"qld":16,"sa":29,"tas":0,"vic":9},{"ts":"2013-06-19T07:00:00Z","nsw":5,"qld":10,"sa":22,"tas":0,"vic":5,"wa":99},{"ts":"2013-06-19T07:10:00Z","nsw":4,"qld":6,"sa":15,"tas":0,"vic":4},{"ts":"2013-06-19T07:20:00Z","nsw":4,"qld":9,"sa":10,"tas":0,"vic":3},{"ts":"2013-06-19T07:30:00Z","nsw":4,"qld":8,"sa":4,"tas":0,"vic":3,"wa":78},{"ts":"2013-06-19T07:40:00Z","nsw":4,"qld":4,"sa":2,"tas":0,"vic":3},{"ts":"2013-06-19T07:50:00Z","nsw":6,"qld":3,"sa":1,"tas":0,"vic":3},{"ts":"2013-06-19T08:00:00Z","nsw":5,"qld":2,"sa":1,"tas":0,"vic":4,"wa":58},{"ts":"2013-06-19T08:10:00Z","nsw":5,"qld":2,"sa":0,"tas":0,"vic":4},{"ts":"2013-06-19T08:20:00Z","nsw":6,"qld":2,"sa":0,"tas":0,"vic":4},{"ts":"2013-06-19T08:30:00Z","nsw":6,"qld":2,"sa":0,"tas":0,"vic":4,"wa":29},{"ts":"2013-06-19T08:40:00Z","nsw":6,"qld":2,"sa":0,"tas":0,"vic":4},{"ts":"2013-06-19T08:50:00Z","nsw":5,"qld":2,"sa":0,"tas":0,"vic":4},{"ts":"2013-06-19T09:00:00Z","nsw":5,"qld":2,"sa":0,"tas":0,"vic":4,"wa":8},{"ts":"2013-06-19T09:10:00Z","nsw":5,"qld":2,"sa":0,"tas":0,"vic":4},{"ts":"2013-06-19T09:20:00Z","nsw":5,"qld":2,"sa":0,"tas":0,"vic":4},{"ts":"2013-06-19T09:30:00Z","nsw":6,"qld":3,"sa":0,"tas":0,"vic":4,"wa":2},{"ts":"2013-06-19T09:40:00Z","nsw":5,"qld":3,"sa":0,"tas":0,"vic":4},{"ts":"2013-06-19T09:50:00Z","nsw":5,"qld":2,"sa":0,"tas":0,"vic":4},{"ts":"2013-06-19T10:00:00Z","nsw":5,"qld":3,"sa":0,"tas":0,"vic":4,"wa":6},{"ts":"2013-06-19T10:10:00Z","nsw":5,"qld":2,"sa":0,"tas":0,"vic":4},{"ts":"2013-06-19T10:20:00Z","nsw":5,"qld":2,"sa":0,"tas":0,"vic":4},{"ts":"2013-06-19T10:30:00Z","nsw":6,"qld":2,"sa":0,"tas":0,"vic":4,"wa":8},{"ts":"2013-06-19T10:40:00Z","nsw":6,"qld":2,"sa":0,"tas":0,"vic":6},{"ts":"2013-06-19T10:50:00Z","nsw":6,"qld":2,"sa":0,"tas":0,"vic":6},{"ts":"2013-06-19T11:00:00Z","nsw":5,"qld":2,"sa":0,"tas":0,"vic":7,"wa":8},{"ts":"2013-06-19T11:10:00Z","nsw":6,"qld":2,"sa":0,"tas":0,"vic":7},{"ts":"2013-06-19T11:20:00Z","nsw":6,"qld":4,"sa":0,"tas":0,"vic":7},{"ts":"2013-06-19T11:30:00Z","nsw":6,"qld":2,"sa":0,"tas":0,"vic":7,"wa":7},{"ts":"2013-06-19T11:40:00Z","nsw":6,"qld":2,"sa":0,"tas":0,"vic":6},{"ts":"2013-06-19T11:50:00Z","nsw":5,"qld":2,"sa":0,"tas":0,"vic":6},{"ts":"2013-06-19T12:00:00Z","nsw":5,"qld":2,"sa":0,"tas":0,"vic":7,"wa":7},{"ts":"2013-06-19T12:10:00Z","nsw":6,"qld":2,"sa":0,"tas":0,"vic":6},{"ts":"2013-06-19T12:20:00Z","nsw":6,"qld":2,"sa":0,"tas":0,"vic":5},{"ts":"2013-06-19T12:30:00Z","nsw":6,"qld":3,"sa":0,"tas":0,"vic":5,"wa":8},{"ts":"2013-06-19T12:40:00Z","nsw":6,"qld":2,"sa":0,"tas":0,"vic":5},{"ts":"2013-06-19T12:50:00Z","nsw":5,"qld":2,"sa":0,"tas":0,"vic":5}]}