{"performance":[{"ts":"2013-09-30T18:00:00Z","nsw":"0.32","nt":"0.00","qld":"0.39","sa":"0.14","tas":"0.00","vic":"0.11","wa":"0.33"},{"ts":"2013-09-30T18:10:00Z","nsw":"0.31","nt":"0.00","qld":"0.40","sa":"0.11","tas":"0.00","vic":"0.10","wa":"0.36"},{"ts":"2013-09-30T18:20:00Z","nsw":"0.34","nt":"0.00","qld":"0.39","sa":"0.11","tas":"0.00","vic":"0.10","wa":"0.34"},{"ts":"2013-09-30T18:30:00Z","nsw":"0.31","nt":"0.00","qld":"0.40","sa":"0.15","tas":"0.00","vic":"0.07","wa":"0.36"},{"ts":"2013-09-30T18:40:00Z","nsw":"0.35","nt":"0.00","qld":"0.38","sa":"0.15","tas":"0.00","vic":"0.10","wa":"0.33"},{"ts":"2013-09-30T18:50:00Z","nsw":"0.32","nt":"0.00","qld":"0.38","sa":"0.09","tas":"0.00","vic":"0.10","wa":"0.36"},{"ts":"2013-09-30T19:00:00Z","nsw":"0.33","nt":"0.00","qld":"0.42","sa":"0.16","tas":"0.00","vic":"0.08","wa":"0.35"},{"ts":"2013-09-30T19:10:00Z","nsw":"0.33","nt":"0.00","qld":"0.40","sa":"0.15","tas":"0.00","vic":"0.10","wa":"0.36"},{"ts":"2013-09-30T19:20:00Z","nsw":"0.32","nt":"0.00","qld":"0.20","sa":"0.15","tas":"0.00","vic":"0.07","wa":"0.35"},{"ts":"2013-09-30T19:30:00Z","nsw":"0.32","nt":"0.00","qld":"0.23","sa":"0.12","tas":"0.00","vic":"0.10","wa":"0.36"},{"ts":"2013-09-30T19:40:00Z","nsw":"0.53","nt":"0.00","qld":"1.15","sa":"0.16","tas":"0.00","vic":"0.09","wa":"0.34"},{"ts":"2013-09-30T19:50:00Z","nsw":"0.73","nt":"0.00","qld":"2.17","sa":"0.17","tas":"0.00","vic":"0.10","wa":"0.36"},{"ts":"2013-09-30T20:00:00Z","nsw":"1.29","nt":"0.00","qld":"3.58","sa":"0.12","tas":"0.00","vic":"0.06","wa":"0.33"},{"ts":"2013-09-30T20:10:00Z","nsw":"2.23","nt":"0.00","qld":"5.31","sa":"0.12","tas":"0.07","vic":"0.12","wa":"0.36"},{"ts":"2013-09-30T20:20:00Z","nsw":"2.66","nt":"0.00","qld":"7.18","sa":"0.15","tas":"0.24","vic":"0.17","wa":"0.37"},{"ts":"2013-09-30T20:30:00Z","nsw":"3.26","nt":"0.00","qld":"9.05","sa":"0.23","tas":"0.32","vic":"0.50","wa":"0.23"},{"ts":"2013-09-30T20:40:00Z","nsw":"3.58","nt":"0.00","qld":"11.98","sa":"0.79","tas":"0.47","vic":"0.62","wa":"0.26"},{"ts":"2013-09-30T20:50:00Z","nsw":"4.26","nt":"0.00","qld":"14.63","sa":"2.16","tas":"0.64","vic":"0.84","wa":"0.23"},{"ts":"2013-09-30T21:00:00Z","nsw":"5.11","nt":"0.00","qld":"17.80","sa":"2.80","tas":"1.17","vic":"1.34","wa":"0.27"},{"ts":"2013-09-30T21:10:00Z","nsw":"6.29","nt":"0.00","qld":"21.65","sa":"3.81","tas":"1.86","vic":"1.94","wa":"0.30"},{"ts":"2013-09-30T21:20:00Z","nsw":"8.27","nt":"0.44","qld":"24.92","sa":"5.68","tas":"2.51","vic":"2.93","wa":"0.31"},{"ts":"2013-09-30T21:30:00Z","nsw":"8.97","nt":"1.61","qld":"27.81","sa":"8.72","tas":"1.74","vic":"3.73","wa":"0.31"},{"ts":"2013-09-30T21:40:00Z","nsw":"11.41","nt":"2.87","qld":"32.14","sa":"9.56","tas":"1.85","vic":"4.74","wa":"0.58"},{"ts":"2013-09-30T21:50:00Z","nsw":"12.16","nt":"3.63","qld":"34.80","sa":"9.05","tas":"3.11","vic":"5.19","wa":"0.50"},{"ts":"2013-09-30T22:00:00Z","nsw":"13.96","nt":"5.87","qld":"37.77","sa":"13.79","tas":"5.88","vic":"6.62","wa":"0.42"},{"ts":"2013-09-30T22:10:00Z","nsw":"15.27","nt":"8.65","qld":"40.26","sa":"21.01","tas":"4.78","vic":"9.41","wa":"1.00"},{"ts":"2013-09-30T22:20:00Z","nsw":"16.67","nt":"10.15","qld":"43.61","sa":"20.58","tas":"4.65","vic":"13.31","wa":"1.95"},{"ts":"2013-09-30T22:30:00Z","nsw":"16.24","nt":"14.04","qld":"45.58","sa":"25.05","tas":"4.87","vic":"15.73","wa":"3.51"},{"ts":"2013-09-30T22:40:00Z","nsw":"19.73","nt":"18.05","qld":"49.43","sa":"25.39","tas":"7.78","vic":"18.18","wa":"5.24"},{"ts":"2013-09-30T22:50:00Z","nsw":"21.63","nt":"18.68","qld":"52.66","sa":"35.55","tas":"7.67","vic":"17.73","wa":"7.23"},{"ts":"2013-09-30T23:00:00Z","nsw":"23.73","nt":"23.27","qld":"56.52","sa":"31.40","tas":"11.08","vic":"23.79","wa":"10.17"},{"ts":"2013-09-30T23:10:00Z","nsw":"24.47","nt":"27.54","qld":"58.63","sa":"31.07","tas":"9.01","vic":"24.84","wa":"12.27"},{"ts":"2013-09-30T23:20:00Z","nsw":"29.52","nt":"28.38","qld":"61.38","sa":"29.35","tas":"9.50","vic":"28.78","wa":"14.88"},{"ts":"2013-09-30T23:30:00Z","nsw":"32.22","nt":"33.57","qld":"62.47","sa":"41.47","tas":"11.25","vic":"29.59","wa":"18.23"},{"ts":"2013-09-30T23:40:00Z","nsw":"39.04","nt":"38.41","qld":"64.75","sa":"42.67","tas":"14.59","vic":"37.85","wa":"20.33"},{"ts":"2013-09-30T23:50:00Z","nsw":"33.22","nt":"35.30","qld":"65.80","sa":"46.61","tas":"24.34","vic":"37.30","wa":"24.40"},{"ts":"2013-10-01T00:00:00Z","nsw":"33.55","nt":"40.41","qld":"66.45","sa":"42.47","tas":"29.98","vic":"38.15","wa":"27.03"},{"ts":"2013-10-01T00:10:00Z","nsw":"37.78","nt":"39.84","qld":"68.06","sa":"50.02","tas":"17.27","vic":"38.32","wa":"30.93"},{"ts":"2013-10-01T00:20:00Z","nsw":"42.05","nt":"48.53","qld":"69.40","sa":"41.69","tas":"26.63","vic":"38.08","wa":"33.35"},{"ts":"2013-10-01T00:30:00Z","nsw":"42.01","nt":"52.45","qld":"70.01","sa":"46.43","tas":"29.01","vic":"36.39","wa":"37.53"},{"ts":"2013-10-01T00:40:00Z","nsw":"49.08","nt":"58.45","qld":"70.56","sa":"53.10","tas":"33.70","vic":"37.63","wa":"40.62"},{"ts":"2013-10-01T00:50:00Z","nsw":"46.20","nt":"58.07","qld":"71.14","sa":"66.56","tas":"32.26","vic":"33.57","wa":"44.37"},{"ts":"2013-10-01T01:00:00Z","nsw":"46.83","nt":"62.20","qld":"71.80","sa":"54.07","tas":"31.12","vic":"35.60","wa":"47.05"},{"ts":"2013-10-01T01:10:00Z","nsw":"47.08","nt":"65.04","qld":"71.79","sa":"56.75","tas":"35.97","vic":"32.45","wa":"49.16"},{"ts":"2013-10-01T01:20:00Z","nsw":"52.47","nt":"65.67","qld":"72.20","sa":"50.62","tas":"46.22","vic":"39.11","wa":"51.39"},{"ts":"2013-10-01T01:30:00Z","nsw":"43.89","nt":"67.67","qld":"72.87","sa":"67.25","tas":"50.78","vic":"41.47","wa":"54.04"},{"ts":"2013-10-01T01:40:00Z","nsw":"51.38","nt":"69.55","qld":"72.77","sa":"60.90","tas":"60.28","vic":"48.57","wa":"55.45"},{"ts":"2013-10-01T01:50:00Z","nsw":"49.33","nt":"69.82","qld":"72.70","sa":"61.80","tas":"53.34","vic":"48.26","wa":"57.69"},{"ts":"2013-10-01T02:00:00Z","nsw":"53.02","nt":"70.99","qld":"72.23","sa":"59.06","tas":"56.96","vic":"52.33","wa":"57.83"},{"ts":"2013-10-01T02:10:00Z","nsw":"47.18","nt":"72.86","qld":"71.30","sa":"51.61","tas":"58.40","vic":"47.66","wa":"61.12"},{"ts":"2013-10-01T02:20:00Z","nsw":"48.71","nt":"72.58","qld":"70.85","sa":"43.51","tas":"61.91","vic":"50.73","wa":"61.91"},{"ts":"2013-10-01T02:30:00Z","nsw":"41.76","nt":"73.63","qld":"69.14","sa":"54.83","tas":"56.77","vic":"48.90","wa":"61.12"},{"ts":"2013-10-01T02:40:00Z","nsw":"46.99","nt":"74.18","qld":"69.25","sa":"46.30","tas":"63.81","vic":"52.52","wa":"65.08"},{"ts":"2013-10-01T02:50:00Z","nsw":"40.36","nt":"74.55","qld":"69.25","sa":"47.83","tas":"60.30","vic":"47.20","wa":"65.24"},{"ts":"2013-10-01T03:00:00Z","nsw":"40.42","nt":"75.00","qld":"68.84","sa":"38.36","tas":"69.06","vic":"47.09","wa":"65.98"},{"ts":"2013-10-01T03:10:00Z","nsw":"35.68","nt":"74.86","qld":"67.62","sa":"51.62","tas":"68.85","vic":"39.53","wa":"65.19"},{"ts":"2013-10-01T03:20:00Z","nsw":"38.16","nt":"74.70","qld":"67.53","sa":"50.90","tas":"68.24","vic":"41.87","wa":"66.93"},{"ts":"2013-10-01T03:30:00Z","nsw":"32.04","nt":"71.31","qld":"64.84","sa":"50.72","tas":"64.08","vic":"46.27","wa":"68.58"},{"ts":"2013-10-01T03:40:00Z","nsw":"37.30","nt":"73.32","qld":"61.94","sa":"44.59","tas":"73.45","vic":"53.68","wa":"70.23"},{"ts":"2013-10-01T03:50:00Z","nsw":"31.83","nt":"73.98","qld":"59.66","sa":"44.30","tas":"59.60","vic":"49.00","wa":"71.08"},{"ts":"2013-10-01T04:00:00Z","nsw":"31.17","nt":"72.33","qld":"58.26","sa":"36.67","tas":"58.72","vic":"46.91","wa":"70.28"},{"ts":"2013-10-01T04:10:00Z","nsw":"23.73","nt":"73.03","qld":"54.28","sa":"44.81","tas":"54.13","vic":"44.05","wa":"68.36"},{"ts":"2013-10-01T04:20:00Z","nsw":"26.06","nt":"72.90","qld":"54.41","sa":"46.15","tas":"53.25","vic":"50.77","wa":"66.62"},{"ts":"2013-10-01T04:30:00Z","nsw":"24.41","nt":"71.53","qld":"52.42","sa":"47.98","tas":"45.28","vic":"48.18","wa":"65.90"},{"ts":"2013-10-01T04:40:00Z","nsw":"26.50","nt":"68.33","qld":"50.35","sa":"38.12","tas":"43.57","vic":"51.47","wa":"64.19"},{"ts":"2013-10-01T04:50:00Z","nsw":"25.42","nt":"68.52","qld":"46.91","sa":"42.52","tas":"48.15","vic":"43.77","wa":"61.80"},{"ts":"2013-10-01T05:00:00Z","nsw":"27.08","nt":"63.79","qld":"42.32","sa":"32.46","tas":"54.91","vic":"44.11","wa":"61.24"},{"ts":"2013-10-01T05:10:00Z","nsw":"26.11","nt":"67.27","qld":"40.27","sa":"35.26","tas":"51.46","vic":"39.38","wa":"57.31"},{"ts":"2013-10-01T05:20:00Z","nsw":"23.96","nt":"50.88","qld":"38.79","sa":"31.58","tas":"46.27","vic":"42.08","wa":"60.17"},{"ts":"2013-10-01T05:30:00Z","nsw":"22.10","nt":"62.90","qld":"33.21","sa":"37.99","tas":"38.30","vic":"36.25","wa":"56.65"},{"ts":"2013-10-01T05:40:00Z","nsw":"21.58","nt":"60.28","qld":"27.28","sa":"37.62","tas":"39.57","vic":"34.66","wa":"56.48"},{"ts":"2013-10-01T05:50:00Z","nsw":"18.39","nt":"43.77","qld":"24.12","sa":"37.62","tas":"35.87","vic":"29.04","wa":"52.31"},{"ts":"2013-10-01T06:00:00Z","nsw":"12.41","nt":"53.63","qld":"21.87","sa":"32.88","tas":"33.29","vic":"29.48","wa":"53.45"},{"ts":"2013-10-01T06:10:00Z","nsw":"11.25","nt":"52.83","qld":"19.24","sa":"31.28","tas":"27.84","vic":"22.23","wa":"48.37"},{"ts":"2013-10-01T06:20:00Z","nsw":"10.40","nt":"49.27","qld":"16.66","sa":"23.01","tas":"24.35","vic":"22.30","wa":"46.66"},{"ts":"2013-10-01T06:30:00Z","nsw":"9.29","nt":"47.72","qld":"15.10","sa":"23.23","tas":"20.84","vic":"18.98","wa":"42.04"},{"ts":"2013-10-01T06:40:00Z","nsw":"6.67","nt":"44.24","qld":"11.95","sa":"21.59","tas":"19.16","vic":"18.10","wa":"44.02"},{"ts":"2013-10-01T06:50:00Z","nsw":"7.64","nt":"39.33","qld":"9.31","sa":"22.01","tas":"13.01","vic":"16.68","wa":"38.20"},{"ts":"2013-10-01T07:00:00Z","nsw":"4.84","nt":"37.56","qld":"8.16","sa":"19.85","tas":"9.88","vic":"14.45","wa":"38.67"},{"ts":"2013-10-01T07:10:00Z","nsw":"3.45","nt":"33.44","qld":"6.60","sa":"18.55","tas":"7.72","vic":"10.44","wa":"33.80"},{"ts":"2013-10-01T07:20:00Z","nsw":"2.63","nt":"28.00","qld":"4.48","sa":"15.01","tas":"8.78","vic":"8.71","wa":"31.96"},{"ts":"2013-10-01T07:30:00Z","nsw":"2.02","nt":"25.86","qld":"2.47","sa":"13.60","tas":"5.14","vic":"5.63","wa":"31.73"},{"ts":"2013-10-01T07:40:00Z","nsw":"1.92","nt":"20.96","qld":"0.98","sa":"10.90","tas":"3.44","vic":"3.85","wa":"29.03"},{"ts":"2013-10-01T07:50:00Z","nsw":"1.95","nt":"17.35","qld":"0.65","sa":"9.60","tas":"2.11","vic":"2.84","wa":"25.89"},{"ts":"2013-10-01T08:00:00Z","nsw":"0.95","nt":"13.94","qld":"0.55","sa":"8.16","tas":"1.23","vic":"1.92","wa":"23.54"},{"ts":"2013-10-01T08:10:00Z","nsw":"0.84","nt":"7.77","qld":"0.42","sa":"5.76","tas":"0.31","vic":"1.32","wa":"18.92"},{"ts":"2013-10-01T08:20:00Z","nsw":"0.50","nt":"4.57","qld":"0.41","sa":"2.96","tas":"0.16","vic":"0.73","wa":"17.89"},{"ts":"2013-10-01T08:30:00Z","nsw":"0.40","nt":"4.50","qld":"0.33","sa":"1.70","tas":"0.14","vic":"0.41","wa":"15.82"},{"ts":"2013-10-01T08:40:00Z","nsw":"0.68","nt":"2.71","qld":"0.38","sa":"0.86","tas":"0.16","vic":"0.47","wa":"14.68"},{"ts":"2013-10-01T08:50:00Z","nsw":"0.65","nt":"2.14","qld":"0.35","sa":"0.45","tas":"0.21","vic":"0.32","wa":"12.10"},{"ts":"2013-10-01T09:00:00Z","nsw":"0.89","nt":"1.05","qld":"0.39","sa":"0.30","tas":"0.12","vic":"0.17","wa":"10.31"},{"ts":"2013-10-01T09:10:00Z","nsw":"0.66","nt":"0.54","qld":"0.36","sa":"0.32","tas":"0.08","vic":"0.12","wa":"8.37"},{"ts":"2013-10-01T09:20:00Z","nsw":"0.83","nt":"0.31","qld":"0.37","sa":"0.25","tas":"0.08","vic":"0.11","wa":"6.49"},{"ts":"2013-10-01T09:30:00Z","nsw":"0.74","nt":"0.30","qld":"0.40","sa":"0.23","tas":"0.08","vic":"0.13","wa":"5.10"},{"ts":"2013-10-01T09:40:00Z","nsw":"0.60","nt":"0.41","qld":"0.38","sa":"0.21","tas":"0.09","vic":"0.13","wa":"3.75"},{"ts":"2013-10-01T09:50:00Z","nsw":"0.64","nt":"0.40","qld":"0.34","sa":"0.42","tas":"0.12","vic":"0.13","wa":"2.50"},{"ts":"2013-10-01T10:00:00Z","nsw":"0.56","nt":"0.48","qld":"0.39","sa":"0.34","tas":"0.10","vic":"0.13","wa":"1.77"},{"ts":"2013-10-01T10:10:00Z","nsw":"0.55","nt":"0.48","qld":"0.37","sa":"1.69","tas":"0.12","vic":"0.11","wa":"1.31"},{"ts":"2013-10-01T10:20:00Z","nsw":"0.57","nt":"0.48","qld":"0.39","sa":"1.74","tas":"0.12","vic":"0.13","wa":"1.30"},{"ts":"2013-10-01T10:30:00Z","nsw":"0.55","nt":"0.48","qld":"0.37","sa":"1.68","tas":"0.12","vic":"0.13","wa":"2.35"},{"ts":"2013-10-01T10:40:00Z","nsw":"0.54","nt":"0.48","qld":"0.38","sa":"1.73","tas":"0.12","vic":"0.13","wa":"0.48"},{"ts":"2013-10-01T10:50:00Z","nsw":"0.53","nt":"0.48","qld":"0.34","sa":"1.75","tas":"0.12","vic":"0.14","wa":"0.39"},{"ts":"2013-10-01T11:00:00Z","nsw":"0.56","nt":"0.48","qld":"0.37","sa":"1.71","tas":"0.10","vic":"0.12","wa":"0.37"},{"ts":"2013-10-01T11:10:00Z","nsw":"0.59","nt":"0.48","qld":"0.46","sa":"1.68","tas":"0.12","vic":"0.11","wa":"0.42"},{"ts":"2013-10-01T11:20:00Z","nsw":"0.55","nt":"0.48","qld":"0.45","sa":"1.68","tas":"0.12","vic":"0.14","wa":"0.40"},{"ts":"2013-10-01T11:30:00Z","nsw":"0.61","nt":"0.48","qld":"0.47","sa":"1.74","tas":"0.12","vic":"0.14","wa":"0.43"},{"ts":"2013-10-01T11:40:00Z","nsw":"0.58","nt":"0.48","qld":"0.44","sa":"1.67","tas":"0.12","vic":"0.14","wa":"0.43"},{"ts":"2013-10-01T11:50:00Z","nsw":"0.56","nt":"0.48","qld":"0.43","sa":"1.67","tas":"0.12","vic":"0.14","wa":"0.36"},{"ts":"2013-10-01T12:00:00Z","nsw":"0.60","nt":"0.48","qld":"0.51","sa":"1.67","tas":"0.10","vic":"0.14","wa":"0.43"},{"ts":"2013-10-01T12:10:00Z","nsw":"0.53","nt":"0.48","qld":"0.49","sa":"1.66","tas":"0.12","vic":"0.11","wa":"0.46"},{"ts":"2013-10-01T12:20:00Z","nsw":"0.56","nt":"0.48","qld":"0.45","sa":"1.67","tas":"0.12","vic":"0.13","wa":"0.43"},{"ts":"2013-10-01T12:30:00Z","nsw":"0.47","nt":"0.48","qld":"0.43","sa":"1.63","tas":"0.13","vic":"0.12","wa":"0.43"},{"ts":"2013-10-01T12:40:00Z","nsw":"0.46","nt":"0.48","qld":"0.48","sa":"1.62","tas":"0.13","vic":"0.13","wa":"0.43"},{"ts":"2013-10-01T12:50:00Z","nsw":"0.43","nt":"0.48","qld":"0.48","sa":"1.66","tas":"0.13","vic":"0.10","wa":"0.46"}],"contribution":[{"ts":"2013-09-30T18:00:00Z","nsw":"0.03","qld":"0.07","sa":"0.06","tas":"0.00","vic":"0.01","wa":"0.07"},{"ts":"2013-09-30T18:10:00Z","nsw":"0.03","qld":"0.07","sa":"0.04","tas":"0.00","vic":"0.01"},{"ts":"2013-09-30T18:20:00Z","nsw":"0.03","qld":"0.07","sa":"0.05","tas":"0.00","vic":"0.01"},{"ts":"2013-09-30T18:30:00Z","nsw":"0.03","qld":"0.07","sa":"0.07","tas":"0.00","vic":"0.01","wa":"0.07"},{"ts":"2013-09-30T18:40:00Z","nsw":"0.03","qld":"0.07","sa":"0.07","tas":"0.00","vic":"0.01"},{"ts":"2013-09-30T18:50:00Z","nsw":"0.03","qld":"0.07","sa":"0.04","tas":"0.00","vic":"0.01"},{"ts":"2013-09-30T19:00:00Z","nsw":"0.03","qld":"0.07","sa":"0.07","tas":"0.00","vic":"0.01","wa":"0.07"},{"ts":"2013-09-30T19:10:00Z","nsw":"0.03","qld":"0.07","sa":"0.06","tas":"0.00","vic":"0.01"},{"ts":"2013-09-30T19:20:00Z","nsw":"0.03","qld":"0.03","sa":"0.06","tas":"0.00","vic":"0.01"},{"ts":"2013-09-30T19:30:00Z","nsw":"0.03","qld":"0.04","sa":"0.05","tas":"0.00","vic":"0.01","wa":"0.07"},{"ts":"2013-09-30T19:40:00Z","nsw":"0.05","qld":"0.19","sa":"0.06","tas":"0.00","vic":"0.01"},{"ts":"2013-09-30T19:50:00Z","nsw":"0.06","qld":"0.35","sa":"0.07","tas":"0.00","vic":"0.01"},{"ts":"2013-09-30T20:00:00Z","nsw":"0.11","qld":"0.56","sa":"0.05","tas":"0.00","vic":"0.01","wa":"0.07"},{"ts":"2013-09-30T20:10:00Z","nsw":"0.19","qld":"0.82","sa":"0.04","tas":"0.00","vic":"0.01"},{"ts":"2013-09-30T20:20:00Z","nsw":"0.22","qld":"1.08","sa":"0.06","tas":"0.01","vic":"0.02"},{"ts":"2013-09-30T20:30:00Z","nsw":"0.26","qld":"1.36","sa":"0.09","tas":"0.01","vic":"0.05","wa":"0.05"},{"ts":"2013-09-30T20:40:00Z","nsw":"0.28","qld":"1.74","sa":"0.28","tas":"0.02","vic":"0.06"},{"ts":"2013-09-30T20:50:00Z","nsw":"0.33","qld":"2.09","sa":"0.72","tas":"0.02","vic":"0.07"},{"ts":"2013-09-30T21:00:00Z","nsw":"0.39","qld":"2.50","sa":"0.94","tas":"0.04","vic":"0.12","wa":"0.05"},{"ts":"2013-09-30T21:10:00Z","nsw":"0.48","qld":"2.99","sa":"1.28","tas":"0.06","vic":"0.17"},{"ts":"2013-09-30T21:20:00Z","nsw":"0.62","qld":"3.38","sa":"1.82","tas":"0.08","vic":"0.25"},{"ts":"2013-09-30T21:30:00Z","nsw":"0.66","qld":"3.77","sa":"2.72","tas":"0.05","vic":"0.32","wa":"0.06"},{"ts":"2013-09-30T21:40:00Z","nsw":"0.84","qld":"4.29","sa":"3.07","tas":"0.05","vic":"0.39"},{"ts":"2013-09-30T21:50:00Z","nsw":"0.88","qld":"4.64","sa":"2.79","tas":"0.09","vic":"0.42"},{"ts":"2013-09-30T22:00:00Z","nsw":"1.00","qld":"4.96","sa":"4.06","tas":"0.17","vic":"0.53","wa":"0.07"},{"ts":"2013-09-30T22:10:00Z","nsw":"1.08","qld":"5.24","sa":"6.14","tas":"0.14","vic":"0.74"},{"ts":"2013-09-30T22:20:00Z","nsw":"1.16","qld":"5.68","sa":"6.11","tas":"0.14","vic":"1.05"},{"ts":"2013-09-30T22:30:00Z","nsw":"1.13","qld":"5.88","sa":"7.31","tas":"0.14","vic":"1.23","wa":"0.59"},{"ts":"2013-09-30T22:40:00Z","nsw":"1.35","qld":"6.42","sa":"7.44","tas":"0.23","vic":"1.42"},{"ts":"2013-09-30T22:50:00Z","nsw":"1.48","qld":"6.78","sa":"10.19","tas":"0.22","vic":"1.37"},{"ts":"2013-09-30T23:00:00Z","nsw":"1.60","qld":"7.22","sa":"9.08","tas":"0.33","vic":"1.82","wa":"1.56"},{"ts":"2013-09-30T23:10:00Z","nsw":"1.64","qld":"7.54","sa":"8.65","tas":"0.26","vic":"1.92"},{"ts":"2013-09-30T23:20:00Z","nsw":"1.99","qld":"7.85","sa":"8.34","tas":"0.27","vic":"2.19"},{"ts":"2013-09-30T23:30:00Z","nsw":"2.15","qld":"8.03","sa":"11.66","tas":"0.33","vic":"2.28","wa":"2.57"},{"ts":"2013-09-30T23:40:00Z","nsw":"2.58","qld":"8.26","sa":"12.15","tas":"0.43","vic":"2.89"},{"ts":"2013-09-30T23:50:00Z","nsw":"2.21","qld":"8.45","sa":"12.94","tas":"0.72","vic":"2.89"},{"ts":"2013-10-01T00:00:00Z","nsw":"2.18","qld":"8.46","sa":"12.07","tas":"0.89","vic":"2.94","wa":"3.62"},{"ts":"2013-10-01T00:10:00Z","nsw":"2.44","qld":"8.58","sa":"13.90","tas":"0.53","vic":"2.91"},{"ts":"2013-10-01T00:20:00Z","nsw":"2.72","qld":"8.80","sa":"11.65","tas":"0.79","vic":"2.92"},{"ts":"2013-10-01T00:30:00Z","nsw":"2.71","qld":"8.88","sa":"12.99","tas":"0.87","vic":"2.77","wa":"4.88"},{"ts":"2013-10-01T00:40:00Z","nsw":"3.13","qld":"8.84","sa":"14.55","tas":"1.02","vic":"2.91"},{"ts":"2013-10-01T00:50:00Z","nsw":"2.97","qld":"8.98","sa":"18.19","tas":"0.99","vic":"2.59"},{"ts":"2013-10-01T01:00:00Z","nsw":"2.98","qld":"9.04","sa":"14.97","tas":"0.97","vic":"2.76","wa":"6.11"},{"ts":"2013-10-01T01:10:00Z","nsw":"2.99","qld":"9.00","sa":"15.77","tas":"1.10","vic":"2.50"},{"ts":"2013-10-01T01:20:00Z","nsw":"3.32","qld":"9.03","sa":"14.45","tas":"1.44","vic":"2.99"},{"ts":"2013-10-01T01:30:00Z","nsw":"2.79","qld":"9.13","sa":"18.05","tas":"1.62","vic":"3.20","wa":"7.08"},{"ts":"2013-10-01T01:40:00Z","nsw":"3.23","qld":"8.96","sa":"16.32","tas":"1.91","vic":"3.74"},{"ts":"2013-10-01T01:50:00Z","nsw":"3.10","qld":"8.93","sa":"17.06","tas":"1.70","vic":"3.73"},{"ts":"2013-10-01T02:00:00Z","nsw":"3.28","qld":"8.89","sa":"16.75","tas":"1.83","vic":"3.98","wa":"7.63"},{"ts":"2013-10-01T02:10:00Z","nsw":"2.92","qld":"8.74","sa":"14.55","tas":"1.82","vic":"3.65"},{"ts":"2013-10-01T02:20:00Z","nsw":"2.97","qld":"8.71","sa":"11.87","tas":"1.93","vic":"3.89"},{"ts":"2013-10-01T02:30:00Z","nsw":"2.59","qld":"8.55","sa":"14.65","tas":"1.84","vic":"3.74","wa":"8.08"},{"ts":"2013-10-01T02:40:00Z","nsw":"2.90","qld":"8.52","sa":"12.73","tas":"2.05","vic":"4.04"},{"ts":"2013-10-01T02:50:00Z","nsw":"2.49","qld":"8.46","sa":"13.09","tas":"1.94","vic":"3.60"},{"ts":"2013-10-01T03:00:00Z","nsw":"2.52","qld":"8.41","sa":"10.67","tas":"2.26","vic":"3.62","wa":"8.86"},{"ts":"2013-10-01T03:10:00Z","nsw":"2.22","qld":"8.21","sa":"14.19","tas":"2.22","vic":"3.05"},{"ts":"2013-10-01T03:20:00Z","nsw":"2.36","qld":"8.21","sa":"14.26","tas":"2.24","vic":"3.23"},{"ts":"2013-10-01T03:30:00Z","nsw":"1.99","qld":"7.84","sa":"14.05","tas":"2.09","vic":"3.55","wa":"9.26"},{"ts":"2013-10-01T03:40:00Z","nsw":"2.32","qld":"7.52","sa":"12.20","tas":"2.42","vic":"4.15"},{"ts":"2013-10-01T03:50:00Z","nsw":"1.99","qld":"7.22","sa":"12.14","tas":"1.98","vic":"3.80"},{"ts":"2013-10-01T04:00:00Z","nsw":"1.94","qld":"7.08","sa":"10.14","tas":"1.95","vic":"3.65","wa":"9.46"},{"ts":"2013-10-01T04:10:00Z","nsw":"1.50","qld":"6.64","sa":"12.17","tas":"1.76","vic":"3.44"},{"ts":"2013-10-01T04:20:00Z","nsw":"1.64","qld":"6.62","sa":"12.64","tas":"1.74","vic":"3.90"},{"ts":"2013-10-01T04:30:00Z","nsw":"1.53","qld":"6.39","sa":"13.19","tas":"1.48","vic":"3.78","wa":"8.96"},{"ts":"2013-10-01T04:40:00Z","nsw":"1.69","qld":"6.12","sa":"10.35","tas":"1.42","vic":"4.02"},{"ts":"2013-10-01T04:50:00Z","nsw":"1.62","qld":"5.66","sa":"11.40","tas":"1.58","vic":"3.43"},{"ts":"2013-10-01T05:00:00Z","nsw":"1.74","qld":"5.14","sa":"9.07","tas":"1.79","vic":"3.42","wa":"8.41"},{"ts":"2013-10-01T05:10:00Z","nsw":"1.66","qld":"4.90","sa":"9.55","tas":"1.72","vic":"3.05"},{"ts":"2013-10-01T05:20:00Z","nsw":"1.54","qld":"4.73","sa":"8.91","tas":"1.50","vic":"3.29"},{"ts":"2013-10-01T05:30:00Z","nsw":"1.43","qld":"4.04","sa":"10.58","tas":"1.25","vic":"2.87","wa":"7.83"},{"ts":"2013-10-01T05:40:00Z","nsw":"1.39","qld":"3.32","sa":"10.87","tas":"1.30","vic":"2.73"},{"ts":"2013-10-01T05:50:00Z","nsw":"1.21","qld":"2.95","sa":"10.93","tas":"1.17","vic":"2.29"},{"ts":"2013-10-01T06:00:00Z","nsw":"0.81","qld":"2.67","sa":"9.61","tas":"1.10","vic":"2.28","wa":"7.43"},{"ts":"2013-10-01T06:10:00Z","nsw":"0.74","qld":"2.37","sa":"8.85","tas":"0.93","vic":"1.74"},{"ts":"2013-10-01T06:20:00Z","nsw":"0.68","qld":"2.06","sa":"6.51","tas":"0.79","vic":"1.76"},{"ts":"2013-10-01T06:30:00Z","nsw":"0.62","qld":"1.85","sa":"6.76","tas":"0.68","vic":"1.47","wa":"5.93"},{"ts":"2013-10-01T06:40:00Z","nsw":"0.44","qld":"1.46","sa":"6.13","tas":"0.62","vic":"1.41"},{"ts":"2013-10-01T06:50:00Z","nsw":"0.51","qld":"1.13","sa":"6.25","tas":"0.43","vic":"1.28"},{"ts":"2013-10-01T07:00:00Z","nsw":"0.32","qld":"0.99","sa":"5.60","tas":"0.32","vic":"1.10","wa":"5.43"},{"ts":"2013-10-01T07:10:00Z","nsw":"0.23","qld":"0.80","sa":"5.14","tas":"0.24","vic":"0.80"},{"ts":"2013-10-01T07:20:00Z","nsw":"0.17","qld":"0.55","sa":"4.16","tas":"0.27","vic":"0.65"},{"ts":"2013-10-01T07:30:00Z","nsw":"0.13","qld":"0.31","sa":"3.68","tas":"0.16","vic":"0.42","wa":"4.43"},{"ts":"2013-10-01T07:40:00Z","nsw":"0.13","qld":"0.12","sa":"2.94","tas":"0.11","vic":"0.29"},{"ts":"2013-10-01T07:50:00Z","nsw":"0.13","qld":"0.08","sa":"2.53","tas":"0.06","vic":"0.21"},{"ts":"2013-10-01T08:00:00Z","nsw":"0.06","qld":"0.07","sa":"2.12","tas":"0.04","vic":"0.14","wa":"3.29"},{"ts":"2013-10-01T08:10:00Z","nsw":"0.05","qld":"0.05","sa":"1.52","tas":"0.01","vic":"0.10"},{"ts":"2013-10-01T08:20:00Z","nsw":"0.03","qld":"0.05","sa":"0.77","tas":"0.00","vic":"0.05"},{"ts":"2013-10-01T08:30:00Z","nsw":"0.03","qld":"0.04","sa":"0.44","tas":"0.00","vic":"0.03","wa":"2.19"},{"ts":"2013-10-01T08:40:00Z","nsw":"0.04","qld":"0.05","sa":"0.21","tas":"0.00","vic":"0.03"},{"ts":"2013-10-01T08:50:00Z","nsw":"0.04","qld":"0.04","sa":"0.11","tas":"0.01","vic":"0.02"},{"ts":"2013-10-01T09:00:00Z","nsw":"0.06","qld":"0.05","sa":"0.07","tas":"0.00","vic":"0.01","wa":"1.42"},{"ts":"2013-10-01T09:10:00Z","nsw":"0.04","qld":"0.05","sa":"0.08","tas":"0.00","vic":"0.01"},{"ts":"2013-10-01T09:20:00Z","nsw":"0.06","qld":"0.05","sa":"0.06","tas":"0.00","vic":"0.01"},{"ts":"2013-10-01T09:30:00Z","nsw":"0.05","qld":"0.05","sa":"0.05","tas":"0.00","vic":"0.01","wa":"0.69"},{"ts":"2013-10-01T09:40:00Z","nsw":"0.04","qld":"0.05","sa":"0.05","tas":"0.00","vic":"0.01"},{"ts":"2013-10-01T09:50:00Z","nsw":"0.04","qld":"0.04","sa":"0.10","tas":"0.00","vic":"0.01"},{"ts":"2013-10-01T10:00:00Z","nsw":"0.04","qld":"0.05","sa":"0.08","tas":"0.00","vic":"0.01","wa":"0.23"},{"ts":"2013-10-01T10:10:00Z","nsw":"0.04","qld":"0.05","sa":"0.41","tas":"0.00","vic":"0.01"},{"ts":"2013-10-01T10:20:00Z","nsw":"0.04","qld":"0.05","sa":"0.43","tas":"0.00","vic":"0.01"},{"ts":"2013-10-01T10:30:00Z","nsw":"0.04","qld":"0.05","sa":"0.42","tas":"0.00","vic":"0.01","wa":"0.29"},{"ts":"2013-10-01T10:40:00Z","nsw":"0.04","qld":"0.05","sa":"0.43","tas":"0.00","vic":"0.01"},{"ts":"2013-10-01T10:50:00Z","nsw":"0.04","qld":"0.05","sa":"0.43","tas":"0.00","vic":"0.01"},{"ts":"2013-10-01T11:00:00Z","nsw":"0.04","qld":"0.05","sa":"0.45","tas":"0.00","vic":"0.01","wa":"0.04"},{"ts":"2013-10-01T11:10:00Z","nsw":"0.04","qld":"0.06","sa":"0.44","tas":"0.00","vic":"0.01"},{"ts":"2013-10-01T11:20:00Z","nsw":"0.04","qld":"0.06","sa":"0.45","tas":"0.00","vic":"0.01"},{"ts":"2013-10-01T11:30:00Z","nsw":"0.04","qld":"0.06","sa":"0.47","tas":"0.00","vic":"0.01","wa":"0.05"},{"ts":"2013-10-01T11:40:00Z","nsw":"0.04","qld":"0.06","sa":"0.45","tas":"0.00","vic":"0.01"},{"ts":"2013-10-01T11:50:00Z","nsw":"0.04","qld":"0.06","sa":"0.45","tas":"0.00","vic":"0.01"},{"ts":"2013-10-01T12:00:00Z","nsw":"0.05","qld":"0.07","sa":"0.45","tas":"0.00","vic":"0.01","wa":"0.05"},{"ts":"2013-10-01T12:10:00Z","nsw":"0.04","qld":"0.07","sa":"0.45","tas":"0.00","vic":"0.01"},{"ts":"2013-10-01T12:20:00Z","nsw":"0.04","qld":"0.07","sa":"0.47","tas":"0.00","vic":"0.01"},{"ts":"2013-10-01T12:30:00Z","nsw":"0.04","qld":"0.06","sa":"0.46","tas":"0.00","vic":"0.01","wa":"0.06"},{"ts":"2013-10-01T12:40:00Z","nsw":"0.03","qld":"0.07","sa":"0.45","tas":"0.00","vic":"0.01"},{"ts":"2013-10-01T12:50:00Z","nsw":"0.03","qld":"0.07","sa":"0.46","tas":"0.00","vic":"0.01"}],"demand":[{"ts":"2013-09-30T18:00:00Z","nsw":5821,"qld":4597,"sa":876,"tas":917,"vic":3814,"wa":1546},{"ts":"2013-09-30T18:10:00Z","nsw":5832,"qld":4618,"sa":883,"tas":938,"vic":3831},{"ts":"2013-09-30T18:20:00Z","nsw":5824,"qld":4603,"sa":886,"tas":965,"vic":3832},{"ts":"2013-09-30T18:30:00Z","nsw":5863,"qld":4580,"sa":866,"tas":999,"vic":3811,"wa":1535},{"ts":"2013-09-30T18:40:00Z","nsw":5903,"qld":4658,"sa":871,"tas":1018,"vic":3859},{"ts":"2013-09-30T18:50:00Z","nsw":5960,"qld":4669,"sa":893,"tas":1035,"vic":3935},{"ts":"2013-09-30T19:00:00Z","nsw":6030,"qld":4757,"sa":877,"tas":1055,"vic":3915,"wa":1528},{"ts":"2013-09-30T19:10:00Z","nsw":6136,"qld":4828,"sa":882,"tas":1085,"vic":3983},{"ts":"2013-09-30T19:20:00Z","nsw":6247,"qld":4912,"sa":883,"tas":1099,"vic":3993},{"ts":"2013-09-30T19:30:00Z","nsw":6273,"qld":4887,"sa":919,"tas":1110,"vic":4055,"wa":1524},{"ts":"2013-09-30T19:40:00Z","nsw":6342,"qld":4885,"sa":930,"tas":1095,"vic":4116},{"ts":"2013-09-30T19:50:00Z","nsw":6403,"qld":4954,"sa":920,"tas":1033,"vic":4265},{"ts":"2013-09-30T20:00:00Z","nsw":6479,"qld":5138,"sa":926,"tas":1028,"vic":4387,"wa":1526},{"ts":"2013-09-30T20:10:00Z","nsw":6840,"qld":5220,"sa":984,"tas":1057,"vic":4592},{"ts":"2013-09-30T20:20:00Z","nsw":6993,"qld":5330,"sa":976,"tas":1075,"vic":4718},{"ts":"2013-09-30T20:30:00Z","nsw":7076,"qld":5386,"sa":996,"tas":1101,"vic":4757,"wa":1554},{"ts":"2013-09-30T20:40:00Z","nsw":7248,"qld":5492,"sa":1061,"tas":1128,"vic":4880},{"ts":"2013-09-30T20:50:00Z","nsw":7296,"qld":5572,"sa":1120,"tas":1149,"vic":4948},{"ts":"2013-09-30T21:00:00Z","nsw":7402,"qld":5621,"sa":1096,"tas":1174,"vic":5054,"wa":1567},{"ts":"2013-09-30T21:10:00Z","nsw":7479,"qld":5709,"sa":1104,"tas":1200,"vic":4968},{"ts":"2013-09-30T21:20:00Z","nsw":7594,"qld":5788,"sa":1148,"tas":1213,"vic":5132},{"ts":"2013-09-30T21:30:00Z","nsw":7704,"qld":5759,"sa":1162,"tas":1227,"vic":5197,"wa":1641},{"ts":"2013-09-30T21:40:00Z","nsw":7751,"qld":5824,"sa":1147,"tas":1242,"vic":5356},{"ts":"2013-09-30T21:50:00Z","nsw":7871,"qld":5793,"sa":1195,"tas":1254,"vic":5431},{"ts":"2013-09-30T22:00:00Z","nsw":7953,"qld":5849,"sa":1220,"tas":1253,"vic":5509,"wa":1737},{"ts":"2013-09-30T22:10:00Z","nsw":8022,"qld":5902,"sa":1201,"tas":1249,"vic":5570},{"ts":"2013-09-30T22:20:00Z","nsw":8110,"qld":5886,"sa":1187,"tas":1250,"vic":5540},{"ts":"2013-09-30T22:30:00Z","nsw":8166,"qld":5925,"sa":1194,"tas":1240,"vic":5538,"wa":1831},{"ts":"2013-09-30T22:40:00Z","nsw":8227,"qld":5858,"sa":1191,"tas":1238,"vic":5578},{"ts":"2013-09-30T22:50:00Z","nsw":8230,"qld":5872,"sa":1175,"tas":1250,"vic":5623},{"ts":"2013-09-30T23:00:00Z","nsw":8297,"qld":5867,"sa":1198,"tas":1251,"vic":5632,"wa":1979},{"ts":"2013-09-30T23:10:00Z","nsw":8361,"qld":5842,"sa":1238,"tas":1269,"vic":5624},{"ts":"2013-09-30T23:20:00Z","nsw":8296,"qld":5830,"sa":1203,"tas":1274,"vic":5646},{"ts":"2013-09-30T23:30:00Z","nsw":8362,"qld":5827,"sa":1169,"tas":1263,"vic":5589,"wa":2123},{"ts":"2013-09-30T23:40:00Z","nsw":8432,"qld":5820,"sa":1161,"tas":1247,"vic":5610},{"ts":"2013-09-30T23:50:00Z","nsw":8447,"qld":5821,"sa":1158,"tas":1226,"vic":5534},{"ts":"2013-10-01T00:00:00Z","nsw":8630,"qld":5833,"sa":1158,"tas":1208,"vic":5582,"wa":2213},{"ts":"2013-10-01T00:10:00Z","nsw":8598,"qld":5974,"sa":1168,"tas":1195,"vic":5623},{"ts":"2013-10-01T00:20:00Z","nsw":8573,"qld":5827,"sa":1179,"tas":1226,"vic":5585},{"ts":"2013-10-01T00:30:00Z","nsw":8604,"qld":5834,"sa":1173,"tas":1209,"vic":5608,"wa":2251},{"ts":"2013-10-01T00:40:00Z","nsw":8632,"qld":5857,"sa":1150,"tas":1194,"vic":5527},{"ts":"2013-10-01T00:50:00Z","nsw":8594,"qld":5856,"sa":1131,"tas":1181,"vic":5581},{"ts":"2013-10-01T01:00:00Z","nsw":8699,"qld":5861,"sa":1155,"tas":1176,"vic":5543,"wa":2223},{"ts":"2013-10-01T01:10:00Z","nsw":8689,"qld":5887,"sa":1127,"tas":1184,"vic":5604},{"ts":"2013-10-01T01:20:00Z","nsw":8692,"qld":5917,"sa":1123,"tas":1160,"vic":5601},{"ts":"2013-10-01T01:30:00Z","nsw":8734,"qld":5914,"sa":1145,"tas":1139,"vic":5524,"wa":2183},{"ts":"2013-10-01T01:40:00Z","nsw":8783,"qld":5961,"sa":1166,"tas":1142,"vic":5473},{"ts":"2013-10-01T01:50:00Z","nsw":8859,"qld":6014,"sa":1105,"tas":1129,"vic":5503},{"ts":"2013-10-01T02:00:00Z","nsw":8938,"qld":6017,"sa":1109,"tas":1131,"vic":5534,"wa":2154},{"ts":"2013-10-01T02:10:00Z","nsw":9003,"qld":6049,"sa":1150,"tas":1152,"vic":5542},{"ts":"2013-10-01T02:20:00Z","nsw":9059,"qld":6030,"sa":1205,"tas":1153,"vic":5547},{"ts":"2013-10-01T02:30:00Z","nsw":8973,"qld":6024,"sa":1199,"tas":1127,"vic":5516,"wa":2138},{"ts":"2013-10-01T02:40:00Z","nsw":8987,"qld":6028,"sa":1192,"tas":1125,"vic":5486},{"ts":"2013-10-01T02:50:00Z","nsw":8991,"qld":6066,"sa":1191,"tas":1116,"vic":5578},{"ts":"2013-10-01T03:00:00Z","nsw":8917,"qld":6094,"sa":1205,"tas":1107,"vic":5518,"wa":2089},{"ts":"2013-10-01T03:10:00Z","nsw":8981,"qld":6120,"sa":1157,"tas":1107,"vic":5566},{"ts":"2013-10-01T03:20:00Z","nsw":8989,"qld":6146,"sa":1146,"tas":1098,"vic":5564},{"ts":"2013-10-01T03:30:00Z","nsw":8998,"qld":6182,"sa":1179,"tas":1097,"vic":5517,"wa":2068},{"ts":"2013-10-01T03:40:00Z","nsw":8939,"qld":6193,"sa":1211,"tas":1097,"vic":5465},{"ts":"2013-10-01T03:50:00Z","nsw":8926,"qld":6210,"sa":1211,"tas":1086,"vic":5496},{"ts":"2013-10-01T04:00:00Z","nsw":8937,"qld":6196,"sa":1210,"tas":1093,"vic":5491,"wa":2068},{"ts":"2013-10-01T04:10:00Z","nsw":8928,"qld":6224,"sa":1219,"tas":1107,"vic":5477},{"ts":"2013-10-01T04:20:00Z","nsw":8920,"qld":6233,"sa":1190,"tas":1106,"vic":5501},{"ts":"2013-10-01T04:30:00Z","nsw":8887,"qld":6252,"sa":1205,"tas":1109,"vic":5438,"wa":2060},{"ts":"2013-10-01T04:40:00Z","nsw":8768,"qld":6279,"sa":1231,"tas":1108,"vic":5446},{"ts":"2013-10-01T04:50:00Z","nsw":8809,"qld":6344,"sa":1234,"tas":1102,"vic":5448},{"ts":"2013-10-01T05:00:00Z","nsw":8761,"qld":6318,"sa":1232,"tas":1098,"vic":5492,"wa":2050},{"ts":"2013-10-01T05:10:00Z","nsw":8803,"qld":6371,"sa":1233,"tas":1086,"vic":5526},{"ts":"2013-10-01T05:20:00Z","nsw":8721,"qld":6359,"sa":1222,"tas":1115,"vic":5457},{"ts":"2013-10-01T05:30:00Z","nsw":8704,"qld":6365,"sa":1194,"tas":1107,"vic":5387,"wa":2052},{"ts":"2013-10-01T05:40:00Z","nsw":8664,"qld":6410,"sa":1161,"tas":1100,"vic":5451},{"ts":"2013-10-01T05:50:00Z","nsw":8599,"qld":6464,"sa":1152,"tas":1109,"vic":5519},{"ts":"2013-10-01T06:00:00Z","nsw":8615,"qld":6450,"sa":1183,"tas":1096,"vic":5545,"wa":2050},{"ts":"2013-10-01T06:10:00Z","nsw":8654,"qld":6434,"sa":1215,"tas":1101,"vic":5558},{"ts":"2013-10-01T06:20:00Z","nsw":8594,"qld":6451,"sa":1224,"tas":1113,"vic":5544},{"ts":"2013-10-01T06:30:00Z","nsw":8570,"qld":6511,"sa":1202,"tas":1123,"vic":5654,"wa":2052},{"ts":"2013-10-01T06:40:00Z","nsw":8589,"qld":6552,"sa":1236,"tas":1106,"vic":5611},{"ts":"2013-10-01T06:50:00Z","nsw":8546,"qld":6624,"sa":1241,"tas":1114,"vic":5693},{"ts":"2013-10-01T07:00:00Z","nsw":8579,"qld":6615,"sa":1258,"tas":1146,"vic":5702,"wa":2073},{"ts":"2013-10-01T07:10:00Z","nsw":8618,"qld":6590,"sa":1286,"tas":1175,"vic":5759},{"ts":"2013-10-01T07:20:00Z","nsw":8674,"qld":6530,"sa":1290,"tas":1196,"vic":5812},{"ts":"2013-10-01T07:30:00Z","nsw":8706,"qld":6504,"sa":1325,"tas":1200,"vic":5881,"wa":2104},{"ts":"2013-10-01T07:40:00Z","nsw":8727,"qld":6509,"sa":1350,"tas":1210,"vic":5894},{"ts":"2013-10-01T07:50:00Z","nsw":8761,"qld":6553,"sa":1393,"tas":1235,"vic":5880},{"ts":"2013-10-01T08:00:00Z","nsw":8855,"qld":6623,"sa":1423,"tas":1252,"vic":5939,"wa":2131},{"ts":"2013-10-01T08:10:00Z","nsw":8824,"qld":6613,"sa":1416,"tas":1263,"vic":5971},{"ts":"2013-10-01T08:20:00Z","nsw":8993,"qld":6637,"sa":1429,"tas":1266,"vic":6015},{"ts":"2013-10-01T08:30:00Z","nsw":8965,"qld":6705,"sa":1466,"tas":1287,"vic":6110,"wa":2170},{"ts":"2013-10-01T08:40:00Z","nsw":8930,"qld":6708,"sa":1507,"tas":1301,"vic":6180},{"ts":"2013-10-01T08:50:00Z","nsw":8853,"qld":6701,"sa":1521,"tas":1300,"vic":6286},{"ts":"2013-10-01T09:00:00Z","nsw":8788,"qld":6625,"sa":1555,"tas":1298,"vic":6317,"wa":2196},{"ts":"2013-10-01T09:10:00Z","nsw":8673,"qld":6540,"sa":1571,"tas":1294,"vic":6250},{"ts":"2013-10-01T09:20:00Z","nsw":8555,"qld":6492,"sa":1577,"tas":1282,"vic":6165},{"ts":"2013-10-01T09:30:00Z","nsw":8439,"qld":6433,"sa":1565,"tas":1288,"vic":6155,"wa":2270},{"ts":"2013-10-01T09:40:00Z","nsw":8450,"qld":6414,"sa":1544,"tas":1279,"vic":6172},{"ts":"2013-10-01T09:50:00Z","nsw":8367,"qld":6447,"sa":1545,"tas":1268,"vic":6113},{"ts":"2013-10-01T10:00:00Z","nsw":8349,"qld":6402,"sa":1530,"tas":1260,"vic":6077,"wa":2370},{"ts":"2013-10-01T10:10:00Z","nsw":8301,"qld":6396,"sa":1530,"tas":1267,"vic":5957},{"ts":"2013-10-01T10:20:00Z","nsw":8118,"qld":6326,"sa":1505,"tas":1264,"vic":5932},{"ts":"2013-10-01T10:30:00Z","nsw":8079,"qld":6278,"sa":1494,"tas":1247,"vic":5894,"wa":2444},{"ts":"2013-10-01T10:40:00Z","nsw":8017,"qld":6173,"sa":1507,"tas":1217,"vic":5865},{"ts":"2013-10-01T10:50:00Z","nsw":7929,"qld":6117,"sa":1485,"tas":1204,"vic":5798},{"ts":"2013-10-01T11:00:00Z","nsw":7881,"qld":6030,"sa":1431,"tas":1209,"vic":5742,"wa":2548},{"ts":"2013-10-01T11:10:00Z","nsw":7823,"qld":6006,"sa":1410,"tas":1198,"vic":5698},{"ts":"2013-10-01T11:20:00Z","nsw":7748,"qld":5985,"sa":1386,"tas":1193,"vic":5645},{"ts":"2013-10-01T11:30:00Z","nsw":7654,"qld":5925,"sa":1382,"tas":1184,"vic":5592,"wa":2549},{"ts":"2013-10-01T11:40:00Z","nsw":7669,"qld":5892,"sa":1384,"tas":1171,"vic":5467},{"ts":"2013-10-01T11:50:00Z","nsw":7603,"qld":5842,"sa":1379,"tas":1166,"vic":5403},{"ts":"2013-10-01T12:00:00Z","nsw":7579,"qld":5761,"sa":1390,"tas":1152,"vic":5311,"wa":2481},{"ts":"2013-10-01T12:10:00Z","nsw":7648,"qld":5654,"sa":1376,"tas":1141,"vic":5270},{"ts":"2013-10-01T12:20:00Z","nsw":7651,"qld":5625,"sa":1338,"tas":1127,"vic":5245},{"ts":"2013-10-01T12:30:00Z","nsw":7598,"qld":5600,"sa":1334,"tas":1111,"vic":5192,"wa":2422},{"ts":"2013-10-01T12:40:00Z","nsw":7598,"qld":5571,"sa":1352,"tas":1087,"vic":5132},{"ts":"2013-10-01T12:50:00Z","nsw":7475,"qld":5547,"sa":1323,"tas":1062,"vic":5112}],"output":[{"ts":"2013-09-30T18:00:00Z","nsw":1,"qld":3,"sa":0,"tas":0,"vic":0,"wa":1},{"ts":"2013-09-30T18:10:00Z","nsw":1,"qld":3,"sa":0,"tas":0,"vic":0},{"ts":"2013-09-30T18:20:00Z","nsw":1,"qld":3,"sa":0,"tas":0,"vic":0},{"ts":"2013-09-30T18:30:00Z","nsw":1,"qld":3,"sa":0,"tas":0,"vic":0,"wa":1},{"ts":"2013-09-30T18:40:00Z","nsw":1,"qld":3,"sa":0,"tas":0,"vic":0},{"ts":"2013-09-30T18:50:00Z","nsw":1,"qld":3,"sa":0,"tas":0,"vic":0},{"ts":"2013-09-30T19:00:00Z","nsw":1,"qld":3,"sa":0,"tas":0,"vic":0,"wa":1},{"ts":"2013-09-30T19:10:00Z","nsw":1,"qld":3,"sa":0,"tas":0,"vic":0},{"ts":"2013-09-30T19:20:00Z","nsw":1,"qld":1,"sa":0,"tas":0,"vic":0},{"ts":"2013-09-30T19:30:00Z","nsw":1,"qld":1,"sa":0,"tas":0,"vic":0,"wa":1},{"ts":"2013-09-30T19:40:00Z","nsw":2,"qld":9,"sa":0,"tas":0,"vic":0},{"ts":"2013-09-30T19:50:00Z","nsw":4,"qld":17,"sa":0,"tas":0,"vic":0},{"ts":"2013-09-30T20:00:00Z","nsw":7,"qld":29,"sa":0,"tas":0,"vic":0,"wa":1},{"ts":"2013-09-30T20:10:00Z","nsw":12,"qld":43,"sa":0,"tas":0,"vic":0},{"ts":"2013-09-30T20:20:00Z","nsw":15,"qld":58,"sa":0,"tas":0,"vic":0},{"ts":"2013-09-30T20:30:00Z","nsw":18,"qld":73,"sa":0,"tas":0,"vic":2,"wa":0},{"ts":"2013-09-30T20:40:00Z","nsw":20,"qld":97,"sa":2,"tas":0,"vic":2},{"ts":"2013-09-30T20:50:00Z","nsw":24,"qld":118,"sa":8,"tas":0,"vic":3},{"ts":"2013-09-30T21:00:00Z","nsw":29,"qld":144,"sa":10,"tas":0,"vic":5,"wa":0},{"ts":"2013-09-30T21:10:00Z","nsw":35,"qld":175,"sa":14,"tas":0,"vic":8},{"ts":"2013-09-30T21:20:00Z","nsw":47,"qld":202,"sa":21,"tas":0,"vic":12},{"ts":"2013-09-30T21:30:00Z","nsw":51,"qld":225,"sa":32,"tas":0,"vic":16,"wa":0},{"ts":"2013-09-30T21:40:00Z","nsw":65,"qld":260,"sa":35,"tas":0,"vic":20},{"ts":"2013-09-30T21:50:00Z","nsw":69,"qld":282,"sa":33,"tas":1,"vic":22},{"ts":"2013-09-30T22:00:00Z","nsw":79,"qld":306,"sa":51,"tas":2,"vic":29,"wa":1},{"ts":"2013-09-30T22:10:00Z","nsw":87,"qld":326,"sa":78,"tas":1,"vic":41},{"ts":"2013-09-30T22:20:00Z","nsw":95,"qld":353,"sa":77,"tas":1,"vic":58},{"ts":"2013-09-30T22:30:00Z","nsw":92,"qld":369,"sa":93,"tas":1,"vic":69,"wa":10},{"ts":"2013-09-30T22:40:00Z","nsw":112,"qld":400,"sa":95,"tas":2,"vic":80},{"ts":"2013-09-30T22:50:00Z","nsw":123,"qld":427,"sa":133,"tas":2,"vic":78},{"ts":"2013-09-30T23:00:00Z","nsw":135,"qld":458,"sa":117,"tas":4,"vic":104,"wa":31},{"ts":"2013-09-30T23:10:00Z","nsw":139,"qld":475,"sa":116,"tas":3,"vic":109},{"ts":"2013-09-30T23:20:00Z","nsw":168,"qld":497,"sa":110,"tas":3,"vic":126},{"ts":"2013-09-30T23:30:00Z","nsw":183,"qld":506,"sa":155,"tas":4,"vic":130,"wa":56},{"ts":"2013-09-30T23:40:00Z","nsw":222,"qld":525,"sa":159,"tas":5,"vic":166},{"ts":"2013-09-30T23:50:00Z","nsw":189,"qld":533,"sa":174,"tas":8,"vic":164},{"ts":"2013-10-01T00:00:00Z","nsw":191,"qld":539,"sa":159,"tas":11,"vic":168,"wa":83},{"ts":"2013-10-01T00:10:00Z","nsw":215,"qld":552,"sa":187,"tas":6,"vic":168},{"ts":"2013-10-01T00:20:00Z","nsw":240,"qld":563,"sa":156,"tas":9,"vic":167},{"ts":"2013-10-01T00:30:00Z","nsw":239,"qld":567,"sa":174,"tas":10,"vic":160,"wa":115},{"ts":"2013-10-01T00:40:00Z","nsw":280,"qld":572,"sa":199,"tas":12,"vic":165},{"ts":"2013-10-01T00:50:00Z","nsw":263,"qld":577,"sa":249,"tas":11,"vic":148},{"ts":"2013-10-01T01:00:00Z","nsw":267,"qld":582,"sa":202,"tas":11,"vic":156,"wa":144},{"ts":"2013-10-01T01:10:00Z","nsw":268,"qld":582,"sa":212,"tas":13,"vic":143},{"ts":"2013-10-01T01:20:00Z","nsw":299,"qld":585,"sa":189,"tas":16,"vic":172},{"ts":"2013-10-01T01:30:00Z","nsw":250,"qld":591,"sa":252,"tas":18,"vic":182,"wa":166},{"ts":"2013-10-01T01:40:00Z","nsw":293,"qld":590,"sa":228,"tas":22,"vic":214},{"ts":"2013-10-01T01:50:00Z","nsw":281,"qld":589,"sa":231,"tas":19,"vic":212},{"ts":"2013-10-01T02:00:00Z","nsw":302,"qld":585,"sa":221,"tas":20,"vic":230,"wa":177},{"ts":"2013-10-01T02:10:00Z","nsw":269,"qld":578,"sa":193,"tas":21,"vic":210},{"ts":"2013-10-01T02:20:00Z","nsw":278,"qld":574,"sa":163,"tas":22,"vic":223},{"ts":"2013-10-01T02:30:00Z","nsw":238,"qld":560,"sa":205,"tas":20,"vic":215,"wa":188},{"ts":"2013-10-01T02:40:00Z","nsw":268,"qld":561,"sa":173,"tas":23,"vic":231},{"ts":"2013-10-01T02:50:00Z","nsw":230,"qld":561,"sa":179,"tas":22,"vic":208},{"ts":"2013-10-01T03:00:00Z","nsw":230,"qld":558,"sa":143,"tas":25,"vic":207,"wa":203},{"ts":"2013-10-01T03:10:00Z","nsw":203,"qld":548,"sa":193,"tas":25,"vic":174},{"ts":"2013-10-01T03:20:00Z","nsw":217,"qld":547,"sa":190,"tas":25,"vic":184},{"ts":"2013-10-01T03:30:00Z","nsw":182,"qld":525,"sa":190,"tas":23,"vic":204,"wa":210},{"ts":"2013-10-01T03:40:00Z","nsw":212,"qld":502,"sa":167,"tas":26,"vic":236},{"ts":"2013-10-01T03:50:00Z","nsw":181,"qld":483,"sa":166,"tas":21,"vic":216},{"ts":"2013-10-01T04:00:00Z","nsw":177,"qld":472,"sa":137,"tas":21,"vic":206,"wa":216},{"ts":"2013-10-01T04:10:00Z","nsw":135,"qld":440,"sa":167,"tas":19,"vic":194},{"ts":"2013-10-01T04:20:00Z","nsw":148,"qld":441,"sa":173,"tas":19,"vic":223},{"ts":"2013-10-01T04:30:00Z","nsw":139,"qld":425,"sa":179,"tas":16,"vic":212,"wa":202},{"ts":"2013-10-01T04:40:00Z","nsw":151,"qld":408,"sa":142,"tas":16,"vic":226},{"ts":"2013-10-01T04:50:00Z","nsw":145,"qld":380,"sa":159,"tas":17,"vic":192},{"ts":"2013-10-01T05:00:00Z","nsw":154,"qld":343,"sa":121,"tas":20,"vic":194,"wa":188},{"ts":"2013-10-01T05:10:00Z","nsw":149,"qld":326,"sa":132,"tas":18,"vic":173},{"ts":"2013-10-01T05:20:00Z","nsw":136,"qld":314,"sa":118,"tas":17,"vic":185},{"ts":"2013-10-01T05:30:00Z","nsw":126,"qld":269,"sa":142,"tas":14,"vic":159,"wa":174},{"ts":"2013-10-01T05:40:00Z","nsw":123,"qld":221,"sa":141,"tas":14,"vic":152},{"ts":"2013-10-01T05:50:00Z","nsw":104,"qld":195,"sa":141,"tas":13,"vic":128},{"ts":"2013-10-01T06:00:00Z","nsw":70,"qld":177,"sa":123,"tas":12,"vic":129,"wa":164},{"ts":"2013-10-01T06:10:00Z","nsw":64,"qld":156,"sa":117,"tas":10,"vic":98},{"ts":"2013-10-01T06:20:00Z","nsw":59,"qld":135,"sa":86,"tas":8,"vic":98},{"ts":"2013-10-01T06:30:00Z","nsw":53,"qld":122,"sa":87,"tas":7,"vic":83,"wa":129},{"ts":"2013-10-01T06:40:00Z","nsw":38,"qld":96,"sa":80,"tas":7,"vic":79},{"ts":"2013-10-01T06:50:00Z","nsw":43,"qld":75,"sa":82,"tas":4,"vic":73},{"ts":"2013-10-01T07:00:00Z","nsw":27,"qld":66,"sa":74,"tas":3,"vic":63,"wa":118},{"ts":"2013-10-01T07:10:00Z","nsw":19,"qld":53,"sa":69,"tas":2,"vic":46},{"ts":"2013-10-01T07:20:00Z","nsw":14,"qld":36,"sa":56,"tas":3,"vic":38},{"ts":"2013-10-01T07:30:00Z","nsw":11,"qld":20,"sa":50,"tas":1,"vic":24,"wa":97},{"ts":"2013-10-01T07:40:00Z","nsw":10,"qld":7,"sa":40,"tas":1,"vic":16},{"ts":"2013-10-01T07:50:00Z","nsw":11,"qld":5,"sa":35,"tas":0,"vic":12},{"ts":"2013-10-01T08:00:00Z","nsw":5,"qld":4,"sa":30,"tas":0,"vic":8,"wa":72},{"ts":"2013-10-01T08:10:00Z","nsw":4,"qld":3,"sa":21,"tas":0,"vic":5},{"ts":"2013-10-01T08:20:00Z","nsw":2,"qld":3,"sa":11,"tas":0,"vic":3},{"ts":"2013-10-01T08:30:00Z","nsw":2,"qld":2,"sa":6,"tas":0,"vic":1,"wa":48},{"ts":"2013-10-01T08:40:00Z","nsw":3,"qld":3,"sa":3,"tas":0,"vic":2},{"ts":"2013-10-01T08:50:00Z","nsw":3,"qld":2,"sa":1,"tas":0,"vic":1},{"ts":"2013-10-01T09:00:00Z","nsw":5,"qld":3,"sa":1,"tas":0,"vic":0,"wa":31},{"ts":"2013-10-01T09:10:00Z","nsw":3,"qld":2,"sa":1,"tas":0,"vic":0},{"ts":"2013-10-01T09:20:00Z","nsw":4,"qld":3,"sa":0,"tas":0,"vic":0},{"ts":"2013-10-01T09:30:00Z","nsw":4,"qld":3,"sa":0,"tas":0,"vic":0,"wa":15},{"ts":"2013-10-01T09:40:00Z","nsw":3,"qld":3,"sa":0,"tas":0,"vic":0},{"ts":"2013-10-01T09:50:00Z","nsw":3,"qld":2,"sa":1,"tas":0,"vic":0},{"ts":"2013-10-01T10:00:00Z","nsw":3,"qld":3,"sa":1,"tas":0,"vic":0,"wa":5},{"ts":"2013-10-01T10:10:00Z","nsw":3,"qld":3,"sa":6,"tas":0,"vic":0},{"ts":"2013-10-01T10:20:00Z","nsw":3,"qld":3,"sa":6,"tas":0,"vic":0},{"ts":"2013-10-01T10:30:00Z","nsw":3,"qld":2,"sa":6,"tas":0,"vic":0,"wa":7},{"ts":"2013-10-01T10:40:00Z","nsw":3,"qld":3,"sa":6,"tas":0,"vic":0},{"ts":"2013-10-01T10:50:00Z","nsw":3,"qld":2,"sa":6,"tas":0,"vic":0},{"ts":"2013-10-01T11:00:00Z","nsw":3,"qld":3,"sa":6,"tas":0,"vic":0,"wa":1},{"ts":"2013-10-01T11:10:00Z","nsw":3,"qld":3,"sa":6,"tas":0,"vic":0},{"ts":"2013-10-01T11:20:00Z","nsw":3,"qld":3,"sa":6,"tas":0,"vic":0},{"ts":"2013-10-01T11:30:00Z","nsw":3,"qld":3,"sa":6,"tas":0,"vic":0,"wa":1},{"ts":"2013-10-01T11:40:00Z","nsw":3,"qld":3,"sa":6,"tas":0,"vic":0},{"ts":"2013-10-01T11:50:00Z","nsw":3,"qld":3,"sa":6,"tas":0,"vic":0},{"ts":"2013-10-01T12:00:00Z","nsw":3,"qld":4,"sa":6,"tas":0,"vic":0,"wa":1},{"ts":"2013-10-01T12:10:00Z","nsw":3,"qld":3,"sa":6,"tas":0,"vic":0},{"ts":"2013-10-01T12:20:00Z","nsw":3,"qld":3,"sa":6,"tas":0,"vic":0},{"ts":"2013-10-01T12:30:00Z","nsw":2,"qld":3,"sa":6,"tas":0,"vic":0,"wa":1},{"ts":"2013-10-01T12:40:00Z","nsw":2,"qld":3,"sa":6,"tas":0,"vic":0},{"ts":"2013-10-01T12:50:00Z","nsw":2,"qld":3,"sa":6,"tas":0,"vic":0}]}