{"performance":[{"ts":"2013-06-26T18:00:00Z","nsw":"0.23","nt":"0.00","qld":"0.31","sa":"0.11","tas":"0.00","vic":"0.10","wa":"0.09"},{"ts":"2013-06-26T18:10:00Z","nsw":"0.22","nt":"0.00","qld":"0.32","sa":"0.11","tas":"0.00","vic":"0.11","wa":"0.10"},{"ts":"2013-06-26T18:20:00Z","nsw":"0.24","nt":"0.00","qld":"0.31","sa":"0.11","tas":"0.00","vic":"0.15","wa":"0.09"},{"ts":"2013-06-26T18:30:00Z","nsw":"0.17","nt":"0.00","qld":"0.35","sa":"0.11","tas":"0.00","vic":"0.10","wa":"0.10"},{"ts":"2013-06-26T18:40:00Z","nsw":"0.20","nt":"0.00","qld":"0.34","sa":"0.11","tas":"0.00","vic":"0.09","wa":"0.09"},{"ts":"2013-06-26T18:50:00Z","nsw":"0.23","nt":"0.00","qld":"0.31","sa":"0.11","tas":"0.00","vic":"0.08","wa":"0.10"},{"ts":"2013-06-26T19:00:00Z","nsw":"0.16","nt":"0.00","qld":"0.32","sa":"0.12","tas":"0.00","vic":"0.08","wa":"0.09"},{"ts":"2013-06-26T19:10:00Z","nsw":"0.14","nt":"0.00","qld":"0.34","sa":"0.11","tas":"0.00","vic":"0.10","wa":"0.10"},{"ts":"2013-06-26T19:20:00Z","nsw":"0.18","nt":"0.00","qld":"0.34","sa":"0.11","tas":"0.00","vic":"0.09","wa":"0.10"},{"ts":"2013-06-26T19:30:00Z","nsw":"0.14","nt":"0.00","qld":"0.37","sa":"0.11","tas":"0.00","vic":"0.10","wa":"0.10"},{"ts":"2013-06-26T19:40:00Z","nsw":"0.15","nt":"0.00","qld":"0.34","sa":"0.11","tas":"0.00","vic":"0.08","wa":"0.10"},{"ts":"2013-06-26T19:50:00Z","nsw":"0.14","nt":"0.00","qld":"0.34","sa":"0.11","tas":"0.00","vic":"0.09","wa":"0.11"},{"ts":"2013-06-26T20:00:00Z","nsw":"0.18","nt":"0.00","qld":"0.34","sa":"0.11","tas":"0.00","vic":"0.07","wa":"0.09"},{"ts":"2013-06-26T20:10:00Z","nsw":"0.33","nt":"0.00","qld":"0.33","sa":"0.11","tas":"0.00","vic":"0.06","wa":"0.10"},{"ts":"2013-06-26T20:20:00Z","nsw":"0.20","nt":"0.00","qld":"0.36","sa":"0.11","tas":"0.00","vic":"0.08","wa":"0.09"},{"ts":"2013-06-26T20:30:00Z","nsw":"0.22","nt":"0.00","qld":"0.22","sa":"0.11","tas":"0.00","vic":"0.06","wa":"0.10"},{"ts":"2013-06-26T20:40:00Z","nsw":"0.21","nt":"0.00","qld":"0.33","sa":"0.11","tas":"0.00","vic":"0.08","wa":"0.09"},{"ts":"2013-06-26T20:50:00Z","nsw":"0.20","nt":"0.00","qld":"1.42","sa":"0.10","tas":"0.00","vic":"0.08","wa":"0.10"},{"ts":"2013-06-26T21:00:00Z","nsw":"0.26","nt":"0.00","qld":"2.79","sa":"0.11","tas":"0.00","vic":"0.06","wa":"0.09"},{"ts":"2013-06-26T21:10:00Z","nsw":"0.40","nt":"0.00","qld":"4.41","sa":"0.12","tas":"0.00","vic":"0.06","wa":"0.12"},{"ts":"2013-06-26T21:20:00Z","nsw":"0.83","nt":"0.09","qld":"6.36","sa":"0.12","tas":"0.00","vic":"0.13","wa":"0.10"},{"ts":"2013-06-26T21:30:00Z","nsw":"1.87","nt":"0.00","qld":"8.90","sa":"0.13","tas":"0.00","vic":"0.07","wa":"0.12"},{"ts":"2013-06-26T21:40:00Z","nsw":"2.35","nt":"0.07","qld":"10.73","sa":"0.13","tas":"0.00","vic":"0.22","wa":"0.10"},{"ts":"2013-06-26T21:50:00Z","nsw":"3.32","nt":"0.26","qld":"10.79","sa":"0.12","tas":"0.04","vic":"0.97","wa":"0.25"},{"ts":"2013-06-26T22:00:00Z","nsw":"4.21","nt":"0.69","qld":"12.67","sa":"0.29","tas":"0.48","vic":"2.30","wa":"0.11"},{"ts":"2013-06-26T22:10:00Z","nsw":"4.88","nt":"1.52","qld":"13.78","sa":"1.31","tas":"0.88","vic":"3.42","wa":"0.11"},{"ts":"2013-06-26T22:20:00Z","nsw":"6.76","nt":"2.25","qld":"17.53","sa":"2.19","tas":"2.08","vic":"5.80","wa":"0.10"},{"ts":"2013-06-26T22:30:00Z","nsw":"7.71","nt":"3.16","qld":"21.24","sa":"3.68","tas":"3.85","vic":"8.01","wa":"0.13"},{"ts":"2013-06-26T22:40:00Z","nsw":"9.96","nt":"4.90","qld":"24.08","sa":"5.91","tas":"5.68","vic":"10.45","wa":"0.12"},{"ts":"2013-06-26T22:50:00Z","nsw":"10.45","nt":"5.73","qld":"22.90","sa":"8.60","tas":"8.08","vic":"12.66","wa":"0.12"},{"ts":"2013-06-26T23:00:00Z","nsw":"13.31","nt":"7.69","qld":"21.72","sa":"11.29","tas":"11.34","vic":"15.27","wa":"0.12"},{"ts":"2013-06-26T23:10:00Z","nsw":"13.54","nt":"12.10","qld":"25.98","sa":"14.14","tas":"11.58","vic":"15.73","wa":"0.11"},{"ts":"2013-06-26T23:20:00Z","nsw":"15.44","nt":"12.12","qld":"28.95","sa":"16.61","tas":"14.22","vic":"18.43","wa":"0.18"},{"ts":"2013-06-26T23:30:00Z","nsw":"15.27","nt":"15.49","qld":"30.07","sa":"19.42","tas":"15.73","vic":"19.59","wa":"0.49"},{"ts":"2013-06-26T23:40:00Z","nsw":"17.33","nt":"20.65","qld":"32.45","sa":"22.34","tas":"19.28","vic":"21.79","wa":"0.90"},{"ts":"2013-06-26T23:50:00Z","nsw":"17.82","nt":"22.85","qld":"32.72","sa":"25.14","tas":"17.91","vic":"23.55","wa":"1.56"},{"ts":"2013-06-27T00:00:00Z","nsw":"18.98","nt":"28.81","qld":"31.53","sa":"27.64","tas":"17.56","vic":"26.22","wa":"3.30"},{"ts":"2013-06-27T00:10:00Z","nsw":"19.74","nt":"27.57","qld":"28.86","sa":"30.65","tas":"17.73","vic":"23.48","wa":"5.68"},{"ts":"2013-06-27T00:20:00Z","nsw":"21.11","nt":"31.67","qld":"33.62","sa":"32.95","tas":"21.06","vic":"26.32","wa":"8.95"},{"ts":"2013-06-27T00:30:00Z","nsw":"21.40","nt":"28.28","qld":"38.46","sa":"34.60","tas":"23.55","vic":"25.49","wa":"13.46"},{"ts":"2013-06-27T00:40:00Z","nsw":"23.58","nt":"32.88","qld":"35.40","sa":"39.47","tas":"28.50","vic":"26.05","wa":"14.73"},{"ts":"2013-06-27T00:50:00Z","nsw":"21.28","nt":"20.93","qld":"35.94","sa":"39.76","tas":"28.97","vic":"28.80","wa":"20.35"},{"ts":"2013-06-27T01:00:00Z","nsw":"24.24","nt":"26.61","qld":"36.43","sa":"41.26","tas":"32.75","vic":"31.47","wa":"24.63"},{"ts":"2013-06-27T01:10:00Z","nsw":"25.27","nt":"47.96","qld":"29.74","sa":"43.21","tas":"26.12","vic":"32.00","wa":"25.82"},{"ts":"2013-06-27T01:20:00Z","nsw":"26.50","nt":"32.59","qld":"27.19","sa":"45.05","tas":"28.21","vic":"35.63","wa":"27.82"},{"ts":"2013-06-27T01:30:00Z","nsw":"23.93","nt":"51.41","qld":"27.56","sa":"46.68","tas":"24.49","vic":"36.29","wa":"29.26"},{"ts":"2013-06-27T01:40:00Z","nsw":"24.16","nt":"50.33","qld":"29.67","sa":"48.00","tas":"25.64","vic":"37.40","wa":"30.16"},{"ts":"2013-06-27T01:50:00Z","nsw":"24.09","nt":"50.35","qld":"25.46","sa":"48.85","tas":"23.90","vic":"36.73","wa":"31.98"},{"ts":"2013-06-27T02:00:00Z","nsw":"22.12","nt":"26.45","qld":"21.70","sa":"50.91","tas":"28.41","vic":"38.22","wa":"34.13"},{"ts":"2013-06-27T02:10:00Z","nsw":"20.74","nt":"58.28","qld":"20.11","sa":"51.02","tas":"25.68","vic":"37.47","wa":"33.78"},{"ts":"2013-06-27T02:20:00Z","nsw":"20.88","nt":"55.18","qld":"18.57","sa":"51.81","tas":"35.67","vic":"39.04","wa":"36.35"},{"ts":"2013-06-27T02:30:00Z","nsw":"20.73","nt":"49.37","qld":"19.89","sa":"51.31","tas":"33.39","vic":"38.75","wa":"37.94"},{"ts":"2013-06-27T02:40:00Z","nsw":"20.24","nt":"37.32","qld":"18.78","sa":"51.15","tas":"40.75","vic":"39.77","wa":"41.35"},{"ts":"2013-06-27T02:50:00Z","nsw":"20.14","nt":"58.52","qld":"17.31","sa":"51.77","tas":"34.25","vic":"37.89","wa":"42.58"},{"ts":"2013-06-27T03:00:00Z","nsw":"20.89","nt":"52.25","qld":"17.29","sa":"50.95","tas":"33.85","vic":"39.43","wa":"50.13"},{"ts":"2013-06-27T03:10:00Z","nsw":"17.45","nt":"29.41","qld":"16.23","sa":"50.38","tas":"34.30","vic":"39.45","wa":"50.16"},{"ts":"2013-06-27T03:20:00Z","nsw":"16.75","nt":"38.01","qld":"14.35","sa":"49.90","tas":"35.58","vic":"39.20","wa":"51.08"},{"ts":"2013-06-27T03:30:00Z","nsw":"16.41","nt":"38.20","qld":"15.10","sa":"48.52","tas":"33.50","vic":"38.52","wa":"51.17"},{"ts":"2013-06-27T03:40:00Z","nsw":"16.03","nt":"38.68","qld":"13.42","sa":"47.52","tas":"32.33","vic":"37.98","wa":"52.14"},{"ts":"2013-06-27T03:50:00Z","nsw":"14.46","nt":"27.55","qld":"12.40","sa":"46.68","tas":"24.64","vic":"35.29","wa":"48.35"},{"ts":"2013-06-27T04:00:00Z","nsw":"13.38","nt":"39.81","qld":"13.06","sa":"47.19","tas":"24.54","vic":"34.35","wa":"45.28"},{"ts":"2013-06-27T04:10:00Z","nsw":"12.09","nt":"33.95","qld":"11.98","sa":"45.15","tas":"22.29","vic":"32.70","wa":"45.69"},{"ts":"2013-06-27T04:20:00Z","nsw":"12.38","nt":"69.07","qld":"10.51","sa":"45.01","tas":"20.42","vic":"32.27","wa":"42.31"},{"ts":"2013-06-27T04:30:00Z","nsw":"12.26","nt":"53.84","qld":"10.50","sa":"42.22","tas":"20.36","vic":"28.32","wa":"39.48"},{"ts":"2013-06-27T04:40:00Z","nsw":"10.96","nt":"53.67","qld":"9.94","sa":"39.80","tas":"18.96","vic":"26.21","wa":"39.33"},{"ts":"2013-06-27T04:50:00Z","nsw":"9.47","nt":"57.02","qld":"10.18","sa":"37.63","tas":"17.36","vic":"22.75","wa":"34.10"},{"ts":"2013-06-27T05:00:00Z","nsw":"8.60","nt":"63.21","qld":"9.96","sa":"37.25","tas":"14.47","vic":"22.64","wa":"32.31"},{"ts":"2013-06-27T05:10:00Z","nsw":"7.89","nt":"45.31","qld":"8.67","sa":"34.82","tas":"9.63","vic":"20.14","wa":"34.73"},{"ts":"2013-06-27T05:20:00Z","nsw":"7.65","nt":"45.59","qld":"6.58","sa":"31.41","tas":"9.59","vic":"17.68","wa":"44.12"},{"ts":"2013-06-27T05:30:00Z","nsw":"7.01","nt":"50.10","qld":"7.21","sa":"28.89","tas":"8.62","vic":"16.06","wa":"42.59"},{"ts":"2013-06-27T05:40:00Z","nsw":"6.54","nt":"46.56","qld":"6.27","sa":"26.14","tas":"6.44","vic":"13.91","wa":"45.07"},{"ts":"2013-06-27T05:50:00Z","nsw":"5.87","nt":"34.09","qld":"5.59","sa":"24.24","tas":"3.42","vic":"11.10","wa":"40.52"},{"ts":"2013-06-27T06:00:00Z","nsw":"5.01","nt":"39.80","qld":"5.57","sa":"22.85","tas":"3.23","vic":"10.66","wa":"43.39"},{"ts":"2013-06-27T06:10:00Z","nsw":"3.87","nt":"42.68","qld":"4.42","sa":"20.18","tas":"2.42","vic":"8.28","wa":"40.83"},{"ts":"2013-06-27T06:20:00Z","nsw":"2.90","nt":"43.86","qld":"3.83","sa":"18.75","tas":"1.58","vic":"6.49","wa":"38.79"},{"ts":"2013-06-27T06:30:00Z","nsw":"1.94","nt":"40.19","qld":"3.08","sa":"15.33","tas":"0.65","vic":"5.17","wa":"37.05"},{"ts":"2013-06-27T06:40:00Z","nsw":"1.30","nt":"32.77","qld":"2.04","sa":"12.36","tas":"0.46","vic":"3.56","wa":"36.85"},{"ts":"2013-06-27T06:50:00Z","nsw":"1.00","nt":"34.73","qld":"1.44","sa":"10.47","tas":"0.33","vic":"2.23","wa":"36.13"},{"ts":"2013-06-27T07:00:00Z","nsw":"0.55","nt":"29.94","qld":"1.27","sa":"7.41","tas":"0.14","vic":"1.05","wa":"37.52"},{"ts":"2013-06-27T07:10:00Z","nsw":"0.38","nt":"25.09","qld":"0.88","sa":"5.16","tas":"0.03","vic":"0.52","wa":"33.54"},{"ts":"2013-06-27T07:20:00Z","nsw":"0.35","nt":"21.30","qld":"0.81","sa":"3.17","tas":"0.03","vic":"0.49","wa":"28.82"},{"ts":"2013-06-27T07:30:00Z","nsw":"0.27","nt":"18.49","qld":"1.08","sa":"1.55","tas":"0.00","vic":"0.39","wa":"26.31"},{"ts":"2013-06-27T07:40:00Z","nsw":"0.33","nt":"14.43","qld":"0.45","sa":"0.58","tas":"0.00","vic":"0.26","wa":"25.05"},{"ts":"2013-06-27T07:50:00Z","nsw":"0.65","nt":"12.51","qld":"0.40","sa":"0.40","tas":"0.00","vic":"0.15","wa":"21.84"},{"ts":"2013-06-27T08:00:00Z","nsw":"0.54","nt":"9.48","qld":"0.26","sa":"0.41","tas":"0.00","vic":"0.14","wa":"20.08"},{"ts":"2013-06-27T08:10:00Z","nsw":"0.69","nt":"6.25","qld":"0.30","sa":"0.27","tas":"0.00","vic":"0.11","wa":"15.72"},{"ts":"2013-06-27T08:20:00Z","nsw":"0.67","nt":"5.59","qld":"0.32","sa":"0.20","tas":"0.00","vic":"0.09","wa":"12.12"},{"ts":"2013-06-27T08:30:00Z","nsw":"0.71","nt":"3.00","qld":"0.34","sa":"0.17","tas":"0.00","vic":"0.09","wa":"9.18"},{"ts":"2013-06-27T08:40:00Z","nsw":"0.42","nt":"1.88","qld":"0.34","sa":"0.16","tas":"0.00","vic":"0.10","wa":"6.38"},{"ts":"2013-06-27T08:50:00Z","nsw":"2.07","nt":"1.09","qld":"0.34","sa":"0.21","tas":"0.00","vic":"0.11","wa":"4.00"},{"ts":"2013-06-27T09:00:00Z","nsw":"1.63","nt":"0.32","qld":"0.31","sa":"0.16","tas":"0.00","vic":"0.13","wa":"2.18"},{"ts":"2013-06-27T09:10:00Z","nsw":"1.63","nt":"0.23","qld":"0.32","sa":"0.16","tas":"0.00","vic":"0.10","wa":"0.88"},{"ts":"2013-06-27T09:20:00Z","nsw":"1.59","nt":"0.29","qld":"0.32","sa":"0.16","tas":"0.00","vic":"0.14","wa":"0.29"},{"ts":"2013-06-27T09:30:00Z","nsw":"0.73","nt":"0.23","qld":"0.34","sa":"0.14","tas":"0.00","vic":"0.12","wa":"0.15"},{"ts":"2013-06-27T09:40:00Z","nsw":"0.60","nt":"0.23","qld":"0.38","sa":"0.14","tas":"0.00","vic":"0.14","wa":"0.15"},{"ts":"2013-06-27T09:50:00Z","nsw":"0.57","nt":"0.23","qld":"0.38","sa":"0.14","tas":"0.00","vic":"0.13","wa":"0.19"},{"ts":"2013-06-27T10:00:00Z","nsw":"0.62","nt":"0.37","qld":"0.34","sa":"0.14","tas":"0.00","vic":"0.11","wa":"0.19"},{"ts":"2013-06-27T10:10:00Z","nsw":"0.61","nt":"0.37","qld":"0.35","sa":"0.14","tas":"0.00","vic":"0.11","wa":"0.18"},{"ts":"2013-06-27T10:20:00Z","nsw":"0.62","nt":"0.37","qld":"0.34","sa":"0.14","tas":"0.00","vic":"0.11","wa":"0.17"},{"ts":"2013-06-27T10:30:00Z","nsw":"1.62","nt":"0.37","qld":"0.38","sa":"0.15","tas":"0.00","vic":"0.13","wa":"0.19"},{"ts":"2013-06-27T10:40:00Z","nsw":"1.22","nt":"0.37","qld":"0.42","sa":"0.14","tas":"0.00","vic":"0.14","wa":"0.19"},{"ts":"2013-06-27T10:50:00Z","nsw":"0.78","nt":"0.37","qld":"0.35","sa":"0.16","tas":"0.00","vic":"0.13","wa":"0.19"},{"ts":"2013-06-27T11:00:00Z","nsw":"0.67","nt":"0.37","qld":"0.39","sa":"0.15","tas":"0.00","vic":"0.16","wa":"0.20"},{"ts":"2013-06-27T11:10:00Z","nsw":"1.50","nt":"0.37","qld":"0.35","sa":"0.18","tas":"0.00","vic":"0.14","wa":"0.20"},{"ts":"2013-06-27T11:20:00Z","nsw":"1.64","nt":"0.37","qld":"0.35","sa":"0.19","tas":"0.00","vic":"0.14","wa":"0.18"},{"ts":"2013-06-27T11:30:00Z","nsw":"0.64","nt":"0.37","qld":"0.42","sa":"0.15","tas":"0.00","vic":"0.15","wa":"0.20"},{"ts":"2013-06-27T11:40:00Z","nsw":"0.68","nt":"0.37","qld":"0.41","sa":"0.14","tas":"0.00","vic":"0.16","wa":"0.20"},{"ts":"2013-06-27T11:50:00Z","nsw":"0.65","nt":"0.37","qld":"0.35","sa":"0.13","tas":"0.00","vic":"0.15","wa":"0.20"},{"ts":"2013-06-27T12:00:00Z","nsw":"0.63","nt":"0.37","qld":"0.41","sa":"0.12","tas":"0.00","vic":"0.15","wa":"0.20"},{"ts":"2013-06-27T12:10:00Z","nsw":"0.60","nt":"0.37","qld":"0.36","sa":"0.13","tas":"0.00","vic":"0.13","wa":"0.20"},{"ts":"2013-06-27T12:20:00Z","nsw":"0.59","nt":"0.37","qld":"0.34","sa":"0.13","tas":"0.00","vic":"0.14","wa":"0.22"},{"ts":"2013-06-27T12:30:00Z","nsw":"0.65","nt":"0.37","qld":"0.35","sa":"0.13","tas":"0.00","vic":"0.14","wa":"0.22"},{"ts":"2013-06-27T12:40:00Z","nsw":"0.60","nt":"0.37","qld":"0.40","sa":"0.13","tas":"0.00","vic":"0.13","wa":"0.24"},{"ts":"2013-06-27T12:50:00Z","nsw":"0.07","qld":"0.53","sa":"0.02","tas":"0.00","vic":"0.10","wa":"0.00"}],"contribution":[{"ts":"2013-06-26T18:00:00Z","nsw":"0.02","qld":"0.06","sa":"0.04","tas":"0.00","vic":"0.01","wa":"0.02"},{"ts":"2013-06-26T18:10:00Z","nsw":"0.02","qld":"0.06","sa":"0.04","tas":"0.00","vic":"0.01"},{"ts":"2013-06-26T18:20:00Z","nsw":"0.02","qld":"0.05","sa":"0.04","tas":"0.00","vic":"0.01"},{"ts":"2013-06-26T18:30:00Z","nsw":"0.01","qld":"0.06","sa":"0.04","tas":"0.00","vic":"0.01","wa":"0.02"},{"ts":"2013-06-26T18:40:00Z","nsw":"0.02","qld":"0.06","sa":"0.04","tas":"0.00","vic":"0.01"},{"ts":"2013-06-26T18:50:00Z","nsw":"0.02","qld":"0.05","sa":"0.04","tas":"0.00","vic":"0.01"},{"ts":"2013-06-26T19:00:00Z","nsw":"0.01","qld":"0.05","sa":"0.04","tas":"0.00","vic":"0.01","wa":"0.02"},{"ts":"2013-06-26T19:10:00Z","nsw":"0.01","qld":"0.06","sa":"0.04","tas":"0.00","vic":"0.01"},{"ts":"2013-06-26T19:20:00Z","nsw":"0.01","qld":"0.05","sa":"0.04","tas":"0.00","vic":"0.01"},{"ts":"2013-06-26T19:30:00Z","nsw":"0.01","qld":"0.06","sa":"0.04","tas":"0.00","vic":"0.01","wa":"0.02"},{"ts":"2013-06-26T19:40:00Z","nsw":"0.01","qld":"0.05","sa":"0.04","tas":"0.00","vic":"0.01"},{"ts":"2013-06-26T19:50:00Z","nsw":"0.01","qld":"0.05","sa":"0.04","tas":"0.00","vic":"0.01"},{"ts":"2013-06-26T20:00:00Z","nsw":"0.01","qld":"0.05","sa":"0.04","tas":"0.00","vic":"0.01","wa":"0.02"},{"ts":"2013-06-26T20:10:00Z","nsw":"0.02","qld":"0.05","sa":"0.03","tas":"0.00","vic":"0.00"},{"ts":"2013-06-26T20:20:00Z","nsw":"0.01","qld":"0.05","sa":"0.03","tas":"0.00","vic":"0.01"},{"ts":"2013-06-26T20:30:00Z","nsw":"0.01","qld":"0.03","sa":"0.03","tas":"0.00","vic":"0.00","wa":"0.02"},{"ts":"2013-06-26T20:40:00Z","nsw":"0.01","qld":"0.04","sa":"0.03","tas":"0.00","vic":"0.01"},{"ts":"2013-06-26T20:50:00Z","nsw":"0.01","qld":"0.19","sa":"0.03","tas":"0.00","vic":"0.01"},{"ts":"2013-06-26T21:00:00Z","nsw":"0.02","qld":"0.37","sa":"0.03","tas":"0.00","vic":"0.00","wa":"0.02"},{"ts":"2013-06-26T21:10:00Z","nsw":"0.03","qld":"0.57","sa":"0.03","tas":"0.00","vic":"0.00"},{"ts":"2013-06-26T21:20:00Z","nsw":"0.05","qld":"0.82","sa":"0.03","tas":"0.00","vic":"0.01"},{"ts":"2013-06-26T21:30:00Z","nsw":"0.11","qld":"1.13","sa":"0.03","tas":"0.00","vic":"0.00","wa":"0.02"},{"ts":"2013-06-26T21:40:00Z","nsw":"0.14","qld":"1.35","sa":"0.03","tas":"0.00","vic":"0.01"},{"ts":"2013-06-26T21:50:00Z","nsw":"0.20","qld":"1.35","sa":"0.03","tas":"0.00","vic":"0.06"},{"ts":"2013-06-26T22:00:00Z","nsw":"0.25","qld":"1.59","sa":"0.06","tas":"0.01","vic":"0.14","wa":"0.02"},{"ts":"2013-06-26T22:10:00Z","nsw":"0.29","qld":"1.72","sa":"0.28","tas":"0.02","vic":"0.21"},{"ts":"2013-06-26T22:20:00Z","nsw":"0.39","qld":"2.18","sa":"0.46","tas":"0.05","vic":"0.35"},{"ts":"2013-06-26T22:30:00Z","nsw":"0.45","qld":"2.62","sa":"0.77","tas":"0.09","vic":"0.49","wa":"0.02"},{"ts":"2013-06-26T22:40:00Z","nsw":"0.59","qld":"2.97","sa":"1.24","tas":"0.13","vic":"0.64"},{"ts":"2013-06-26T22:50:00Z","nsw":"0.62","qld":"2.86","sa":"1.84","tas":"0.19","vic":"0.77"},{"ts":"2013-06-26T23:00:00Z","nsw":"0.79","qld":"2.72","sa":"2.43","tas":"0.27","vic":"0.93","wa":"0.02"},{"ts":"2013-06-26T23:10:00Z","nsw":"0.80","qld":"3.23","sa":"3.02","tas":"0.28","vic":"0.96"},{"ts":"2013-06-26T23:20:00Z","nsw":"0.91","qld":"3.60","sa":"3.58","tas":"0.35","vic":"1.13"},{"ts":"2013-06-26T23:30:00Z","nsw":"0.90","qld":"3.82","sa":"4.22","tas":"0.39","vic":"1.21","wa":"0.06"},{"ts":"2013-06-26T23:40:00Z","nsw":"1.02","qld":"4.07","sa":"4.84","tas":"0.48","vic":"1.35"},{"ts":"2013-06-26T23:50:00Z","nsw":"1.06","qld":"4.10","sa":"5.49","tas":"0.44","vic":"1.46"},{"ts":"2013-06-27T00:00:00Z","nsw":"1.13","qld":"4.01","sa":"6.11","tas":"0.44","vic":"1.64","wa":"0.40"},{"ts":"2013-06-27T00:10:00Z","nsw":"1.17","qld":"3.71","sa":"6.79","tas":"0.45","vic":"1.48"},{"ts":"2013-06-27T00:20:00Z","nsw":"1.25","qld":"4.28","sa":"7.24","tas":"0.53","vic":"1.67"},{"ts":"2013-06-27T00:30:00Z","nsw":"1.28","qld":"4.86","sa":"7.66","tas":"0.60","vic":"1.61","wa":"1.60"},{"ts":"2013-06-27T00:40:00Z","nsw":"1.41","qld":"4.53","sa":"8.82","tas":"0.73","vic":"1.65"},{"ts":"2013-06-27T00:50:00Z","nsw":"1.28","qld":"4.58","sa":"8.91","tas":"0.76","vic":"1.82"},{"ts":"2013-06-27T01:00:00Z","nsw":"1.47","qld":"4.64","sa":"9.28","tas":"0.86","vic":"2.01","wa":"3.00"},{"ts":"2013-06-27T01:10:00Z","nsw":"1.53","qld":"3.86","sa":"9.68","tas":"0.68","vic":"2.06"},{"ts":"2013-06-27T01:20:00Z","nsw":"1.61","qld":"3.54","sa":"10.26","tas":"0.75","vic":"2.31"},{"ts":"2013-06-27T01:30:00Z","nsw":"1.46","qld":"3.56","sa":"10.57","tas":"0.66","vic":"2.38","wa":"3.64"},{"ts":"2013-06-27T01:40:00Z","nsw":"1.48","qld":"3.83","sa":"10.67","tas":"0.68","vic":"2.44"},{"ts":"2013-06-27T01:50:00Z","nsw":"1.47","qld":"3.31","sa":"11.07","tas":"0.63","vic":"2.40"},{"ts":"2013-06-27T02:00:00Z","nsw":"1.36","qld":"2.81","sa":"11.52","tas":"0.75","vic":"2.49","wa":"4.28"},{"ts":"2013-06-27T02:10:00Z","nsw":"1.28","qld":"2.61","sa":"11.57","tas":"0.70","vic":"2.46"},{"ts":"2013-06-27T02:20:00Z","nsw":"1.28","qld":"2.41","sa":"11.68","tas":"0.97","vic":"2.57"},{"ts":"2013-06-27T02:30:00Z","nsw":"1.27","qld":"2.58","sa":"11.57","tas":"0.91","vic":"2.57","wa":"4.87"},{"ts":"2013-06-27T02:40:00Z","nsw":"1.25","qld":"2.43","sa":"11.77","tas":"1.12","vic":"2.64"},{"ts":"2013-06-27T02:50:00Z","nsw":"1.24","qld":"2.25","sa":"11.80","tas":"0.96","vic":"2.53"},{"ts":"2013-06-27T03:00:00Z","nsw":"1.29","qld":"2.25","sa":"11.62","tas":"0.97","vic":"2.64","wa":"6.47"},{"ts":"2013-06-27T03:10:00Z","nsw":"1.08","qld":"2.11","sa":"11.48","tas":"0.96","vic":"2.64"},{"ts":"2013-06-27T03:20:00Z","nsw":"1.04","qld":"1.88","sa":"11.44","tas":"1.02","vic":"2.62"},{"ts":"2013-06-27T03:30:00Z","nsw":"1.02","qld":"1.97","sa":"11.11","tas":"0.96","vic":"2.59","wa":"6.72"},{"ts":"2013-06-27T03:40:00Z","nsw":"1.00","qld":"1.75","sa":"10.82","tas":"0.93","vic":"2.55"},{"ts":"2013-06-27T03:50:00Z","nsw":"0.91","qld":"1.61","sa":"10.69","tas":"0.73","vic":"2.38"},{"ts":"2013-06-27T04:00:00Z","nsw":"0.84","qld":"1.70","sa":"10.74","tas":"0.72","vic":"2.33","wa":"6.05"},{"ts":"2013-06-27T04:10:00Z","nsw":"0.76","qld":"1.56","sa":"10.35","tas":"0.64","vic":"2.23"},{"ts":"2013-06-27T04:20:00Z","nsw":"0.77","qld":"1.37","sa":"10.31","tas":"0.58","vic":"2.21"},{"ts":"2013-06-27T04:30:00Z","nsw":"0.77","qld":"1.37","sa":"9.64","tas":"0.57","vic":"1.95","wa":"5.31"},{"ts":"2013-06-27T04:40:00Z","nsw":"0.68","qld":"1.31","sa":"9.10","tas":"0.53","vic":"1.81"},{"ts":"2013-06-27T04:50:00Z","nsw":"0.59","qld":"1.32","sa":"8.60","tas":"0.48","vic":"1.57"},{"ts":"2013-06-27T05:00:00Z","nsw":"0.54","qld":"1.30","sa":"8.51","tas":"0.40","vic":"1.56","wa":"4.39"},{"ts":"2013-06-27T05:10:00Z","nsw":"0.49","qld":"1.14","sa":"7.99","tas":"0.26","vic":"1.39"},{"ts":"2013-06-27T05:20:00Z","nsw":"0.48","qld":"0.86","sa":"7.31","tas":"0.26","vic":"1.23"},{"ts":"2013-06-27T05:30:00Z","nsw":"0.44","qld":"0.93","sa":"6.64","tas":"0.23","vic":"1.12","wa":"5.68"},{"ts":"2013-06-27T05:40:00Z","nsw":"0.41","qld":"0.80","sa":"6.06","tas":"0.17","vic":"0.97"},{"ts":"2013-06-27T05:50:00Z","nsw":"0.36","qld":"0.72","sa":"5.58","tas":"0.09","vic":"0.76"},{"ts":"2013-06-27T06:00:00Z","nsw":"0.31","qld":"0.71","sa":"5.22","tas":"0.09","vic":"0.73","wa":"5.84"},{"ts":"2013-06-27T06:10:00Z","nsw":"0.24","qld":"0.56","sa":"4.59","tas":"0.07","vic":"0.56"},{"ts":"2013-06-27T06:20:00Z","nsw":"0.18","qld":"0.49","sa":"4.28","tas":"0.04","vic":"0.44"},{"ts":"2013-06-27T06:30:00Z","nsw":"0.12","qld":"0.39","sa":"3.48","tas":"0.02","vic":"0.35","wa":"5.05"},{"ts":"2013-06-27T06:40:00Z","nsw":"0.08","qld":"0.25","sa":"2.75","tas":"0.01","vic":"0.24"},{"ts":"2013-06-27T06:50:00Z","nsw":"0.06","qld":"0.17","sa":"2.34","tas":"0.01","vic":"0.15"},{"ts":"2013-06-27T07:00:00Z","nsw":"0.03","qld":"0.15","sa":"1.66","tas":"0.00","vic":"0.07","wa":"5.13"},{"ts":"2013-06-27T07:10:00Z","nsw":"0.02","qld":"0.10","sa":"1.13","tas":"0.00","vic":"0.03"},{"ts":"2013-06-27T07:20:00Z","nsw":"0.02","qld":"0.10","sa":"0.68","tas":"0.00","vic":"0.03"},{"ts":"2013-06-27T07:30:00Z","nsw":"0.01","qld":"0.13","sa":"0.32","tas":"0.00","vic":"0.02","wa":"3.67"},{"ts":"2013-06-27T07:40:00Z","nsw":"0.02","qld":"0.05","sa":"0.12","tas":"0.00","vic":"0.02"},{"ts":"2013-06-27T07:50:00Z","nsw":"0.03","qld":"0.05","sa":"0.08","tas":"0.00","vic":"0.01"},{"ts":"2013-06-27T08:00:00Z","nsw":"0.03","qld":"0.03","sa":"0.08","tas":"0.00","vic":"0.01","wa":"2.77"},{"ts":"2013-06-27T08:10:00Z","nsw":"0.04","qld":"0.03","sa":"0.05","tas":"0.00","vic":"0.01"},{"ts":"2013-06-27T08:20:00Z","nsw":"0.04","qld":"0.04","sa":"0.04","tas":"0.00","vic":"0.01"},{"ts":"2013-06-27T08:30:00Z","nsw":"0.04","qld":"0.04","sa":"0.03","tas":"0.00","vic":"0.01","wa":"1.28"},{"ts":"2013-06-27T08:40:00Z","nsw":"0.02","qld":"0.04","sa":"0.03","tas":"0.00","vic":"0.01"},{"ts":"2013-06-27T08:50:00Z","nsw":"0.11","qld":"0.04","sa":"0.04","tas":"0.00","vic":"0.01"},{"ts":"2013-06-27T09:00:00Z","nsw":"0.09","qld":"0.04","sa":"0.03","tas":"0.00","vic":"0.01","wa":"0.30"},{"ts":"2013-06-27T09:10:00Z","nsw":"0.09","qld":"0.04","sa":"0.03","tas":"0.00","vic":"0.01"},{"ts":"2013-06-27T09:20:00Z","nsw":"0.09","qld":"0.04","sa":"0.03","tas":"0.00","vic":"0.01"},{"ts":"2013-06-27T09:30:00Z","nsw":"0.04","qld":"0.04","sa":"0.02","tas":"0.00","vic":"0.01","wa":"0.02"},{"ts":"2013-06-27T09:40:00Z","nsw":"0.03","qld":"0.05","sa":"0.03","tas":"0.00","vic":"0.01"},{"ts":"2013-06-27T09:50:00Z","nsw":"0.03","qld":"0.05","sa":"0.03","tas":"0.00","vic":"0.01"},{"ts":"2013-06-27T10:00:00Z","nsw":"0.04","qld":"0.04","sa":"0.03","tas":"0.00","vic":"0.01","wa":"0.02"},{"ts":"2013-06-27T10:10:00Z","nsw":"0.04","qld":"0.04","sa":"0.03","tas":"0.00","vic":"0.01"},{"ts":"2013-06-27T10:20:00Z","nsw":"0.04","qld":"0.04","sa":"0.03","tas":"0.00","vic":"0.01"},{"ts":"2013-06-27T10:30:00Z","nsw":"0.10","qld":"0.05","sa":"0.03","tas":"0.00","vic":"0.01","wa":"0.02"},{"ts":"2013-06-27T10:40:00Z","nsw":"0.07","qld":"0.05","sa":"0.03","tas":"0.00","vic":"0.01"},{"ts":"2013-06-27T10:50:00Z","nsw":"0.05","qld":"0.04","sa":"0.03","tas":"0.00","vic":"0.01"},{"ts":"2013-06-27T11:00:00Z","nsw":"0.04","qld":"0.05","sa":"0.03","tas":"0.00","vic":"0.01","wa":"0.02"},{"ts":"2013-06-27T11:10:00Z","nsw":"0.09","qld":"0.04","sa":"0.04","tas":"0.00","vic":"0.01"},{"ts":"2013-06-27T11:20:00Z","nsw":"0.10","qld":"0.04","sa":"0.04","tas":"0.00","vic":"0.01"},{"ts":"2013-06-27T11:30:00Z","nsw":"0.04","qld":"0.05","sa":"0.03","tas":"0.00","vic":"0.01","wa":"0.02"},{"ts":"2013-06-27T11:40:00Z","nsw":"0.04","qld":"0.05","sa":"0.03","tas":"0.00","vic":"0.01"},{"ts":"2013-06-27T11:50:00Z","nsw":"0.04","qld":"0.05","sa":"0.03","tas":"0.00","vic":"0.01"},{"ts":"2013-06-27T12:00:00Z","nsw":"0.04","qld":"0.06","sa":"0.03","tas":"0.00","vic":"0.01","wa":"0.02"},{"ts":"2013-06-27T12:10:00Z","nsw":"0.04","qld":"0.05","sa":"0.03","tas":"0.00","vic":"0.01"},{"ts":"2013-06-27T12:20:00Z","nsw":"0.04","qld":"0.05","sa":"0.03","tas":"0.00","vic":"0.01"},{"ts":"2013-06-27T12:30:00Z","nsw":"0.04","qld":"0.05","sa":"0.03","tas":"0.00","vic":"0.01","wa":"0.03"},{"ts":"2013-06-27T12:40:00Z","nsw":"0.04","qld":"0.06","sa":"0.03","tas":"0.00","vic":"0.01"},{"ts":"2013-06-27T12:50:00Z","nsw":"0.00","qld":"0.07","sa":"0.00","tas":"0.00","vic":"0.01"}],"demand":[{"ts":"2013-06-26T18:00:00Z","nsw":6648,"qld":4573,"sa":1133,"tas":1126,"vic":4858,"wa":1550},{"ts":"2013-06-26T18:10:00Z","nsw":6631,"qld":4597,"sa":1144,"tas":1129,"vic":4880},{"ts":"2013-06-26T18:20:00Z","nsw":6589,"qld":4646,"sa":1138,"tas":1132,"vic":4869},{"ts":"2013-06-26T18:30:00Z","nsw":6641,"qld":4623,"sa":1132,"tas":1134,"vic":4881,"wa":1554},{"ts":"2013-06-26T18:40:00Z","nsw":6682,"qld":4699,"sa":1128,"tas":1137,"vic":4890},{"ts":"2013-06-26T18:50:00Z","nsw":6751,"qld":4746,"sa":1123,"tas":1141,"vic":4910},{"ts":"2013-06-26T19:00:00Z","nsw":6812,"qld":4829,"sa":1130,"tas":1143,"vic":4953,"wa":1558},{"ts":"2013-06-26T19:10:00Z","nsw":6990,"qld":4938,"sa":1140,"tas":1153,"vic":5054},{"ts":"2013-06-26T19:20:00Z","nsw":7100,"qld":5016,"sa":1145,"tas":1161,"vic":5118},{"ts":"2013-06-26T19:30:00Z","nsw":7175,"qld":5086,"sa":1166,"tas":1174,"vic":5177,"wa":1558},{"ts":"2013-06-26T19:40:00Z","nsw":7326,"qld":5150,"sa":1173,"tas":1188,"vic":5273},{"ts":"2013-06-26T19:50:00Z","nsw":7444,"qld":5289,"sa":1169,"tas":1200,"vic":5386},{"ts":"2013-06-26T20:00:00Z","nsw":7720,"qld":5402,"sa":1182,"tas":1219,"vic":5500,"wa":1576},{"ts":"2013-06-26T20:10:00Z","nsw":8036,"qld":5574,"sa":1184,"tas":1243,"vic":5782},{"ts":"2013-06-26T20:20:00Z","nsw":8251,"qld":5660,"sa":1234,"tas":1274,"vic":5884},{"ts":"2013-06-26T20:30:00Z","nsw":8498,"qld":5818,"sa":1269,"tas":1320,"vic":6031,"wa":1596},{"ts":"2013-06-26T20:40:00Z","nsw":8770,"qld":5881,"sa":1342,"tas":1360,"vic":6211},{"ts":"2013-06-26T20:50:00Z","nsw":8916,"qld":6009,"sa":1386,"tas":1413,"vic":6433},{"ts":"2013-06-26T21:00:00Z","nsw":9001,"qld":6113,"sa":1423,"tas":1444,"vic":6580,"wa":1619},{"ts":"2013-06-26T21:10:00Z","nsw":9118,"qld":6281,"sa":1492,"tas":1463,"vic":6640},{"ts":"2013-06-26T21:20:00Z","nsw":9286,"qld":6284,"sa":1542,"tas":1497,"vic":6791},{"ts":"2013-06-26T21:30:00Z","nsw":9437,"qld":6348,"sa":1581,"tas":1530,"vic":6947,"wa":1670},{"ts":"2013-06-26T21:40:00Z","nsw":9547,"qld":6379,"sa":1635,"tas":1560,"vic":7064},{"ts":"2013-06-26T21:50:00Z","nsw":9663,"qld":6383,"sa":1686,"tas":1572,"vic":7133},{"ts":"2013-06-26T22:00:00Z","nsw":9714,"qld":6371,"sa":1718,"tas":1583,"vic":7191,"wa":1801},{"ts":"2013-06-26T22:10:00Z","nsw":9747,"qld":6374,"sa":1752,"tas":1577,"vic":7251},{"ts":"2013-06-26T22:20:00Z","nsw":9728,"qld":6392,"sa":1773,"tas":1570,"vic":7233},{"ts":"2013-06-26T22:30:00Z","nsw":9665,"qld":6393,"sa":1773,"tas":1566,"vic":7217,"wa":1999},{"ts":"2013-06-26T22:40:00Z","nsw":9593,"qld":6385,"sa":1761,"tas":1543,"vic":7164},{"ts":"2013-06-26T22:50:00Z","nsw":9564,"qld":6326,"sa":1709,"tas":1529,"vic":7128},{"ts":"2013-06-26T23:00:00Z","nsw":9514,"qld":6301,"sa":1696,"tas":1513,"vic":7115,"wa":2181},{"ts":"2013-06-26T23:10:00Z","nsw":9547,"qld":6305,"sa":1709,"tas":1503,"vic":7118},{"ts":"2013-06-26T23:20:00Z","nsw":9565,"qld":6247,"sa":1667,"tas":1487,"vic":7100},{"ts":"2013-06-26T23:30:00Z","nsw":9559,"qld":6154,"sa":1652,"tas":1475,"vic":7065,"wa":2385},{"ts":"2013-06-26T23:40:00Z","nsw":9545,"qld":6190,"sa":1648,"tas":1469,"vic":7000},{"ts":"2013-06-26T23:50:00Z","nsw":9465,"qld":6193,"sa":1626,"tas":1484,"vic":6980},{"ts":"2013-06-27T00:00:00Z","nsw":9452,"qld":6138,"sa":1588,"tas":1460,"vic":6937,"wa":2523},{"ts":"2013-06-27T00:10:00Z","nsw":9486,"qld":6110,"sa":1576,"tas":1457,"vic":6883},{"ts":"2013-06-27T00:20:00Z","nsw":9459,"qld":6130,"sa":1579,"tas":1458,"vic":6844},{"ts":"2013-06-27T00:30:00Z","nsw":9409,"qld":6102,"sa":1561,"tas":1437,"vic":6850,"wa":2540},{"ts":"2013-06-27T00:40:00Z","nsw":9392,"qld":6096,"sa":1524,"tas":1416,"vic":6826},{"ts":"2013-06-27T00:50:00Z","nsw":9322,"qld":6051,"sa":1521,"tas":1395,"vic":6819},{"ts":"2013-06-27T01:00:00Z","nsw":9294,"qld":6020,"sa":1501,"tas":1389,"vic":6744,"wa":2448},{"ts":"2013-06-27T01:10:00Z","nsw":9258,"qld":6012,"sa":1506,"tas":1388,"vic":6700},{"ts":"2013-06-27T01:20:00Z","nsw":9236,"qld":6048,"sa":1480,"tas":1376,"vic":6631},{"ts":"2013-06-27T01:30:00Z","nsw":9224,"qld":6051,"sa":1476,"tas":1362,"vic":6568,"wa":2380},{"ts":"2013-06-27T01:40:00Z","nsw":9172,"qld":6037,"sa":1490,"tas":1377,"vic":6593},{"ts":"2013-06-27T01:50:00Z","nsw":9174,"qld":6044,"sa":1473,"tas":1382,"vic":6576},{"ts":"2013-06-27T02:00:00Z","nsw":9177,"qld":6095,"sa":1460,"tas":1374,"vic":6595,"wa":2351},{"ts":"2013-06-27T02:10:00Z","nsw":9144,"qld":6106,"sa":1458,"tas":1339,"vic":6542},{"ts":"2013-06-27T02:20:00Z","nsw":9154,"qld":6141,"sa":1472,"tas":1340,"vic":6515},{"ts":"2013-06-27T02:30:00Z","nsw":9168,"qld":6099,"sa":1470,"tas":1330,"vic":6484,"wa":2280},{"ts":"2013-06-27T02:40:00Z","nsw":9131,"qld":6091,"sa":1449,"tas":1316,"vic":6468},{"ts":"2013-06-27T02:50:00Z","nsw":9136,"qld":6083,"sa":1440,"tas":1283,"vic":6440},{"ts":"2013-06-27T03:00:00Z","nsw":9094,"qld":6093,"sa":1438,"tas":1266,"vic":6408,"wa":2230},{"ts":"2013-06-27T03:10:00Z","nsw":9134,"qld":6098,"sa":1449,"tas":1291,"vic":6432},{"ts":"2013-06-27T03:20:00Z","nsw":9105,"qld":6051,"sa":1444,"tas":1266,"vic":6423},{"ts":"2013-06-27T03:30:00Z","nsw":9027,"qld":6109,"sa":1454,"tas":1264,"vic":6397,"wa":2185},{"ts":"2013-06-27T03:40:00Z","nsw":9040,"qld":6092,"sa":1465,"tas":1257,"vic":6390},{"ts":"2013-06-27T03:50:00Z","nsw":9046,"qld":6125,"sa":1470,"tas":1246,"vic":6367},{"ts":"2013-06-27T04:00:00Z","nsw":9034,"qld":6156,"sa":1479,"tas":1252,"vic":6334,"wa":2162},{"ts":"2013-06-27T04:10:00Z","nsw":9072,"qld":6138,"sa":1468,"tas":1277,"vic":6320},{"ts":"2013-06-27T04:20:00Z","nsw":9089,"qld":6141,"sa":1473,"tas":1296,"vic":6305},{"ts":"2013-06-27T04:30:00Z","nsw":9062,"qld":6145,"sa":1482,"tas":1312,"vic":6284,"wa":2164},{"ts":"2013-06-27T04:40:00Z","nsw":9105,"qld":6102,"sa":1487,"tas":1309,"vic":6264},{"ts":"2013-06-27T04:50:00Z","nsw":9097,"qld":6132,"sa":1498,"tas":1307,"vic":6282},{"ts":"2013-06-27T05:00:00Z","nsw":9063,"qld":6142,"sa":1501,"tas":1320,"vic":6304,"wa":2166},{"ts":"2013-06-27T05:10:00Z","nsw":9076,"qld":6162,"sa":1512,"tas":1333,"vic":6275},{"ts":"2013-06-27T05:20:00Z","nsw":9047,"qld":6180,"sa":1503,"tas":1339,"vic":6261},{"ts":"2013-06-27T05:30:00Z","nsw":9105,"qld":6211,"sa":1528,"tas":1352,"vic":6235,"wa":2177},{"ts":"2013-06-27T05:40:00Z","nsw":9185,"qld":6250,"sa":1518,"tas":1358,"vic":6282},{"ts":"2013-06-27T05:50:00Z","nsw":9241,"qld":6292,"sa":1540,"tas":1351,"vic":6384},{"ts":"2013-06-27T06:00:00Z","nsw":9289,"qld":6328,"sa":1553,"tas":1358,"vic":6417,"wa":2152},{"ts":"2013-06-27T06:10:00Z","nsw":9333,"qld":6349,"sa":1576,"tas":1367,"vic":6442},{"ts":"2013-06-27T06:20:00Z","nsw":9390,"qld":6395,"sa":1576,"tas":1386,"vic":6493},{"ts":"2013-06-27T06:30:00Z","nsw":9501,"qld":6449,"sa":1598,"tas":1408,"vic":6562,"wa":2141},{"ts":"2013-06-27T06:40:00Z","nsw":9605,"qld":6565,"sa":1636,"tas":1415,"vic":6616},{"ts":"2013-06-27T06:50:00Z","nsw":9778,"qld":6669,"sa":1635,"tas":1436,"vic":6702},{"ts":"2013-06-27T07:00:00Z","nsw":9985,"qld":6813,"sa":1656,"tas":1466,"vic":6781,"wa":2136},{"ts":"2013-06-27T07:10:00Z","nsw":10155,"qld":6865,"sa":1715,"tas":1488,"vic":6862},{"ts":"2013-06-27T07:20:00Z","nsw":10389,"qld":6881,"sa":1760,"tas":1496,"vic":7044},{"ts":"2013-06-27T07:30:00Z","nsw":10587,"qld":6895,"sa":1801,"tas":1518,"vic":7228,"wa":2124},{"ts":"2013-06-27T07:40:00Z","nsw":10682,"qld":6974,"sa":1867,"tas":1521,"vic":7365},{"ts":"2013-06-27T07:50:00Z","nsw":10715,"qld":7038,"sa":1912,"tas":1506,"vic":7472},{"ts":"2013-06-27T08:00:00Z","nsw":10668,"qld":7034,"sa":1962,"tas":1507,"vic":7393,"wa":2165},{"ts":"2013-06-27T08:10:00Z","nsw":10604,"qld":6980,"sa":2024,"tas":1493,"vic":7370},{"ts":"2013-06-27T08:20:00Z","nsw":10554,"qld":7014,"sa":2049,"tas":1489,"vic":7337},{"ts":"2013-06-27T08:30:00Z","nsw":10529,"qld":7017,"sa":2059,"tas":1496,"vic":7321,"wa":2184},{"ts":"2013-06-27T08:40:00Z","nsw":10490,"qld":7076,"sa":2064,"tas":1470,"vic":7270},{"ts":"2013-06-27T08:50:00Z","nsw":10396,"qld":6982,"sa":2080,"tas":1463,"vic":7199},{"ts":"2013-06-27T09:00:00Z","nsw":10310,"qld":6925,"sa":2070,"tas":1455,"vic":7137,"wa":2210},{"ts":"2013-06-27T09:10:00Z","nsw":10181,"qld":6921,"sa":2071,"tas":1443,"vic":7069},{"ts":"2013-06-27T09:20:00Z","nsw":10091,"qld":6889,"sa":2068,"tas":1451,"vic":7041},{"ts":"2013-06-27T09:30:00Z","nsw":10017,"qld":6786,"sa":2073,"tas":1451,"vic":7008,"wa":2347},{"ts":"2013-06-27T09:40:00Z","nsw":9938,"qld":6797,"sa":2060,"tas":1452,"vic":6955},{"ts":"2013-06-27T09:50:00Z","nsw":9890,"qld":6826,"sa":2069,"tas":1445,"vic":6931},{"ts":"2013-06-27T10:00:00Z","nsw":9858,"qld":6770,"sa":2056,"tas":1437,"vic":6871,"wa":2567},{"ts":"2013-06-27T10:10:00Z","nsw":9832,"qld":6844,"sa":2026,"tas":1438,"vic":6834},{"ts":"2013-06-27T10:20:00Z","nsw":9776,"qld":6806,"sa":1995,"tas":1445,"vic":6788},{"ts":"2013-06-27T10:30:00Z","nsw":9730,"qld":6722,"sa":1987,"tas":1432,"vic":6761,"wa":2692},{"ts":"2013-06-27T10:40:00Z","nsw":9670,"qld":6676,"sa":1961,"tas":1411,"vic":6728},{"ts":"2013-06-27T10:50:00Z","nsw":9535,"qld":6641,"sa":1981,"tas":1416,"vic":6651},{"ts":"2013-06-27T11:00:00Z","nsw":9442,"qld":6539,"sa":1956,"tas":1400,"vic":6551,"wa":2713},{"ts":"2013-06-27T11:10:00Z","nsw":9337,"qld":6390,"sa":1934,"tas":1378,"vic":6418},{"ts":"2013-06-27T11:20:00Z","nsw":9237,"qld":6409,"sa":1915,"tas":1372,"vic":6399},{"ts":"2013-06-27T11:30:00Z","nsw":9121,"qld":6228,"sa":1888,"tas":1382,"vic":6341,"wa":2675},{"ts":"2013-06-27T11:40:00Z","nsw":9086,"qld":6248,"sa":1859,"tas":1367,"vic":6268},{"ts":"2013-06-27T11:50:00Z","nsw":8928,"qld":6152,"sa":1843,"tas":1352,"vic":6167},{"ts":"2013-06-27T12:00:00Z","nsw":8921,"qld":6039,"sa":1830,"tas":1331,"vic":6077,"wa":2642},{"ts":"2013-06-27T12:10:00Z","nsw":9023,"qld":5952,"sa":1795,"tas":1317,"vic":6038},{"ts":"2013-06-27T12:20:00Z","nsw":8953,"qld":5878,"sa":1775,"tas":1299,"vic":6003},{"ts":"2013-06-27T12:30:00Z","nsw":8909,"qld":5822,"sa":1767,"tas":1266,"vic":5967,"wa":2555},{"ts":"2013-06-27T12:40:00Z","nsw":8853,"qld":5796,"sa":1735,"tas":1255,"vic":5926},{"ts":"2013-06-27T12:50:00Z","nsw":8724,"qld":5752,"sa":1698,"tas":1247,"vic":5885}],"output":[{"ts":"2013-06-26T18:00:00Z","nsw":1,"qld":2,"sa":0,"tas":0,"vic":0,"wa":0},{"ts":"2013-06-26T18:10:00Z","nsw":1,"qld":2,"sa":0,"tas":0,"vic":0},{"ts":"2013-06-26T18:20:00Z","nsw":1,"qld":2,"sa":0,"tas":0,"vic":0},{"ts":"2013-06-26T18:30:00Z","nsw":0,"qld":2,"sa":0,"tas":0,"vic":0,"wa":0},{"ts":"2013-06-26T18:40:00Z","nsw":1,"qld":2,"sa":0,"tas":0,"vic":0},{"ts":"2013-06-26T18:50:00Z","nsw":1,"qld":2,"sa":0,"tas":0,"vic":0},{"ts":"2013-06-26T19:00:00Z","nsw":0,"qld":2,"sa":0,"tas":0,"vic":0,"wa":0},{"ts":"2013-06-26T19:10:00Z","nsw":0,"qld":2,"sa":0,"tas":0,"vic":0},{"ts":"2013-06-26T19:20:00Z","nsw":1,"qld":2,"sa":0,"tas":0,"vic":0},{"ts":"2013-06-26T19:30:00Z","nsw":0,"qld":3,"sa":0,"tas":0,"vic":0,"wa":0},{"ts":"2013-06-26T19:40:00Z","nsw":0,"qld":2,"sa":0,"tas":0,"vic":0},{"ts":"2013-06-26T19:50:00Z","nsw":0,"qld":2,"sa":0,"tas":0,"vic":0},{"ts":"2013-06-26T20:00:00Z","nsw":1,"qld":2,"sa":0,"tas":0,"vic":0,"wa":0},{"ts":"2013-06-26T20:10:00Z","nsw":1,"qld":2,"sa":0,"tas":0,"vic":0},{"ts":"2013-06-26T20:20:00Z","nsw":1,"qld":2,"sa":0,"tas":0,"vic":0},{"ts":"2013-06-26T20:30:00Z","nsw":1,"qld":1,"sa":0,"tas":0,"vic":0,"wa":0},{"ts":"2013-06-26T20:40:00Z","nsw":1,"qld":2,"sa":0,"tas":0,"vic":0},{"ts":"2013-06-26T20:50:00Z","nsw":1,"qld":11,"sa":0,"tas":0,"vic":0},{"ts":"2013-06-26T21:00:00Z","nsw":1,"qld":22,"sa":0,"tas":0,"vic":0,"wa":0},{"ts":"2013-06-26T21:10:00Z","nsw":2,"qld":35,"sa":0,"tas":0,"vic":0},{"ts":"2013-06-26T21:20:00Z","nsw":4,"qld":51,"sa":0,"tas":0,"vic":0},{"ts":"2013-06-26T21:30:00Z","nsw":10,"qld":72,"sa":0,"tas":0,"vic":0,"wa":0},{"ts":"2013-06-26T21:40:00Z","nsw":13,"qld":87,"sa":0,"tas":0,"vic":0},{"ts":"2013-06-26T21:50:00Z","nsw":18,"qld":87,"sa":0,"tas":0,"vic":4},{"ts":"2013-06-26T22:00:00Z","nsw":24,"qld":102,"sa":1,"tas":0,"vic":10,"wa":0},{"ts":"2013-06-26T22:10:00Z","nsw":27,"qld":111,"sa":4,"tas":0,"vic":15},{"ts":"2013-06-26T22:20:00Z","nsw":38,"qld":142,"sa":8,"tas":0,"vic":25},{"ts":"2013-06-26T22:30:00Z","nsw":44,"qld":172,"sa":13,"tas":1,"vic":35,"wa":0},{"ts":"2013-06-26T22:40:00Z","nsw":56,"qld":195,"sa":22,"tas":2,"vic":46},{"ts":"2013-06-26T22:50:00Z","nsw":59,"qld":185,"sa":32,"tas":2,"vic":55},{"ts":"2013-06-26T23:00:00Z","nsw":75,"qld":176,"sa":42,"tas":4,"vic":67,"wa":0},{"ts":"2013-06-26T23:10:00Z","nsw":77,"qld":210,"sa":53,"tas":4,"vic":69},{"ts":"2013-06-26T23:20:00Z","nsw":88,"qld":234,"sa":62,"tas":5,"vic":81},{"ts":"2013-06-26T23:30:00Z","nsw":87,"qld":243,"sa":72,"tas":5,"vic":86,"wa":1},{"ts":"2013-06-26T23:40:00Z","nsw":98,"qld":263,"sa":83,"tas":7,"vic":96},{"ts":"2013-06-26T23:50:00Z","nsw":101,"qld":265,"sa":94,"tas":6,"vic":103},{"ts":"2013-06-27T00:00:00Z","nsw":108,"qld":255,"sa":103,"tas":6,"vic":115,"wa":10},{"ts":"2013-06-27T00:10:00Z","nsw":112,"qld":234,"sa":114,"tas":6,"vic":103},{"ts":"2013-06-27T00:20:00Z","nsw":120,"qld":272,"sa":123,"tas":7,"vic":116},{"ts":"2013-06-27T00:30:00Z","nsw":122,"qld":312,"sa":129,"tas":8,"vic":112,"wa":41},{"ts":"2013-06-27T00:40:00Z","nsw":134,"qld":287,"sa":147,"tas":10,"vic":114},{"ts":"2013-06-27T00:50:00Z","nsw":121,"qld":291,"sa":149,"tas":10,"vic":127},{"ts":"2013-06-27T01:00:00Z","nsw":138,"qld":295,"sa":154,"tas":12,"vic":138,"wa":75},{"ts":"2013-06-27T01:10:00Z","nsw":144,"qld":241,"sa":161,"tas":9,"vic":141},{"ts":"2013-06-27T01:20:00Z","nsw":151,"qld":220,"sa":168,"tas":10,"vic":157},{"ts":"2013-06-27T01:30:00Z","nsw":136,"qld":223,"sa":174,"tas":9,"vic":160,"wa":90},{"ts":"2013-06-27T01:40:00Z","nsw":137,"qld":240,"sa":179,"tas":9,"vic":164},{"ts":"2013-06-27T01:50:00Z","nsw":137,"qld":206,"sa":183,"tas":8,"vic":161},{"ts":"2013-06-27T02:00:00Z","nsw":126,"qld":176,"sa":190,"tas":10,"vic":168,"wa":105},{"ts":"2013-06-27T02:10:00Z","nsw":118,"qld":163,"sa":191,"tas":9,"vic":165},{"ts":"2013-06-27T02:20:00Z","nsw":119,"qld":150,"sa":194,"tas":13,"vic":172},{"ts":"2013-06-27T02:30:00Z","nsw":118,"qld":161,"sa":192,"tas":12,"vic":170,"wa":116},{"ts":"2013-06-27T02:40:00Z","nsw":115,"qld":152,"sa":191,"tas":14,"vic":175},{"ts":"2013-06-27T02:50:00Z","nsw":114,"qld":140,"sa":194,"tas":12,"vic":167},{"ts":"2013-06-27T03:00:00Z","nsw":119,"qld":140,"sa":191,"tas":12,"vic":173,"wa":154},{"ts":"2013-06-27T03:10:00Z","nsw":99,"qld":131,"sa":188,"tas":12,"vic":173},{"ts":"2013-06-27T03:20:00Z","nsw":95,"qld":116,"sa":187,"tas":13,"vic":172},{"ts":"2013-06-27T03:30:00Z","nsw":93,"qld":122,"sa":181,"tas":12,"vic":169,"wa":157},{"ts":"2013-06-27T03:40:00Z","nsw":91,"qld":108,"sa":178,"tas":11,"vic":167},{"ts":"2013-06-27T03:50:00Z","nsw":82,"qld":100,"sa":174,"tas":9,"vic":155},{"ts":"2013-06-27T04:00:00Z","nsw":76,"qld":105,"sa":176,"tas":9,"vic":151,"wa":139},{"ts":"2013-06-27T04:10:00Z","nsw":69,"qld":97,"sa":169,"tas":8,"vic":144},{"ts":"2013-06-27T04:20:00Z","nsw":70,"qld":85,"sa":168,"tas":7,"vic":142},{"ts":"2013-06-27T04:30:00Z","nsw":69,"qld":85,"sa":158,"tas":7,"vic":124,"wa":121},{"ts":"2013-06-27T04:40:00Z","nsw":62,"qld":80,"sa":149,"tas":6,"vic":115},{"ts":"2013-06-27T04:50:00Z","nsw":54,"qld":82,"sa":141,"tas":6,"vic":100},{"ts":"2013-06-27T05:00:00Z","nsw":49,"qld":80,"sa":139,"tas":5,"vic":99,"wa":99},{"ts":"2013-06-27T05:10:00Z","nsw":45,"qld":70,"sa":130,"tas":3,"vic":88},{"ts":"2013-06-27T05:20:00Z","nsw":43,"qld":53,"sa":117,"tas":3,"vic":77},{"ts":"2013-06-27T05:30:00Z","nsw":40,"qld":58,"sa":108,"tas":3,"vic":70,"wa":131},{"ts":"2013-06-27T05:40:00Z","nsw":37,"qld":50,"sa":97,"tas":2,"vic":61},{"ts":"2013-06-27T05:50:00Z","nsw":33,"qld":45,"sa":90,"tas":1,"vic":48},{"ts":"2013-06-27T06:00:00Z","nsw":28,"qld":45,"sa":85,"tas":1,"vic":47,"wa":133},{"ts":"2013-06-27T06:10:00Z","nsw":22,"qld":35,"sa":75,"tas":0,"vic":36},{"ts":"2013-06-27T06:20:00Z","nsw":16,"qld":31,"sa":70,"tas":0,"vic":28},{"ts":"2013-06-27T06:30:00Z","nsw":11,"qld":25,"sa":57,"tas":0,"vic":22,"wa":113},{"ts":"2013-06-27T06:40:00Z","nsw":7,"qld":16,"sa":46,"tas":0,"vic":15},{"ts":"2013-06-27T06:50:00Z","nsw":5,"qld":11,"sa":39,"tas":0,"vic":9},{"ts":"2013-06-27T07:00:00Z","nsw":3,"qld":10,"sa":27,"tas":0,"vic":4,"wa":115},{"ts":"2013-06-27T07:10:00Z","nsw":2,"qld":7,"sa":19,"tas":0,"vic":2},{"ts":"2013-06-27T07:20:00Z","nsw":2,"qld":6,"sa":11,"tas":0,"vic":2},{"ts":"2013-06-27T07:30:00Z","nsw":1,"qld":8,"sa":5,"tas":0,"vic":1,"wa":80},{"ts":"2013-06-27T07:40:00Z","nsw":1,"qld":3,"sa":2,"tas":0,"vic":1},{"ts":"2013-06-27T07:50:00Z","nsw":3,"qld":3,"sa":1,"tas":0,"vic":0},{"ts":"2013-06-27T08:00:00Z","nsw":3,"qld":2,"sa":1,"tas":0,"vic":0,"wa":61},{"ts":"2013-06-27T08:10:00Z","nsw":3,"qld":2,"sa":1,"tas":0,"vic":0},{"ts":"2013-06-27T08:20:00Z","nsw":3,"qld":2,"sa":0,"tas":0,"vic":0},{"ts":"2013-06-27T08:30:00Z","nsw":4,"qld":2,"sa":0,"tas":0,"vic":0,"wa":28},{"ts":"2013-06-27T08:40:00Z","nsw":2,"qld":2,"sa":0,"tas":0,"vic":0},{"ts":"2013-06-27T08:50:00Z","nsw":11,"qld":2,"sa":0,"tas":0,"vic":0},{"ts":"2013-06-27T09:00:00Z","nsw":9,"qld":2,"sa":0,"tas":0,"vic":0,"wa":6},{"ts":"2013-06-27T09:10:00Z","nsw":9,"qld":2,"sa":0,"tas":0,"vic":0},{"ts":"2013-06-27T09:20:00Z","nsw":9,"qld":2,"sa":0,"tas":0,"vic":0},{"ts":"2013-06-27T09:30:00Z","nsw":4,"qld":2,"sa":0,"tas":0,"vic":0,"wa":0},{"ts":"2013-06-27T09:40:00Z","nsw":3,"qld":3,"sa":0,"tas":0,"vic":0},{"ts":"2013-06-27T09:50:00Z","nsw":3,"qld":3,"sa":0,"tas":0,"vic":0},{"ts":"2013-06-27T10:00:00Z","nsw":3,"qld":2,"sa":0,"tas":0,"vic":0,"wa":0},{"ts":"2013-06-27T10:10:00Z","nsw":3,"qld":2,"sa":0,"tas":0,"vic":0},{"ts":"2013-06-27T10:20:00Z","nsw":3,"qld":2,"sa":0,"tas":0,"vic":0},{"ts":"2013-06-27T10:30:00Z","nsw":9,"qld":3,"sa":0,"tas":0,"vic":0,"wa":0},{"ts":"2013-06-27T10:40:00Z","nsw":6,"qld":3,"sa":0,"tas":0,"vic":0},{"ts":"2013-06-27T10:50:00Z","nsw":4,"qld":2,"sa":0,"tas":0,"vic":0},{"ts":"2013-06-27T11:00:00Z","nsw":3,"qld":3,"sa":0,"tas":0,"vic":0,"wa":0},{"ts":"2013-06-27T11:10:00Z","nsw":8,"qld":2,"sa":0,"tas":0,"vic":0},{"ts":"2013-06-27T11:20:00Z","nsw":9,"qld":2,"sa":0,"tas":0,"vic":0},{"ts":"2013-06-27T11:30:00Z","nsw":3,"qld":3,"sa":0,"tas":0,"vic":0,"wa":0},{"ts":"2013-06-27T11:40:00Z","nsw":3,"qld":3,"sa":0,"tas":0,"vic":0},{"ts":"2013-06-27T11:50:00Z","nsw":3,"qld":2,"sa":0,"tas":0,"vic":0},{"ts":"2013-06-27T12:00:00Z","nsw":3,"qld":3,"sa":0,"tas":0,"vic":0,"wa":0},{"ts":"2013-06-27T12:10:00Z","nsw":3,"qld":2,"sa":0,"tas":0,"vic":0},{"ts":"2013-06-27T12:20:00Z","nsw":3,"qld":2,"sa":0,"tas":0,"vic":0},{"ts":"2013-06-27T12:30:00Z","nsw":3,"qld":2,"sa":0,"tas":0,"vic":0,"wa":0},{"ts":"2013-06-27T12:40:00Z","nsw":3,"qld":3,"sa":0,"tas":0,"vic":0},{"ts":"2013-06-27T12:50:00Z","nsw":0,"qld":4,"sa":0,"tas":0,"vic":0}]} 