{"performance":[{"ts":"2013-10-03T18:00:00Z","nsw":"0.28","nt":"0.00","qld":"0.30","sa":"0.15","tas":"0.00","vic":"0.18","wa":"0.10"},{"ts":"2013-10-03T18:10:00Z","nsw":"0.28","nt":"0.00","qld":"0.30","sa":"0.15","tas":"0.00","vic":"0.18","wa":"0.11"},{"ts":"2013-10-03T18:20:00Z","nsw":"0.29","nt":"0.00","qld":"0.29","sa":"0.15","tas":"0.00","vic":"0.18","wa":"0.11"},{"ts":"2013-10-03T18:30:00Z","nsw":"0.27","nt":"0.00","qld":"0.29","sa":"0.15","tas":"0.00","vic":"0.18","wa":"0.12"},{"ts":"2013-10-03T18:40:00Z","nsw":"0.30","nt":"0.00","qld":"0.32","sa":"0.15","tas":"0.00","vic":"0.23","wa":"0.11"},{"ts":"2013-10-03T18:50:00Z","nsw":"0.28","nt":"0.00","qld":"0.29","sa":"0.15","tas":"0.00","vic":"0.18","wa":"0.11"},{"ts":"2013-10-03T19:00:00Z","nsw":"0.32","nt":"0.00","qld":"0.33","sa":"0.10","tas":"0.00","vic":"0.16","wa":"0.11"},{"ts":"2013-10-03T19:10:00Z","nsw":"0.27","nt":"0.00","qld":"0.31","sa":"0.15","tas":"0.00","vic":"0.18","wa":"0.12"},{"ts":"2013-10-03T19:20:00Z","nsw":"0.29","nt":"0.00","qld":"0.08","sa":"0.15","tas":"0.00","vic":"0.30","wa":"0.12"},{"ts":"2013-10-03T19:30:00Z","nsw":"0.39","nt":"0.00","qld":"0.52","sa":"0.15","tas":"0.00","vic":"0.16","wa":"0.11"},{"ts":"2013-10-03T19:40:00Z","nsw":"0.35","nt":"0.00","qld":"1.54","sa":"0.16","tas":"0.00","vic":"0.16","wa":"0.11"},{"ts":"2013-10-03T19:50:00Z","nsw":"1.25","nt":"0.00","qld":"2.91","sa":"0.12","tas":"0.09","vic":"0.14","wa":"0.11"},{"ts":"2013-10-03T20:00:00Z","nsw":"2.10","nt":"0.00","qld":"4.83","sa":"0.16","tas":"0.50","vic":"0.35","wa":"0.10"},{"ts":"2013-10-03T20:10:00Z","nsw":"3.48","nt":"0.00","qld":"7.09","sa":"0.15","tas":"1.07","vic":"1.20","wa":"0.11"},{"ts":"2013-10-03T20:20:00Z","nsw":"4.80","nt":"0.00","qld":"9.38","sa":"0.19","tas":"2.20","vic":"2.07","wa":"0.11"},{"ts":"2013-10-03T20:30:00Z","nsw":"6.75","nt":"0.00","qld":"11.72","sa":"0.71","tas":"3.00","vic":"2.94","wa":"0.12"},{"ts":"2013-10-03T20:40:00Z","nsw":"8.43","nt":"0.00","qld":"14.87","sa":"1.34","tas":"4.11","vic":"5.42","wa":"0.10"},{"ts":"2013-10-03T20:50:00Z","nsw":"10.34","nt":"0.00","qld":"18.06","sa":"2.51","tas":"4.86","vic":"7.32","wa":"0.11"},{"ts":"2013-10-03T21:00:00Z","nsw":"12.79","nt":"0.00","qld":"21.59","sa":"3.81","tas":"6.73","vic":"10.28","wa":"0.10"},{"ts":"2013-10-03T21:10:00Z","nsw":"15.99","nt":"0.30","qld":"25.27","sa":"5.93","tas":"8.45","vic":"13.68","wa":"0.12"},{"ts":"2013-10-03T21:20:00Z","nsw":"19.30","nt":"1.13","qld":"28.82","sa":"7.98","tas":"11.04","vic":"16.82","wa":"0.12"},{"ts":"2013-10-03T21:30:00Z","nsw":"22.79","nt":"2.10","qld":"32.12","sa":"10.62","tas":"13.67","vic":"19.89","wa":"0.14"},{"ts":"2013-10-03T21:40:00Z","nsw":"25.92","nt":"3.81","qld":"36.58","sa":"13.41","tas":"16.54","vic":"24.14","wa":"0.17"},{"ts":"2013-10-03T21:50:00Z","nsw":"27.59","nt":"6.11","qld":"40.03","sa":"16.02","tas":"15.75","vic":"26.69","wa":"0.20"},{"ts":"2013-10-03T22:00:00Z","nsw":"31.18","nt":"7.52","qld":"43.01","sa":"18.86","tas":"18.30","vic":"30.20","wa":"0.34"},{"ts":"2013-10-03T22:10:00Z","nsw":"33.89","nt":"10.98","qld":"46.77","sa":"24.26","tas":"19.33","vic":"33.86","wa":"0.60"},{"ts":"2013-10-03T22:20:00Z","nsw":"36.96","nt":"13.44","qld":"50.07","sa":"26.27","tas":"25.71","vic":"36.57","wa":"1.79"},{"ts":"2013-10-03T22:30:00Z","nsw":"40.07","nt":"16.22","qld":"52.70","sa":"31.17","tas":"25.45","vic":"38.94","wa":"2.90"},{"ts":"2013-10-03T22:40:00Z","nsw":"42.22","nt":"19.46","qld":"55.90","sa":"34.64","tas":"21.93","vic":"43.30","wa":"5.05"},{"ts":"2013-10-03T22:50:00Z","nsw":"44.33","nt":"24.25","qld":"57.99","sa":"38.28","tas":"22.39","vic":"44.88","wa":"6.77"},{"ts":"2013-10-03T23:00:00Z","nsw":"47.74","nt":"27.58","qld":"60.33","sa":"40.84","tas":"26.53","vic":"48.80","wa":"8.34"},{"ts":"2013-10-03T23:10:00Z","nsw":"50.46","nt":"34.15","qld":"62.92","sa":"44.02","tas":"28.50","vic":"52.01","wa":"9.21"},{"ts":"2013-10-03T23:20:00Z","nsw":"52.29","nt":"32.04","qld":"64.85","sa":"45.84","tas":"31.58","vic":"54.24","wa":"10.31"},{"ts":"2013-10-03T23:30:00Z","nsw":"54.20","nt":"39.19","qld":"66.26","sa":"48.96","tas":"27.26","vic":"55.78","wa":"10.55"},{"ts":"2013-10-03T23:40:00Z","nsw":"57.36","nt":"44.71","qld":"67.67","sa":"51.70","tas":"33.25","vic":"59.12","wa":"12.21"},{"ts":"2013-10-03T23:50:00Z","nsw":"58.52","nt":"39.54","qld":"69.15","sa":"54.90","tas":"39.18","vic":"59.75","wa":"14.35"},{"ts":"2013-10-04T00:00:00Z","nsw":"60.50","nt":"43.83","qld":"70.36","sa":"56.92","tas":"41.75","vic":"62.67","wa":"16.11"},{"ts":"2013-10-04T00:10:00Z","nsw":"62.03","nt":"44.18","qld":"71.11","sa":"60.36","tas":"40.58","vic":"64.49","wa":"19.00"},{"ts":"2013-10-04T00:20:00Z","nsw":"63.22","nt":"50.20","qld":"72.43","sa":"61.99","tas":"47.11","vic":"65.81","wa":"22.04"},{"ts":"2013-10-04T00:30:00Z","nsw":"61.65","nt":"52.74","qld":"72.40","sa":"65.21","tas":"41.83","vic":"66.53","wa":"24.21"},{"ts":"2013-10-04T00:40:00Z","nsw":"64.93","nt":"56.42","qld":"72.96","sa":"65.80","tas":"45.11","vic":"68.40","wa":"26.33"},{"ts":"2013-10-04T00:50:00Z","nsw":"64.89","nt":"60.69","qld":"73.15","sa":"67.52","tas":"44.95","vic":"69.14","wa":"30.23"},{"ts":"2013-10-04T01:00:00Z","nsw":"67.56","nt":"61.74","qld":"74.35","sa":"68.22","tas":"52.52","vic":"70.56","wa":"33.62"},{"ts":"2013-10-04T01:10:00Z","nsw":"62.76","nt":"63.11","qld":"74.43","sa":"69.34","tas":"45.52","vic":"72.21","wa":"34.83"},{"ts":"2013-10-04T01:20:00Z","nsw":"64.92","nt":"65.22","qld":"75.20","sa":"70.15","tas":"47.32","vic":"72.94","wa":"32.91"},{"ts":"2013-10-04T01:30:00Z","nsw":"63.98","nt":"66.67","qld":"74.58","sa":"71.70","tas":"44.59","vic":"71.72","wa":"35.77"},{"ts":"2013-10-04T01:40:00Z","nsw":"63.74","nt":"68.01","qld":"75.25","sa":"70.87","tas":"49.67","vic":"73.51","wa":"37.41"},{"ts":"2013-10-04T01:50:00Z","nsw":"63.31","nt":"68.72","qld":"74.64","sa":"72.22","tas":"47.84","vic":"71.26","wa":"38.37"},{"ts":"2013-10-04T02:00:00Z","nsw":"66.28","nt":"70.08","qld":"74.80","sa":"72.89","tas":"51.37","vic":"71.94","wa":"41.82"},{"ts":"2013-10-04T02:10:00Z","nsw":"64.42","nt":"67.98","qld":"74.69","sa":"73.99","tas":"39.35","vic":"70.52","wa":"42.28"},{"ts":"2013-10-04T02:20:00Z","nsw":"66.12","nt":"73.84","qld":"74.37","sa":"72.52","tas":"37.13","vic":"70.55","wa":"41.57"},{"ts":"2013-10-04T02:30:00Z","nsw":"63.39","nt":"67.89","qld":"73.56","sa":"74.73","tas":"34.34","vic":"67.92","wa":"44.37"},{"ts":"2013-10-04T02:40:00Z","nsw":"64.21","nt":"69.73","qld":"72.87","sa":"74.75","tas":"33.82","vic":"67.88","wa":"47.68"},{"ts":"2013-10-04T02:50:00Z","nsw":"64.34","nt":"62.06","qld":"71.99","sa":"74.03","tas":"36.50","vic":"65.96","wa":"44.62"},{"ts":"2013-10-04T03:00:00Z","nsw":"62.22","nt":"47.96","qld":"71.55","sa":"73.56","tas":"38.17","vic":"67.81","wa":"49.48"},{"ts":"2013-10-04T03:10:00Z","nsw":"62.99","nt":"58.48","qld":"70.28","sa":"73.92","tas":"40.70","vic":"64.81","wa":"49.06"},{"ts":"2013-10-04T03:20:00Z","nsw":"63.24","nt":"40.60","qld":"68.91","sa":"72.20","tas":"46.62","vic":"66.00","wa":"50.39"},{"ts":"2013-10-04T03:30:00Z","nsw":"59.90","nt":"48.99","qld":"67.80","sa":"72.84","tas":"43.83","vic":"64.63","wa":"50.40"},{"ts":"2013-10-04T03:40:00Z","nsw":"59.83","nt":"68.30","qld":"66.38","sa":"72.41","tas":"57.25","vic":"67.23","wa":"51.94"},{"ts":"2013-10-04T03:50:00Z","nsw":"59.49","nt":"76.57","qld":"65.18","sa":"71.84","tas":"58.90","vic":"65.93","wa":"52.04"},{"ts":"2013-10-04T04:00:00Z","nsw":"57.05","nt":"75.75","qld":"62.99","sa":"69.89","tas":"63.26","vic":"65.66","wa":"55.43"},{"ts":"2013-10-04T04:10:00Z","nsw":"56.19","nt":"77.96","qld":"60.73","sa":"68.34","tas":"62.00","vic":"64.12","wa":"53.37"},{"ts":"2013-10-04T04:20:00Z","nsw":"55.47","nt":"43.78","qld":"59.22","sa":"67.64","tas":"58.61","vic":"61.47","wa":"57.24"},{"ts":"2013-10-04T04:30:00Z","nsw":"53.71","nt":"64.42","qld":"56.12","sa":"66.52","tas":"46.20","vic":"58.68","wa":"55.59"},{"ts":"2013-10-04T04:40:00Z","nsw":"50.58","nt":"74.06","qld":"54.28","sa":"65.03","tas":"41.83","vic":"58.25","wa":"57.82"},{"ts":"2013-10-04T04:50:00Z","nsw":"47.20","nt":"72.91","qld":"51.32","sa":"61.99","tas":"33.84","vic":"54.45","wa":"52.02"},{"ts":"2013-10-04T05:00:00Z","nsw":"45.73","nt":"71.56","qld":"48.35","sa":"60.60","tas":"32.53","vic":"53.18","wa":"54.13"},{"ts":"2013-10-04T05:10:00Z","nsw":"43.30","nt":"64.89","qld":"44.86","sa":"57.99","tas":"26.90","vic":"49.32","wa":"53.03"},{"ts":"2013-10-04T05:20:00Z","nsw":"40.16","nt":"63.05","qld":"41.65","sa":"55.21","tas":"27.00","vic":"46.75","wa":"51.22"},{"ts":"2013-10-04T05:30:00Z","nsw":"37.48","nt":"61.76","qld":"38.29","sa":"52.93","tas":"19.24","vic":"44.81","wa":"48.60"},{"ts":"2013-10-04T05:40:00Z","nsw":"34.09","nt":"62.75","qld":"34.66","sa":"51.09","tas":"15.45","vic":"42.30","wa":"47.29"},{"ts":"2013-10-04T05:50:00Z","nsw":"31.12","nt":"60.50","qld":"31.12","sa":"49.02","tas":"12.05","vic":"38.17","wa":"43.77"},{"ts":"2013-10-04T06:00:00Z","nsw":"27.58","nt":"56.72","qld":"27.66","sa":"45.58","tas":"12.54","vic":"36.20","wa":"38.59"},{"ts":"2013-10-04T06:10:00Z","nsw":"24.90","nt":"54.20","qld":"23.73","sa":"43.32","tas":"11.72","vic":"31.63","wa":"36.24"},{"ts":"2013-10-04T06:20:00Z","nsw":"21.76","nt":"49.30","qld":"20.72","sa":"39.94","tas":"9.05","vic":"28.44","wa":"29.86"},{"ts":"2013-10-04T06:30:00Z","nsw":"18.60","nt":"48.81","qld":"16.95","sa":"37.03","tas":"6.90","vic":"25.14","wa":"29.53"},{"ts":"2013-10-04T06:40:00Z","nsw":"15.02","nt":"43.49","qld":"13.83","sa":"32.70","tas":"5.70","vic":"21.87","wa":"27.43"},{"ts":"2013-10-04T06:50:00Z","nsw":"12.53","nt":"42.81","qld":"10.80","sa":"31.90","tas":"5.65","vic":"18.56","wa":"25.74"},{"ts":"2013-10-04T07:00:00Z","nsw":"10.53","nt":"39.05","qld":"8.21","sa":"26.93","tas":"5.12","vic":"15.21","wa":"24.81"},{"ts":"2013-10-04T07:10:00Z","nsw":"7.83","nt":"33.13","qld":"5.55","sa":"22.92","tas":"4.12","vic":"11.85","wa":"23.41"},{"ts":"2013-10-04T07:20:00Z","nsw":"6.45","nt":"32.31","qld":"3.86","sa":"20.90","tas":"3.83","vic":"10.25","wa":"22.60"},{"ts":"2013-10-04T07:30:00Z","nsw":"4.78","nt":"26.93","qld":"2.29","sa":"16.95","tas":"2.84","vic":"7.64","wa":"20.90"},{"ts":"2013-10-04T07:40:00Z","nsw":"3.11","nt":"20.72","qld":"1.08","sa":"14.12","tas":"2.30","vic":"5.61","wa":"22.06"},{"ts":"2013-10-04T07:50:00Z","nsw":"2.30","nt":"18.69","qld":"0.58","sa":"11.79","tas":"1.39","vic":"4.05","wa":"22.89"},{"ts":"2013-10-04T08:00:00Z","nsw":"1.31","nt":"10.93","qld":"0.50","sa":"8.72","tas":"0.94","vic":"2.31","wa":"22.79"},{"ts":"2013-10-04T08:10:00Z","nsw":"0.82","nt":"5.49","qld":"0.37","sa":"6.44","tas":"0.54","vic":"1.14","wa":"23.30"},{"ts":"2013-10-04T08:20:00Z","nsw":"0.45","nt":"6.99","qld":"0.39","sa":"3.95","tas":"0.39","vic":"0.94","wa":"21.45"},{"ts":"2013-10-04T08:30:00Z","nsw":"0.37","nt":"3.75","qld":"0.36","sa":"2.45","tas":"0.21","vic":"0.55","wa":"18.74"},{"ts":"2013-10-04T08:40:00Z","nsw":"0.44","nt":"2.48","qld":"0.35","sa":"1.01","tas":"0.10","vic":"0.57","wa":"16.04"},{"ts":"2013-10-04T08:50:00Z","nsw":"0.36","nt":"2.45","qld":"0.33","sa":"0.41","tas":"0.13","vic":"0.46","wa":"13.79"},{"ts":"2013-10-04T09:00:00Z","nsw":"0.56","nt":"1.19","qld":"0.33","sa":"0.39","tas":"0.14","vic":"0.23","wa":"12.53"},{"ts":"2013-10-04T09:10:00Z","nsw":"0.45","nt":"0.48","qld":"0.31","sa":"0.31","tas":"0.07","vic":"0.21","wa":"11.13"},{"ts":"2013-10-04T09:20:00Z","nsw":"0.45","nt":"0.32","qld":"0.30","sa":"0.28","tas":"0.05","vic":"0.22","wa":"10.66"},{"ts":"2013-10-04T09:30:00Z","nsw":"0.52","nt":"0.24","qld":"0.31","sa":"0.28","tas":"0.04","vic":"0.21","wa":"8.53"},{"ts":"2013-10-04T09:40:00Z","nsw":"0.45","nt":"0.33","qld":"0.31","sa":"0.25","tas":"0.05","vic":"0.22","wa":"6.51"},{"ts":"2013-10-04T09:50:00Z","nsw":"0.46","nt":"0.33","qld":"0.31","sa":"0.26","tas":"0.05","vic":"0.24","wa":"4.44"},{"ts":"2013-10-04T10:00:00Z","nsw":"0.52","nt":"0.38","qld":"0.37","sa":"0.26","tas":"0.05","vic":"0.21","wa":"2.69"},{"ts":"2013-10-04T10:10:00Z","nsw":"0.50","nt":"0.38","qld":"0.35","sa":"0.21","tas":"0.05","vic":"0.27","wa":"1.45"},{"ts":"2013-10-04T10:20:00Z","nsw":"0.50","nt":"0.38","qld":"0.38","sa":"0.23","tas":"0.05","vic":"0.19","wa":"1.07"},{"ts":"2013-10-04T10:30:00Z","nsw":"0.50","nt":"0.38","qld":"0.32","sa":"0.38","tas":"0.05","vic":"0.17","wa":"1.62"},{"ts":"2013-10-04T10:40:00Z","nsw":"0.52","nt":"0.38","qld":"0.33","sa":"0.35","tas":"0.05","vic":"0.18","wa":"2.26"},{"ts":"2013-10-04T10:50:00Z","nsw":"0.50","nt":"0.38","qld":"0.32","sa":"0.34","tas":"0.05","vic":"0.20","wa":"2.87"},{"ts":"2013-10-04T11:00:00Z","nsw":"0.48","nt":"0.38","qld":"0.33","sa":"0.34","tas":"0.06","vic":"0.19","wa":"2.65"},{"ts":"2013-10-04T11:10:00Z","nsw":"0.49","nt":"0.38","qld":"0.90","sa":"0.31","tas":"0.06","vic":"0.19","wa":"4.29"},{"ts":"2013-10-04T11:20:00Z","nsw":"0.47","nt":"0.38","qld":"0.46","sa":"0.31","tas":"0.06","vic":"0.45","wa":"4.30"},{"ts":"2013-10-04T11:30:00Z","nsw":"0.48","nt":"0.38","qld":"1.09","sa":"0.35","tas":"0.06","vic":"0.39","wa":"4.19"},{"ts":"2013-10-04T11:40:00Z","nsw":"0.48","nt":"0.38","qld":"0.62","sa":"0.16","tas":"0.06","vic":"0.19","wa":"4.24"},{"ts":"2013-10-04T11:50:00Z","nsw":"0.54","nt":"0.38","qld":"0.46","sa":"0.17","tas":"0.06","vic":"0.19","wa":"4.52"},{"ts":"2013-10-04T12:00:00Z","nsw":"0.48","nt":"0.19","qld":"0.45","sa":"0.17","tas":"0.06","vic":"0.20","wa":"4.11"},{"ts":"2013-10-04T12:10:00Z","nsw":"0.43","nt":"0.19","qld":"0.42","sa":"0.16","tas":"0.06","vic":"0.17","wa":"4.30"},{"ts":"2013-10-04T12:20:00Z","nsw":"0.46","nt":"0.19","qld":"0.43","sa":"0.17","tas":"0.06","vic":"0.19","wa":"0.97"},{"ts":"2013-10-04T12:30:00Z","nsw":"0.47","nt":"0.19","qld":"0.41","sa":"0.12","tas":"0.06","vic":"0.20","wa":"1.02"},{"ts":"2013-10-04T12:40:00Z","nsw":"0.45","nt":"0.19","qld":"0.41","sa":"0.22","tas":"0.06","vic":"0.17","wa":"0.96"},{"ts":"2013-10-04T12:50:00Z","nsw":"0.36","nt":"0.19","qld":"0.42","sa":"0.17","tas":"0.06","vic":"0.20","wa":"0.25"}],"contribution":[{"ts":"2013-10-03T18:00:00Z","nsw":"0.03","qld":"0.05","sa":"0.05","tas":"0.00","vic":"0.02","wa":"0.02"},{"ts":"2013-10-03T18:10:00Z","nsw":"0.03","qld":"0.05","sa":"0.05","tas":"0.00","vic":"0.02"},{"ts":"2013-10-03T18:20:00Z","nsw":"0.03","qld":"0.05","sa":"0.05","tas":"0.00","vic":"0.02"},{"ts":"2013-10-03T18:30:00Z","nsw":"0.02","qld":"0.05","sa":"0.05","tas":"0.00","vic":"0.02","wa":"0.02"},{"ts":"2013-10-03T18:40:00Z","nsw":"0.03","qld":"0.06","sa":"0.05","tas":"0.00","vic":"0.02"},{"ts":"2013-10-03T18:50:00Z","nsw":"0.03","qld":"0.05","sa":"0.05","tas":"0.00","vic":"0.02"},{"ts":"2013-10-03T19:00:00Z","nsw":"0.03","qld":"0.06","sa":"0.03","tas":"0.00","vic":"0.02","wa":"0.02"},{"ts":"2013-10-03T19:10:00Z","nsw":"0.02","qld":"0.05","sa":"0.05","tas":"0.00","vic":"0.02"},{"ts":"2013-10-03T19:20:00Z","nsw":"0.03","qld":"0.01","sa":"0.05","tas":"0.00","vic":"0.03"},{"ts":"2013-10-03T19:30:00Z","nsw":"0.03","qld":"0.09","sa":"0.05","tas":"0.00","vic":"0.01","wa":"0.02"},{"ts":"2013-10-03T19:40:00Z","nsw":"0.03","qld":"0.26","sa":"0.05","tas":"0.00","vic":"0.01"},{"ts":"2013-10-03T19:50:00Z","nsw":"0.11","qld":"0.49","sa":"0.04","tas":"0.00","vic":"0.01"},{"ts":"2013-10-03T20:00:00Z","nsw":"0.17","qld":"0.79","sa":"0.05","tas":"0.02","vic":"0.03","wa":"0.02"},{"ts":"2013-10-03T20:10:00Z","nsw":"0.28","qld":"1.13","sa":"0.05","tas":"0.04","vic":"0.10"},{"ts":"2013-10-03T20:20:00Z","nsw":"0.38","qld":"1.48","sa":"0.06","tas":"0.08","vic":"0.17"},{"ts":"2013-10-03T20:30:00Z","nsw":"0.52","qld":"1.79","sa":"0.22","tas":"0.10","vic":"0.24","wa":"0.02"},{"ts":"2013-10-03T20:40:00Z","nsw":"0.63","qld":"2.24","sa":"0.40","tas":"0.14","vic":"0.43"},{"ts":"2013-10-03T20:50:00Z","nsw":"0.76","qld":"2.68","sa":"0.73","tas":"0.16","vic":"0.57"},{"ts":"2013-10-03T21:00:00Z","nsw":"0.94","qld":"3.12","sa":"1.08","tas":"0.21","vic":"0.79","wa":"0.02"},{"ts":"2013-10-03T21:10:00Z","nsw":"1.18","qld":"3.60","sa":"1.70","tas":"0.26","vic":"1.07"},{"ts":"2013-10-03T21:20:00Z","nsw":"1.40","qld":"4.05","sa":"2.28","tas":"0.34","vic":"1.29"},{"ts":"2013-10-03T21:30:00Z","nsw":"1.63","qld":"4.43","sa":"2.97","tas":"0.42","vic":"1.49","wa":"0.03"},{"ts":"2013-10-03T21:40:00Z","nsw":"1.84","qld":"5.00","sa":"3.75","tas":"0.51","vic":"1.80"},{"ts":"2013-10-03T21:50:00Z","nsw":"1.91","qld":"5.49","sa":"4.42","tas":"0.47","vic":"1.97"},{"ts":"2013-10-03T22:00:00Z","nsw":"2.18","qld":"5.75","sa":"5.10","tas":"0.54","vic":"2.21","wa":"0.06"},{"ts":"2013-10-03T22:10:00Z","nsw":"2.34","qld":"6.30","sa":"6.42","tas":"0.57","vic":"2.44"},{"ts":"2013-10-03T22:20:00Z","nsw":"2.52","qld":"6.70","sa":"6.94","tas":"0.76","vic":"2.62"},{"ts":"2013-10-03T22:30:00Z","nsw":"2.73","qld":"7.02","sa":"8.22","tas":"0.76","vic":"2.79","wa":"0.49"},{"ts":"2013-10-03T22:40:00Z","nsw":"2.86","qld":"7.50","sa":"8.99","tas":"0.67","vic":"3.11"},{"ts":"2013-10-03T22:50:00Z","nsw":"3.00","qld":"7.76","sa":"9.92","tas":"0.68","vic":"3.21"},{"ts":"2013-10-03T23:00:00Z","nsw":"3.23","qld":"8.03","sa":"10.64","tas":"0.79","vic":"3.48","wa":"1.33"},{"ts":"2013-10-03T23:10:00Z","nsw":"3.36","qld":"8.42","sa":"11.11","tas":"0.87","vic":"3.77"},{"ts":"2013-10-03T23:20:00Z","nsw":"3.53","qld":"8.66","sa":"11.28","tas":"0.96","vic":"3.95"},{"ts":"2013-10-03T23:30:00Z","nsw":"3.65","qld":"8.82","sa":"12.23","tas":"0.85","vic":"4.06","wa":"1.59"},{"ts":"2013-10-03T23:40:00Z","nsw":"3.81","qld":"8.98","sa":"13.30","tas":"1.04","vic":"4.33"},{"ts":"2013-10-03T23:50:00Z","nsw":"3.91","qld":"9.18","sa":"14.16","tas":"1.23","vic":"4.37"},{"ts":"2013-10-04T00:00:00Z","nsw":"4.03","qld":"9.43","sa":"14.84","tas":"1.31","vic":"4.64","wa":"2.30"},{"ts":"2013-10-04T00:10:00Z","nsw":"4.11","qld":"9.40","sa":"16.08","tas":"1.29","vic":"4.76"},{"ts":"2013-10-04T00:20:00Z","nsw":"4.24","qld":"9.66","sa":"16.37","tas":"1.50","vic":"4.89"},{"ts":"2013-10-04T00:30:00Z","nsw":"4.17","qld":"9.64","sa":"17.55","tas":"1.36","vic":"4.96","wa":"3.37"},{"ts":"2013-10-04T00:40:00Z","nsw":"4.34","qld":"9.81","sa":"17.72","tas":"1.46","vic":"5.11"},{"ts":"2013-10-04T00:50:00Z","nsw":"4.35","qld":"9.73","sa":"18.25","tas":"1.41","vic":"5.20"},{"ts":"2013-10-04T01:00:00Z","nsw":"4.56","qld":"9.96","sa":"18.43","tas":"1.66","vic":"5.28","wa":"4.55"},{"ts":"2013-10-04T01:10:00Z","nsw":"4.25","qld":"10.03","sa":"18.90","tas":"1.44","vic":"5.43"},{"ts":"2013-10-04T01:20:00Z","nsw":"4.41","qld":"10.07","sa":"19.13","tas":"1.50","vic":"5.50"},{"ts":"2013-10-04T01:30:00Z","nsw":"4.34","qld":"10.05","sa":"19.79","tas":"1.43","vic":"5.42","wa":"4.75"},{"ts":"2013-10-04T01:40:00Z","nsw":"4.36","qld":"10.03","sa":"19.35","tas":"1.62","vic":"5.54"},{"ts":"2013-10-04T01:50:00Z","nsw":"4.32","qld":"9.99","sa":"19.78","tas":"1.56","vic":"5.39"},{"ts":"2013-10-04T02:00:00Z","nsw":"4.56","qld":"9.98","sa":"19.81","tas":"1.67","vic":"5.44","wa":"5.49"},{"ts":"2013-10-04T02:10:00Z","nsw":"4.41","qld":"10.02","sa":"20.49","tas":"1.31","vic":"5.32"},{"ts":"2013-10-04T02:20:00Z","nsw":"4.56","qld":"9.82","sa":"19.98","tas":"1.23","vic":"5.32"},{"ts":"2013-10-04T02:30:00Z","nsw":"4.37","qld":"9.76","sa":"20.39","tas":"1.13","vic":"5.18","wa":"5.91"},{"ts":"2013-10-04T02:40:00Z","nsw":"4.41","qld":"9.75","sa":"20.61","tas":"1.12","vic":"5.19"},{"ts":"2013-10-04T02:50:00Z","nsw":"4.47","qld":"9.61","sa":"20.41","tas":"1.20","vic":"5.08"},{"ts":"2013-10-04T03:00:00Z","nsw":"4.34","qld":"9.58","sa":"20.13","tas":"1.26","vic":"5.22","wa":"6.64"},{"ts":"2013-10-04T03:10:00Z","nsw":"4.43","qld":"9.37","sa":"20.57","tas":"1.35","vic":"5.01"},{"ts":"2013-10-04T03:20:00Z","nsw":"4.42","qld":"9.20","sa":"20.01","tas":"1.59","vic":"5.07"},{"ts":"2013-10-04T03:30:00Z","nsw":"4.20","qld":"9.02","sa":"20.22","tas":"1.54","vic":"4.91","wa":"6.75"},{"ts":"2013-10-04T03:40:00Z","nsw":"4.17","qld":"8.88","sa":"20.41","tas":"2.03","vic":"5.11"},{"ts":"2013-10-04T03:50:00Z","nsw":"4.17","qld":"8.66","sa":"19.92","tas":"2.04","vic":"5.03"},{"ts":"2013-10-04T04:00:00Z","nsw":"4.03","qld":"8.45","sa":"19.41","tas":"2.10","vic":"5.02","wa":"7.43"},{"ts":"2013-10-04T04:10:00Z","nsw":"4.00","qld":"8.12","sa":"18.84","tas":"2.03","vic":"4.96"},{"ts":"2013-10-04T04:20:00Z","nsw":"3.94","qld":"7.81","sa":"18.58","tas":"1.95","vic":"4.73"},{"ts":"2013-10-04T04:30:00Z","nsw":"3.83","qld":"7.47","sa":"18.29","tas":"1.56","vic":"4.59","wa":"7.46"},{"ts":"2013-10-04T04:40:00Z","nsw":"3.61","qld":"7.30","sa":"18.26","tas":"1.42","vic":"4.62"},{"ts":"2013-10-04T04:50:00Z","nsw":"3.36","qld":"6.90","sa":"17.62","tas":"1.15","vic":"4.33"},{"ts":"2013-10-04T05:00:00Z","nsw":"3.26","qld":"6.47","sa":"16.90","tas":"1.09","vic":"4.27","wa":"7.26"},{"ts":"2013-10-04T05:10:00Z","nsw":"3.11","qld":"6.03","sa":"16.34","tas":"0.89","vic":"3.90"},{"ts":"2013-10-04T05:20:00Z","nsw":"2.89","qld":"5.57","sa":"15.47","tas":"0.90","vic":"3.71"},{"ts":"2013-10-04T05:30:00Z","nsw":"2.69","qld":"5.15","sa":"14.47","tas":"0.64","vic":"3.60","wa":"6.57"},{"ts":"2013-10-04T05:40:00Z","nsw":"2.47","qld":"4.68","sa":"13.97","tas":"0.51","vic":"3.35"},{"ts":"2013-10-04T05:50:00Z","nsw":"2.24","qld":"4.19","sa":"13.30","tas":"0.40","vic":"3.04"},{"ts":"2013-10-04T06:00:00Z","nsw":"2.00","qld":"3.71","sa":"12.45","tas":"0.41","vic":"2.91","wa":"5.25"},{"ts":"2013-10-04T06:10:00Z","nsw":"1.80","qld":"3.15","sa":"11.52","tas":"0.40","vic":"2.53"},{"ts":"2013-10-04T06:20:00Z","nsw":"1.57","qld":"2.75","sa":"10.57","tas":"0.30","vic":"2.27"},{"ts":"2013-10-04T06:30:00Z","nsw":"1.35","qld":"2.25","sa":"9.92","tas":"0.22","vic":"2.02","wa":"4.05"},{"ts":"2013-10-04T06:40:00Z","nsw":"1.08","qld":"1.84","sa":"8.80","tas":"0.18","vic":"1.74"},{"ts":"2013-10-04T06:50:00Z","nsw":"0.90","qld":"1.41","sa":"8.35","tas":"0.17","vic":"1.51"},{"ts":"2013-10-04T07:00:00Z","nsw":"0.76","qld":"1.08","sa":"7.18","tas":"0.16","vic":"1.20","wa":"3.42"},{"ts":"2013-10-04T07:10:00Z","nsw":"0.56","qld":"0.74","sa":"5.96","tas":"0.13","vic":"0.95"},{"ts":"2013-10-04T07:20:00Z","nsw":"0.47","qld":"0.52","sa":"5.55","tas":"0.12","vic":"0.81"},{"ts":"2013-10-04T07:30:00Z","nsw":"0.34","qld":"0.31","sa":"4.37","tas":"0.09","vic":"0.60","wa":"2.88"},{"ts":"2013-10-04T07:40:00Z","nsw":"0.22","qld":"0.15","sa":"3.67","tas":"0.07","vic":"0.44"},{"ts":"2013-10-04T07:50:00Z","nsw":"0.16","qld":"0.08","sa":"3.12","tas":"0.04","vic":"0.32"},{"ts":"2013-10-04T08:00:00Z","nsw":"0.09","qld":"0.07","sa":"2.25","tas":"0.03","vic":"0.18","wa":"3.13"},{"ts":"2013-10-04T08:10:00Z","nsw":"0.06","qld":"0.05","sa":"1.67","tas":"0.02","vic":"0.09"},{"ts":"2013-10-04T08:20:00Z","nsw":"0.03","qld":"0.05","sa":"1.02","tas":"0.01","vic":"0.07"},{"ts":"2013-10-04T08:30:00Z","nsw":"0.02","qld":"0.05","sa":"0.64","tas":"0.01","vic":"0.04","wa":"2.60"},{"ts":"2013-10-04T08:40:00Z","nsw":"0.03","qld":"0.05","sa":"0.26","tas":"0.00","vic":"0.04"},{"ts":"2013-10-04T08:50:00Z","nsw":"0.02","qld":"0.04","sa":"0.10","tas":"0.00","vic":"0.03"},{"ts":"2013-10-04T09:00:00Z","nsw":"0.04","qld":"0.04","sa":"0.10","tas":"0.00","vic":"0.02","wa":"1.73"},{"ts":"2013-10-04T09:10:00Z","nsw":"0.03","qld":"0.04","sa":"0.08","tas":"0.00","vic":"0.02"},{"ts":"2013-10-04T09:20:00Z","nsw":"0.03","qld":"0.04","sa":"0.07","tas":"0.00","vic":"0.02"},{"ts":"2013-10-04T09:30:00Z","nsw":"0.04","qld":"0.04","sa":"0.07","tas":"0.00","vic":"0.02","wa":"1.18"},{"ts":"2013-10-04T09:40:00Z","nsw":"0.03","qld":"0.04","sa":"0.06","tas":"0.00","vic":"0.02"},{"ts":"2013-10-04T09:50:00Z","nsw":"0.03","qld":"0.04","sa":"0.07","tas":"0.00","vic":"0.02"},{"ts":"2013-10-04T10:00:00Z","nsw":"0.04","qld":"0.05","sa":"0.07","tas":"0.00","vic":"0.02","wa":"0.37"},{"ts":"2013-10-04T10:10:00Z","nsw":"0.04","qld":"0.05","sa":"0.05","tas":"0.00","vic":"0.02"},{"ts":"2013-10-04T10:20:00Z","nsw":"0.04","qld":"0.05","sa":"0.06","tas":"0.00","vic":"0.01"},{"ts":"2013-10-04T10:30:00Z","nsw":"0.04","qld":"0.04","sa":"0.10","tas":"0.00","vic":"0.01","wa":"0.22"},{"ts":"2013-10-04T10:40:00Z","nsw":"0.04","qld":"0.05","sa":"0.09","tas":"0.00","vic":"0.01"},{"ts":"2013-10-04T10:50:00Z","nsw":"0.04","qld":"0.05","sa":"0.09","tas":"0.00","vic":"0.02"},{"ts":"2013-10-04T11:00:00Z","nsw":"0.04","qld":"0.05","sa":"0.09","tas":"0.00","vic":"0.02","wa":"0.35"},{"ts":"2013-10-04T11:10:00Z","nsw":"0.04","qld":"0.13","sa":"0.09","tas":"0.00","vic":"0.02"},{"ts":"2013-10-04T11:20:00Z","nsw":"0.04","qld":"0.07","sa":"0.09","tas":"0.00","vic":"0.04"},{"ts":"2013-10-04T11:30:00Z","nsw":"0.04","qld":"0.16","sa":"0.10","tas":"0.00","vic":"0.03","wa":"0.54"},{"ts":"2013-10-04T11:40:00Z","nsw":"0.04","qld":"0.09","sa":"0.05","tas":"0.00","vic":"0.02"},{"ts":"2013-10-04T11:50:00Z","nsw":"0.04","qld":"0.07","sa":"0.05","tas":"0.00","vic":"0.02"},{"ts":"2013-10-04T12:00:00Z","nsw":"0.04","qld":"0.07","sa":"0.05","tas":"0.00","vic":"0.02","wa":"0.55"},{"ts":"2013-10-04T12:10:00Z","nsw":"0.03","qld":"0.06","sa":"0.05","tas":"0.00","vic":"0.01"},{"ts":"2013-10-04T12:20:00Z","nsw":"0.03","qld":"0.06","sa":"0.05","tas":"0.00","vic":"0.02"},{"ts":"2013-10-04T12:30:00Z","nsw":"0.04","qld":"0.06","sa":"0.04","tas":"0.00","vic":"0.02","wa":"0.14"},{"ts":"2013-10-04T12:40:00Z","nsw":"0.03","qld":"0.06","sa":"0.07","tas":"0.00","vic":"0.01"},{"ts":"2013-10-04T12:50:00Z","nsw":"0.03","qld":"0.06","sa":"0.05","tas":"0.00","vic":"0.02"}],"demand":[{"ts":"2013-10-03T18:00:00Z","nsw":6086,"qld":4448,"sa":1122,"tas":931,"vic":4391,"wa":1563},{"ts":"2013-10-03T18:10:00Z","nsw":6102,"qld":4507,"sa":1125,"tas":946,"vic":4424},{"ts":"2013-10-03T18:20:00Z","nsw":6133,"qld":4500,"sa":1124,"tas":936,"vic":4450},{"ts":"2013-10-03T18:30:00Z","nsw":6149,"qld":4557,"sa":1124,"tas":939,"vic":4465,"wa":1558},{"ts":"2013-10-03T18:40:00Z","nsw":6168,"qld":4580,"sa":1122,"tas":937,"vic":4496},{"ts":"2013-10-03T18:50:00Z","nsw":6266,"qld":4577,"sa":1116,"tas":941,"vic":4477},{"ts":"2013-10-03T19:00:00Z","nsw":6330,"qld":4622,"sa":1127,"tas":960,"vic":4521,"wa":1548},{"ts":"2013-10-03T19:10:00Z","nsw":6428,"qld":4729,"sa":1135,"tas":972,"vic":4628},{"ts":"2013-10-03T19:20:00Z","nsw":6550,"qld":4729,"sa":1141,"tas":985,"vic":4691},{"ts":"2013-10-03T19:30:00Z","nsw":6544,"qld":4805,"sa":1143,"tas":990,"vic":4758,"wa":1547},{"ts":"2013-10-03T19:40:00Z","nsw":6654,"qld":4858,"sa":1145,"tas":994,"vic":4833},{"ts":"2013-10-03T19:50:00Z","nsw":6765,"qld":4892,"sa":1146,"tas":1010,"vic":4874},{"ts":"2013-10-03T20:00:00Z","nsw":6951,"qld":4972,"sa":1161,"tas":1021,"vic":4955,"wa":1549},{"ts":"2013-10-03T20:10:00Z","nsw":7220,"qld":5071,"sa":1183,"tas":1041,"vic":5143},{"ts":"2013-10-03T20:20:00Z","nsw":7330,"qld":5149,"sa":1194,"tas":1078,"vic":5241},{"ts":"2013-10-03T20:30:00Z","nsw":7480,"qld":5216,"sa":1220,"tas":1086,"vic":5347,"wa":1569},{"ts":"2013-10-03T20:40:00Z","nsw":7636,"qld":5287,"sa":1248,"tas":1111,"vic":5495},{"ts":"2013-10-03T20:50:00Z","nsw":7738,"qld":5314,"sa":1281,"tas":1152,"vic":5583},{"ts":"2013-10-03T21:00:00Z","nsw":7715,"qld":5456,"sa":1303,"tas":1157,"vic":5615,"wa":1585},{"ts":"2013-10-03T21:10:00Z","nsw":7748,"qld":5537,"sa":1290,"tas":1172,"vic":5584},{"ts":"2013-10-03T21:20:00Z","nsw":7793,"qld":5568,"sa":1292,"tas":1191,"vic":5707},{"ts":"2013-10-03T21:30:00Z","nsw":7864,"qld":5606,"sa":1291,"tas":1187,"vic":5791,"wa":1651},{"ts":"2013-10-03T21:40:00Z","nsw":7940,"qld":5620,"sa":1283,"tas":1193,"vic":5831},{"ts":"2013-10-03T21:50:00Z","nsw":8053,"qld":5618,"sa":1307,"tas":1216,"vic":5834},{"ts":"2013-10-03T22:00:00Z","nsw":8062,"qld":5663,"sa":1302,"tas":1232,"vic":5917,"wa":1703},{"ts":"2013-10-03T22:10:00Z","nsw":8092,"qld":5638,"sa":1314,"tas":1230,"vic":5984},{"ts":"2013-10-03T22:20:00Z","nsw":8176,"qld":5657,"sa":1323,"tas":1225,"vic":6008},{"ts":"2013-10-03T22:30:00Z","nsw":8175,"qld":5611,"sa":1308,"tas":1210,"vic":5976,"wa":1801},{"ts":"2013-10-03T22:40:00Z","nsw":8185,"qld":5595,"sa":1316,"tas":1195,"vic":5942},{"ts":"2013-10-03T22:50:00Z","nsw":8183,"qld":5574,"sa":1298,"tas":1214,"vic":5962},{"ts":"2013-10-03T23:00:00Z","nsw":8200,"qld":5585,"sa":1292,"tas":1209,"vic":5918,"wa":1905},{"ts":"2013-10-03T23:10:00Z","nsw":8247,"qld":5566,"sa":1322,"tas":1201,"vic":5872},{"ts":"2013-10-03T23:20:00Z","nsw":8157,"qld":5582,"sa":1354,"tas":1188,"vic":5788},{"ts":"2013-10-03T23:30:00Z","nsw":8185,"qld":5543,"sa":1297,"tas":1161,"vic":5786,"wa":2007},{"ts":"2013-10-03T23:40:00Z","nsw":8210,"qld":5566,"sa":1249,"tas":1163,"vic":5765},{"ts":"2013-10-03T23:50:00Z","nsw":8196,"qld":5546,"sa":1230,"tas":1156,"vic":5768},{"ts":"2013-10-04T00:00:00Z","nsw":8247,"qld":5484,"sa":1210,"tas":1153,"vic":5686,"wa":2108},{"ts":"2013-10-04T00:10:00Z","nsw":8225,"qld":5541,"sa":1189,"tas":1142,"vic":5688},{"ts":"2013-10-04T00:20:00Z","nsw":8140,"qld":5510,"sa":1173,"tas":1129,"vic":5655},{"ts":"2013-10-04T00:30:00Z","nsw":8089,"qld":5467,"sa":1145,"tas":1116,"vic":5622,"wa":2134},{"ts":"2013-10-04T00:40:00Z","nsw":8177,"qld":5434,"sa":1138,"tas":1135,"vic":5603},{"ts":"2013-10-04T00:50:00Z","nsw":8126,"qld":5502,"sa":1126,"tas":1150,"vic":5564},{"ts":"2013-10-04T01:00:00Z","nsw":8067,"qld":5513,"sa":1135,"tas":1142,"vic":5590,"wa":2170},{"ts":"2013-10-04T01:10:00Z","nsw":8059,"qld":5427,"sa":1114,"tas":1143,"vic":5538},{"ts":"2013-10-04T01:20:00Z","nsw":8038,"qld":5446,"sa":1099,"tas":1139,"vic":5523},{"ts":"2013-10-04T01:30:00Z","nsw":8061,"qld":5405,"sa":1095,"tas":1122,"vic":5517,"wa":2208},{"ts":"2013-10-04T01:40:00Z","nsw":7992,"qld":5462,"sa":1099,"tas":1106,"vic":5521},{"ts":"2013-10-04T01:50:00Z","nsw":7966,"qld":5445,"sa":1091,"tas":1111,"vic":5517},{"ts":"2013-10-04T02:00:00Z","nsw":7922,"qld":5469,"sa":1105,"tas":1104,"vic":5517,"wa":2215},{"ts":"2013-10-04T02:10:00Z","nsw":7952,"qld":5449,"sa":1069,"tas":1094,"vic":5516},{"ts":"2013-10-04T02:20:00Z","nsw":7919,"qld":5475,"sa":1093,"tas":1104,"vic":5484},{"ts":"2013-10-04T02:30:00Z","nsw":7896,"qld":5471,"sa":1089,"tas":1097,"vic":5487,"wa":2172},{"ts":"2013-10-04T02:40:00Z","nsw":7910,"qld":5478,"sa":1071,"tas":1099,"vic":5471},{"ts":"2013-10-04T02:50:00Z","nsw":7842,"qld":5502,"sa":1085,"tas":1102,"vic":5435},{"ts":"2013-10-04T03:00:00Z","nsw":7828,"qld":5467,"sa":1088,"tas":1092,"vic":5421,"wa":2140},{"ts":"2013-10-04T03:10:00Z","nsw":7766,"qld":5528,"sa":1069,"tas":1078,"vic":5427},{"ts":"2013-10-04T03:20:00Z","nsw":7817,"qld":5496,"sa":1076,"tas":1052,"vic":5481},{"ts":"2013-10-04T03:30:00Z","nsw":7773,"qld":5559,"sa":1072,"tas":1023,"vic":5477,"wa":2141},{"ts":"2013-10-04T03:40:00Z","nsw":7788,"qld":5562,"sa":1068,"tas":1025,"vic":5524},{"ts":"2013-10-04T03:50:00Z","nsw":7766,"qld":5590,"sa":1091,"tas":1051,"vic":5472},{"ts":"2013-10-04T04:00:00Z","nsw":7719,"qld":5560,"sa":1097,"tas":1087,"vic":5444,"wa":2126},{"ts":"2013-10-04T04:10:00Z","nsw":7700,"qld":5587,"sa":1113,"tas":1092,"vic":5436},{"ts":"2013-10-04T04:20:00Z","nsw":7701,"qld":5666,"sa":1103,"tas":1077,"vic":5457},{"ts":"2013-10-04T04:30:00Z","nsw":7679,"qld":5622,"sa":1106,"tas":1069,"vic":5377,"wa":2122},{"ts":"2013-10-04T04:40:00Z","nsw":7719,"qld":5591,"sa":1095,"tas":1066,"vic":5296},{"ts":"2013-10-04T04:50:00Z","nsw":7731,"qld":5600,"sa":1087,"tas":1080,"vic":5291},{"ts":"2013-10-04T05:00:00Z","nsw":7747,"qld":5653,"sa":1110,"tas":1094,"vic":5283,"wa":2126},{"ts":"2013-10-04T05:10:00Z","nsw":7718,"qld":5688,"sa":1114,"tas":1096,"vic":5318},{"ts":"2013-10-04T05:20:00Z","nsw":7721,"qld":5718,"sa":1129,"tas":1088,"vic":5338},{"ts":"2013-10-04T05:30:00Z","nsw":7745,"qld":5715,"sa":1167,"tas":1095,"vic":5295,"wa":2126},{"ts":"2013-10-04T05:40:00Z","nsw":7728,"qld":5722,"sa":1188,"tas":1100,"vic":5372},{"ts":"2013-10-04T05:50:00Z","nsw":7720,"qld":5798,"sa":1212,"tas":1112,"vic":5372},{"ts":"2013-10-04T06:00:00Z","nsw":7730,"qld":5860,"sa":1215,"tas":1094,"vic":5321,"wa":2143},{"ts":"2013-10-04T06:10:00Z","nsw":7742,"qld":5916,"sa":1248,"tas":1091,"vic":5359},{"ts":"2013-10-04T06:20:00Z","nsw":7799,"qld":5953,"sa":1259,"tas":1125,"vic":5409},{"ts":"2013-10-04T06:30:00Z","nsw":7794,"qld":5931,"sa":1265,"tas":1147,"vic":5423,"wa":2150},{"ts":"2013-10-04T06:40:00Z","nsw":7859,"qld":6021,"sa":1277,"tas":1172,"vic":5431},{"ts":"2013-10-04T06:50:00Z","nsw":7847,"qld":6141,"sa":1314,"tas":1191,"vic":5388},{"ts":"2013-10-04T07:00:00Z","nsw":7836,"qld":6105,"sa":1311,"tas":1181,"vic":5506,"wa":2158},{"ts":"2013-10-04T07:10:00Z","nsw":7925,"qld":6022,"sa":1345,"tas":1165,"vic":5491},{"ts":"2013-10-04T07:20:00Z","nsw":7884,"qld":5991,"sa":1342,"tas":1152,"vic":5563},{"ts":"2013-10-04T07:30:00Z","nsw":7984,"qld":5944,"sa":1385,"tas":1182,"vic":5564,"wa":2165},{"ts":"2013-10-04T07:40:00Z","nsw":7993,"qld":6026,"sa":1384,"tas":1200,"vic":5603},{"ts":"2013-10-04T07:50:00Z","nsw":8059,"qld":6044,"sa":1395,"tas":1192,"vic":5604},{"ts":"2013-10-04T08:00:00Z","nsw":8147,"qld":6035,"sa":1416,"tas":1182,"vic":5669,"wa":2172},{"ts":"2013-10-04T08:10:00Z","nsw":8303,"qld":6070,"sa":1426,"tas":1195,"vic":5668},{"ts":"2013-10-04T08:20:00Z","nsw":8392,"qld":6086,"sa":1441,"tas":1197,"vic":5714},{"ts":"2013-10-04T08:30:00Z","nsw":8562,"qld":6157,"sa":1434,"tas":1202,"vic":5841,"wa":2161},{"ts":"2013-10-04T08:40:00Z","nsw":8503,"qld":6241,"sa":1458,"tas":1204,"vic":5888},{"ts":"2013-10-04T08:50:00Z","nsw":8510,"qld":6090,"sa":1456,"tas":1211,"vic":5960},{"ts":"2013-10-04T09:00:00Z","nsw":8464,"qld":6112,"sa":1461,"tas":1226,"vic":5915,"wa":2193},{"ts":"2013-10-04T09:10:00Z","nsw":8317,"qld":6107,"sa":1481,"tas":1227,"vic":5868},{"ts":"2013-10-04T09:20:00Z","nsw":8225,"qld":5968,"sa":1498,"tas":1227,"vic":5824},{"ts":"2013-10-04T09:30:00Z","nsw":8192,"qld":5913,"sa":1509,"tas":1222,"vic":5780,"wa":2203},{"ts":"2013-10-04T09:40:00Z","nsw":8148,"qld":5989,"sa":1496,"tas":1218,"vic":5730},{"ts":"2013-10-04T09:50:00Z","nsw":8100,"qld":5935,"sa":1467,"tas":1215,"vic":5710},{"ts":"2013-10-04T10:00:00Z","nsw":8038,"qld":5933,"sa":1468,"tas":1205,"vic":5688,"wa":2228},{"ts":"2013-10-04T10:10:00Z","nsw":8004,"qld":5949,"sa":1450,"tas":1223,"vic":5687},{"ts":"2013-10-04T10:20:00Z","nsw":7966,"qld":5872,"sa":1438,"tas":1229,"vic":5649},{"ts":"2013-10-04T10:30:00Z","nsw":7851,"qld":5828,"sa":1438,"tas":1224,"vic":5555,"wa":2234},{"ts":"2013-10-04T10:40:00Z","nsw":7819,"qld":5716,"sa":1412,"tas":1203,"vic":5481},{"ts":"2013-10-04T10:50:00Z","nsw":7774,"qld":5722,"sa":1396,"tas":1166,"vic":5487},{"ts":"2013-10-04T11:00:00Z","nsw":7728,"qld":5618,"sa":1374,"tas":1150,"vic":5432,"wa":2330},{"ts":"2013-10-04T11:10:00Z","nsw":7717,"qld":5625,"sa":1348,"tas":1157,"vic":5378},{"ts":"2013-10-04T11:20:00Z","nsw":7636,"qld":5622,"sa":1351,"tas":1161,"vic":5297},{"ts":"2013-10-04T11:30:00Z","nsw":7549,"qld":5585,"sa":1321,"tas":1150,"vic":5209,"wa":2354},{"ts":"2013-10-04T11:40:00Z","nsw":7560,"qld":5546,"sa":1287,"tas":1127,"vic":5171},{"ts":"2013-10-04T11:50:00Z","nsw":7483,"qld":5489,"sa":1282,"tas":1128,"vic":5128},{"ts":"2013-10-04T12:00:00Z","nsw":7558,"qld":5437,"sa":1269,"tas":1112,"vic":5037,"wa":2287},{"ts":"2013-10-04T12:10:00Z","nsw":7661,"qld":5446,"sa":1252,"tas":1103,"vic":5042},{"ts":"2013-10-04T12:20:00Z","nsw":7577,"qld":5403,"sa":1242,"tas":1091,"vic":5071},{"ts":"2013-10-04T12:30:00Z","nsw":7617,"qld":5355,"sa":1232,"tas":1070,"vic":4991,"wa":2228},{"ts":"2013-10-04T12:40:00Z","nsw":7615,"qld":5418,"sa":1235,"tas":1049,"vic":4964},{"ts":"2013-10-04T12:50:00Z","nsw":7565,"qld":5303,"sa":1219,"tas":1040,"vic":4984}],"output":[{"ts":"2013-10-03T18:00:00Z","nsw":1,"qld":2,"sa":0,"tas":0,"vic":0,"wa":0},{"ts":"2013-10-03T18:10:00Z","nsw":1,"qld":2,"sa":0,"tas":0,"vic":0},{"ts":"2013-10-03T18:20:00Z","nsw":1,"qld":2,"sa":0,"tas":0,"vic":0},{"ts":"2013-10-03T18:30:00Z","nsw":1,"qld":2,"sa":0,"tas":0,"vic":0,"wa":0},{"ts":"2013-10-03T18:40:00Z","nsw":1,"qld":2,"sa":0,"tas":0,"vic":1},{"ts":"2013-10-03T18:50:00Z","nsw":1,"qld":2,"sa":0,"tas":0,"vic":0},{"ts":"2013-10-03T19:00:00Z","nsw":1,"qld":2,"sa":0,"tas":0,"vic":0,"wa":0},{"ts":"2013-10-03T19:10:00Z","nsw":1,"qld":2,"sa":0,"tas":0,"vic":0},{"ts":"2013-10-03T19:20:00Z","nsw":1,"qld":0,"sa":0,"tas":0,"vic":1},{"ts":"2013-10-03T19:30:00Z","nsw":2,"qld":4,"sa":0,"tas":0,"vic":0,"wa":0},{"ts":"2013-10-03T19:40:00Z","nsw":2,"qld":12,"sa":0,"tas":0,"vic":0},{"ts":"2013-10-03T19:50:00Z","nsw":7,"qld":23,"sa":0,"tas":0,"vic":0},{"ts":"2013-10-03T20:00:00Z","nsw":11,"qld":39,"sa":0,"tas":0,"vic":1,"wa":0},{"ts":"2013-10-03T20:10:00Z","nsw":19,"qld":57,"sa":0,"tas":0,"vic":5},{"ts":"2013-10-03T20:20:00Z","nsw":27,"qld":76,"sa":0,"tas":0,"vic":9},{"ts":"2013-10-03T20:30:00Z","nsw":38,"qld":95,"sa":2,"tas":1,"vic":12,"wa":0},{"ts":"2013-10-03T20:40:00Z","nsw":48,"qld":120,"sa":5,"tas":1,"vic":23},{"ts":"2013-10-03T20:50:00Z","nsw":58,"qld":146,"sa":9,"tas":1,"vic":32},{"ts":"2013-10-03T21:00:00Z","nsw":72,"qld":175,"sa":14,"tas":2,"vic":45,"wa":0},{"ts":"2013-10-03T21:10:00Z","nsw":91,"qld":205,"sa":22,"tas":3,"vic":60},{"ts":"2013-10-03T21:20:00Z","nsw":110,"qld":233,"sa":29,"tas":4,"vic":74},{"ts":"2013-10-03T21:30:00Z","nsw":130,"qld":260,"sa":39,"tas":5,"vic":87,"wa":0},{"ts":"2013-10-03T21:40:00Z","nsw":147,"qld":296,"sa":50,"tas":6,"vic":106},{"ts":"2013-10-03T21:50:00Z","nsw":157,"qld":324,"sa":60,"tas":5,"vic":117},{"ts":"2013-10-03T22:00:00Z","nsw":177,"qld":348,"sa":70,"tas":6,"vic":133,"wa":1},{"ts":"2013-10-03T22:10:00Z","nsw":193,"qld":379,"sa":90,"tas":7,"vic":149},{"ts":"2013-10-03T22:20:00Z","nsw":210,"qld":406,"sa":98,"tas":9,"vic":161},{"ts":"2013-10-03T22:30:00Z","nsw":228,"qld":427,"sa":116,"tas":9,"vic":171,"wa":8},{"ts":"2013-10-03T22:40:00Z","nsw":240,"qld":453,"sa":129,"tas":8,"vic":190},{"ts":"2013-10-03T22:50:00Z","nsw":253,"qld":470,"sa":143,"tas":8,"vic":197},{"ts":"2013-10-03T23:00:00Z","nsw":272,"qld":489,"sa":153,"tas":9,"vic":215,"wa":25},{"ts":"2013-10-03T23:10:00Z","nsw":288,"qld":510,"sa":165,"tas":10,"vic":229},{"ts":"2013-10-03T23:20:00Z","nsw":298,"qld":526,"sa":171,"tas":11,"vic":239},{"ts":"2013-10-03T23:30:00Z","nsw":309,"qld":537,"sa":183,"tas":10,"vic":245,"wa":32},{"ts":"2013-10-03T23:40:00Z","nsw":327,"qld":548,"sa":193,"tas":12,"vic":260},{"ts":"2013-10-03T23:50:00Z","nsw":334,"qld":560,"sa":205,"tas":14,"vic":263},{"ts":"2013-10-04T00:00:00Z","nsw":345,"qld":570,"sa":213,"tas":15,"vic":276,"wa":49},{"ts":"2013-10-04T00:10:00Z","nsw":354,"qld":576,"sa":226,"tas":14,"vic":284},{"ts":"2013-10-04T00:20:00Z","nsw":360,"qld":587,"sa":232,"tas":17,"vic":290},{"ts":"2013-10-04T00:30:00Z","nsw":351,"qld":587,"sa":244,"tas":15,"vic":293,"wa":74},{"ts":"2013-10-04T00:40:00Z","nsw":370,"qld":591,"sa":246,"tas":16,"vic":301},{"ts":"2013-10-04T00:50:00Z","nsw":370,"qld":593,"sa":253,"tas":16,"vic":304},{"ts":"2013-10-04T01:00:00Z","nsw":385,"qld":603,"sa":255,"tas":19,"vic":311,"wa":103},{"ts":"2013-10-04T01:10:00Z","nsw":358,"qld":603,"sa":259,"tas":16,"vic":318},{"ts":"2013-10-04T01:20:00Z","nsw":370,"qld":610,"sa":262,"tas":17,"vic":321},{"ts":"2013-10-04T01:30:00Z","nsw":365,"qld":605,"sa":268,"tas":16,"vic":316,"wa":110},{"ts":"2013-10-04T01:40:00Z","nsw":363,"qld":610,"sa":265,"tas":18,"vic":324},{"ts":"2013-10-04T01:50:00Z","nsw":361,"qld":605,"sa":270,"tas":17,"vic":314},{"ts":"2013-10-04T02:00:00Z","nsw":378,"qld":606,"sa":273,"tas":18,"vic":317,"wa":128},{"ts":"2013-10-04T02:10:00Z","nsw":367,"qld":605,"sa":277,"tas":14,"vic":310},{"ts":"2013-10-04T02:20:00Z","nsw":377,"qld":603,"sa":271,"tas":13,"vic":311},{"ts":"2013-10-04T02:30:00Z","nsw":361,"qld":596,"sa":280,"tas":12,"vic":299,"wa":136},{"ts":"2013-10-04T02:40:00Z","nsw":366,"qld":591,"sa":280,"tas":12,"vic":299},{"ts":"2013-10-04T02:50:00Z","nsw":367,"qld":584,"sa":277,"tas":13,"vic":290},{"ts":"2013-10-04T03:00:00Z","nsw":355,"qld":580,"sa":275,"tas":14,"vic":299,"wa":152},{"ts":"2013-10-04T03:10:00Z","nsw":359,"qld":570,"sa":277,"tas":14,"vic":285},{"ts":"2013-10-04T03:20:00Z","nsw":360,"qld":558,"sa":270,"tas":17,"vic":291},{"ts":"2013-10-04T03:30:00Z","nsw":341,"qld":550,"sa":273,"tas":16,"vic":284,"wa":155},{"ts":"2013-10-04T03:40:00Z","nsw":341,"qld":538,"sa":271,"tas":21,"vic":296},{"ts":"2013-10-04T03:50:00Z","nsw":339,"qld":528,"sa":269,"tas":21,"vic":290},{"ts":"2013-10-04T04:00:00Z","nsw":325,"qld":511,"sa":261,"tas":23,"vic":289,"wa":170},{"ts":"2013-10-04T04:10:00Z","nsw":320,"qld":492,"sa":256,"tas":22,"vic":282},{"ts":"2013-10-04T04:20:00Z","nsw":316,"qld":480,"sa":253,"tas":21,"vic":271},{"ts":"2013-10-04T04:30:00Z","nsw":306,"qld":455,"sa":249,"tas":16,"vic":258,"wa":171},{"ts":"2013-10-04T04:40:00Z","nsw":288,"qld":440,"sa":243,"tas":15,"vic":256},{"ts":"2013-10-04T04:50:00Z","nsw":269,"qld":416,"sa":232,"tas":12,"vic":240},{"ts":"2013-10-04T05:00:00Z","nsw":261,"qld":392,"sa":227,"tas":11,"vic":234,"wa":166},{"ts":"2013-10-04T05:10:00Z","nsw":247,"qld":363,"sa":217,"tas":9,"vic":217},{"ts":"2013-10-04T05:20:00Z","nsw":229,"qld":337,"sa":206,"tas":9,"vic":206},{"ts":"2013-10-04T05:30:00Z","nsw":213,"qld":310,"sa":198,"tas":7,"vic":197,"wa":149},{"ts":"2013-10-04T05:40:00Z","nsw":194,"qld":281,"sa":191,"tas":5,"vic":186},{"ts":"2013-10-04T05:50:00Z","nsw":177,"qld":252,"sa":183,"tas":4,"vic":168},{"ts":"2013-10-04T06:00:00Z","nsw":157,"qld":224,"sa":170,"tas":4,"vic":159,"wa":118},{"ts":"2013-10-04T06:10:00Z","nsw":142,"qld":192,"sa":162,"tas":4,"vic":139},{"ts":"2013-10-04T06:20:00Z","nsw":124,"qld":168,"sa":149,"tas":3,"vic":125},{"ts":"2013-10-04T06:30:00Z","nsw":106,"qld":137,"sa":138,"tas":2,"vic":110,"wa":90},{"ts":"2013-10-04T06:40:00Z","nsw":85,"qld":112,"sa":122,"tas":2,"vic":96},{"ts":"2013-10-04T06:50:00Z","nsw":71,"qld":87,"sa":119,"tas":2,"vic":81},{"ts":"2013-10-04T07:00:00Z","nsw":60,"qld":66,"sa":100,"tas":1,"vic":67,"wa":76},{"ts":"2013-10-04T07:10:00Z","nsw":44,"qld":45,"sa":85,"tas":1,"vic":52},{"ts":"2013-10-04T07:20:00Z","nsw":36,"qld":31,"sa":78,"tas":1,"vic":45},{"ts":"2013-10-04T07:30:00Z","nsw":27,"qld":18,"sa":63,"tas":1,"vic":33,"wa":64},{"ts":"2013-10-04T07:40:00Z","nsw":17,"qld":8,"sa":52,"tas":0,"vic":24},{"ts":"2013-10-04T07:50:00Z","nsw":13,"qld":4,"sa":44,"tas":0,"vic":17},{"ts":"2013-10-04T08:00:00Z","nsw":7,"qld":4,"sa":32,"tas":0,"vic":10,"wa":70},{"ts":"2013-10-04T08:10:00Z","nsw":4,"qld":2,"sa":24,"tas":0,"vic":5},{"ts":"2013-10-04T08:20:00Z","nsw":2,"qld":3,"sa":14,"tas":0,"vic":4},{"ts":"2013-10-04T08:30:00Z","nsw":2,"qld":2,"sa":9,"tas":0,"vic":2,"wa":57},{"ts":"2013-10-04T08:40:00Z","nsw":2,"qld":2,"sa":3,"tas":0,"vic":2},{"ts":"2013-10-04T08:50:00Z","nsw":2,"qld":2,"sa":1,"tas":0,"vic":2},{"ts":"2013-10-04T09:00:00Z","nsw":3,"qld":2,"sa":1,"tas":0,"vic":1,"wa":38},{"ts":"2013-10-04T09:10:00Z","nsw":2,"qld":2,"sa":1,"tas":0,"vic":0},{"ts":"2013-10-04T09:20:00Z","nsw":2,"qld":2,"sa":1,"tas":0,"vic":0},{"ts":"2013-10-04T09:30:00Z","nsw":2,"qld":2,"sa":1,"tas":0,"vic":0,"wa":26},{"ts":"2013-10-04T09:40:00Z","nsw":2,"qld":2,"sa":0,"tas":0,"vic":0},{"ts":"2013-10-04T09:50:00Z","nsw":2,"qld":2,"sa":0,"tas":0,"vic":1},{"ts":"2013-10-04T10:00:00Z","nsw":2,"qld":3,"sa":0,"tas":0,"vic":0,"wa":8},{"ts":"2013-10-04T10:10:00Z","nsw":2,"qld":2,"sa":0,"tas":0,"vic":1},{"ts":"2013-10-04T10:20:00Z","nsw":2,"qld":3,"sa":0,"tas":0,"vic":0},{"ts":"2013-10-04T10:30:00Z","nsw":2,"qld":2,"sa":1,"tas":0,"vic":0,"wa":4},{"ts":"2013-10-04T10:40:00Z","nsw":2,"qld":2,"sa":1,"tas":0,"vic":0},{"ts":"2013-10-04T10:50:00Z","nsw":2,"qld":2,"sa":1,"tas":0,"vic":0},{"ts":"2013-10-04T11:00:00Z","nsw":2,"qld":2,"sa":1,"tas":0,"vic":0,"wa":8},{"ts":"2013-10-04T11:10:00Z","nsw":2,"qld":7,"sa":1,"tas":0,"vic":0},{"ts":"2013-10-04T11:20:00Z","nsw":2,"qld":3,"sa":1,"tas":0,"vic":2},{"ts":"2013-10-04T11:30:00Z","nsw":2,"qld":8,"sa":1,"tas":0,"vic":1,"wa":12},{"ts":"2013-10-04T11:40:00Z","nsw":2,"qld":5,"sa":0,"tas":0,"vic":0},{"ts":"2013-10-04T11:50:00Z","nsw":3,"qld":3,"sa":0,"tas":0,"vic":0},{"ts":"2013-10-04T12:00:00Z","nsw":2,"qld":3,"sa":0,"tas":0,"vic":0,"wa":12},{"ts":"2013-10-04T12:10:00Z","nsw":2,"qld":3,"sa":0,"tas":0,"vic":0},{"ts":"2013-10-04T12:20:00Z","nsw":2,"qld":3,"sa":0,"tas":0,"vic":0},{"ts":"2013-10-04T12:30:00Z","nsw":2,"qld":3,"sa":0,"tas":0,"vic":0,"wa":3},{"ts":"2013-10-04T12:40:00Z","nsw":2,"qld":3,"sa":0,"tas":0,"vic":0},{"ts":"2013-10-04T12:50:00Z","nsw":2,"qld":3,"sa":0,"tas":0,"vic":0}]}