{"performance":[{"ts":"2013-06-25T18:00:00Z","nsw":"0.24","nt":"0.00","qld":"0.32","sa":"0.10","tas":"0.00","vic":"0.10","wa":"0.10"},{"ts":"2013-06-25T18:10:00Z","nsw":"0.25","nt":"0.00","qld":"0.32","sa":"0.10","tas":"0.00","vic":"0.10","wa":"0.11"},{"ts":"2013-06-25T18:20:00Z","nsw":"0.23","nt":"0.00","qld":"0.32","sa":"0.10","tas":"0.00","vic":"0.08","wa":"0.10"},{"ts":"2013-06-25T18:30:00Z","nsw":"0.21","nt":"0.00","qld":"0.32","sa":"0.10","tas":"0.00","vic":"0.07","wa":"0.11"},{"ts":"2013-06-25T18:40:00Z","nsw":"0.17","nt":"0.00","qld":"0.33","sa":"0.10","tas":"0.00","vic":"0.11","wa":"0.10"},{"ts":"2013-06-25T18:50:00Z","nsw":"0.15","nt":"0.00","qld":"0.33","sa":"0.10","tas":"0.00","vic":"0.10","wa":"0.11"},{"ts":"2013-06-25T19:00:00Z","nsw":"0.58","nt":"0.00","qld":"0.35","sa":"0.10","tas":"0.00","vic":"0.06","wa":"0.10"},{"ts":"2013-06-25T19:10:00Z","nsw":"0.21","nt":"0.00","qld":"0.36","sa":"0.10","tas":"0.00","vic":"0.08","wa":"0.11"},{"ts":"2013-06-25T19:20:00Z","nsw":"0.18","nt":"0.00","qld":"0.36","sa":"0.10","tas":"0.00","vic":"0.08","wa":"0.11"},{"ts":"2013-06-25T19:30:00Z","nsw":"0.16","nt":"0.00","qld":"0.36","sa":"0.10","tas":"0.00","vic":"0.08","wa":"0.11"},{"ts":"2013-06-25T19:40:00Z","nsw":"0.17","nt":"0.00","qld":"0.38","sa":"0.13","tas":"0.00","vic":"0.06","wa":"0.10"},{"ts":"2013-06-25T19:50:00Z","nsw":"0.13","nt":"0.00","qld":"0.36","sa":"0.10","tas":"0.00","vic":"0.07","wa":"0.11"},{"ts":"2013-06-25T20:00:00Z","nsw":"0.18","nt":"0.00","qld":"0.37","sa":"0.10","tas":"0.00","vic":"0.09","wa":"0.10"},{"ts":"2013-06-25T20:10:00Z","nsw":"0.17","nt":"0.00","qld":"0.40","sa":"0.10","tas":"0.00","vic":"0.08","wa":"0.11"},{"ts":"2013-06-25T20:20:00Z","nsw":"0.19","nt":"0.00","qld":"0.35","sa":"0.10","tas":"0.00","vic":"0.08","wa":"0.10"},{"ts":"2013-06-25T20:30:00Z","nsw":"0.23","nt":"0.00","qld":"0.25","sa":"0.14","tas":"0.00","vic":"0.10","wa":"0.11"},{"ts":"2013-06-25T20:40:00Z","nsw":"0.50","nt":"0.00","qld":"0.27","sa":"0.10","tas":"0.00","vic":"0.10","wa":"0.10"},{"ts":"2013-06-25T20:50:00Z","nsw":"0.22","nt":"0.00","qld":"1.08","sa":"0.10","tas":"0.00","vic":"0.07","wa":"0.11"},{"ts":"2013-06-25T21:00:00Z","nsw":"0.23","nt":"0.00","qld":"2.30","sa":"0.07","tas":"0.00","vic":"0.07","wa":"0.11"},{"ts":"2013-06-25T21:10:00Z","nsw":"0.71","nt":"0.00","qld":"3.96","sa":"0.11","tas":"0.00","vic":"0.07","wa":"0.13"},{"ts":"2013-06-25T21:20:00Z","nsw":"1.42","nt":"0.00","qld":"6.20","sa":"0.10","tas":"0.00","vic":"0.06","wa":"0.11"},{"ts":"2013-06-25T21:30:00Z","nsw":"1.43","nt":"0.08","qld":"8.86","sa":"0.12","tas":"0.00","vic":"0.07","wa":"0.12"},{"ts":"2013-06-25T21:40:00Z","nsw":"2.23","nt":"0.04","qld":"12.18","sa":"0.12","tas":"0.00","vic":"0.28","wa":"0.12"},{"ts":"2013-06-25T21:50:00Z","nsw":"3.27","nt":"0.20","qld":"14.89","sa":"0.11","tas":"0.10","vic":"1.03","wa":"0.11"},{"ts":"2013-06-25T22:00:00Z","nsw":"4.70","nt":"0.79","qld":"18.57","sa":"0.23","tas":"0.51","vic":"2.46","wa":"0.26"},{"ts":"2013-06-25T22:10:00Z","nsw":"6.04","nt":"1.60","qld":"21.96","sa":"1.30","tas":"1.19","vic":"4.13","wa":"0.27"},{"ts":"2013-06-25T22:20:00Z","nsw":"7.94","nt":"2.18","qld":"25.42","sa":"2.23","tas":"2.34","vic":"6.45","wa":"0.26"},{"ts":"2013-06-25T22:30:00Z","nsw":"9.47","nt":"3.21","qld":"28.34","sa":"3.87","tas":"3.61","vic":"9.02","wa":"0.28"},{"ts":"2013-06-25T22:40:00Z","nsw":"11.45","nt":"4.45","qld":"32.14","sa":"5.81","tas":"4.07","vic":"11.99","wa":"0.24"},{"ts":"2013-06-25T22:50:00Z","nsw":"12.23","nt":"5.61","qld":"34.65","sa":"8.47","tas":"4.09","vic":"14.21","wa":"0.12"},{"ts":"2013-06-25T23:00:00Z","nsw":"14.43","nt":"7.16","qld":"37.85","sa":"10.93","tas":"5.64","vic":"17.45","wa":"0.10"},{"ts":"2013-06-25T23:10:00Z","nsw":"15.82","nt":"8.22","qld":"40.54","sa":"13.24","tas":"6.52","vic":"20.00","wa":"0.12"},{"ts":"2013-06-25T23:20:00Z","nsw":"18.49","nt":"12.95","qld":"43.62","sa":"16.38","tas":"7.41","vic":"22.80","wa":"0.18"},{"ts":"2013-06-25T23:30:00Z","nsw":"19.09","nt":"14.59","qld":"44.98","sa":"18.63","tas":"7.88","vic":"26.09","wa":"0.84"},{"ts":"2013-06-25T23:40:00Z","nsw":"19.41","nt":"18.19","qld":"47.93","sa":"21.04","tas":"10.96","vic":"29.05","wa":"1.88"},{"ts":"2013-06-25T23:50:00Z","nsw":"19.35","nt":"21.83","qld":"50.20","sa":"25.14","tas":"8.88","vic":"31.44","wa":"3.66"},{"ts":"2013-06-26T00:00:00Z","nsw":"21.97","nt":"25.60","qld":"51.85","sa":"26.85","tas":"12.65","vic":"34.55","wa":"6.68"},{"ts":"2013-06-26T00:10:00Z","nsw":"21.27","nt":"29.11","qld":"53.86","sa":"29.61","tas":"16.31","vic":"35.63","wa":"9.51"},{"ts":"2013-06-26T00:20:00Z","nsw":"24.36","nt":"32.51","qld":"55.51","sa":"31.92","tas":"23.00","vic":"38.75","wa":"12.41"},{"ts":"2013-06-26T00:30:00Z","nsw":"26.01","nt":"36.12","qld":"56.72","sa":"33.86","tas":"19.00","vic":"41.10","wa":"16.00"},{"ts":"2013-06-26T00:40:00Z","nsw":"25.34","nt":"37.99","qld":"58.23","sa":"36.15","tas":"20.03","vic":"42.23","wa":"17.90"},{"ts":"2013-06-26T00:50:00Z","nsw":"25.02","nt":"40.68","qld":"59.13","sa":"37.77","tas":"19.77","vic":"44.07","wa":"19.60"},{"ts":"2013-06-26T01:00:00Z","nsw":"31.18","nt":"43.55","qld":"59.80","sa":"39.40","tas":"22.24","vic":"45.58","wa":"22.57"},{"ts":"2013-06-26T01:10:00Z","nsw":"30.50","nt":"46.21","qld":"57.59","sa":"42.20","tas":"20.33","vic":"46.50","wa":"25.62"},{"ts":"2013-06-26T01:20:00Z","nsw":"34.16","nt":"48.78","qld":"59.75","sa":"43.80","tas":"20.61","vic":"48.32","wa":"29.29"},{"ts":"2013-06-26T01:30:00Z","nsw":"29.97","nt":"51.77","qld":"60.79","sa":"44.88","tas":"17.22","vic":"48.75","wa":"32.05"},{"ts":"2013-06-26T01:40:00Z","nsw":"35.22","nt":"52.30","qld":"61.32","sa":"46.46","tas":"24.25","vic":"48.92","wa":"33.84"},{"ts":"2013-06-26T01:50:00Z","nsw":"31.77","nt":"55.21","qld":"61.45","sa":"48.10","tas":"19.79","vic":"49.91","wa":"35.12"},{"ts":"2013-06-26T02:00:00Z","nsw":"36.99","nt":"56.79","qld":"62.33","sa":"48.11","tas":"27.91","vic":"50.71","wa":"38.00"},{"ts":"2013-06-26T02:10:00Z","nsw":"33.89","nt":"57.04","qld":"61.94","sa":"49.02","tas":"24.63","vic":"50.55","wa":"39.13"},{"ts":"2013-06-26T02:20:00Z","nsw":"34.67","nt":"59.24","qld":"61.87","sa":"49.82","tas":"28.08","vic":"51.83","wa":"42.20"},{"ts":"2013-06-26T02:30:00Z","nsw":"33.83","nt":"60.23","qld":"60.38","sa":"50.87","tas":"26.90","vic":"50.48","wa":"44.37"},{"ts":"2013-06-26T02:40:00Z","nsw":"33.91","nt":"59.72","qld":"60.59","sa":"52.61","tas":"24.28","vic":"51.14","wa":"45.20"},{"ts":"2013-06-26T02:50:00Z","nsw":"30.61","nt":"61.38","qld":"59.32","sa":"51.95","tas":"22.00","vic":"50.08","wa":"46.72"},{"ts":"2013-06-26T03:00:00Z","nsw":"34.14","nt":"62.13","qld":"58.65","sa":"52.14","tas":"28.94","vic":"50.50","wa":"46.64"},{"ts":"2013-06-26T03:10:00Z","nsw":"32.72","nt":"60.93","qld":"57.49","sa":"51.84","tas":"26.90","vic":"48.62","wa":"43.99"},{"ts":"2013-06-26T03:20:00Z","nsw":"31.76","nt":"62.05","qld":"55.75","sa":"50.89","tas":"34.56","vic":"48.33","wa":"40.71"},{"ts":"2013-06-26T03:30:00Z","nsw":"26.46","nt":"62.28","qld":"53.90","sa":"50.98","tas":"31.52","vic":"46.85","wa":"38.95"},{"ts":"2013-06-26T03:40:00Z","nsw":"30.79","nt":"60.74","qld":"52.98","sa":"48.55","tas":"32.64","vic":"45.47","wa":"35.83"},{"ts":"2013-06-26T03:50:00Z","nsw":"27.50","nt":"60.42","qld":"51.17","sa":"48.15","tas":"31.02","vic":"43.96","wa":"35.44"},{"ts":"2013-06-26T04:00:00Z","nsw":"27.42","nt":"61.17","qld":"48.78","sa":"45.08","tas":"30.64","vic":"43.47","wa":"34.86"},{"ts":"2013-06-26T04:10:00Z","nsw":"23.68","nt":"59.55","qld":"45.75","sa":"45.62","tas":"20.92","vic":"41.31","wa":"32.27"},{"ts":"2013-06-26T04:20:00Z","nsw":"25.08","nt":"61.11","qld":"43.50","sa":"42.76","tas":"21.78","vic":"40.34","wa":"34.50"},{"ts":"2013-06-26T04:30:00Z","nsw":"21.77","nt":"60.66","qld":"40.94","sa":"39.91","tas":"21.18","vic":"38.17","wa":"31.74"},{"ts":"2013-06-26T04:40:00Z","nsw":"20.02","nt":"61.00","qld":"37.45","sa":"37.34","tas":"21.41","vic":"34.40","wa":"30.98"},{"ts":"2013-06-26T04:50:00Z","nsw":"17.24","nt":"60.46","qld":"34.31","sa":"38.08","tas":"16.73","vic":"32.71","wa":"28.83"},{"ts":"2013-06-26T05:00:00Z","nsw":"15.15","nt":"59.43","qld":"32.08","sa":"37.20","tas":"17.34","vic":"31.05","wa":"27.77"},{"ts":"2013-06-26T05:10:00Z","nsw":"13.68","nt":"55.00","qld":"28.65","sa":"37.83","tas":"11.97","vic":"26.87","wa":"25.17"},{"ts":"2013-06-26T05:20:00Z","nsw":"12.16","nt":"56.05","qld":"25.15","sa":"34.35","tas":"12.40","vic":"25.02","wa":"24.86"},{"ts":"2013-06-26T05:30:00Z","nsw":"8.97","nt":"53.66","qld":"22.76","sa":"33.05","tas":"7.95","vic":"21.73","wa":"23.36"},{"ts":"2013-06-26T05:40:00Z","nsw":"7.16","nt":"49.62","qld":"19.66","sa":"30.73","tas":"7.46","vic":"18.62","wa":"23.41"},{"ts":"2013-06-26T05:50:00Z","nsw":"6.12","nt":"50.95","qld":"16.72","sa":"28.39","tas":"5.29","vic":"16.43","wa":"22.27"},{"ts":"2013-06-26T06:00:00Z","nsw":"5.30","nt":"45.36","qld":"14.24","sa":"26.45","tas":"6.11","vic":"13.52","wa":"24.76"},{"ts":"2013-06-26T06:10:00Z","nsw":"4.05","nt":"41.38","qld":"10.64","sa":"22.62","tas":"3.10","vic":"10.42","wa":"24.78"},{"ts":"2013-06-26T06:20:00Z","nsw":"3.01","nt":"38.21","qld":"7.82","sa":"20.53","tas":"2.32","vic":"8.41","wa":"25.44"},{"ts":"2013-06-26T06:30:00Z","nsw":"2.19","nt":"35.71","qld":"5.64","sa":"17.68","tas":"0.91","vic":"5.64","wa":"24.02"},{"ts":"2013-06-26T06:40:00Z","nsw":"1.44","nt":"34.37","qld":"3.16","sa":"14.52","tas":"0.31","vic":"3.52","wa":"21.28"},{"ts":"2013-06-26T06:50:00Z","nsw":"1.05","nt":"32.73","qld":"1.77","sa":"11.62","tas":"0.18","vic":"2.19","wa":"18.30"},{"ts":"2013-06-26T07:00:00Z","nsw":"0.63","nt":"27.13","qld":"1.45","sa":"7.12","tas":"0.07","vic":"1.05","wa":"17.90"},{"ts":"2013-06-26T07:10:00Z","nsw":"0.47","nt":"16.26","qld":"0.95","sa":"3.02","tas":"0.09","vic":"0.62","wa":"16.34"},{"ts":"2013-06-26T07:20:00Z","nsw":"0.38","nt":"21.49","qld":"1.02","sa":"2.17","tas":"0.11","vic":"0.45","wa":"13.63"},{"ts":"2013-06-26T07:30:00Z","nsw":"0.40","nt":"20.16","qld":"1.02","sa":"1.75","tas":"0.03","vic":"0.41","wa":"11.80"},{"ts":"2013-06-26T07:40:00Z","nsw":"0.39","nt":"15.84","qld":"0.65","sa":"0.72","tas":"0.00","vic":"0.23","wa":"10.16"},{"ts":"2013-06-26T07:50:00Z","nsw":"0.50","nt":"15.20","qld":"0.53","sa":"0.44","tas":"0.00","vic":"0.13","wa":"8.91"},{"ts":"2013-06-26T08:00:00Z","nsw":"0.51","nt":"11.07","qld":"0.32","sa":"0.34","tas":"0.00","vic":"0.11","wa":"7.85"},{"ts":"2013-06-26T08:10:00Z","nsw":"0.86","nt":"7.75","qld":"0.29","sa":"0.35","tas":"0.00","vic":"0.12","wa":"6.82"},{"ts":"2013-06-26T08:20:00Z","nsw":"1.41","nt":"6.24","qld":"0.33","sa":"0.23","tas":"0.00","vic":"0.14","wa":"5.55"},{"ts":"2013-06-26T08:30:00Z","nsw":"0.92","nt":"3.68","qld":"0.33","sa":"0.21","tas":"0.00","vic":"0.12","wa":"4.17"},{"ts":"2013-06-26T08:40:00Z","nsw":"0.76","nt":"1.78","qld":"0.29","sa":"0.22","tas":"0.14","vic":"0.10","wa":"3.18"},{"ts":"2013-06-26T08:50:00Z","nsw":"1.08","nt":"1.15","qld":"0.32","sa":"0.22","tas":"0.10","vic":"0.12","wa":"1.94"},{"ts":"2013-06-26T09:00:00Z","nsw":"0.87","nt":"0.37","qld":"0.29","sa":"0.23","tas":"0.10","vic":"0.12","wa":"1.05"},{"ts":"2013-06-26T09:10:00Z","nsw":"2.37","nt":"0.25","qld":"0.29","sa":"0.22","tas":"0.00","vic":"0.13","wa":"0.38"},{"ts":"2013-06-26T09:20:00Z","nsw":"1.90","nt":"0.27","qld":"0.28","sa":"0.23","tas":"0.00","vic":"0.11","wa":"0.17"},{"ts":"2013-06-26T09:30:00Z","nsw":"1.13","nt":"0.25","qld":"0.31","sa":"0.21","tas":"0.00","vic":"0.11","wa":"0.16"},{"ts":"2013-06-26T09:40:00Z","nsw":"0.70","nt":"0.25","qld":"0.35","sa":"0.20","tas":"0.00","vic":"0.12","wa":"0.17"},{"ts":"2013-06-26T09:50:00Z","nsw":"2.06","nt":"0.25","qld":"0.35","sa":"0.20","tas":"0.00","vic":"0.14","wa":"0.21"},{"ts":"2013-06-26T10:00:00Z","nsw":"2.88","nt":"0.42","qld":"0.32","sa":"0.20","tas":"0.00","vic":"0.12","wa":"0.21"},{"ts":"2013-06-26T10:10:00Z","nsw":"2.21","nt":"0.42","qld":"0.32","sa":"0.29","tas":"0.00","vic":"0.13","wa":"0.22"},{"ts":"2013-06-26T10:20:00Z","nsw":"0.72","nt":"0.42","qld":"0.31","sa":"0.21","tas":"0.00","vic":"0.12","wa":"0.19"},{"ts":"2013-06-26T10:30:00Z","nsw":"0.74","nt":"0.42","qld":"0.32","sa":"0.21","tas":"0.00","vic":"0.12","wa":"0.22"},{"ts":"2013-06-26T10:40:00Z","nsw":"2.51","nt":"0.42","qld":"0.49","sa":"0.21","tas":"0.00","vic":"0.13","wa":"0.20"},{"ts":"2013-06-26T10:50:00Z","nsw":"0.67","nt":"0.42","qld":"0.36","sa":"0.21","tas":"0.00","vic":"0.14","wa":"0.20"},{"ts":"2013-06-26T11:00:00Z","nsw":"0.67","nt":"0.42","qld":"0.32","sa":"0.21","tas":"0.00","vic":"0.14","wa":"0.21"},{"ts":"2013-06-26T11:10:00Z","nsw":"0.98","nt":"0.42","qld":"0.32","sa":"0.22","tas":"0.00","vic":"0.14","wa":"0.23"},{"ts":"2013-06-26T11:20:00Z","nsw":"0.67","nt":"0.42","qld":"0.31","sa":"0.23","tas":"0.00","vic":"0.14","wa":"0.20"},{"ts":"2013-06-26T11:30:00Z","nsw":"0.84","nt":"0.42","qld":"0.32","sa":"0.23","tas":"0.00","vic":"0.14","wa":"0.23"},{"ts":"2013-06-26T11:40:00Z","nsw":"0.70","nt":"0.42","qld":"0.34","sa":"0.16","tas":"0.00","vic":"0.15","wa":"0.22"},{"ts":"2013-06-26T11:50:00Z","nsw":"0.64","nt":"0.42","qld":"0.34","sa":"0.13","tas":"0.00","vic":"0.16","wa":"0.22"},{"ts":"2013-06-26T12:00:00Z","nsw":"0.77","nt":"0.42","qld":"0.36","sa":"0.13","tas":"0.00","vic":"0.14","wa":"0.23"},{"ts":"2013-06-26T12:10:00Z","nsw":"0.65","nt":"0.42","qld":"0.25","sa":"0.13","tas":"0.00","vic":"0.14","wa":"0.23"},{"ts":"2013-06-26T12:20:00Z","nsw":"0.76","nt":"0.42","qld":"0.32","sa":"0.13","tas":"0.00","vic":"0.16","wa":"0.21"},{"ts":"2013-06-26T12:30:00Z","nsw":"0.72","nt":"0.42","qld":"0.32","sa":"0.13","tas":"0.00","vic":"0.15","wa":"0.13"},{"ts":"2013-06-26T12:40:00Z","nsw":"0.65","nt":"0.42","qld":"0.33","sa":"0.13","tas":"0.00","vic":"0.15","wa":"0.20"},{"ts":"2013-06-26T12:50:00Z","nsw":"0.74","nt":"0.42","qld":"0.35","sa":"0.19","tas":"0.00","vic":"0.15","wa":"0.22"}],"contribution":[{"ts":"2013-06-25T18:00:00Z","nsw":"0.02","qld":"0.06","sa":"0.03","tas":"0.00","vic":"0.01","wa":"0.02"},{"ts":"2013-06-25T18:10:00Z","nsw":"0.02","qld":"0.06","sa":"0.03","tas":"0.00","vic":"0.01"},{"ts":"2013-06-25T18:20:00Z","nsw":"0.02","qld":"0.05","sa":"0.03","tas":"0.00","vic":"0.01"},{"ts":"2013-06-25T18:30:00Z","nsw":"0.02","qld":"0.06","sa":"0.03","tas":"0.00","vic":"0.01","wa":"0.02"},{"ts":"2013-06-25T18:40:00Z","nsw":"0.01","qld":"0.06","sa":"0.03","tas":"0.00","vic":"0.01"},{"ts":"2013-06-25T18:50:00Z","nsw":"0.01","qld":"0.06","sa":"0.03","tas":"0.00","vic":"0.01"},{"ts":"2013-06-25T19:00:00Z","nsw":"0.05","qld":"0.06","sa":"0.03","tas":"0.00","vic":"0.01"},{"ts":"2013-06-25T19:10:00Z","nsw":"0.02","qld":"0.06","sa":"0.03","tas":"0.00","vic":"0.01"},{"ts":"2013-06-25T19:20:00Z","nsw":"0.01","qld":"0.06","sa":"0.03","tas":"0.00","vic":"0.01"},{"ts":"2013-06-25T19:30:00Z","nsw":"0.01","qld":"0.06","sa":"0.03","tas":"0.00","vic":"0.01"},{"ts":"2013-06-25T19:40:00Z","nsw":"0.01","qld":"0.06","sa":"0.04","tas":"0.00","vic":"0.00"},{"ts":"2013-06-25T19:50:00Z","nsw":"0.01","qld":"0.05","sa":"0.03","tas":"0.00","vic":"0.01"},{"ts":"2013-06-25T20:00:00Z","nsw":"0.01","qld":"0.05","sa":"0.03","tas":"0.00","vic":"0.01"},{"ts":"2013-06-25T20:10:00Z","nsw":"0.01","qld":"0.06","sa":"0.03","tas":"0.00","vic":"0.01"},{"ts":"2013-06-25T20:20:00Z","nsw":"0.01","qld":"0.05","sa":"0.03","tas":"0.00","vic":"0.01"},{"ts":"2013-06-25T20:30:00Z","nsw":"0.02","qld":"0.03","sa":"0.04","tas":"0.00","vic":"0.01"},{"ts":"2013-06-25T20:40:00Z","nsw":"0.03","qld":"0.04","sa":"0.03","tas":"0.00","vic":"0.01"},{"ts":"2013-06-25T20:50:00Z","nsw":"0.01","qld":"0.14","sa":"0.03","tas":"0.00","vic":"0.00"},{"ts":"2013-06-25T21:00:00Z","nsw":"0.01","qld":"0.29","sa":"0.02","tas":"0.00","vic":"0.00"},{"ts":"2013-06-25T21:10:00Z","nsw":"0.04","qld":"0.49","sa":"0.03","tas":"0.00","vic":"0.00"},{"ts":"2013-06-25T21:20:00Z","nsw":"0.09","qld":"0.75","sa":"0.02","tas":"0.00","vic":"0.00"},{"ts":"2013-06-25T21:30:00Z","nsw":"0.08","qld":"1.06","sa":"0.03","tas":"0.00","vic":"0.00"},{"ts":"2013-06-25T21:40:00Z","nsw":"0.13","qld":"1.47","sa":"0.03","tas":"0.00","vic":"0.02"},{"ts":"2013-06-25T21:50:00Z","nsw":"0.19","qld":"1.78","sa":"0.02","tas":"0.00","vic":"0.06"},{"ts":"2013-06-25T22:00:00Z","nsw":"0.27","qld":"2.23","sa":"0.05","tas":"0.01","vic":"0.14"},{"ts":"2013-06-25T22:10:00Z","nsw":"0.34","qld":"2.63","sa":"0.27","tas":"0.03","vic":"0.24"},{"ts":"2013-06-25T22:20:00Z","nsw":"0.45","qld":"3.02","sa":"0.45","tas":"0.06","vic":"0.37"},{"ts":"2013-06-25T22:30:00Z","nsw":"0.55","qld":"3.39","sa":"0.79","tas":"0.09","vic":"0.52"},{"ts":"2013-06-25T22:40:00Z","nsw":"0.66","qld":"3.89","sa":"1.19","tas":"0.10","vic":"0.70"},{"ts":"2013-06-25T22:50:00Z","nsw":"0.70","qld":"4.26","sa":"1.73","tas":"0.10","vic":"0.84"},{"ts":"2013-06-25T23:00:00Z","nsw":"0.84","qld":"4.57","sa":"2.25","tas":"0.14","vic":"1.02"},{"ts":"2013-06-25T23:10:00Z","nsw":"0.91","qld":"4.99","sa":"2.74","tas":"0.16","vic":"1.16"},{"ts":"2013-06-25T23:20:00Z","nsw":"1.07","qld":"5.33","sa":"3.36","tas":"0.18","vic":"1.33"},{"ts":"2013-06-25T23:30:00Z","nsw":"1.11","qld":"5.60","sa":"3.85","tas":"0.19","vic":"1.53"},{"ts":"2013-06-25T23:40:00Z","nsw":"1.13","qld":"6.01","sa":"4.38","tas":"0.27","vic":"1.72"},{"ts":"2013-06-25T23:50:00Z","nsw":"1.13","qld":"6.36","sa":"5.25","tas":"0.22","vic":"1.89"},{"ts":"2013-06-26T00:00:00Z","nsw":"1.28","qld":"6.61","sa":"5.69","tas":"0.32","vic":"2.07"},{"ts":"2013-06-26T00:10:00Z","nsw":"1.24","qld":"6.81","sa":"6.34","tas":"0.41","vic":"2.16"},{"ts":"2013-06-26T00:20:00Z","nsw":"1.42","qld":"7.02","sa":"6.76","tas":"0.59","vic":"2.37"},{"ts":"2013-06-26T00:30:00Z","nsw":"1.54","qld":"7.17","sa":"7.29","tas":"0.49","vic":"2.52"},{"ts":"2013-06-26T00:40:00Z","nsw":"1.49","qld":"7.47","sa":"7.93","tas":"0.52","vic":"2.62"},{"ts":"2013-06-26T00:50:00Z","nsw":"1.49","qld":"7.59","sa":"8.25","tas":"0.52","vic":"2.75"},{"ts":"2013-06-26T01:00:00Z","nsw":"1.85","qld":"7.74","sa":"8.57","tas":"0.58","vic":"2.86"},{"ts":"2013-06-26T01:10:00Z","nsw":"1.83","qld":"7.39","sa":"9.30","tas":"0.54","vic":"2.93"},{"ts":"2013-06-26T01:20:00Z","nsw":"2.05","qld":"7.75","sa":"9.52","tas":"0.57","vic":"3.04"},{"ts":"2013-06-26T01:30:00Z","nsw":"1.81","qld":"7.98","sa":"9.86","tas":"0.48","vic":"3.10"},{"ts":"2013-06-26T01:40:00Z","nsw":"2.13","qld":"8.08","sa":"10.16","tas":"0.66","vic":"3.11"},{"ts":"2013-06-26T01:50:00Z","nsw":"1.93","qld":"8.09","sa":"10.59","tas":"0.54","vic":"3.19"},{"ts":"2013-06-26T02:00:00Z","nsw":"2.25","qld":"8.17","sa":"10.56","tas":"0.76","vic":"3.26"},{"ts":"2013-06-26T02:10:00Z","nsw":"2.06","qld":"8.24","sa":"10.91","tas":"0.68","vic":"3.28"},{"ts":"2013-06-26T02:20:00Z","nsw":"2.12","qld":"8.21","sa":"11.14","tas":"0.78","vic":"3.38"},{"ts":"2013-06-26T02:30:00Z","nsw":"2.08","qld":"8.11","sa":"11.31","tas":"0.75","vic":"3.30","wa":"5.66"},{"ts":"2013-06-26T02:40:00Z","nsw":"2.09","qld":"8.08","sa":"11.80","tas":"0.68","vic":"3.38"},{"ts":"2013-06-26T02:50:00Z","nsw":"1.89","qld":"7.82","sa":"11.66","tas":"0.62","vic":"3.31"},{"ts":"2013-06-26T03:00:00Z","nsw":"2.12","qld":"7.84","sa":"11.73","tas":"0.81","vic":"3.34","wa":"6.14"},{"ts":"2013-06-26T03:10:00Z","nsw":"2.03","qld":"7.72","sa":"11.61","tas":"0.76","vic":"3.21"},{"ts":"2013-06-26T03:20:00Z","nsw":"1.97","qld":"7.42","sa":"11.58","tas":"0.99","vic":"3.18"},{"ts":"2013-06-26T03:30:00Z","nsw":"1.65","qld":"7.22","sa":"11.66","tas":"0.88","vic":"3.11","wa":"5.26"},{"ts":"2013-06-26T03:40:00Z","nsw":"1.93","qld":"7.06","sa":"11.03","tas":"0.92","vic":"3.04"},{"ts":"2013-06-26T03:50:00Z","nsw":"1.71","qld":"6.82","sa":"11.06","tas":"0.90","vic":"2.93"},{"ts":"2013-06-26T04:00:00Z","nsw":"1.71","qld":"6.54","sa":"10.25","tas":"0.88","vic":"2.90","wa":"4.70"},{"ts":"2013-06-26T04:10:00Z","nsw":"1.48","qld":"6.16","sa":"10.50","tas":"0.59","vic":"2.76"},{"ts":"2013-06-26T04:20:00Z","nsw":"1.57","qld":"5.92","sa":"9.91","tas":"0.62","vic":"2.71"},{"ts":"2013-06-26T04:30:00Z","nsw":"1.37","qld":"5.55","sa":"9.15","tas":"0.60","vic":"2.58","wa":"4.29"},{"ts":"2013-06-26T04:40:00Z","nsw":"1.26","qld":"5.10","sa":"8.71","tas":"0.61","vic":"2.34"},{"ts":"2013-06-26T04:50:00Z","nsw":"1.09","qld":"4.63","sa":"8.99","tas":"0.48","vic":"2.23"},{"ts":"2013-06-26T05:00:00Z","nsw":"0.96","qld":"4.35","sa":"8.58","tas":"0.50","vic":"2.13","wa":"3.78"},{"ts":"2013-06-26T05:10:00Z","nsw":"0.87","qld":"3.86","sa":"8.79","tas":"0.35","vic":"1.85"},{"ts":"2013-06-26T05:20:00Z","nsw":"0.78","qld":"3.42","sa":"7.96","tas":"0.36","vic":"1.71"},{"ts":"2013-06-26T05:30:00Z","nsw":"0.57","qld":"3.07","sa":"7.76","tas":"0.23","vic":"1.50","wa":"3.18"},{"ts":"2013-06-26T05:40:00Z","nsw":"0.45","qld":"2.68","sa":"7.24","tas":"0.21","vic":"1.28"},{"ts":"2013-06-26T05:50:00Z","nsw":"0.38","qld":"2.24","sa":"6.72","tas":"0.15","vic":"1.12"},{"ts":"2013-06-26T06:00:00Z","nsw":"0.33","qld":"1.88","sa":"6.22","tas":"0.17","vic":"0.92","wa":"3.36"},{"ts":"2013-06-26T06:10:00Z","nsw":"0.25","qld":"1.41","sa":"5.36","tas":"0.09","vic":"0.71"},{"ts":"2013-06-26T06:20:00Z","nsw":"0.19","qld":"1.03","sa":"4.80","tas":"0.06","vic":"0.57"},{"ts":"2013-06-26T06:30:00Z","nsw":"0.13","qld":"0.74","sa":"4.08","tas":"0.03","vic":"0.38","wa":"3.26"},{"ts":"2013-06-26T06:40:00Z","nsw":"0.09","qld":"0.41","sa":"3.36","tas":"0.01","vic":"0.23"},{"ts":"2013-06-26T06:50:00Z","nsw":"0.06","qld":"0.22","sa":"2.68","tas":"0.00","vic":"0.14"},{"ts":"2013-06-26T07:00:00Z","nsw":"0.04","qld":"0.18","sa":"1.63","tas":"0.00","vic":"0.07","wa":"2.47"},{"ts":"2013-06-26T07:10:00Z","nsw":"0.03","qld":"0.12","sa":"0.68","tas":"0.00","vic":"0.04"},{"ts":"2013-06-26T07:20:00Z","nsw":"0.02","qld":"0.12","sa":"0.48","tas":"0.00","vic":"0.03"},{"ts":"2013-06-26T07:30:00Z","nsw":"0.02","qld":"0.12","sa":"0.37","tas":"0.00","vic":"0.02","wa":"1.65"},{"ts":"2013-06-26T07:40:00Z","nsw":"0.02","qld":"0.08","sa":"0.15","tas":"0.00","vic":"0.01"},{"ts":"2013-06-26T07:50:00Z","nsw":"0.03","qld":"0.06","sa":"0.09","tas":"0.00","vic":"0.01"},{"ts":"2013-06-26T08:00:00Z","nsw":"0.03","qld":"0.04","sa":"0.07","tas":"0.00","vic":"0.01","wa":"1.07"},{"ts":"2013-06-26T08:10:00Z","nsw":"0.05","qld":"0.03","sa":"0.07","tas":"0.00","vic":"0.01"},{"ts":"2013-06-26T08:20:00Z","nsw":"0.07","qld":"0.04","sa":"0.04","tas":"0.00","vic":"0.01"},{"ts":"2013-06-26T08:30:00Z","nsw":"0.05","qld":"0.04","sa":"0.04","tas":"0.00","vic":"0.01","wa":"0.56"},{"ts":"2013-06-26T08:40:00Z","nsw":"0.04","qld":"0.03","sa":"0.04","tas":"0.00","vic":"0.01"},{"ts":"2013-06-26T08:50:00Z","nsw":"0.06","qld":"0.04","sa":"0.04","tas":"0.00","vic":"0.01"},{"ts":"2013-06-26T09:00:00Z","nsw":"0.05","qld":"0.03","sa":"0.04","tas":"0.00","vic":"0.01","wa":"0.14"},{"ts":"2013-06-26T09:10:00Z","nsw":"0.13","qld":"0.03","sa":"0.04","tas":"0.00","vic":"0.01"},{"ts":"2013-06-26T09:20:00Z","nsw":"0.11","qld":"0.03","sa":"0.04","tas":"0.00","vic":"0.01"},{"ts":"2013-06-26T09:30:00Z","nsw":"0.06","qld":"0.04","sa":"0.04","tas":"0.00","vic":"0.01","wa":"0.02"},{"ts":"2013-06-26T09:40:00Z","nsw":"0.04","qld":"0.04","sa":"0.04","tas":"0.00","vic":"0.01"},{"ts":"2013-06-26T09:50:00Z","nsw":"0.12","qld":"0.04","sa":"0.04","tas":"0.00","vic":"0.01"},{"ts":"2013-06-26T10:00:00Z","nsw":"0.17","qld":"0.04","sa":"0.04","tas":"0.00","vic":"0.01","wa":"0.02"},{"ts":"2013-06-26T10:10:00Z","nsw":"0.13","qld":"0.04","sa":"0.06","tas":"0.00","vic":"0.01"},{"ts":"2013-06-26T10:20:00Z","nsw":"0.04","qld":"0.04","sa":"0.04","tas":"0.00","vic":"0.01"},{"ts":"2013-06-26T10:30:00Z","nsw":"0.04","qld":"0.04","sa":"0.04","tas":"0.00","vic":"0.01","wa":"0.02"},{"ts":"2013-06-26T10:40:00Z","nsw":"0.15","qld":"0.06","sa":"0.04","tas":"0.00","vic":"0.01"},{"ts":"2013-06-26T10:50:00Z","nsw":"0.04","qld":"0.04","sa":"0.04","tas":"0.00","vic":"0.01"},{"ts":"2013-06-26T11:00:00Z","nsw":"0.04","qld":"0.04","sa":"0.04","tas":"0.00","vic":"0.01","wa":"0.02"},{"ts":"2013-06-26T11:10:00Z","nsw":"0.06","qld":"0.04","sa":"0.04","tas":"0.00","vic":"0.01"},{"ts":"2013-06-26T11:20:00Z","nsw":"0.04","qld":"0.04","sa":"0.05","tas":"0.00","vic":"0.01"},{"ts":"2013-06-26T11:30:00Z","nsw":"0.05","qld":"0.04","sa":"0.05","tas":"0.00","vic":"0.01","wa":"0.03"},{"ts":"2013-06-26T11:40:00Z","nsw":"0.04","qld":"0.04","sa":"0.03","tas":"0.00","vic":"0.01"},{"ts":"2013-06-26T11:50:00Z","nsw":"0.04","qld":"0.04","sa":"0.03","tas":"0.00","vic":"0.01"},{"ts":"2013-06-26T12:00:00Z","nsw":"0.05","qld":"0.05","sa":"0.03","tas":"0.00","vic":"0.01","wa":"0.03"},{"ts":"2013-06-26T12:10:00Z","nsw":"0.04","qld":"0.03","sa":"0.03","tas":"0.00","vic":"0.01"},{"ts":"2013-06-26T12:20:00Z","nsw":"0.05","qld":"0.04","sa":"0.03","tas":"0.00","vic":"0.01"},{"ts":"2013-06-26T12:30:00Z","nsw":"0.04","qld":"0.04","sa":"0.03","tas":"0.00","vic":"0.01","wa":"0.02"},{"ts":"2013-06-26T12:40:00Z","nsw":"0.04","qld":"0.04","sa":"0.03","tas":"0.00","vic":"0.01"},{"ts":"2013-06-26T12:50:00Z","nsw":"0.05","qld":"0.05","sa":"0.04","tas":"0.00","vic":"0.01"}],"demand":[{"ts":"2013-06-25T18:00:00Z","nsw":6635,"qld":4663,"sa":1162,"tas":1109,"vic":4934,"wa":1564},{"ts":"2013-06-25T18:10:00Z","nsw":6641,"qld":4699,"sa":1148,"tas":1103,"vic":4950},{"ts":"2013-06-25T18:20:00Z","nsw":6613,"qld":4719,"sa":1153,"tas":1104,"vic":4976},{"ts":"2013-06-25T18:30:00Z","nsw":6652,"qld":4737,"sa":1140,"tas":1108,"vic":5002,"wa":1557},{"ts":"2013-06-25T18:40:00Z","nsw":6716,"qld":4797,"sa":1178,"tas":1103,"vic":4983},{"ts":"2013-06-25T18:50:00Z","nsw":6758,"qld":4870,"sa":1156,"tas":1112,"vic":5053},{"ts":"2013-06-25T19:00:00Z","nsw":6843,"qld":4938,"sa":1162,"tas":1134,"vic":5094},{"ts":"2013-06-25T19:10:00Z","nsw":6998,"qld":5052,"sa":1161,"tas":1134,"vic":5170},{"ts":"2013-06-25T19:20:00Z","nsw":7135,"qld":5104,"sa":1177,"tas":1143,"vic":5225},{"ts":"2013-06-25T19:30:00Z","nsw":7261,"qld":5210,"sa":1166,"tas":1153,"vic":5288},{"ts":"2013-06-25T19:40:00Z","nsw":7371,"qld":5347,"sa":1203,"tas":1159,"vic":5418},{"ts":"2013-06-25T19:50:00Z","nsw":7540,"qld":5455,"sa":1227,"tas":1177,"vic":5548},{"ts":"2013-06-25T20:00:00Z","nsw":7750,"qld":5610,"sa":1233,"tas":1206,"vic":5704},{"ts":"2013-06-25T20:10:00Z","nsw":8150,"qld":5828,"sa":1245,"tas":1240,"vic":6002},{"ts":"2013-06-25T20:20:00Z","nsw":8369,"qld":5937,"sa":1279,"tas":1259,"vic":6081},{"ts":"2013-06-25T20:30:00Z","nsw":8600,"qld":6033,"sa":1327,"tas":1292,"vic":6233},{"ts":"2013-06-25T20:40:00Z","nsw":8910,"qld":6141,"sa":1416,"tas":1319,"vic":6432},{"ts":"2013-06-25T20:50:00Z","nsw":9169,"qld":6201,"sa":1458,"tas":1347,"vic":6612},{"ts":"2013-06-25T21:00:00Z","nsw":9177,"qld":6354,"sa":1498,"tas":1401,"vic":6764},{"ts":"2013-06-25T21:10:00Z","nsw":9326,"qld":6568,"sa":1561,"tas":1439,"vic":6857},{"ts":"2013-06-25T21:20:00Z","nsw":9536,"qld":6634,"sa":1614,"tas":1483,"vic":7063},{"ts":"2013-06-25T21:30:00Z","nsw":9690,"qld":6687,"sa":1661,"tas":1525,"vic":7212},{"ts":"2013-06-25T21:40:00Z","nsw":9891,"qld":6646,"sa":1685,"tas":1531,"vic":7341},{"ts":"2013-06-25T21:50:00Z","nsw":9929,"qld":6646,"sa":1741,"tas":1535,"vic":7413},{"ts":"2013-06-25T22:00:00Z","nsw":9964,"qld":6606,"sa":1785,"tas":1562,"vic":7513},{"ts":"2013-06-25T22:10:00Z","nsw":9993,"qld":6605,"sa":1828,"tas":1545,"vic":7568},{"ts":"2013-06-25T22:20:00Z","nsw":9906,"qld":6572,"sa":1833,"tas":1547,"vic":7565},{"ts":"2013-06-25T22:30:00Z","nsw":9833,"qld":6511,"sa":1818,"tas":1547,"vic":7540},{"ts":"2013-06-25T22:40:00Z","nsw":9866,"qld":6417,"sa":1812,"tas":1533,"vic":7498},{"ts":"2013-06-25T22:50:00Z","nsw":9825,"qld":6344,"sa":1799,"tas":1517,"vic":7440},{"ts":"2013-06-25T23:00:00Z","nsw":9763,"qld":6378,"sa":1775,"tas":1526,"vic":7464},{"ts":"2013-06-25T23:10:00Z","nsw":9792,"qld":6280,"sa":1759,"tas":1488,"vic":7476},{"ts":"2013-06-25T23:20:00Z","nsw":9702,"qld":6264,"sa":1757,"tas":1489,"vic":7451},{"ts":"2013-06-25T23:30:00Z","nsw":9714,"qld":6150,"sa":1734,"tas":1486,"vic":7387},{"ts":"2013-06-25T23:40:00Z","nsw":9740,"qld":6066,"sa":1711,"tas":1472,"vic":7279},{"ts":"2013-06-25T23:50:00Z","nsw":9668,"qld":5990,"sa":1696,"tas":1458,"vic":7208},{"ts":"2013-06-26T00:00:00Z","nsw":9646,"qld":5947,"sa":1657,"tas":1446,"vic":7191},{"ts":"2013-06-26T00:10:00Z","nsw":9667,"qld":5980,"sa":1637,"tas":1439,"vic":7097},{"ts":"2013-06-26T00:20:00Z","nsw":9609,"qld":5920,"sa":1646,"tas":1430,"vic":7021},{"ts":"2013-06-26T00:30:00Z","nsw":9559,"qld":5924,"sa":1614,"tas":1410,"vic":6991,"wa":2558},{"ts":"2013-06-26T00:40:00Z","nsw":9561,"qld":5834,"sa":1572,"tas":1407,"vic":6900},{"ts":"2013-06-26T00:50:00Z","nsw":9462,"qld":5830,"sa":1565,"tas":1416,"vic":6855},{"ts":"2013-06-26T01:00:00Z","nsw":9421,"qld":5807,"sa":1558,"tas":1402,"vic":6826,"wa":2479},{"ts":"2013-06-26T01:10:00Z","nsw":9351,"qld":5838,"sa":1537,"tas":1356,"vic":6801},{"ts":"2013-06-26T01:20:00Z","nsw":9319,"qld":5762,"sa":1550,"tas":1334,"vic":6780},{"ts":"2013-06-26T01:30:00Z","nsw":9250,"qld":5711,"sa":1546,"tas":1321,"vic":6732,"wa":2436},{"ts":"2013-06-26T01:40:00Z","nsw":9274,"qld":5655,"sa":1544,"tas":1328,"vic":6701},{"ts":"2013-06-26T01:50:00Z","nsw":9205,"qld":5683,"sa":1526,"tas":1335,"vic":6655},{"ts":"2013-06-26T02:00:00Z","nsw":9160,"qld":5636,"sa":1521,"tas":1328,"vic":6612,"wa":2340},{"ts":"2013-06-26T02:10:00Z","nsw":9135,"qld":5608,"sa":1492,"tas":1320,"vic":6573},{"ts":"2013-06-26T02:20:00Z","nsw":9107,"qld":5611,"sa":1481,"tas":1309,"vic":6533},{"ts":"2013-06-26T02:30:00Z","nsw":9107,"qld":5568,"sa":1478,"tas":1307,"vic":6485,"wa":2275},{"ts":"2013-06-26T02:40:00Z","nsw":9050,"qld":5635,"sa":1469,"tas":1297,"vic":6448},{"ts":"2013-06-26T02:50:00Z","nsw":9036,"qld":5665,"sa":1477,"tas":1309,"vic":6428},{"ts":"2013-06-26T03:00:00Z","nsw":8997,"qld":5581,"sa":1483,"tas":1297,"vic":6433,"wa":2194},{"ts":"2013-06-26T03:10:00Z","nsw":9015,"qld":5605,"sa":1472,"tas":1285,"vic":6471},{"ts":"2013-06-26T03:20:00Z","nsw":9026,"qld":5621,"sa":1450,"tas":1269,"vic":6464},{"ts":"2013-06-26T03:30:00Z","nsw":9002,"qld":5620,"sa":1450,"tas":1297,"vic":6420,"wa":2159},{"ts":"2013-06-26T03:40:00Z","nsw":8959,"qld":5645,"sa":1465,"tas":1282,"vic":6408},{"ts":"2013-06-26T03:50:00Z","nsw":8964,"qld":5655,"sa":1466,"tas":1268,"vic":6421},{"ts":"2013-06-26T04:00:00Z","nsw":8978,"qld":5664,"sa":1478,"tas":1270,"vic":6428,"wa":2172},{"ts":"2013-06-26T04:10:00Z","nsw":8988,"qld":5636,"sa":1453,"tas":1287,"vic":6397},{"ts":"2013-06-26T04:20:00Z","nsw":8936,"qld":5621,"sa":1464,"tas":1283,"vic":6381},{"ts":"2013-06-26T04:30:00Z","nsw":8929,"qld":5705,"sa":1478,"tas":1277,"vic":6345,"wa":2178},{"ts":"2013-06-26T04:40:00Z","nsw":8942,"qld":5677,"sa":1461,"tas":1266,"vic":6337},{"ts":"2013-06-26T04:50:00Z","nsw":8910,"qld":5723,"sa":1446,"tas":1265,"vic":6302},{"ts":"2013-06-26T05:00:00Z","nsw":8895,"qld":5756,"sa":1482,"tas":1266,"vic":6290,"wa":2174},{"ts":"2013-06-26T05:10:00Z","nsw":8872,"qld":5761,"sa":1476,"tas":1268,"vic":6284},{"ts":"2013-06-26T05:20:00Z","nsw":8841,"qld":5793,"sa":1488,"tas":1266,"vic":6305},{"ts":"2013-06-26T05:30:00Z","nsw":8961,"qld":5833,"sa":1470,"tas":1281,"vic":6298,"wa":2186},{"ts":"2013-06-26T05:40:00Z","nsw":9045,"qld":5835,"sa":1477,"tas":1298,"vic":6328},{"ts":"2013-06-26T05:50:00Z","nsw":9126,"qld":5941,"sa":1482,"tas":1313,"vic":6388},{"ts":"2013-06-26T06:00:00Z","nsw":9172,"qld":5989,"sa":1495,"tas":1322,"vic":6418,"wa":2190},{"ts":"2013-06-26T06:10:00Z","nsw":9211,"qld":6023,"sa":1501,"tas":1334,"vic":6476},{"ts":"2013-06-26T06:20:00Z","nsw":9232,"qld":6109,"sa":1529,"tas":1329,"vic":6522},{"ts":"2013-06-26T06:30:00Z","nsw":9359,"qld":6151,"sa":1557,"tas":1334,"vic":6573,"wa":2195},{"ts":"2013-06-26T06:40:00Z","nsw":9494,"qld":6306,"sa":1564,"tas":1355,"vic":6685},{"ts":"2013-06-26T06:50:00Z","nsw":9685,"qld":6437,"sa":1594,"tas":1390,"vic":6765},{"ts":"2013-06-26T07:00:00Z","nsw":9869,"qld":6599,"sa":1622,"tas":1425,"vic":6884,"wa":2172},{"ts":"2013-06-26T07:10:00Z","nsw":10114,"qld":6650,"sa":1670,"tas":1465,"vic":7059},{"ts":"2013-06-26T07:20:00Z","nsw":10381,"qld":6721,"sa":1714,"tas":1475,"vic":7180},{"ts":"2013-06-26T07:30:00Z","nsw":10607,"qld":6859,"sa":1773,"tas":1488,"vic":7396,"wa":2167},{"ts":"2013-06-26T07:40:00Z","nsw":10718,"qld":6927,"sa":1819,"tas":1502,"vic":7559},{"ts":"2013-06-26T07:50:00Z","nsw":10785,"qld":6959,"sa":1880,"tas":1517,"vic":7619},{"ts":"2013-06-26T08:00:00Z","nsw":10785,"qld":6904,"sa":1942,"tas":1511,"vic":7635,"wa":2241},{"ts":"2013-06-26T08:10:00Z","nsw":10702,"qld":6930,"sa":1978,"tas":1504,"vic":7599},{"ts":"2013-06-26T08:20:00Z","nsw":10692,"qld":6957,"sa":2007,"tas":1518,"vic":7565},{"ts":"2013-06-26T08:30:00Z","nsw":10679,"qld":7008,"sa":2018,"tas":1500,"vic":7548,"wa":2276},{"ts":"2013-06-26T08:40:00Z","nsw":10560,"qld":7044,"sa":2008,"tas":1503,"vic":7493},{"ts":"2013-06-26T08:50:00Z","nsw":10517,"qld":6941,"sa":1982,"tas":1506,"vic":7463},{"ts":"2013-06-26T09:00:00Z","nsw":10376,"qld":6889,"sa":2001,"tas":1503,"vic":7395,"wa":2347},{"ts":"2013-06-26T09:10:00Z","nsw":10317,"qld":6921,"sa":1980,"tas":1492,"vic":7264},{"ts":"2013-06-26T09:20:00Z","nsw":10187,"qld":6869,"sa":1982,"tas":1469,"vic":7244},{"ts":"2013-06-26T09:30:00Z","nsw":10064,"qld":6886,"sa":1970,"tas":1458,"vic":7207,"wa":2488},{"ts":"2013-06-26T09:40:00Z","nsw":9966,"qld":6858,"sa":1955,"tas":1449,"vic":7132},{"ts":"2013-06-26T09:50:00Z","nsw":9950,"qld":6880,"sa":1943,"tas":1434,"vic":7094},{"ts":"2013-06-26T10:00:00Z","nsw":9901,"qld":6820,"sa":1938,"tas":1429,"vic":7043,"wa":2698},{"ts":"2013-06-26T10:10:00Z","nsw":9863,"qld":6914,"sa":1913,"tas":1429,"vic":7007},{"ts":"2013-06-26T10:20:00Z","nsw":9771,"qld":6839,"sa":1902,"tas":1432,"vic":6972},{"ts":"2013-06-26T10:30:00Z","nsw":9717,"qld":6737,"sa":1896,"tas":1430,"vic":6938,"wa":2798},{"ts":"2013-06-26T10:40:00Z","nsw":9647,"qld":6672,"sa":1870,"tas":1428,"vic":6881},{"ts":"2013-06-26T10:50:00Z","nsw":9572,"qld":6569,"sa":1860,"tas":1419,"vic":6834},{"ts":"2013-06-26T11:00:00Z","nsw":9534,"qld":6508,"sa":1850,"tas":1411,"vic":6755,"wa":2770},{"ts":"2013-06-26T11:10:00Z","nsw":9499,"qld":6499,"sa":1838,"tas":1405,"vic":6636},{"ts":"2013-06-26T11:20:00Z","nsw":9402,"qld":6438,"sa":1822,"tas":1399,"vic":6561},{"ts":"2013-06-26T11:30:00Z","nsw":9245,"qld":6383,"sa":1805,"tas":1370,"vic":6509,"wa":2715},{"ts":"2013-06-26T11:40:00Z","nsw":9160,"qld":6348,"sa":1783,"tas":1370,"vic":6425},{"ts":"2013-06-26T11:50:00Z","nsw":9065,"qld":6268,"sa":1781,"tas":1348,"vic":6335},{"ts":"2013-06-26T12:00:00Z","nsw":9076,"qld":6173,"sa":1751,"tas":1309,"vic":6251,"wa":2635},{"ts":"2013-06-26T12:10:00Z","nsw":9243,"qld":6108,"sa":1723,"tas":1308,"vic":6146},{"ts":"2013-06-26T12:20:00Z","nsw":9219,"qld":6018,"sa":1684,"tas":1314,"vic":6078},{"ts":"2013-06-26T12:30:00Z","nsw":9143,"qld":5975,"sa":1661,"tas":1300,"vic":6034,"wa":2597},{"ts":"2013-06-26T12:40:00Z","nsw":9046,"qld":5961,"sa":1630,"tas":1258,"vic":6001},{"ts":"2013-06-26T12:50:00Z","nsw":8926,"qld":5870,"sa":1609,"tas":1238,"vic":5916}],"output":[{"ts":"2013-06-25T18:00:00Z","nsw":1,"qld":2,"sa":0,"tas":0,"vic":0,"wa":0},{"ts":"2013-06-25T18:10:00Z","nsw":1,"qld":2,"sa":0,"tas":0,"vic":0},{"ts":"2013-06-25T18:20:00Z","nsw":1,"qld":2,"sa":0,"tas":0,"vic":0},{"ts":"2013-06-25T18:30:00Z","nsw":1,"qld":2,"sa":0,"tas":0,"vic":0,"wa":0},{"ts":"2013-06-25T18:40:00Z","nsw":0,"qld":2,"sa":0,"tas":0,"vic":0},{"ts":"2013-06-25T18:50:00Z","nsw":0,"qld":2,"sa":0,"tas":0,"vic":0},{"ts":"2013-06-25T19:00:00Z","nsw":3,"qld":2,"sa":0,"tas":0,"vic":0},{"ts":"2013-06-25T19:10:00Z","nsw":1,"qld":2,"sa":0,"tas":0,"vic":0},{"ts":"2013-06-25T19:20:00Z","nsw":1,"qld":2,"sa":0,"tas":0,"vic":0},{"ts":"2013-06-25T19:30:00Z","nsw":0,"qld":2,"sa":0,"tas":0,"vic":0},{"ts":"2013-06-25T19:40:00Z","nsw":0,"qld":3,"sa":0,"tas":0,"vic":0},{"ts":"2013-06-25T19:50:00Z","nsw":0,"qld":2,"sa":0,"tas":0,"vic":0},{"ts":"2013-06-25T20:00:00Z","nsw":1,"qld":3,"sa":0,"tas":0,"vic":0},{"ts":"2013-06-25T20:10:00Z","nsw":0,"qld":3,"sa":0,"tas":0,"vic":0},{"ts":"2013-06-25T20:20:00Z","nsw":1,"qld":2,"sa":0,"tas":0,"vic":0},{"ts":"2013-06-25T20:30:00Z","nsw":1,"qld":2,"sa":0,"tas":0,"vic":0},{"ts":"2013-06-25T20:40:00Z","nsw":2,"qld":2,"sa":0,"tas":0,"vic":0},{"ts":"2013-06-25T20:50:00Z","nsw":1,"qld":8,"sa":0,"tas":0,"vic":0},{"ts":"2013-06-25T21:00:00Z","nsw":1,"qld":18,"sa":0,"tas":0,"vic":0},{"ts":"2013-06-25T21:10:00Z","nsw":4,"qld":32,"sa":0,"tas":0,"vic":0},{"ts":"2013-06-25T21:20:00Z","nsw":8,"qld":50,"sa":0,"tas":0,"vic":0},{"ts":"2013-06-25T21:30:00Z","nsw":8,"qld":71,"sa":0,"tas":0,"vic":0},{"ts":"2013-06-25T21:40:00Z","nsw":12,"qld":98,"sa":0,"tas":0,"vic":1},{"ts":"2013-06-25T21:50:00Z","nsw":18,"qld":120,"sa":0,"tas":0,"vic":4},{"ts":"2013-06-25T22:00:00Z","nsw":26,"qld":150,"sa":0,"tas":0,"vic":10},{"ts":"2013-06-25T22:10:00Z","nsw":34,"qld":178,"sa":4,"tas":0,"vic":18},{"ts":"2013-06-25T22:20:00Z","nsw":45,"qld":206,"sa":8,"tas":0,"vic":28},{"ts":"2013-06-25T22:30:00Z","nsw":54,"qld":229,"sa":14,"tas":1,"vic":39},{"ts":"2013-06-25T22:40:00Z","nsw":65,"qld":260,"sa":21,"tas":1,"vic":52},{"ts":"2013-06-25T22:50:00Z","nsw":69,"qld":281,"sa":31,"tas":1,"vic":62},{"ts":"2013-06-25T23:00:00Z","nsw":82,"qld":307,"sa":40,"tas":2,"vic":76},{"ts":"2013-06-25T23:10:00Z","nsw":90,"qld":328,"sa":49,"tas":2,"vic":88},{"ts":"2013-06-25T23:20:00Z","nsw":105,"qld":353,"sa":61,"tas":2,"vic":100},{"ts":"2013-06-25T23:30:00Z","nsw":108,"qld":364,"sa":69,"tas":2,"vic":115},{"ts":"2013-06-25T23:40:00Z","nsw":110,"qld":388,"sa":78,"tas":4,"vic":128},{"ts":"2013-06-25T23:50:00Z","nsw":110,"qld":407,"sa":94,"tas":3,"vic":138},{"ts":"2013-06-26T00:00:00Z","nsw":125,"qld":420,"sa":100,"tas":4,"vic":152},{"ts":"2013-06-26T00:10:00Z","nsw":121,"qld":436,"sa":111,"tas":5,"vic":157},{"ts":"2013-06-26T00:20:00Z","nsw":139,"qld":450,"sa":119,"tas":8,"vic":170},{"ts":"2013-06-26T00:30:00Z","nsw":148,"qld":460,"sa":126,"tas":6,"vic":181},{"ts":"2013-06-26T00:40:00Z","nsw":144,"qld":472,"sa":135,"tas":7,"vic":186},{"ts":"2013-06-26T00:50:00Z","nsw":142,"qld":479,"sa":141,"tas":7,"vic":194},{"ts":"2013-06-26T01:00:00Z","nsw":177,"qld":485,"sa":147,"tas":8,"vic":200},{"ts":"2013-06-26T01:10:00Z","nsw":174,"qld":467,"sa":158,"tas":7,"vic":205},{"ts":"2013-06-26T01:20:00Z","nsw":194,"qld":484,"sa":164,"tas":7,"vic":213},{"ts":"2013-06-26T01:30:00Z","nsw":171,"qld":493,"sa":168,"tas":6,"vic":214},{"ts":"2013-06-26T01:40:00Z","nsw":201,"qld":497,"sa":174,"tas":8,"vic":215},{"ts":"2013-06-26T01:50:00Z","nsw":181,"qld":498,"sa":180,"tas":7,"vic":220},{"ts":"2013-06-26T02:00:00Z","nsw":211,"qld":505,"sa":180,"tas":10,"vic":223},{"ts":"2013-06-26T02:10:00Z","nsw":193,"qld":502,"sa":183,"tas":9,"vic":222},{"ts":"2013-06-26T02:20:00Z","nsw":197,"qld":501,"sa":186,"tas":10,"vic":228},{"ts":"2013-06-26T02:30:00Z","nsw":193,"qld":489,"sa":190,"tas":9,"vic":222,"wa":136},{"ts":"2013-06-26T02:40:00Z","nsw":193,"qld":491,"sa":197,"tas":8,"vic":225},{"ts":"2013-06-26T02:50:00Z","nsw":174,"qld":481,"sa":194,"tas":8,"vic":220},{"ts":"2013-06-26T03:00:00Z","nsw":194,"qld":475,"sa":195,"tas":10,"vic":222,"wa":143},{"ts":"2013-06-26T03:10:00Z","nsw":186,"qld":466,"sa":194,"tas":9,"vic":214},{"ts":"2013-06-26T03:20:00Z","nsw":181,"qld":452,"sa":190,"tas":12,"vic":213},{"ts":"2013-06-26T03:30:00Z","nsw":151,"qld":437,"sa":191,"tas":11,"vic":206,"wa":119},{"ts":"2013-06-26T03:40:00Z","nsw":175,"qld":429,"sa":182,"tas":11,"vic":200},{"ts":"2013-06-26T03:50:00Z","nsw":156,"qld":415,"sa":180,"tas":11,"vic":193},{"ts":"2013-06-26T04:00:00Z","nsw":156,"qld":395,"sa":169,"tas":11,"vic":191,"wa":107},{"ts":"2013-06-26T04:10:00Z","nsw":135,"qld":371,"sa":171,"tas":7,"vic":182},{"ts":"2013-06-26T04:20:00Z","nsw":143,"qld":352,"sa":160,"tas":8,"vic":177},{"ts":"2013-06-26T04:30:00Z","nsw":124,"qld":332,"sa":149,"tas":7,"vic":168,"wa":97},{"ts":"2013-06-26T04:40:00Z","nsw":114,"qld":303,"sa":139,"tas":7,"vic":151},{"ts":"2013-06-26T04:50:00Z","nsw":98,"qld":278,"sa":142,"tas":6,"vic":144},{"ts":"2013-06-26T05:00:00Z","nsw":86,"qld":260,"sa":139,"tas":6,"vic":136,"wa":85},{"ts":"2013-06-26T05:10:00Z","nsw":78,"qld":232,"sa":141,"tas":4,"vic":118},{"ts":"2013-06-26T05:20:00Z","nsw":69,"qld":204,"sa":128,"tas":4,"vic":110},{"ts":"2013-06-26T05:30:00Z","nsw":51,"qld":184,"sa":123,"tas":2,"vic":95,"wa":71},{"ts":"2013-06-26T05:40:00Z","nsw":40,"qld":159,"sa":115,"tas":2,"vic":82},{"ts":"2013-06-26T05:50:00Z","nsw":34,"qld":135,"sa":106,"tas":1,"vic":72},{"ts":"2013-06-26T06:00:00Z","nsw":30,"qld":115,"sa":99,"tas":2,"vic":59,"wa":76},{"ts":"2013-06-26T06:10:00Z","nsw":23,"qld":86,"sa":84,"tas":1,"vic":45},{"ts":"2013-06-26T06:20:00Z","nsw":17,"qld":63,"sa":76,"tas":0,"vic":37},{"ts":"2013-06-26T06:30:00Z","nsw":12,"qld":45,"sa":66,"tas":0,"vic":24,"wa":73},{"ts":"2013-06-26T06:40:00Z","nsw":8,"qld":25,"sa":54,"tas":0,"vic":15},{"ts":"2013-06-26T06:50:00Z","nsw":5,"qld":14,"sa":43,"tas":0,"vic":9},{"ts":"2013-06-26T07:00:00Z","nsw":3,"qld":11,"sa":26,"tas":0,"vic":4,"wa":55},{"ts":"2013-06-26T07:10:00Z","nsw":2,"qld":7,"sa":11,"tas":0,"vic":2},{"ts":"2013-06-26T07:20:00Z","nsw":2,"qld":8,"sa":8,"tas":0,"vic":1},{"ts":"2013-06-26T07:30:00Z","nsw":2,"qld":8,"sa":6,"tas":0,"vic":1,"wa":36},{"ts":"2013-06-26T07:40:00Z","nsw":2,"qld":5,"sa":2,"tas":0,"vic":1},{"ts":"2013-06-26T07:50:00Z","nsw":2,"qld":4,"sa":1,"tas":0,"vic":0},{"ts":"2013-06-26T08:00:00Z","nsw":2,"qld":2,"sa":1,"tas":0,"vic":0,"wa":24},{"ts":"2013-06-26T08:10:00Z","nsw":4,"qld":2,"sa":1,"tas":0,"vic":0},{"ts":"2013-06-26T08:20:00Z","nsw":8,"qld":2,"sa":0,"tas":0,"vic":0},{"ts":"2013-06-26T08:30:00Z","nsw":5,"qld":2,"sa":0,"tas":0,"vic":0,"wa":12},{"ts":"2013-06-26T08:40:00Z","nsw":4,"qld":2,"sa":0,"tas":0,"vic":0},{"ts":"2013-06-26T08:50:00Z","nsw":6,"qld":2,"sa":0,"tas":0,"vic":0},{"ts":"2013-06-26T09:00:00Z","nsw":4,"qld":2,"sa":0,"tas":0,"vic":0,"wa":3},{"ts":"2013-06-26T09:10:00Z","nsw":13,"qld":2,"sa":0,"tas":0,"vic":0},{"ts":"2013-06-26T09:20:00Z","nsw":10,"qld":2,"sa":0,"tas":0,"vic":0},{"ts":"2013-06-26T09:30:00Z","nsw":6,"qld":2,"sa":0,"tas":0,"vic":0,"wa":0},{"ts":"2013-06-26T09:40:00Z","nsw":4,"qld":2,"sa":0,"tas":0,"vic":0},{"ts":"2013-06-26T09:50:00Z","nsw":11,"qld":2,"sa":0,"tas":0,"vic":0},{"ts":"2013-06-26T10:00:00Z","nsw":16,"qld":2,"sa":0,"tas":0,"vic":0,"wa":0},{"ts":"2013-06-26T10:10:00Z","nsw":12,"qld":2,"sa":1,"tas":0,"vic":0},{"ts":"2013-06-26T10:20:00Z","nsw":4,"qld":2,"sa":0,"tas":0,"vic":0},{"ts":"2013-06-26T10:30:00Z","nsw":4,"qld":2,"sa":0,"tas":0,"vic":0,"wa":0},{"ts":"2013-06-26T10:40:00Z","nsw":14,"qld":3,"sa":0,"tas":0,"vic":0},{"ts":"2013-06-26T10:50:00Z","nsw":3,"qld":2,"sa":0,"tas":0,"vic":0},{"ts":"2013-06-26T11:00:00Z","nsw":3,"qld":2,"sa":0,"tas":0,"vic":0,"wa":0},{"ts":"2013-06-26T11:10:00Z","nsw":5,"qld":2,"sa":0,"tas":0,"vic":0},{"ts":"2013-06-26T11:20:00Z","nsw":3,"qld":2,"sa":0,"tas":0,"vic":0},{"ts":"2013-06-26T11:30:00Z","nsw":4,"qld":2,"sa":0,"tas":0,"vic":0,"wa":0},{"ts":"2013-06-26T11:40:00Z","nsw":3,"qld":2,"sa":0,"tas":0,"vic":0},{"ts":"2013-06-26T11:50:00Z","nsw":3,"qld":2,"sa":0,"tas":0,"vic":0},{"ts":"2013-06-26T12:00:00Z","nsw":4,"qld":2,"sa":0,"tas":0,"vic":0,"wa":0},{"ts":"2013-06-26T12:10:00Z","nsw":3,"qld":2,"sa":0,"tas":0,"vic":0},{"ts":"2013-06-26T12:20:00Z","nsw":4,"qld":2,"sa":0,"tas":0,"vic":0},{"ts":"2013-06-26T12:30:00Z","nsw":4,"qld":2,"sa":0,"tas":0,"vic":0,"wa":0},{"ts":"2013-06-26T12:40:00Z","nsw":3,"qld":2,"sa":0,"tas":0,"vic":0},{"ts":"2013-06-26T12:50:00Z","nsw":4,"qld":2,"sa":0,"tas":0,"vic":0}]} 