{"performance":[{"ts":"2013-06-01T18:00:00Z","nsw":"0.20","nt":"0.00","qld":"0.33","sa":"0.11","tas":"0.00","vic":"0.06","wa":"0.00"},{"ts":"2013-06-01T18:10:00Z","nsw":"0.14","nt":"0.00","qld":"0.33","sa":"0.12","tas":"0.00","vic":"0.06","wa":"0.00"},{"ts":"2013-06-01T18:20:00Z","nsw":"0.21","nt":"0.00","qld":"0.32","sa":"0.12","tas":"0.00","vic":"0.07","wa":"0.00"},{"ts":"2013-06-01T18:30:00Z","nsw":"0.20","nt":"0.00","qld":"0.33","sa":"0.11","tas":"0.00","vic":"0.06","wa":"0.00"},{"ts":"2013-06-01T18:40:00Z","nsw":"0.24","nt":"0.00","qld":"0.38","sa":"0.11","tas":"0.00","vic":"0.08","wa":"0.00"},{"ts":"2013-06-01T18:50:00Z","nsw":"0.14","nt":"0.00","qld":"0.33","sa":"0.12","tas":"0.00","vic":"0.08","wa":"0.00"},{"ts":"2013-06-01T19:00:00Z","nsw":"0.28","nt":"0.00","qld":"0.35","sa":"0.12","tas":"0.00","vic":"0.08","wa":"0.00"},{"ts":"2013-06-01T19:10:00Z","nsw":"0.16","nt":"0.00","qld":"0.35","sa":"0.12","tas":"0.00","vic":"0.07","wa":"0.00"},{"ts":"2013-06-01T19:20:00Z","nsw":"0.24","nt":"0.00","qld":"0.35","sa":"0.11","tas":"0.00","vic":"0.04","wa":"0.00"},{"ts":"2013-06-01T19:30:00Z","nsw":"0.16","nt":"0.00","qld":"0.36","sa":"0.11","tas":"0.00","vic":"0.05","wa":"0.00"},{"ts":"2013-06-01T19:40:00Z","nsw":"0.24","nt":"0.00","qld":"0.35","sa":"0.12","tas":"0.00","vic":"0.07","wa":"0.00"},{"ts":"2013-06-01T19:50:00Z","nsw":"0.22","nt":"0.00","qld":"0.34","sa":"0.11","tas":"0.00","vic":"0.06","wa":"0.00"},{"ts":"2013-06-01T20:00:00Z","nsw":"0.23","nt":"0.00","qld":"0.35","sa":"0.11","tas":"0.00","vic":"0.07","wa":"0.00"},{"ts":"2013-06-01T20:10:00Z","nsw":"0.42","nt":"0.00","qld":"0.33","sa":"0.11","tas":"0.00","vic":"0.06","wa":"0.00"},{"ts":"2013-06-01T20:20:00Z","nsw":"0.22","nt":"0.00","qld":"0.33","sa":"0.11","tas":"0.00","vic":"0.07","wa":"0.00"},{"ts":"2013-06-01T20:30:00Z","nsw":"0.20","nt":"0.00","qld":"0.27","sa":"0.11","tas":"0.00","vic":"0.06","wa":"0.00"},{"ts":"2013-06-01T20:40:00Z","nsw":"0.19","nt":"0.00","qld":"0.47","sa":"0.11","tas":"0.00","vic":"0.06","wa":"0.00"},{"ts":"2013-06-01T20:50:00Z","nsw":"0.24","nt":"0.00","qld":"1.01","sa":"0.12","tas":"0.00","vic":"0.07","wa":"0.00"},{"ts":"2013-06-01T21:00:00Z","nsw":"0.29","nt":"0.00","qld":"2.21","sa":"0.11","tas":"0.00","vic":"0.07","wa":"0.00"},{"ts":"2013-06-01T21:10:00Z","nsw":"0.28","nt":"0.00","qld":"3.66","sa":"0.11","tas":"0.00","vic":"0.04","wa":"0.00"},{"ts":"2013-06-01T21:20:00Z","nsw":"0.28","nt":"0.08","qld":"4.34","sa":"0.11","tas":"0.00","vic":"0.06","wa":"0.00"},{"ts":"2013-06-01T21:30:00Z","nsw":"0.87","nt":"0.08","qld":"5.75","sa":"0.12","tas":"0.00","vic":"0.12","wa":"0.00"},{"ts":"2013-06-01T21:40:00Z","nsw":"1.40","nt":"0.19","qld":"7.25","sa":"0.11","tas":"0.35","vic":"0.42","wa":"0.00"},{"ts":"2013-06-01T21:50:00Z","nsw":"1.98","nt":"0.58","qld":"8.31","sa":"0.32","tas":"1.64","vic":"1.06","wa":"0.00"},{"ts":"2013-06-01T22:00:00Z","nsw":"2.26","nt":"1.21","qld":"11.67","sa":"1.03","tas":"3.19","vic":"1.85","wa":"0.00"},{"ts":"2013-06-01T22:10:00Z","nsw":"2.48","nt":"2.22","qld":"14.80","sa":"2.24","tas":"4.70","vic":"2.84","wa":"0.00"},{"ts":"2013-06-01T22:20:00Z","nsw":"3.25","nt":"3.43","qld":"16.76","sa":"3.02","tas":"6.11","vic":"4.16","wa":"0.00"},{"ts":"2013-06-01T22:30:00Z","nsw":"4.11","nt":"4.56","qld":"20.20","sa":"4.48","tas":"7.84","vic":"5.77","wa":"0.00"},{"ts":"2013-06-01T22:40:00Z","nsw":"4.61","nt":"7.04","qld":"25.73","sa":"4.96","tas":"12.32","vic":"7.48","wa":"0.00"},{"ts":"2013-06-01T22:50:00Z","nsw":"5.25","nt":"9.56","qld":"27.40","sa":"5.85","tas":"13.24","vic":"8.87","wa":"0.00"},{"ts":"2013-06-01T23:00:00Z","nsw":"5.62","nt":"12.58","qld":"29.64","sa":"9.85","tas":"14.76","vic":"11.63","wa":"0.00"},{"ts":"2013-06-01T23:10:00Z","nsw":"6.42","nt":"14.58","qld":"29.56","sa":"12.92","tas":"18.53","vic":"13.60","wa":"0.05"},{"ts":"2013-06-01T23:20:00Z","nsw":"7.97","nt":"17.75","qld":"27.89","sa":"14.35","tas":"22.14","vic":"16.62","wa":"0.27"},{"ts":"2013-06-01T23:30:00Z","nsw":"7.79","nt":"20.72","qld":"27.07","sa":"15.72","tas":"25.41","vic":"18.24","wa":"0.95"},{"ts":"2013-06-01T23:40:00Z","nsw":"8.74","nt":"27.98","qld":"29.98","sa":"16.39","tas":"25.86","vic":"21.20","wa":"2.40"},{"ts":"2013-06-01T23:50:00Z","nsw":"8.65","nt":"29.80","qld":"33.71","sa":"15.66","tas":"28.52","vic":"19.90","wa":"3.79"},{"ts":"2013-06-02T00:00:00Z","nsw":"9.12","nt":"34.12","qld":"40.44","sa":"16.68","tas":"32.15","vic":"20.95","wa":"7.04"},{"ts":"2013-06-02T00:10:00Z","nsw":"9.62","nt":"36.18","qld":"43.14","sa":"16.69","tas":"34.57","vic":"20.48","wa":"10.51"},{"ts":"2013-06-02T00:20:00Z","nsw":"10.72","nt":"38.42","qld":"48.80","sa":"18.73","tas":"36.49","vic":"21.89","wa":"13.27"},{"ts":"2013-06-02T00:30:00Z","nsw":"10.56","nt":"40.76","qld":"46.92","sa":"19.21","tas":"34.97","vic":"23.43","wa":"15.39"},{"ts":"2013-06-02T00:40:00Z","nsw":"12.44","nt":"44.74","qld":"49.80","sa":"20.07","tas":"39.81","vic":"25.72","wa":"18.03"},{"ts":"2013-06-02T00:50:00Z","nsw":"12.21","nt":"47.70","qld":"45.26","sa":"21.65","tas":"38.83","vic":"27.91","wa":"17.83"},{"ts":"2013-06-02T01:00:00Z","nsw":"13.51","nt":"49.95","qld":"49.42","sa":"22.35","tas":"42.59","vic":"30.83","wa":"20.12"},{"ts":"2013-06-02T01:10:00Z","nsw":"12.14","nt":"53.00","qld":"51.52","sa":"24.14","tas":"43.79","vic":"27.93","wa":"20.77"},{"ts":"2013-06-02T01:20:00Z","nsw":"13.46","nt":"54.87","qld":"54.00","sa":"25.68","tas":"48.28","vic":"34.01","wa":"21.89"},{"ts":"2013-06-02T01:30:00Z","nsw":"12.56","nt":"57.29","qld":"53.39","sa":"26.13","tas":"47.58","vic":"31.24","wa":"22.74"},{"ts":"2013-06-02T01:40:00Z","nsw":"11.13","nt":"58.73","qld":"48.97","sa":"25.35","tas":"47.37","vic":"33.92","wa":"26.24"},{"ts":"2013-06-02T01:50:00Z","nsw":"10.54","nt":"60.12","qld":"53.09","sa":"26.05","tas":"43.57","vic":"35.59","wa":"25.15"},{"ts":"2013-06-02T02:00:00Z","nsw":"12.06","nt":"61.67","qld":"45.77","sa":"28.49","tas":"46.84","vic":"38.52","wa":"28.68"},{"ts":"2013-06-02T02:10:00Z","nsw":"11.29","nt":"66.18","qld":"42.90","sa":"32.90","tas":"43.92","vic":"37.29","wa":"29.25"},{"ts":"2013-06-02T02:20:00Z","nsw":"14.44","nt":"67.49","qld":"45.38","sa":"30.56","tas":"47.63","vic":"41.07","wa":"30.27"},{"ts":"2013-06-02T02:30:00Z","nsw":"13.42","nt":"67.74","qld":"45.95","sa":"31.48","tas":"50.18","vic":"35.44","wa":"32.02"},{"ts":"2013-06-02T02:40:00Z","nsw":"12.64","nt":"68.37","qld":"44.49","sa":"30.75","tas":"49.21","vic":"37.33","wa":"38.12"},{"ts":"2013-06-02T02:50:00Z","nsw":"14.59","nt":"69.07","qld":"39.44","sa":"28.07","tas":"49.95","vic":"35.00","wa":"32.08"},{"ts":"2013-06-02T03:00:00Z","nsw":"15.65","nt":"68.54","qld":"40.40","sa":"23.91","tas":"50.17","vic":"34.86","wa":"31.72"},{"ts":"2013-06-02T03:10:00Z","nsw":"13.56","nt":"69.09","qld":"36.15","sa":"22.74","tas":"46.87","vic":"32.23","wa":"32.40"},{"ts":"2013-06-02T03:20:00Z","nsw":"16.87","nt":"69.36","qld":"34.31","sa":"20.66","tas":"45.06","vic":"35.14","wa":"34.10"},{"ts":"2013-06-02T03:30:00Z","nsw":"16.05","nt":"67.20","qld":"31.57","sa":"23.09","tas":"44.12","vic":"33.71","wa":"35.96"},{"ts":"2013-06-02T03:40:00Z","nsw":"19.04","nt":"67.92","qld":"25.20","sa":"22.89","tas":"41.79","vic":"32.71","wa":"42.63"},{"ts":"2013-06-02T03:50:00Z","nsw":"20.39","nt":"64.54","qld":"22.75","sa":"22.60","tas":"40.52","vic":"29.45","wa":"41.47"},{"ts":"2013-06-02T04:00:00Z","nsw":"20.52","nt":"64.05","qld":"20.79","sa":"21.07","tas":"39.51","vic":"30.13","wa":"40.58"},{"ts":"2013-06-02T04:10:00Z","nsw":"21.37","nt":"63.16","qld":"19.64","sa":"21.85","tas":"37.11","vic":"25.84","wa":"41.95"},{"ts":"2013-06-02T04:20:00Z","nsw":"20.65","nt":"59.83","qld":"19.43","sa":"19.23","tas":"33.91","vic":"28.88","wa":"43.11"},{"ts":"2013-06-02T04:30:00Z","nsw":"18.73","nt":"60.30","qld":"16.87","sa":"19.59","tas":"31.45","vic":"24.54","wa":"46.66"},{"ts":"2013-06-02T04:40:00Z","nsw":"22.35","nt":"59.62","qld":"14.43","sa":"18.84","tas":"28.75","vic":"25.55","wa":"46.89"},{"ts":"2013-06-02T04:50:00Z","nsw":"18.96","nt":"59.26","qld":"11.19","sa":"19.98","tas":"27.21","vic":"21.81","wa":"45.11"},{"ts":"2013-06-02T05:00:00Z","nsw":"20.49","nt":"57.48","qld":"9.31","sa":"17.04","tas":"24.83","vic":"22.54","wa":"49.87"},{"ts":"2013-06-02T05:10:00Z","nsw":"16.81","nt":"55.17","qld":"7.07","sa":"17.24","tas":"22.23","vic":"18.23","wa":"47.75"},{"ts":"2013-06-02T05:20:00Z","nsw":"15.50","nt":"53.36","qld":"7.95","sa":"13.99","tas":"22.02","vic":"17.02","wa":"48.84"},{"ts":"2013-06-02T05:30:00Z","nsw":"12.05","nt":"52.00","qld":"7.52","sa":"13.74","tas":"17.36","vic":"15.08","wa":"47.75"},{"ts":"2013-06-02T05:40:00Z","nsw":"13.53","nt":"49.83","qld":"7.28","sa":"12.13","tas":"14.96","vic":"13.67","wa":"48.95"},{"ts":"2013-06-02T05:50:00Z","nsw":"9.34","nt":"50.39","qld":"6.22","sa":"12.45","tas":"12.05","vic":"11.31","wa":"48.10"},{"ts":"2013-06-02T06:00:00Z","nsw":"8.67","nt":"48.82","qld":"6.10","sa":"10.87","tas":"10.26","vic":"10.57","wa":"47.12"},{"ts":"2013-06-02T06:10:00Z","nsw":"6.67","nt":"46.68","qld":"4.54","sa":"10.95","tas":"5.54","vic":"7.41","wa":"43.53"},{"ts":"2013-06-02T06:20:00Z","nsw":"5.26","nt":"40.04","qld":"3.60","sa":"10.35","tas":"3.42","vic":"6.08","wa":"42.22"},{"ts":"2013-06-02T06:30:00Z","nsw":"2.56","nt":"37.74","qld":"3.19","sa":"9.14","tas":"1.72","vic":"4.13","wa":"38.20"},{"ts":"2013-06-02T06:40:00Z","nsw":"1.72","nt":"35.34","qld":"2.41","sa":"6.85","tas":"0.73","vic":"2.41","wa":"37.62"},{"ts":"2013-06-02T06:50:00Z","nsw":"0.97","nt":"31.59","qld":"1.61","sa":"6.21","tas":"0.17","vic":"1.29","wa":"36.93"},{"ts":"2013-06-02T07:00:00Z","nsw":"0.88","nt":"26.38","qld":"1.47","sa":"4.54","tas":"0.10","vic":"0.92","wa":"34.40"},{"ts":"2013-06-02T07:10:00Z","nsw":"0.72","nt":"22.30","qld":"1.10","sa":"3.11","tas":"0.19","vic":"0.64","wa":"31.19"},{"ts":"2013-06-02T07:20:00Z","nsw":"0.28","nt":"19.36","qld":"0.90","sa":"1.98","tas":"0.07","vic":"0.67","wa":"31.56"},{"ts":"2013-06-02T07:30:00Z","nsw":"0.58","nt":"15.64","qld":"1.14","sa":"1.06","tas":"0.03","vic":"0.65","wa":"26.07"},{"ts":"2013-06-02T07:40:00Z","nsw":"0.48","nt":"13.43","qld":"0.53","sa":"0.48","tas":"0.00","vic":"0.45","wa":"24.11"},{"ts":"2013-06-02T07:50:00Z","nsw":"0.64","nt":"8.67","qld":"0.38","sa":"0.35","tas":"0.00","vic":"0.46","wa":"21.85"},{"ts":"2013-06-02T08:00:00Z","nsw":"0.71","nt":"7.62","qld":"0.28","sa":"0.39","tas":"0.00","vic":"0.46","wa":"17.79"},{"ts":"2013-06-02T08:10:00Z","nsw":"1.85","nt":"5.58","qld":"0.32","sa":"0.22","tas":"0.00","vic":"0.52","wa":"14.44"},{"ts":"2013-06-02T08:20:00Z","nsw":"1.10","nt":"3.61","qld":"0.32","sa":"0.15","tas":"0.00","vic":"0.59","wa":"11.98"},{"ts":"2013-06-02T08:30:00Z","nsw":"1.17","nt":"2.06","qld":"0.31","sa":"0.15","tas":"0.00","vic":"0.57","wa":"8.52"},{"ts":"2013-06-02T08:40:00Z","nsw":"0.86","nt":"1.31","qld":"0.32","sa":"0.14","tas":"0.00","vic":"0.72","wa":"5.83"},{"ts":"2013-06-02T08:50:00Z","nsw":"0.76","nt":"0.50","qld":"0.33","sa":"0.17","tas":"0.00","vic":"0.69","wa":"3.46"},{"ts":"2013-06-02T09:00:00Z","nsw":"0.74","nt":"0.34","qld":"0.32","sa":"0.17","tas":"0.00","vic":"0.78","wa":"2.29"},{"ts":"2013-06-02T09:10:00Z","nsw":"0.52","nt":"0.34","qld":"0.31","sa":"0.17","tas":"0.00","vic":"0.69","wa":"0.73"},{"ts":"2013-06-02T09:20:00Z","nsw":"0.67","nt":"0.34","qld":"0.32","sa":"0.17","tas":"0.00","vic":"0.10","wa":"0.20"},{"ts":"2013-06-02T09:30:00Z","nsw":"0.58","nt":"0.34","qld":"0.34","sa":"0.20","tas":"0.00","vic":"0.73","wa":"0.16"},{"ts":"2013-06-02T09:40:00Z","nsw":"1.74","nt":"0.14","qld":"0.36","sa":"0.14","tas":"0.00","vic":"0.76","wa":"0.06"},{"ts":"2013-06-02T09:50:00Z","nsw":"0.96","nt":"0.14","qld":"0.35","sa":"0.13","tas":"0.00","vic":"0.78","wa":"0.13"},{"ts":"2013-06-02T10:00:00Z","nsw":"0.85","nt":"0.22","qld":"0.32","sa":"0.14","tas":"0.00","vic":"0.78","wa":"0.18"},{"ts":"2013-06-02T10:10:00Z","nsw":"0.66","nt":"0.22","qld":"0.33","sa":"0.13","tas":"0.00","vic":"0.80","wa":"0.12"},{"ts":"2013-06-02T10:20:00Z","nsw":"0.72","nt":"0.22","qld":"0.33","sa":"0.15","tas":"0.00","vic":"0.82","wa":"0.11"},{"ts":"2013-06-02T10:30:00Z","nsw":"0.64","nt":"0.22","qld":"0.33","sa":"0.15","tas":"0.00","vic":"0.91","wa":"0.12"},{"ts":"2013-06-02T10:40:00Z","nsw":"0.73","nt":"0.22","qld":"0.33","sa":"0.14","tas":"0.00","vic":"0.90","wa":"0.39"},{"ts":"2013-06-02T10:50:00Z","nsw":"0.71","nt":"0.22","qld":"0.33","sa":"0.16","tas":"0.00","vic":"0.92","wa":"0.12"},{"ts":"2013-06-02T11:00:00Z","nsw":"0.58","nt":"0.22","qld":"0.34","sa":"0.14","tas":"0.00","vic":"0.92","wa":"0.11"},{"ts":"2013-06-02T11:10:00Z","nsw":"0.68","nt":"0.22","qld":"0.33","sa":"0.15","tas":"0.00","vic":"0.94","wa":"0.00"},{"ts":"2013-06-02T11:20:00Z","nsw":"0.55","nt":"0.22","qld":"0.34","sa":"0.14","tas":"0.00","vic":"0.96","wa":"0.12"},{"ts":"2013-06-02T11:30:00Z","nsw":"0.54","nt":"0.22","qld":"0.33","sa":"0.13","tas":"0.00","vic":"0.96","wa":"0.12"},{"ts":"2013-06-02T11:40:00Z","nsw":"0.45","nt":"0.22","qld":"0.33","sa":"0.14","tas":"0.00","vic":"1.01","wa":"0.11"},{"ts":"2013-06-02T11:50:00Z","nsw":"0.50","nt":"0.22","qld":"0.34","sa":"0.14","tas":"0.00","vic":"0.99","wa":"0.25"},{"ts":"2013-06-02T12:00:00Z","nsw":"0.54","nt":"0.22","qld":"0.34","sa":"0.13","tas":"0.00","vic":"0.98","wa":"0.11"},{"ts":"2013-06-02T12:10:00Z","nsw":"0.44","nt":"0.22","qld":"0.33","sa":"0.13","tas":"0.00","vic":"0.96","wa":"0.12"},{"ts":"2013-06-02T12:20:00Z","nsw":"0.41","nt":"0.22","qld":"0.33","sa":"0.13","tas":"0.00","vic":"1.01","wa":"0.11"},{"ts":"2013-06-02T12:30:00Z","nsw":"0.34","nt":"0.22","qld":"0.34","sa":"0.12","tas":"0.00","vic":"0.95","wa":"0.12"},{"ts":"2013-06-02T12:40:00Z","nsw":"0.36","nt":"0.22","qld":"0.34","sa":"0.12","tas":"0.00","vic":"0.65","wa":"0.00"},{"ts":"2013-06-02T12:50:00Z","nsw":"0.32","nt":"0.22","qld":"0.34","sa":"0.12","tas":"0.00","vic":"0.57","wa":"0.12"}],"contribution":[{"ts":"2013-06-01T18:00:00Z","nsw":"0.02","qld":"0.06","sa":"0.04","tas":"0.00","vic":"0.01","wa":"0.00"},{"ts":"2013-06-01T18:10:00Z","nsw":"0.01","qld":"0.06","sa":"0.05","tas":"0.00","vic":"0.01"},{"ts":"2013-06-01T18:20:00Z","nsw":"0.02","qld":"0.06","sa":"0.05","tas":"0.00","vic":"0.01"},{"ts":"2013-06-01T18:30:00Z","nsw":"0.02","qld":"0.06","sa":"0.04","tas":"0.00","vic":"0.01","wa":"0.00"},{"ts":"2013-06-01T18:40:00Z","nsw":"0.02","qld":"0.07","sa":"0.04","tas":"0.00","vic":"0.01"},{"ts":"2013-06-01T18:50:00Z","nsw":"0.01","qld":"0.06","sa":"0.05","tas":"0.00","vic":"0.01"},{"ts":"2013-06-01T19:00:00Z","nsw":"0.03","qld":"0.06","sa":"0.05","tas":"0.00","vic":"0.01","wa":"0.00"},{"ts":"2013-06-01T19:10:00Z","nsw":"0.01","qld":"0.06","sa":"0.05","tas":"0.00","vic":"0.01"},{"ts":"2013-06-01T19:20:00Z","nsw":"0.02","qld":"0.06","sa":"0.04","tas":"0.00","vic":"0.00"},{"ts":"2013-06-01T19:30:00Z","nsw":"0.01","qld":"0.06","sa":"0.04","tas":"0.00","vic":"0.01","wa":"0.00"},{"ts":"2013-06-01T19:40:00Z","nsw":"0.02","qld":"0.06","sa":"0.05","tas":"0.00","vic":"0.01"},{"ts":"2013-06-01T19:50:00Z","nsw":"0.02","qld":"0.06","sa":"0.05","tas":"0.00","vic":"0.01"},{"ts":"2013-06-01T20:00:00Z","nsw":"0.02","qld":"0.06","sa":"0.05","tas":"0.00","vic":"0.01","wa":"0.00"},{"ts":"2013-06-01T20:10:00Z","nsw":"0.04","qld":"0.06","sa":"0.05","tas":"0.00","vic":"0.01"},{"ts":"2013-06-01T20:20:00Z","nsw":"0.02","qld":"0.06","sa":"0.04","tas":"0.00","vic":"0.01"},{"ts":"2013-06-01T20:30:00Z","nsw":"0.02","qld":"0.05","sa":"0.04","tas":"0.00","vic":"0.01","wa":"0.00"},{"ts":"2013-06-01T20:40:00Z","nsw":"0.02","qld":"0.08","sa":"0.04","tas":"0.00","vic":"0.01"},{"ts":"2013-06-01T20:50:00Z","nsw":"0.02","qld":"0.17","sa":"0.04","tas":"0.00","vic":"0.01"},{"ts":"2013-06-01T21:00:00Z","nsw":"0.03","qld":"0.37","sa":"0.04","tas":"0.00","vic":"0.01","wa":"0.00"},{"ts":"2013-06-01T21:10:00Z","nsw":"0.02","qld":"0.60","sa":"0.04","tas":"0.00","vic":"0.00"},{"ts":"2013-06-01T21:20:00Z","nsw":"0.02","qld":"0.70","sa":"0.04","tas":"0.00","vic":"0.01"},{"ts":"2013-06-01T21:30:00Z","nsw":"0.07","qld":"0.91","sa":"0.04","tas":"0.00","vic":"0.01","wa":"0.00"},{"ts":"2013-06-01T21:40:00Z","nsw":"0.11","qld":"1.15","sa":"0.04","tas":"0.01","vic":"0.04"},{"ts":"2013-06-01T21:50:00Z","nsw":"0.16","qld":"1.30","sa":"0.12","tas":"0.05","vic":"0.10"},{"ts":"2013-06-01T22:00:00Z","nsw":"0.17","qld":"1.79","sa":"0.36","tas":"0.10","vic":"0.18","wa":"0.00"},{"ts":"2013-06-01T22:10:00Z","nsw":"0.19","qld":"2.26","sa":"0.76","tas":"0.15","vic":"0.27"},{"ts":"2013-06-01T22:20:00Z","nsw":"0.24","qld":"2.51","sa":"1.04","tas":"0.20","vic":"0.38"},{"ts":"2013-06-01T22:30:00Z","nsw":"0.30","qld":"2.99","sa":"1.51","tas":"0.25","vic":"0.53","wa":"0.00"},{"ts":"2013-06-01T22:40:00Z","nsw":"0.33","qld":"3.78","sa":"1.64","tas":"0.37","vic":"0.68"},{"ts":"2013-06-01T22:50:00Z","nsw":"0.37","qld":"3.94","sa":"1.91","tas":"0.40","vic":"0.79"},{"ts":"2013-06-01T23:00:00Z","nsw":"0.40","qld":"4.27","sa":"3.05","tas":"0.44","vic":"1.03","wa":"0.00"},{"ts":"2013-06-01T23:10:00Z","nsw":"0.44","qld":"4.23","sa":"3.98","tas":"0.55","vic":"1.18"},{"ts":"2013-06-01T23:20:00Z","nsw":"0.54","qld":"4.02","sa":"4.38","tas":"0.66","vic":"1.43"},{"ts":"2013-06-01T23:30:00Z","nsw":"0.52","qld":"3.93","sa":"4.65","tas":"0.77","vic":"1.57","wa":"0.17"},{"ts":"2013-06-01T23:40:00Z","nsw":"0.58","qld":"4.33","sa":"4.72","tas":"0.77","vic":"1.84"},{"ts":"2013-06-01T23:50:00Z","nsw":"0.58","qld":"4.78","sa":"4.51","tas":"0.83","vic":"1.70"},{"ts":"2013-06-02T00:00:00Z","nsw":"0.61","qld":"5.70","sa":"4.85","tas":"0.95","vic":"1.77","wa":"1.17"},{"ts":"2013-06-02T00:10:00Z","nsw":"0.63","qld":"6.11","sa":"4.86","tas":"1.02","vic":"1.71"},{"ts":"2013-06-02T00:20:00Z","nsw":"0.70","qld":"6.84","sa":"5.45","tas":"1.09","vic":"1.82"},{"ts":"2013-06-02T00:30:00Z","nsw":"0.69","qld":"6.64","sa":"5.50","tas":"1.03","vic":"1.97","wa":"2.42"},{"ts":"2013-06-02T00:40:00Z","nsw":"0.81","qld":"7.02","sa":"5.69","tas":"1.18","vic":"2.14"},{"ts":"2013-06-02T00:50:00Z","nsw":"0.79","qld":"6.46","sa":"6.08","tas":"1.17","vic":"2.35"},{"ts":"2013-06-02T01:00:00Z","nsw":"0.88","qld":"6.99","sa":"6.31","tas":"1.27","vic":"2.57","wa":"3.09"},{"ts":"2013-06-02T01:10:00Z","nsw":"0.78","qld":"7.38","sa":"6.80","tas":"1.33","vic":"2.34"},{"ts":"2013-06-02T01:20:00Z","nsw":"0.87","qld":"7.76","sa":"7.18","tas":"1.47","vic":"2.81"},{"ts":"2013-06-02T01:30:00Z","nsw":"0.81","qld":"7.66","sa":"7.21","tas":"1.47","vic":"2.60","wa":"3.40"},{"ts":"2013-06-02T01:40:00Z","nsw":"0.72","qld":"7.04","sa":"6.97","tas":"1.48","vic":"2.84"},{"ts":"2013-06-02T01:50:00Z","nsw":"0.68","qld":"7.55","sa":"7.15","tas":"1.35","vic":"2.99"},{"ts":"2013-06-02T02:00:00Z","nsw":"0.79","qld":"6.61","sa":"7.91","tas":"1.45","vic":"3.23","wa":"4.21"},{"ts":"2013-06-02T02:10:00Z","nsw":"0.73","qld":"6.13","sa":"9.08","tas":"1.42","vic":"3.11"},{"ts":"2013-06-02T02:20:00Z","nsw":"0.93","qld":"6.47","sa":"8.23","tas":"1.55","vic":"3.39"},{"ts":"2013-06-02T02:30:00Z","nsw":"0.87","qld":"6.56","sa":"8.60","tas":"1.63","vic":"2.97","wa":"4.68"},{"ts":"2013-06-02T02:40:00Z","nsw":"0.81","qld":"6.36","sa":"8.33","tas":"1.59","vic":"3.13"},{"ts":"2013-06-02T02:50:00Z","nsw":"0.94","qld":"5.66","sa":"7.56","tas":"1.62","vic":"2.93"},{"ts":"2013-06-02T03:00:00Z","nsw":"1.01","qld":"5.80","sa":"6.37","tas":"1.64","vic":"2.96","wa":"4.70"},{"ts":"2013-06-02T03:10:00Z","nsw":"0.89","qld":"5.15","sa":"6.29","tas":"1.55","vic":"2.69"},{"ts":"2013-06-02T03:20:00Z","nsw":"1.11","qld":"4.96","sa":"5.64","tas":"1.49","vic":"2.95"},{"ts":"2013-06-02T03:30:00Z","nsw":"1.07","qld":"4.54","sa":"6.39","tas":"1.46","vic":"2.86","wa":"5.32"},{"ts":"2013-06-02T03:40:00Z","nsw":"1.26","qld":"3.66","sa":"6.24","tas":"1.38","vic":"2.75"},{"ts":"2013-06-02T03:50:00Z","nsw":"1.36","qld":"3.30","sa":"6.28","tas":"1.35","vic":"2.48"},{"ts":"2013-06-02T04:00:00Z","nsw":"1.37","qld":"3.00","sa":"5.90","tas":"1.32","vic":"2.54","wa":"6.02"},{"ts":"2013-06-02T04:10:00Z","nsw":"1.44","qld":"2.85","sa":"6.29","tas":"1.24","vic":"2.15"},{"ts":"2013-06-02T04:20:00Z","nsw":"1.39","qld":"2.82","sa":"5.48","tas":"1.13","vic":"2.46"},{"ts":"2013-06-02T04:30:00Z","nsw":"1.27","qld":"2.44","sa":"5.39","tas":"1.05","vic":"2.01","wa":"6.95"},{"ts":"2013-06-02T04:40:00Z","nsw":"1.51","qld":"2.09","sa":"5.12","tas":"0.95","vic":"2.15"},{"ts":"2013-06-02T04:50:00Z","nsw":"1.28","qld":"1.64","sa":"5.48","tas":"0.89","vic":"1.84"},{"ts":"2013-06-02T05:00:00Z","nsw":"1.39","qld":"1.35","sa":"4.66","tas":"0.81","vic":"1.94","wa":"7.51"},{"ts":"2013-06-02T05:10:00Z","nsw":"1.14","qld":"1.02","sa":"4.72","tas":"0.73","vic":"1.55"},{"ts":"2013-06-02T05:20:00Z","nsw":"1.07","qld":"1.13","sa":"3.84","tas":"0.72","vic":"1.45"},{"ts":"2013-06-02T05:30:00Z","nsw":"0.84","qld":"1.07","sa":"3.79","tas":"0.56","vic":"1.26","wa":"7.38"},{"ts":"2013-06-02T05:40:00Z","nsw":"0.93","qld":"1.03","sa":"3.33","tas":"0.48","vic":"1.14"},{"ts":"2013-06-02T05:50:00Z","nsw":"0.64","qld":"0.88","sa":"3.40","tas":"0.38","vic":"0.94"},{"ts":"2013-06-02T06:00:00Z","nsw":"0.58","qld":"0.86","sa":"2.88","tas":"0.32","vic":"0.88","wa":"7.45"},{"ts":"2013-06-02T06:10:00Z","nsw":"0.45","qld":"0.63","sa":"2.80","tas":"0.17","vic":"0.61"},{"ts":"2013-06-02T06:20:00Z","nsw":"0.35","qld":"0.49","sa":"2.67","tas":"0.10","vic":"0.50"},{"ts":"2013-06-02T06:30:00Z","nsw":"0.17","qld":"0.43","sa":"2.32","tas":"0.05","vic":"0.34","wa":"6.12"},{"ts":"2013-06-02T06:40:00Z","nsw":"0.11","qld":"0.32","sa":"1.75","tas":"0.02","vic":"0.19"},{"ts":"2013-06-02T06:50:00Z","nsw":"0.06","qld":"0.22","sa":"1.55","tas":"0.00","vic":"0.10"},{"ts":"2013-06-02T07:00:00Z","nsw":"0.05","qld":"0.19","sa":"1.12","tas":"0.00","vic":"0.07","wa":"5.54"},{"ts":"2013-06-02T07:10:00Z","nsw":"0.04","qld":"0.14","sa":"0.75","tas":"0.01","vic":"0.05"},{"ts":"2013-06-02T07:20:00Z","nsw":"0.02","qld":"0.11","sa":"0.46","tas":"0.00","vic":"0.05"},{"ts":"2013-06-02T07:30:00Z","nsw":"0.03","qld":"0.14","sa":"0.25","tas":"0.00","vic":"0.05","wa":"4.18"},{"ts":"2013-06-02T07:40:00Z","nsw":"0.03","qld":"0.07","sa":"0.11","tas":"0.00","vic":"0.03"},{"ts":"2013-06-02T07:50:00Z","nsw":"0.04","qld":"0.05","sa":"0.08","tas":"0.00","vic":"0.03"},{"ts":"2013-06-02T08:00:00Z","nsw":"0.04","qld":"0.03","sa":"0.08","tas":"0.00","vic":"0.03","wa":"2.81"},{"ts":"2013-06-02T08:10:00Z","nsw":"0.10","qld":"0.04","sa":"0.05","tas":"0.00","vic":"0.04"},{"ts":"2013-06-02T08:20:00Z","nsw":"0.06","qld":"0.04","sa":"0.03","tas":"0.00","vic":"0.04"},{"ts":"2013-06-02T08:30:00Z","nsw":"0.07","qld":"0.04","sa":"0.03","tas":"0.00","vic":"0.04","wa":"1.32"},{"ts":"2013-06-02T08:40:00Z","nsw":"0.05","qld":"0.04","sa":"0.03","tas":"0.00","vic":"0.05"},{"ts":"2013-06-02T08:50:00Z","nsw":"0.04","qld":"0.04","sa":"0.04","tas":"0.00","vic":"0.05"},{"ts":"2013-06-02T09:00:00Z","nsw":"0.04","qld":"0.04","sa":"0.04","tas":"0.00","vic":"0.05","wa":"0.34"},{"ts":"2013-06-02T09:10:00Z","nsw":"0.03","qld":"0.04","sa":"0.04","tas":"0.00","vic":"0.05"},{"ts":"2013-06-02T09:20:00Z","nsw":"0.04","qld":"0.04","sa":"0.04","tas":"0.00","vic":"0.01"},{"ts":"2013-06-02T09:30:00Z","nsw":"0.04","qld":"0.05","sa":"0.04","tas":"0.00","vic":"0.05","wa":"0.02"},{"ts":"2013-06-02T09:40:00Z","nsw":"0.10","qld":"0.05","sa":"0.03","tas":"0.00","vic":"0.06"},{"ts":"2013-06-02T09:50:00Z","nsw":"0.06","qld":"0.05","sa":"0.03","tas":"0.00","vic":"0.06"},{"ts":"2013-06-02T10:00:00Z","nsw":"0.05","qld":"0.04","sa":"0.03","tas":"0.00","vic":"0.06","wa":"0.02"},{"ts":"2013-06-02T10:10:00Z","nsw":"0.04","qld":"0.04","sa":"0.03","tas":"0.00","vic":"0.06"},{"ts":"2013-06-02T10:20:00Z","nsw":"0.04","qld":"0.04","sa":"0.03","tas":"0.00","vic":"0.06"},{"ts":"2013-06-02T10:30:00Z","nsw":"0.04","qld":"0.04","sa":"0.03","tas":"0.00","vic":"0.07","wa":"0.01"},{"ts":"2013-06-02T10:40:00Z","nsw":"0.04","qld":"0.04","sa":"0.03","tas":"0.00","vic":"0.07"},{"ts":"2013-06-02T10:50:00Z","nsw":"0.04","qld":"0.04","sa":"0.04","tas":"0.00","vic":"0.07"},{"ts":"2013-06-02T11:00:00Z","nsw":"0.04","qld":"0.05","sa":"0.03","tas":"0.00","vic":"0.07","wa":"0.01"},{"ts":"2013-06-02T11:10:00Z","nsw":"0.04","qld":"0.05","sa":"0.03","tas":"0.00","vic":"0.07"},{"ts":"2013-06-02T11:20:00Z","nsw":"0.04","qld":"0.05","sa":"0.03","tas":"0.00","vic":"0.07"},{"ts":"2013-06-02T11:30:00Z","nsw":"0.04","qld":"0.05","sa":"0.03","tas":"0.00","vic":"0.08","wa":"0.01"},{"ts":"2013-06-02T11:40:00Z","nsw":"0.03","qld":"0.05","sa":"0.03","tas":"0.00","vic":"0.08"},{"ts":"2013-06-02T11:50:00Z","nsw":"0.03","qld":"0.05","sa":"0.03","tas":"0.00","vic":"0.08"},{"ts":"2013-06-02T12:00:00Z","nsw":"0.04","qld":"0.05","sa":"0.03","tas":"0.00","vic":"0.08","wa":"0.01"},{"ts":"2013-06-02T12:10:00Z","nsw":"0.03","qld":"0.05","sa":"0.03","tas":"0.00","vic":"0.08"},{"ts":"2013-06-02T12:20:00Z","nsw":"0.03","qld":"0.05","sa":"0.03","tas":"0.00","vic":"0.08"},{"ts":"2013-06-02T12:30:00Z","nsw":"0.02","qld":"0.05","sa":"0.03","tas":"0.00","vic":"0.08","wa":"0.02"},{"ts":"2013-06-02T12:40:00Z","nsw":"0.02","qld":"0.05","sa":"0.03","tas":"0.00","vic":"0.05"},{"ts":"2013-06-02T12:50:00Z","nsw":"0.02","qld":"0.05","sa":"0.03","tas":"0.00","vic":"0.05"}],"demand":[{"ts":"2013-06-01T18:00:00Z","nsw":5974,"qld":4443,"sa":959,"tas":953,"vic":4036,"wa":1612},{"ts":"2013-06-01T18:10:00Z","nsw":6018,"qld":4406,"sa":956,"tas":952,"vic":3986},{"ts":"2013-06-01T18:20:00Z","nsw":6015,"qld":4409,"sa":952,"tas":948,"vic":3974},{"ts":"2013-06-01T18:30:00Z","nsw":5929,"qld":4454,"sa":967,"tas":968,"vic":3993,"wa":1579},{"ts":"2013-06-01T18:40:00Z","nsw":6024,"qld":4488,"sa":948,"tas":978,"vic":4003},{"ts":"2013-06-01T18:50:00Z","nsw":5980,"qld":4491,"sa":938,"tas":980,"vic":3992},{"ts":"2013-06-01T19:00:00Z","nsw":6064,"qld":4520,"sa":928,"tas":983,"vic":3964,"wa":1548},{"ts":"2013-06-01T19:10:00Z","nsw":6081,"qld":4513,"sa":941,"tas":983,"vic":3989},{"ts":"2013-06-01T19:20:00Z","nsw":6104,"qld":4507,"sa":971,"tas":978,"vic":3998},{"ts":"2013-06-01T19:30:00Z","nsw":6121,"qld":4528,"sa":922,"tas":981,"vic":4035,"wa":1536},{"ts":"2013-06-01T19:40:00Z","nsw":6085,"qld":4621,"sa":924,"tas":986,"vic":4079},{"ts":"2013-06-01T19:50:00Z","nsw":6146,"qld":4616,"sa":930,"tas":1001,"vic":4079},{"ts":"2013-06-01T20:00:00Z","nsw":6259,"qld":4587,"sa":938,"tas":988,"vic":4131,"wa":1527},{"ts":"2013-06-01T20:10:00Z","nsw":6300,"qld":4656,"sa":946,"tas":1005,"vic":4171},{"ts":"2013-06-01T20:20:00Z","nsw":6389,"qld":4632,"sa":960,"tas":1019,"vic":4188},{"ts":"2013-06-01T20:30:00Z","nsw":6326,"qld":4723,"sa":974,"tas":1034,"vic":4207,"wa":1540},{"ts":"2013-06-01T20:40:00Z","nsw":6386,"qld":4804,"sa":980,"tas":1044,"vic":4269},{"ts":"2013-06-01T20:50:00Z","nsw":6528,"qld":4780,"sa":1003,"tas":1047,"vic":4322},{"ts":"2013-06-01T21:00:00Z","nsw":6626,"qld":4863,"sa":1017,"tas":1050,"vic":4299,"wa":1535},{"ts":"2013-06-01T21:10:00Z","nsw":6652,"qld":4955,"sa":1002,"tas":1045,"vic":4288},{"ts":"2013-06-01T21:20:00Z","nsw":6775,"qld":4991,"sa":1021,"tas":1067,"vic":4301},{"ts":"2013-06-01T21:30:00Z","nsw":6821,"qld":5089,"sa":1045,"tas":1094,"vic":4392,"wa":1493},{"ts":"2013-06-01T21:40:00Z","nsw":7062,"qld":5049,"sa":1012,"tas":1119,"vic":4475},{"ts":"2013-06-01T21:50:00Z","nsw":7217,"qld":5141,"sa":1049,"tas":1138,"vic":4561},{"ts":"2013-06-01T22:00:00Z","nsw":7338,"qld":5171,"sa":1062,"tas":1134,"vic":4591,"wa":1558},{"ts":"2013-06-01T22:10:00Z","nsw":7532,"qld":5236,"sa":1087,"tas":1149,"vic":4667},{"ts":"2013-06-01T22:20:00Z","nsw":7669,"qld":5309,"sa":1081,"tas":1152,"vic":4753},{"ts":"2013-06-01T22:30:00Z","nsw":7846,"qld":5313,"sa":1101,"tas":1177,"vic":4784,"wa":1582},{"ts":"2013-06-01T22:40:00Z","nsw":7914,"qld":5334,"sa":1133,"tas":1211,"vic":4852},{"ts":"2013-06-01T22:50:00Z","nsw":8005,"qld":5402,"sa":1137,"tas":1219,"vic":4898},{"ts":"2013-06-01T23:00:00Z","nsw":8085,"qld":5409,"sa":1169,"tas":1223,"vic":4967,"wa":1688},{"ts":"2013-06-01T23:10:00Z","nsw":8281,"qld":5415,"sa":1167,"tas":1230,"vic":5019},{"ts":"2013-06-01T23:20:00Z","nsw":8332,"qld":5394,"sa":1189,"tas":1214,"vic":5038},{"ts":"2013-06-01T23:30:00Z","nsw":8437,"qld":5371,"sa":1219,"tas":1215,"vic":5016,"wa":1716},{"ts":"2013-06-01T23:40:00Z","nsw":8504,"qld":5389,"sa":1233,"tas":1237,"vic":5036},{"ts":"2013-06-01T23:50:00Z","nsw":8522,"qld":5438,"sa":1239,"tas":1244,"vic":5103},{"ts":"2013-06-02T00:00:00Z","nsw":8515,"qld":5429,"sa":1219,"tas":1233,"vic":5129,"wa":1829},{"ts":"2013-06-02T00:10:00Z","nsw":8613,"qld":5388,"sa":1217,"tas":1233,"vic":5184},{"ts":"2013-06-02T00:20:00Z","nsw":8641,"qld":5378,"sa":1210,"tas":1223,"vic":5186},{"ts":"2013-06-02T00:30:00Z","nsw":8670,"qld":5357,"sa":1256,"tas":1233,"vic":5150,"wa":1910},{"ts":"2013-06-02T00:40:00Z","nsw":8724,"qld":5359,"sa":1247,"tas":1219,"vic":5192},{"ts":"2013-06-02T00:50:00Z","nsw":8751,"qld":5317,"sa":1261,"tas":1209,"vic":5156},{"ts":"2013-06-02T01:00:00Z","nsw":8695,"qld":5336,"sa":1240,"tas":1206,"vic":5121,"wa":1941},{"ts":"2013-06-02T01:10:00Z","nsw":8776,"qld":5253,"sa":1240,"tas":1190,"vic":5144},{"ts":"2013-06-02T01:20:00Z","nsw":8762,"qld":5244,"sa":1247,"tas":1188,"vic":5183},{"ts":"2013-06-02T01:30:00Z","nsw":8744,"qld":5231,"sa":1263,"tas":1172,"vic":5122,"wa":1985},{"ts":"2013-06-02T01:40:00Z","nsw":8775,"qld":5275,"sa":1273,"tas":1164,"vic":5121},{"ts":"2013-06-02T01:50:00Z","nsw":8768,"qld":5244,"sa":1253,"tas":1166,"vic":5066},{"ts":"2013-06-02T02:00:00Z","nsw":8695,"qld":5282,"sa":1249,"tas":1159,"vic":5116,"wa":2007},{"ts":"2013-06-02T02:10:00Z","nsw":8757,"qld":5292,"sa":1238,"tas":1109,"vic":5126},{"ts":"2013-06-02T02:20:00Z","nsw":8754,"qld":5291,"sa":1275,"tas":1107,"vic":5167},{"ts":"2013-06-02T02:30:00Z","nsw":8757,"qld":5291,"sa":1251,"tas":1115,"vic":5092,"wa":2005},{"ts":"2013-06-02T02:40:00Z","nsw":8772,"qld":5320,"sa":1269,"tas":1120,"vic":5109},{"ts":"2013-06-02T02:50:00Z","nsw":8758,"qld":5329,"sa":1285,"tas":1111,"vic":5142},{"ts":"2013-06-02T03:00:00Z","nsw":8712,"qld":5331,"sa":1305,"tas":1106,"vic":5080,"wa":1980},{"ts":"2013-06-02T03:10:00Z","nsw":8587,"qld":5367,"sa":1272,"tas":1094,"vic":5147},{"ts":"2013-06-02T03:20:00Z","nsw":8581,"qld":5319,"sa":1289,"tas":1094,"vic":5081},{"ts":"2013-06-02T03:30:00Z","nsw":8505,"qld":5388,"sa":1267,"tas":1089,"vic":5048,"wa":1968},{"ts":"2013-06-02T03:40:00Z","nsw":8482,"qld":5417,"sa":1287,"tas":1088,"vic":5102},{"ts":"2013-06-02T03:50:00Z","nsw":8440,"qld":5438,"sa":1276,"tas":1086,"vic":5097},{"ts":"2013-06-02T04:00:00Z","nsw":8443,"qld":5458,"sa":1254,"tas":1088,"vic":5123,"wa":1948},{"ts":"2013-06-02T04:10:00Z","nsw":8345,"qld":5488,"sa":1222,"tas":1087,"vic":5103},{"ts":"2013-06-02T04:20:00Z","nsw":8346,"qld":5444,"sa":1264,"tas":1085,"vic":5079},{"ts":"2013-06-02T04:30:00Z","nsw":8311,"qld":5460,"sa":1314,"tas":1093,"vic":5169,"wa":1921},{"ts":"2013-06-02T04:40:00Z","nsw":8310,"qld":5499,"sa":1304,"tas":1102,"vic":5144},{"ts":"2013-06-02T04:50:00Z","nsw":8328,"qld":5502,"sa":1293,"tas":1113,"vic":5121},{"ts":"2013-06-02T05:00:00Z","nsw":8306,"qld":5544,"sa":1312,"tas":1115,"vic":5026,"wa":1888},{"ts":"2013-06-02T05:10:00Z","nsw":8309,"qld":5613,"sa":1308,"tas":1115,"vic":5104},{"ts":"2013-06-02T05:20:00Z","nsw":8196,"qld":5658,"sa":1305,"tas":1123,"vic":5141},{"ts":"2013-06-02T05:30:00Z","nsw":8155,"qld":5647,"sa":1321,"tas":1127,"vic":5228,"wa":1845},{"ts":"2013-06-02T05:40:00Z","nsw":8236,"qld":5672,"sa":1324,"tas":1142,"vic":5211},{"ts":"2013-06-02T05:50:00Z","nsw":8334,"qld":5729,"sa":1344,"tas":1163,"vic":5265},{"ts":"2013-06-02T06:00:00Z","nsw":8425,"qld":5738,"sa":1380,"tas":1188,"vic":5256,"wa":1799},{"ts":"2013-06-02T06:10:00Z","nsw":8442,"qld":5792,"sa":1423,"tas":1203,"vic":5331},{"ts":"2013-06-02T06:20:00Z","nsw":8545,"qld":5939,"sa":1433,"tas":1224,"vic":5364},{"ts":"2013-06-02T06:30:00Z","nsw":8723,"qld":5970,"sa":1437,"tas":1238,"vic":5401,"wa":1802},{"ts":"2013-06-02T06:40:00Z","nsw":8906,"qld":5990,"sa":1448,"tas":1286,"vic":5556},{"ts":"2013-06-02T06:50:00Z","nsw":9158,"qld":6077,"sa":1482,"tas":1308,"vic":5665},{"ts":"2013-06-02T07:00:00Z","nsw":9319,"qld":6215,"sa":1526,"tas":1354,"vic":5818,"wa":1804},{"ts":"2013-06-02T07:10:00Z","nsw":9405,"qld":6309,"sa":1555,"tas":1368,"vic":5936},{"ts":"2013-06-02T07:20:00Z","nsw":9770,"qld":6351,"sa":1586,"tas":1402,"vic":6081},{"ts":"2013-06-02T07:30:00Z","nsw":9915,"qld":6407,"sa":1622,"tas":1423,"vic":6220,"wa":1838},{"ts":"2013-06-02T07:40:00Z","nsw":10093,"qld":6407,"sa":1646,"tas":1429,"vic":6374},{"ts":"2013-06-02T07:50:00Z","nsw":10229,"qld":6448,"sa":1711,"tas":1433,"vic":6476},{"ts":"2013-06-02T08:00:00Z","nsw":10208,"qld":6443,"sa":1751,"tas":1426,"vic":6480,"wa":1892},{"ts":"2013-06-02T08:10:00Z","nsw":10129,"qld":6360,"sa":1784,"tas":1432,"vic":6450},{"ts":"2013-06-02T08:20:00Z","nsw":10126,"qld":6326,"sa":1806,"tas":1425,"vic":6451},{"ts":"2013-06-02T08:30:00Z","nsw":9978,"qld":6343,"sa":1781,"tas":1418,"vic":6404,"wa":1956},{"ts":"2013-06-02T08:40:00Z","nsw":9956,"qld":6371,"sa":1687,"tas":1422,"vic":6399},{"ts":"2013-06-02T08:50:00Z","nsw":9859,"qld":6245,"sa":1732,"tas":1404,"vic":6324},{"ts":"2013-06-02T09:00:00Z","nsw":9810,"qld":6231,"sa":1799,"tas":1387,"vic":6255,"wa":2069},{"ts":"2013-06-02T09:10:00Z","nsw":9679,"qld":6214,"sa":1771,"tas":1379,"vic":6199},{"ts":"2013-06-02T09:20:00Z","nsw":9603,"qld":6199,"sa":1736,"tas":1373,"vic":6132},{"ts":"2013-06-02T09:30:00Z","nsw":9477,"qld":6109,"sa":1732,"tas":1368,"vic":6096,"wa":2229},{"ts":"2013-06-02T09:40:00Z","nsw":9477,"qld":6137,"sa":1721,"tas":1334,"vic":6021},{"ts":"2013-06-02T09:50:00Z","nsw":9410,"qld":6172,"sa":1697,"tas":1350,"vic":6047},{"ts":"2013-06-02T10:00:00Z","nsw":9406,"qld":6172,"sa":1702,"tas":1338,"vic":5999,"wa":2426},{"ts":"2013-06-02T10:10:00Z","nsw":9336,"qld":6159,"sa":1711,"tas":1327,"vic":6006},{"ts":"2013-06-02T10:20:00Z","nsw":9277,"qld":6117,"sa":1712,"tas":1282,"vic":5967},{"ts":"2013-06-02T10:30:00Z","nsw":9218,"qld":6078,"sa":1684,"tas":1296,"vic":5918,"wa":2574},{"ts":"2013-06-02T10:40:00Z","nsw":9203,"qld":6020,"sa":1658,"tas":1283,"vic":5861},{"ts":"2013-06-02T10:50:00Z","nsw":9050,"qld":6056,"sa":1655,"tas":1254,"vic":5800},{"ts":"2013-06-02T11:00:00Z","nsw":8935,"qld":5948,"sa":1626,"tas":1260,"vic":5764,"wa":2569},{"ts":"2013-06-02T11:10:00Z","nsw":8908,"qld":5889,"sa":1624,"tas":1234,"vic":5670},{"ts":"2013-06-02T11:20:00Z","nsw":8735,"qld":5843,"sa":1579,"tas":1224,"vic":5620},{"ts":"2013-06-02T11:30:00Z","nsw":8739,"qld":5733,"sa":1570,"tas":1208,"vic":5558,"wa":2505},{"ts":"2013-06-02T11:40:00Z","nsw":8681,"qld":5687,"sa":1565,"tas":1209,"vic":5502},{"ts":"2013-06-02T11:50:00Z","nsw":8464,"qld":5629,"sa":1547,"tas":1194,"vic":5418},{"ts":"2013-06-02T12:00:00Z","nsw":8439,"qld":5590,"sa":1545,"tas":1174,"vic":5394,"wa":2454},{"ts":"2013-06-02T12:10:00Z","nsw":8498,"qld":5569,"sa":1519,"tas":1152,"vic":5368},{"ts":"2013-06-02T12:20:00Z","nsw":8452,"qld":5489,"sa":1513,"tas":1137,"vic":5313},{"ts":"2013-06-02T12:30:00Z","nsw":8408,"qld":5469,"sa":1503,"tas":1130,"vic":5279,"wa":2403},{"ts":"2013-06-02T12:40:00Z","nsw":8205,"qld":5465,"sa":1492,"tas":1122,"vic":5252},{"ts":"2013-06-02T12:50:00Z","nsw":8072,"qld":5440,"sa":1482,"tas":1094,"vic":5257}],"output":[{"ts":"2013-06-01T18:00:00Z","nsw":1,"qld":2,"sa":0,"tas":0,"vic":0,"wa":0},{"ts":"2013-06-01T18:10:00Z","nsw":0,"qld":2,"sa":0,"tas":0,"vic":0},{"ts":"2013-06-01T18:20:00Z","nsw":1,"qld":2,"sa":0,"tas":0,"vic":0},{"ts":"2013-06-01T18:30:00Z","nsw":1,"qld":2,"sa":0,"tas":0,"vic":0,"wa":0},{"ts":"2013-06-01T18:40:00Z","nsw":1,"qld":3,"sa":0,"tas":0,"vic":0},{"ts":"2013-06-01T18:50:00Z","nsw":0,"qld":2,"sa":0,"tas":0,"vic":0},{"ts":"2013-06-01T19:00:00Z","nsw":1,"qld":2,"sa":0,"tas":0,"vic":0,"wa":0},{"ts":"2013-06-01T19:10:00Z","nsw":0,"qld":2,"sa":0,"tas":0,"vic":0},{"ts":"2013-06-01T19:20:00Z","nsw":1,"qld":2,"sa":0,"tas":0,"vic":0},{"ts":"2013-06-01T19:30:00Z","nsw":0,"qld":2,"sa":0,"tas":0,"vic":0,"wa":0},{"ts":"2013-06-01T19:40:00Z","nsw":1,"qld":2,"sa":0,"tas":0,"vic":0},{"ts":"2013-06-01T19:50:00Z","nsw":1,"qld":2,"sa":0,"tas":0,"vic":0},{"ts":"2013-06-01T20:00:00Z","nsw":1,"qld":2,"sa":0,"tas":0,"vic":0,"wa":0},{"ts":"2013-06-01T20:10:00Z","nsw":2,"qld":2,"sa":0,"tas":0,"vic":0},{"ts":"2013-06-01T20:20:00Z","nsw":1,"qld":2,"sa":0,"tas":0,"vic":0},{"ts":"2013-06-01T20:30:00Z","nsw":1,"qld":2,"sa":0,"tas":0,"vic":0,"wa":0},{"ts":"2013-06-01T20:40:00Z","nsw":1,"qld":3,"sa":0,"tas":0,"vic":0},{"ts":"2013-06-01T20:50:00Z","nsw":1,"qld":8,"sa":0,"tas":0,"vic":0},{"ts":"2013-06-01T21:00:00Z","nsw":1,"qld":17,"sa":0,"tas":0,"vic":0,"wa":0},{"ts":"2013-06-01T21:10:00Z","nsw":1,"qld":29,"sa":0,"tas":0,"vic":0},{"ts":"2013-06-01T21:20:00Z","nsw":1,"qld":35,"sa":0,"tas":0,"vic":0},{"ts":"2013-06-01T21:30:00Z","nsw":4,"qld":46,"sa":0,"tas":0,"vic":0,"wa":0},{"ts":"2013-06-01T21:40:00Z","nsw":7,"qld":58,"sa":0,"tas":0,"vic":1},{"ts":"2013-06-01T21:50:00Z","nsw":11,"qld":67,"sa":1,"tas":0,"vic":4},{"ts":"2013-06-01T22:00:00Z","nsw":12,"qld":94,"sa":3,"tas":1,"vic":8,"wa":0},{"ts":"2013-06-01T22:10:00Z","nsw":14,"qld":120,"sa":8,"tas":1,"vic":12},{"ts":"2013-06-01T22:20:00Z","nsw":18,"qld":135,"sa":11,"tas":2,"vic":18},{"ts":"2013-06-01T22:30:00Z","nsw":23,"qld":163,"sa":16,"tas":2,"vic":25,"wa":0},{"ts":"2013-06-01T22:40:00Z","nsw":26,"qld":208,"sa":18,"tas":4,"vic":32},{"ts":"2013-06-01T22:50:00Z","nsw":29,"qld":222,"sa":21,"tas":4,"vic":39},{"ts":"2013-06-01T23:00:00Z","nsw":32,"qld":240,"sa":36,"tas":5,"vic":51,"wa":0},{"ts":"2013-06-01T23:10:00Z","nsw":36,"qld":239,"sa":48,"tas":6,"vic":59},{"ts":"2013-06-01T23:20:00Z","nsw":45,"qld":226,"sa":53,"tas":8,"vic":73},{"ts":"2013-06-01T23:30:00Z","nsw":44,"qld":219,"sa":58,"tas":9,"vic":80,"wa":2},{"ts":"2013-06-01T23:40:00Z","nsw":49,"qld":243,"sa":61,"tas":9,"vic":93},{"ts":"2013-06-01T23:50:00Z","nsw":49,"qld":273,"sa":58,"tas":10,"vic":87},{"ts":"2013-06-02T00:00:00Z","nsw":52,"qld":328,"sa":62,"tas":11,"vic":92,"wa":21},{"ts":"2013-06-02T00:10:00Z","nsw":54,"qld":349,"sa":62,"tas":12,"vic":90},{"ts":"2013-06-02T00:20:00Z","nsw":61,"qld":395,"sa":70,"tas":13,"vic":96},{"ts":"2013-06-02T00:30:00Z","nsw":60,"qld":380,"sa":72,"tas":12,"vic":103,"wa":47},{"ts":"2013-06-02T00:40:00Z","nsw":71,"qld":403,"sa":75,"tas":14,"vic":113},{"ts":"2013-06-02T00:50:00Z","nsw":69,"qld":367,"sa":81,"tas":14,"vic":123},{"ts":"2013-06-02T01:00:00Z","nsw":77,"qld":400,"sa":83,"tas":15,"vic":135,"wa":61},{"ts":"2013-06-02T01:10:00Z","nsw":69,"qld":417,"sa":90,"tas":16,"vic":123},{"ts":"2013-06-02T01:20:00Z","nsw":76,"qld":438,"sa":96,"tas":17,"vic":149},{"ts":"2013-06-02T01:30:00Z","nsw":71,"qld":433,"sa":97,"tas":17,"vic":137,"wa":69},{"ts":"2013-06-02T01:40:00Z","nsw":63,"qld":397,"sa":95,"tas":17,"vic":149},{"ts":"2013-06-02T01:50:00Z","nsw":60,"qld":430,"sa":97,"tas":16,"vic":156},{"ts":"2013-06-02T02:00:00Z","nsw":68,"qld":371,"sa":106,"tas":17,"vic":169,"wa":88},{"ts":"2013-06-02T02:10:00Z","nsw":64,"qld":347,"sa":123,"tas":16,"vic":164},{"ts":"2013-06-02T02:20:00Z","nsw":82,"qld":368,"sa":114,"tas":17,"vic":181},{"ts":"2013-06-02T02:30:00Z","nsw":76,"qld":372,"sa":118,"tas":18,"vic":156,"wa":98},{"ts":"2013-06-02T02:40:00Z","nsw":72,"qld":360,"sa":115,"tas":18,"vic":164},{"ts":"2013-06-02T02:50:00Z","nsw":83,"qld":319,"sa":105,"tas":18,"vic":154},{"ts":"2013-06-02T03:00:00Z","nsw":89,"qld":327,"sa":89,"tas":18,"vic":153,"wa":97},{"ts":"2013-06-02T03:10:00Z","nsw":77,"qld":293,"sa":85,"tas":17,"vic":142},{"ts":"2013-06-02T03:20:00Z","nsw":96,"qld":278,"sa":77,"tas":16,"vic":154},{"ts":"2013-06-02T03:30:00Z","nsw":91,"qld":256,"sa":86,"tas":16,"vic":148,"wa":110},{"ts":"2013-06-02T03:40:00Z","nsw":108,"qld":204,"sa":85,"tas":15,"vic":144},{"ts":"2013-06-02T03:50:00Z","nsw":116,"qld":184,"sa":84,"tas":14,"vic":129},{"ts":"2013-06-02T04:00:00Z","nsw":117,"qld":168,"sa":78,"tas":14,"vic":132,"wa":124},{"ts":"2013-06-02T04:10:00Z","nsw":121,"qld":159,"sa":81,"tas":13,"vic":113},{"ts":"2013-06-02T04:20:00Z","nsw":117,"qld":157,"sa":72,"tas":12,"vic":127},{"ts":"2013-06-02T04:30:00Z","nsw":106,"qld":136,"sa":73,"tas":11,"vic":108,"wa":143},{"ts":"2013-06-02T04:40:00Z","nsw":127,"qld":117,"sa":70,"tas":10,"vic":112},{"ts":"2013-06-02T04:50:00Z","nsw":108,"qld":90,"sa":74,"tas":10,"vic":96},{"ts":"2013-06-02T05:00:00Z","nsw":116,"qld":75,"sa":63,"tas":9,"vic":99,"wa":153},{"ts":"2013-06-02T05:10:00Z","nsw":95,"qld":57,"sa":64,"tas":8,"vic":80},{"ts":"2013-06-02T05:20:00Z","nsw":88,"qld":64,"sa":52,"tas":8,"vic":75},{"ts":"2013-06-02T05:30:00Z","nsw":68,"qld":61,"sa":51,"tas":6,"vic":66,"wa":146},{"ts":"2013-06-02T05:40:00Z","nsw":77,"qld":59,"sa":45,"tas":5,"vic":60},{"ts":"2013-06-02T05:50:00Z","nsw":53,"qld":50,"sa":46,"tas":4,"vic":49},{"ts":"2013-06-02T06:00:00Z","nsw":49,"qld":49,"sa":40,"tas":3,"vic":46,"wa":144},{"ts":"2013-06-02T06:10:00Z","nsw":38,"qld":36,"sa":41,"tas":2,"vic":32},{"ts":"2013-06-02T06:20:00Z","nsw":30,"qld":29,"sa":38,"tas":1,"vic":26},{"ts":"2013-06-02T06:30:00Z","nsw":14,"qld":25,"sa":34,"tas":0,"vic":18,"wa":117},{"ts":"2013-06-02T06:40:00Z","nsw":9,"qld":19,"sa":25,"tas":0,"vic":10},{"ts":"2013-06-02T06:50:00Z","nsw":5,"qld":13,"sa":23,"tas":0,"vic":5},{"ts":"2013-06-02T07:00:00Z","nsw":5,"qld":11,"sa":17,"tas":0,"vic":4,"wa":105},{"ts":"2013-06-02T07:10:00Z","nsw":4,"qld":8,"sa":11,"tas":0,"vic":2},{"ts":"2013-06-02T07:20:00Z","nsw":1,"qld":7,"sa":7,"tas":0,"vic":2},{"ts":"2013-06-02T07:30:00Z","nsw":3,"qld":9,"sa":3,"tas":0,"vic":2,"wa":80},{"ts":"2013-06-02T07:40:00Z","nsw":2,"qld":4,"sa":1,"tas":0,"vic":1},{"ts":"2013-06-02T07:50:00Z","nsw":3,"qld":3,"sa":1,"tas":0,"vic":2},{"ts":"2013-06-02T08:00:00Z","nsw":4,"qld":2,"sa":1,"tas":0,"vic":2,"wa":54},{"ts":"2013-06-02T08:10:00Z","nsw":10,"qld":2,"sa":0,"tas":0,"vic":2},{"ts":"2013-06-02T08:20:00Z","nsw":6,"qld":2,"sa":0,"tas":0,"vic":2},{"ts":"2013-06-02T08:30:00Z","nsw":6,"qld":2,"sa":0,"tas":0,"vic":2,"wa":26},{"ts":"2013-06-02T08:40:00Z","nsw":4,"qld":2,"sa":0,"tas":0,"vic":3},{"ts":"2013-06-02T08:50:00Z","nsw":4,"qld":2,"sa":0,"tas":0,"vic":3},{"ts":"2013-06-02T09:00:00Z","nsw":4,"qld":2,"sa":0,"tas":0,"vic":3,"wa":7},{"ts":"2013-06-02T09:10:00Z","nsw":2,"qld":2,"sa":0,"tas":0,"vic":3},{"ts":"2013-06-02T09:20:00Z","nsw":3,"qld":2,"sa":0,"tas":0,"vic":0},{"ts":"2013-06-02T09:30:00Z","nsw":3,"qld":2,"sa":0,"tas":0,"vic":3,"wa":0},{"ts":"2013-06-02T09:40:00Z","nsw":9,"qld":2,"sa":0,"tas":0,"vic":3},{"ts":"2013-06-02T09:50:00Z","nsw":5,"qld":2,"sa":0,"tas":0,"vic":3},{"ts":"2013-06-02T10:00:00Z","nsw":4,"qld":2,"sa":0,"tas":0,"vic":3,"wa":0},{"ts":"2013-06-02T10:10:00Z","nsw":3,"qld":2,"sa":0,"tas":0,"vic":3},{"ts":"2013-06-02T10:20:00Z","nsw":4,"qld":2,"sa":0,"tas":0,"vic":3},{"ts":"2013-06-02T10:30:00Z","nsw":3,"qld":2,"sa":0,"tas":0,"vic":4,"wa":0},{"ts":"2013-06-02T10:40:00Z","nsw":4,"qld":2,"sa":0,"tas":0,"vic":3},{"ts":"2013-06-02T10:50:00Z","nsw":4,"qld":2,"sa":0,"tas":0,"vic":4},{"ts":"2013-06-02T11:00:00Z","nsw":3,"qld":2,"sa":0,"tas":0,"vic":4,"wa":0},{"ts":"2013-06-02T11:10:00Z","nsw":3,"qld":2,"sa":0,"tas":0,"vic":4},{"ts":"2013-06-02T11:20:00Z","nsw":3,"qld":2,"sa":0,"tas":0,"vic":4},{"ts":"2013-06-02T11:30:00Z","nsw":3,"qld":2,"sa":0,"tas":0,"vic":4,"wa":0},{"ts":"2013-06-02T11:40:00Z","nsw":2,"qld":2,"sa":0,"tas":0,"vic":4},{"ts":"2013-06-02T11:50:00Z","nsw":2,"qld":2,"sa":0,"tas":0,"vic":4},{"ts":"2013-06-02T12:00:00Z","nsw":3,"qld":2,"sa":0,"tas":0,"vic":4,"wa":0},{"ts":"2013-06-02T12:10:00Z","nsw":2,"qld":2,"sa":0,"tas":0,"vic":4},{"ts":"2013-06-02T12:20:00Z","nsw":2,"qld":2,"sa":0,"tas":0,"vic":4},{"ts":"2013-06-02T12:30:00Z","nsw":1,"qld":2,"sa":0,"tas":0,"vic":4,"wa":0},{"ts":"2013-06-02T12:40:00Z","nsw":2,"qld":2,"sa":0,"tas":0,"vic":2},{"ts":"2013-06-02T12:50:00Z","nsw":1,"qld":2,"sa":0,"tas":0,"vic":2}]} 