{"performance":[{"ts":"2013-08-05T18:00:00Z","nsw":"0.20","nt":"0.00","qld":"0.30","sa":"0.12","tas":"0.00","vic":"0.10","wa":"0.11"},{"ts":"2013-08-05T18:10:00Z","nsw":"0.18","nt":"0.00","qld":"0.30","sa":"0.14","tas":"0.00","vic":"0.09","wa":"0.12"},{"ts":"2013-08-05T18:20:00Z","nsw":"0.24","nt":"0.00","qld":"0.37","sa":"0.10","tas":"0.00","vic":"0.08","wa":"0.11"},{"ts":"2013-08-05T18:30:00Z","nsw":"0.23","nt":"0.00","qld":"0.29","sa":"0.10","tas":"0.00","vic":"0.08","wa":"0.12"},{"ts":"2013-08-05T18:40:00Z","nsw":"0.24","nt":"0.00","qld":"0.31","sa":"0.10","tas":"0.00","vic":"0.08","wa":"0.11"},{"ts":"2013-08-05T18:50:00Z","nsw":"0.21","nt":"0.00","qld":"0.30","sa":"0.10","tas":"0.00","vic":"0.08","wa":"0.12"},{"ts":"2013-08-05T19:00:00Z","nsw":"0.22","nt":"0.00","qld":"0.34","sa":"0.10","tas":"0.00","vic":"0.08","wa":"0.11"},{"ts":"2013-08-05T19:10:00Z","nsw":"0.22","nt":"0.00","qld":"0.33","sa":"0.10","tas":"0.00","vic":"0.09","wa":"0.12"},{"ts":"2013-08-05T19:20:00Z","nsw":"0.24","nt":"0.00","qld":"0.39","sa":"0.10","tas":"0.00","vic":"0.09","wa":"0.12"},{"ts":"2013-08-05T19:30:00Z","nsw":"0.18","nt":"0.00","qld":"0.34","sa":"0.10","tas":"0.00","vic":"0.08","wa":"0.12"},{"ts":"2013-08-05T19:40:00Z","nsw":"0.21","nt":"0.00","qld":"0.34","sa":"0.10","tas":"0.00","vic":"0.08","wa":"0.11"},{"ts":"2013-08-05T19:50:00Z","nsw":"0.18","nt":"0.00","qld":"0.36","sa":"0.10","tas":"0.00","vic":"0.08","wa":"0.12"},{"ts":"2013-08-05T20:00:00Z","nsw":"0.24","nt":"0.00","qld":"0.35","sa":"0.10","tas":"0.00","vic":"0.08","wa":"0.11"},{"ts":"2013-08-05T20:10:00Z","nsw":"0.28","nt":"0.00","qld":"0.35","sa":"0.09","tas":"0.00","vic":"0.08","wa":"0.12"},{"ts":"2013-08-05T20:20:00Z","nsw":"0.30","nt":"0.00","qld":"0.17","sa":"0.09","tas":"0.00","vic":"0.09","wa":"0.11"},{"ts":"2013-08-05T20:30:00Z","nsw":"0.25","nt":"0.00","qld":"0.41","sa":"0.09","tas":"0.00","vic":"0.09","wa":"0.12"},{"ts":"2013-08-05T20:40:00Z","nsw":"0.29","nt":"0.00","qld":"1.50","sa":"0.09","tas":"0.15","vic":"0.09","wa":"0.11"},{"ts":"2013-08-05T20:50:00Z","nsw":"0.49","nt":"0.00","qld":"2.73","sa":"0.09","tas":"0.00","vic":"0.09","wa":"0.12"},{"ts":"2013-08-05T21:00:00Z","nsw":"1.52","nt":"0.00","qld":"4.67","sa":"0.09","tas":"0.00","vic":"0.09","wa":"0.11"},{"ts":"2013-08-05T21:10:00Z","nsw":"2.41","nt":"0.00","qld":"7.41","sa":"0.09","tas":"0.00","vic":"0.09","wa":"0.14"},{"ts":"2013-08-05T21:20:00Z","nsw":"3.32","nt":"0.00","qld":"10.13","sa":"0.11","tas":"0.00","vic":"0.15","wa":"0.14"},{"ts":"2013-08-05T21:30:00Z","nsw":"4.74","nt":"0.00","qld":"12.85","sa":"0.28","tas":"0.27","vic":"0.53","wa":"0.14"},{"ts":"2013-08-05T21:40:00Z","nsw":"6.92","nt":"0.00","qld":"17.10","sa":"0.08","tas":"1.81","vic":"1.81","wa":"0.14"},{"ts":"2013-08-05T21:50:00Z","nsw":"9.85","nt":"0.62","qld":"20.53","sa":"0.30","tas":"4.46","vic":"3.27","wa":"0.14"},{"ts":"2013-08-05T22:00:00Z","nsw":"13.09","nt":"0.78","qld":"23.88","sa":"0.55","tas":"6.61","vic":"4.76","wa":"0.11"},{"ts":"2013-08-05T22:10:00Z","nsw":"12.74","nt":"1.93","qld":"27.18","sa":"1.11","tas":"7.43","vic":"6.90","wa":"0.14"},{"ts":"2013-08-05T22:20:00Z","nsw":"13.86","nt":"2.86","qld":"30.69","sa":"1.52","tas":"12.15","vic":"9.77","wa":"0.12"},{"ts":"2013-08-05T22:30:00Z","nsw":"15.31","nt":"3.69","qld":"33.84","sa":"2.43","tas":"14.12","vic":"10.66","wa":"0.12"},{"ts":"2013-08-05T22:40:00Z","nsw":"18.55","nt":"5.83","qld":"37.27","sa":"2.93","tas":"17.95","vic":"13.77","wa":"0.12"},{"ts":"2013-08-05T22:50:00Z","nsw":"21.10","nt":"8.02","qld":"39.89","sa":"3.81","tas":"21.91","vic":"14.96","wa":"0.13"},{"ts":"2013-08-05T23:00:00Z","nsw":"24.39","nt":"10.64","qld":"43.44","sa":"5.31","tas":"26.44","vic":"18.27","wa":"0.11"},{"ts":"2013-08-05T23:10:00Z","nsw":"26.77","nt":"17.17","qld":"45.56","sa":"5.60","tas":"30.72","vic":"19.11","wa":"0.22"},{"ts":"2013-08-05T23:20:00Z","nsw":"26.89","nt":"16.51","qld":"48.81","sa":"4.74","tas":"34.90","vic":"20.89","wa":"0.53"},{"ts":"2013-08-05T23:30:00Z","nsw":"30.56","nt":"21.76","qld":"49.70","sa":"5.11","tas":"34.21","vic":"21.48","wa":"0.56"},{"ts":"2013-08-05T23:40:00Z","nsw":"30.47","nt":"25.68","qld":"50.05","sa":"5.46","tas":"39.62","vic":"23.03","wa":"0.83"},{"ts":"2013-08-05T23:50:00Z","nsw":"31.80","nt":"27.75","qld":"53.86","sa":"6.34","tas":"39.97","vic":"24.47","wa":"0.90"},{"ts":"2013-08-06T00:00:00Z","nsw":"34.88","nt":"31.26","qld":"55.09","sa":"7.56","tas":"42.39","vic":"27.55","wa":"1.91"},{"ts":"2013-08-06T00:10:00Z","nsw":"39.79","nt":"40.17","qld":"55.15","sa":"9.18","tas":"41.38","vic":"30.88","wa":"2.88"},{"ts":"2013-08-06T00:20:00Z","nsw":"42.49","nt":"39.91","qld":"54.90","sa":"8.68","tas":"42.66","vic":"33.24","wa":"6.78"},{"ts":"2013-08-06T00:30:00Z","nsw":"42.91","nt":"44.99","qld":"55.98","sa":"9.22","tas":"37.65","vic":"31.75","wa":"10.94"},{"ts":"2013-08-06T00:40:00Z","nsw":"42.67","nt":"48.23","qld":"57.99","sa":"10.18","tas":"44.01","vic":"40.22","wa":"14.78"},{"ts":"2013-08-06T00:50:00Z","nsw":"45.03","nt":"50.84","qld":"59.60","sa":"11.89","tas":"39.51","vic":"40.26","wa":"17.26"},{"ts":"2013-08-06T01:00:00Z","nsw":"45.31","nt":"53.55","qld":"59.61","sa":"14.12","tas":"48.44","vic":"41.01","wa":"16.15"},{"ts":"2013-08-06T01:10:00Z","nsw":"46.49","nt":"55.59","qld":"60.21","sa":"15.18","tas":"45.75","vic":"39.86","wa":"11.60"},{"ts":"2013-08-06T01:20:00Z","nsw":"48.61","nt":"58.14","qld":"61.32","sa":"16.87","tas":"50.03","vic":"41.42","wa":"16.18"},{"ts":"2013-08-06T01:30:00Z","nsw":"50.24","nt":"59.61","qld":"61.62","sa":"16.11","tas":"44.70","vic":"36.87","wa":"17.41"},{"ts":"2013-08-06T01:40:00Z","nsw":"49.40","nt":"60.82","qld":"62.30","sa":"14.39","tas":"39.03","vic":"41.75","wa":"19.52"},{"ts":"2013-08-06T01:50:00Z","nsw":"50.41","nt":"63.29","qld":"63.90","sa":"16.01","tas":"32.81","vic":"38.32","wa":"15.36"},{"ts":"2013-08-06T02:00:00Z","nsw":"50.32","nt":"64.02","qld":"64.86","sa":"16.65","tas":"53.62","vic":"44.10","wa":"14.62"},{"ts":"2013-08-06T02:10:00Z","nsw":"48.08","nt":"64.39","qld":"64.11","sa":"18.80","tas":"44.42","vic":"41.62","wa":"17.91"},{"ts":"2013-08-06T02:20:00Z","nsw":"50.33","nt":"67.06","qld":"64.09","sa":"21.57","tas":"46.13","vic":"40.53","wa":"22.63"},{"ts":"2013-08-06T02:30:00Z","nsw":"46.66","nt":"64.72","qld":"62.21","sa":"23.07","tas":"39.44","vic":"39.63","wa":"24.71"},{"ts":"2013-08-06T02:40:00Z","nsw":"47.76","nt":"62.88","qld":"64.50","sa":"18.17","tas":"44.89","vic":"38.69","wa":"26.68"},{"ts":"2013-08-06T02:50:00Z","nsw":"42.90","nt":"68.30","qld":"64.61","sa":"17.04","tas":"47.82","vic":"35.36","wa":"23.99"},{"ts":"2013-08-06T03:00:00Z","nsw":"45.14","nt":"65.63","qld":"63.80","sa":"17.23","tas":"52.88","vic":"34.48","wa":"21.33"},{"ts":"2013-08-06T03:10:00Z","nsw":"39.39","nt":"62.60","qld":"62.85","sa":"20.66","tas":"38.84","vic":"33.60","wa":"22.13"},{"ts":"2013-08-06T03:20:00Z","nsw":"37.70","nt":"70.49","qld":"62.23","sa":"22.83","tas":"35.88","vic":"38.51","wa":"25.66"},{"ts":"2013-08-06T03:30:00Z","nsw":"34.68","nt":"67.22","qld":"60.03","sa":"25.79","tas":"29.60","vic":"41.15","wa":"27.11"},{"ts":"2013-08-06T03:40:00Z","nsw":"34.42","nt":"71.59","qld":"58.54","sa":"23.02","tas":"45.57","vic":"44.98","wa":"30.14"},{"ts":"2013-08-06T03:50:00Z","nsw":"32.62","nt":"67.71","qld":"57.14","sa":"31.24","tas":"44.41","vic":"40.04","wa":"37.00"},{"ts":"2013-08-06T04:00:00Z","nsw":"33.65","nt":"63.57","qld":"54.83","sa":"35.51","tas":"47.73","vic":"43.78","wa":"40.06"},{"ts":"2013-08-06T04:10:00Z","nsw":"28.76","nt":"63.95","qld":"52.88","sa":"31.95","tas":"32.33","vic":"34.97","wa":"39.29"},{"ts":"2013-08-06T04:20:00Z","nsw":"30.34","nt":"68.36","qld":"50.97","sa":"31.27","tas":"40.65","vic":"34.06","wa":"45.10"},{"ts":"2013-08-06T04:30:00Z","nsw":"26.68","nt":"60.29","qld":"48.09","sa":"32.82","tas":"35.96","vic":"29.03","wa":"37.97"},{"ts":"2013-08-06T04:40:00Z","nsw":"24.88","nt":"56.75","qld":"45.08","sa":"23.97","tas":"33.74","vic":"28.64","wa":"36.26"},{"ts":"2013-08-06T04:50:00Z","nsw":"23.03","nt":"59.24","qld":"42.93","sa":"23.31","tas":"29.78","vic":"22.93","wa":"33.93"},{"ts":"2013-08-06T05:00:00Z","nsw":"23.19","nt":"51.49","qld":"39.52","sa":"21.29","tas":"36.65","vic":"22.68","wa":"38.00"},{"ts":"2013-08-06T05:10:00Z","nsw":"20.81","nt":"50.80","qld":"35.50","sa":"21.76","tas":"29.97","vic":"18.46","wa":"36.26"},{"ts":"2013-08-06T05:20:00Z","nsw":"23.32","nt":"55.13","qld":"33.34","sa":"19.00","tas":"30.32","vic":"17.63","wa":"38.72"},{"ts":"2013-08-06T05:30:00Z","nsw":"18.94","nt":"50.28","qld":"30.44","sa":"17.36","tas":"26.05","vic":"15.76","wa":"38.54"},{"ts":"2013-08-06T05:40:00Z","nsw":"17.36","nt":"48.52","qld":"27.11","sa":"15.77","tas":"23.69","vic":"15.07","wa":"46.54"},{"ts":"2013-08-06T05:50:00Z","nsw":"14.43","nt":"54.12","qld":"24.23","sa":"13.82","tas":"20.64","vic":"13.71","wa":"37.57"},{"ts":"2013-08-06T06:00:00Z","nsw":"12.71","nt":"48.18","qld":"20.83","sa":"12.22","tas":"18.14","vic":"13.96","wa":"41.96"},{"ts":"2013-08-06T06:10:00Z","nsw":"10.47","nt":"46.06","qld":"17.42","sa":"13.37","tas":"12.61","vic":"9.44","wa":"36.73"},{"ts":"2013-08-06T06:20:00Z","nsw":"9.14","nt":"49.77","qld":"14.42","sa":"11.72","tas":"11.08","vic":"8.53","wa":"31.96"},{"ts":"2013-08-06T06:30:00Z","nsw":"7.51","nt":"44.19","qld":"11.12","sa":"12.48","tas":"7.15","vic":"6.72","wa":"28.66"},{"ts":"2013-08-06T06:40:00Z","nsw":"6.14","nt":"38.25","qld":"7.67","sa":"12.96","tas":"5.25","vic":"4.62","wa":"30.38"},{"ts":"2013-08-06T06:50:00Z","nsw":"4.68","nt":"41.23","qld":"5.54","sa":"13.33","tas":"3.08","vic":"3.33","wa":"28.64"},{"ts":"2013-08-06T07:00:00Z","nsw":"3.17","nt":"35.00","qld":"3.22","sa":"9.90","tas":"1.82","vic":"2.33","wa":"31.19"},{"ts":"2013-08-06T07:10:00Z","nsw":"1.74","nt":"30.15","qld":"1.62","sa":"8.22","tas":"0.81","vic":"1.45","wa":"27.79"},{"ts":"2013-08-06T07:20:00Z","nsw":"1.09","nt":"30.03","qld":"1.03","sa":"5.32","tas":"0.24","vic":"1.07","wa":"26.21"},{"ts":"2013-08-06T07:30:00Z","nsw":"0.66","nt":"22.65","qld":"0.90","sa":"4.28","tas":"0.10","vic":"0.70","wa":"23.42"},{"ts":"2013-08-06T07:40:00Z","nsw":"0.59","nt":"16.81","qld":"0.54","sa":"2.41","tas":"0.12","vic":"0.58","wa":"19.32"},{"ts":"2013-08-06T07:50:00Z","nsw":"0.58","nt":"18.98","qld":"0.69","sa":"1.20","tas":"0.12","vic":"0.44","wa":"15.90"},{"ts":"2013-08-06T08:00:00Z","nsw":"0.72","nt":"12.18","qld":"0.57","sa":"0.65","tas":"0.07","vic":"0.27","wa":"15.86"},{"ts":"2013-08-06T08:10:00Z","nsw":"1.18","nt":"8.51","qld":"0.34","sa":"0.53","tas":"0.06","vic":"0.16","wa":"15.24"},{"ts":"2013-08-06T08:20:00Z","nsw":"1.77","nt":"8.99","qld":"0.30","sa":"0.38","tas":"0.06","vic":"0.16","wa":"14.43"},{"ts":"2013-08-06T08:30:00Z","nsw":"1.58","nt":"4.56","qld":"0.32","sa":"0.27","tas":"0.05","vic":"0.14","wa":"10.55"},{"ts":"2013-08-06T08:40:00Z","nsw":"2.42","nt":"2.85","qld":"0.32","sa":"0.21","tas":"0.05","vic":"0.14","wa":"8.91"},{"ts":"2013-08-06T08:50:00Z","nsw":"0.98","nt":"1.65","qld":"0.31","sa":"0.14","tas":"0.06","vic":"0.14","wa":"7.55"},{"ts":"2013-08-06T09:00:00Z","nsw":"1.05","nt":"0.88","qld":"0.31","sa":"0.12","tas":"0.06","vic":"0.14","wa":"6.37"},{"ts":"2013-08-06T09:10:00Z","nsw":"0.84","nt":"0.32","qld":"0.32","sa":"0.13","tas":"0.06","vic":"0.11","wa":"4.04"},{"ts":"2013-08-06T09:20:00Z","nsw":"1.80","nt":"0.42","qld":"0.33","sa":"0.13","tas":"0.06","vic":"0.14","wa":"1.85"},{"ts":"2013-08-06T09:30:00Z","nsw":"1.72","nt":"0.41","qld":"0.33","sa":"0.12","tas":"0.06","vic":"0.12","wa":"0.51"},{"ts":"2013-08-06T09:40:00Z","nsw":"1.06","nt":"0.41","qld":"0.39","sa":"0.12","tas":"0.06","vic":"0.14","wa":"0.25"},{"ts":"2013-08-06T09:50:00Z","nsw":"1.05","nt":"0.41","qld":"0.34","sa":"0.14","tas":"0.06","vic":"0.14","wa":"0.27"},{"ts":"2013-08-06T10:00:00Z","nsw":"1.02","nt":"0.38","qld":"0.33","sa":"0.12","tas":"0.06","vic":"0.14","wa":"0.31"},{"ts":"2013-08-06T10:10:00Z","nsw":"1.01","nt":"0.38","qld":"0.35","sa":"0.13","tas":"0.07","vic":"0.12","wa":"0.25"},{"ts":"2013-08-06T10:20:00Z","nsw":"0.92","nt":"0.38","qld":"0.33","sa":"0.13","tas":"0.07","vic":"0.15","wa":"0.27"},{"ts":"2013-08-06T10:30:00Z","nsw":"0.93","nt":"0.38","qld":"0.38","sa":"0.12","tas":"0.07","vic":"0.15","wa":"0.33"},{"ts":"2013-08-06T10:40:00Z","nsw":"1.02","nt":"0.38","qld":"0.34","sa":"0.12","tas":"0.07","vic":"0.15","wa":"0.30"},{"ts":"2013-08-06T10:50:00Z","nsw":"1.05","nt":"0.38","qld":"0.34","sa":"0.12","tas":"0.07","vic":"0.15","wa":"0.30"},{"ts":"2013-08-06T11:00:00Z","nsw":"0.85","nt":"0.38","qld":"0.34","sa":"0.12","tas":"0.07","vic":"0.14","wa":"0.26"},{"ts":"2013-08-06T11:10:00Z","nsw":"0.94","nt":"0.38","qld":"0.35","sa":"0.13","tas":"0.07","vic":"0.14","wa":"0.29"},{"ts":"2013-08-06T11:20:00Z","nsw":"1.17","nt":"0.38","qld":"0.33","sa":"0.13","tas":"0.07","vic":"0.15","wa":"0.28"},{"ts":"2013-08-06T11:30:00Z","nsw":"1.12","nt":"0.38","qld":"0.33","sa":"0.16","tas":"0.07","vic":"0.15","wa":"0.28"},{"ts":"2013-08-06T11:40:00Z","nsw":"0.98","nt":"0.38","qld":"0.33","sa":"0.12","tas":"0.07","vic":"0.15","wa":"0.26"},{"ts":"2013-08-06T11:50:00Z","nsw":"1.14","nt":"0.38","qld":"0.34","sa":"0.12","tas":"0.07","vic":"0.15","wa":"0.28"},{"ts":"2013-08-06T12:00:00Z","nsw":"1.12","nt":"0.38","qld":"0.36","sa":"0.11","tas":"0.07","vic":"0.14","wa":"0.25"},{"ts":"2013-08-06T12:10:00Z","nsw":"0.91","nt":"0.38","qld":"0.35","sa":"0.12","tas":"0.07","vic":"0.14","wa":"0.26"},{"ts":"2013-08-06T12:20:00Z","nsw":"1.25","nt":"0.38","qld":"0.33","sa":"0.12","tas":"0.07","vic":"0.14","wa":"0.27"},{"ts":"2013-08-06T12:30:00Z","nsw":"1.59","nt":"0.38","qld":"0.37","sa":"0.11","tas":"0.07","vic":"0.15","wa":"0.27"},{"ts":"2013-08-06T12:40:00Z","nsw":"1.97","nt":"0.38","qld":"0.33","sa":"0.13","tas":"0.07","vic":"0.14","wa":"0.27"},{"ts":"2013-08-06T12:50:00Z","nsw":"1.09","nt":"0.19","qld":"0.33","sa":"0.12","tas":"0.07","vic":"0.15","wa":"0.28"}],"contribution":[{"ts":"2013-08-05T18:00:00Z","nsw":"0.02","qld":"0.05","sa":"0.04","tas":"0.00","vic":"0.01","wa":"0.02"},{"ts":"2013-08-05T18:10:00Z","nsw":"0.02","qld":"0.05","sa":"0.05","tas":"0.00","vic":"0.01"},{"ts":"2013-08-05T18:20:00Z","nsw":"0.02","qld":"0.07","sa":"0.04","tas":"0.00","vic":"0.01"},{"ts":"2013-08-05T18:30:00Z","nsw":"0.02","qld":"0.05","sa":"0.04","tas":"0.00","vic":"0.01","wa":"0.03"},{"ts":"2013-08-05T18:40:00Z","nsw":"0.02","qld":"0.05","sa":"0.04","tas":"0.00","vic":"0.01"},{"ts":"2013-08-05T18:50:00Z","nsw":"0.02","qld":"0.05","sa":"0.04","tas":"0.00","vic":"0.01"},{"ts":"2013-08-05T19:00:00Z","nsw":"0.02","qld":"0.06","sa":"0.04","tas":"0.00","vic":"0.01","wa":"0.02"},{"ts":"2013-08-05T19:10:00Z","nsw":"0.02","qld":"0.05","sa":"0.04","tas":"0.00","vic":"0.01"},{"ts":"2013-08-05T19:20:00Z","nsw":"0.02","qld":"0.06","sa":"0.04","tas":"0.00","vic":"0.01"},{"ts":"2013-08-05T19:30:00Z","nsw":"0.01","qld":"0.05","sa":"0.04","tas":"0.00","vic":"0.01","wa":"0.03"},{"ts":"2013-08-05T19:40:00Z","nsw":"0.02","qld":"0.05","sa":"0.03","tas":"0.00","vic":"0.01"},{"ts":"2013-08-05T19:50:00Z","nsw":"0.01","qld":"0.06","sa":"0.03","tas":"0.00","vic":"0.01"},{"ts":"2013-08-05T20:00:00Z","nsw":"0.02","qld":"0.05","sa":"0.03","tas":"0.00","vic":"0.01","wa":"0.02"},{"ts":"2013-08-05T20:10:00Z","nsw":"0.02","qld":"0.05","sa":"0.03","tas":"0.00","vic":"0.01"},{"ts":"2013-08-05T20:20:00Z","nsw":"0.02","qld":"0.02","sa":"0.03","tas":"0.00","vic":"0.01"},{"ts":"2013-08-05T20:30:00Z","nsw":"0.02","qld":"0.06","sa":"0.03","tas":"0.00","vic":"0.01","wa":"0.02"},{"ts":"2013-08-05T20:40:00Z","nsw":"0.02","qld":"0.20","sa":"0.03","tas":"0.00","vic":"0.01"},{"ts":"2013-08-05T20:50:00Z","nsw":"0.03","qld":"0.36","sa":"0.03","tas":"0.00","vic":"0.01"},{"ts":"2013-08-05T21:00:00Z","nsw":"0.10","qld":"0.60","sa":"0.03","tas":"0.00","vic":"0.01","wa":"0.02"},{"ts":"2013-08-05T21:10:00Z","nsw":"0.15","qld":"0.92","sa":"0.02","tas":"0.00","vic":"0.01"},{"ts":"2013-08-05T21:20:00Z","nsw":"0.20","qld":"1.25","sa":"0.03","tas":"0.00","vic":"0.01"},{"ts":"2013-08-05T21:30:00Z","nsw":"0.28","qld":"1.57","sa":"0.07","tas":"0.01","vic":"0.04","wa":"0.03"},{"ts":"2013-08-05T21:40:00Z","nsw":"0.41","qld":"2.09","sa":"0.02","tas":"0.05","vic":"0.12"},{"ts":"2013-08-05T21:50:00Z","nsw":"0.59","qld":"2.51","sa":"0.07","tas":"0.11","vic":"0.22"},{"ts":"2013-08-05T22:00:00Z","nsw":"0.77","qld":"2.93","sa":"0.12","tas":"0.17","vic":"0.32","wa":"0.02"},{"ts":"2013-08-05T22:10:00Z","nsw":"0.75","qld":"3.42","sa":"0.25","tas":"0.19","vic":"0.46"},{"ts":"2013-08-05T22:20:00Z","nsw":"0.83","qld":"3.88","sa":"0.35","tas":"0.31","vic":"0.65"},{"ts":"2013-08-05T22:30:00Z","nsw":"0.92","qld":"4.26","sa":"0.55","tas":"0.37","vic":"0.72","wa":"0.02"},{"ts":"2013-08-05T22:40:00Z","nsw":"1.11","qld":"4.76","sa":"0.65","tas":"0.48","vic":"0.93"},{"ts":"2013-08-05T22:50:00Z","nsw":"1.28","qld":"5.10","sa":"0.83","tas":"0.58","vic":"1.02"},{"ts":"2013-08-05T23:00:00Z","nsw":"1.48","qld":"5.63","sa":"1.17","tas":"0.71","vic":"1.23","wa":"0.02"},{"ts":"2013-08-05T23:10:00Z","nsw":"1.64","qld":"5.91","sa":"1.25","tas":"0.83","vic":"1.29"},{"ts":"2013-08-05T23:20:00Z","nsw":"1.67","qld":"6.30","sa":"1.05","tas":"0.95","vic":"1.41"},{"ts":"2013-08-05T23:30:00Z","nsw":"1.88","qld":"6.55","sa":"1.11","tas":"0.94","vic":"1.46","wa":"0.08"},{"ts":"2013-08-05T23:40:00Z","nsw":"1.88","qld":"6.59","sa":"1.15","tas":"1.11","vic":"1.56"},{"ts":"2013-08-05T23:50:00Z","nsw":"1.96","qld":"7.15","sa":"1.31","tas":"1.12","vic":"1.68"},{"ts":"2013-08-06T00:00:00Z","nsw":"2.16","qld":"7.36","sa":"1.62","tas":"1.23","vic":"1.89","wa":"0.26"},{"ts":"2013-08-06T00:10:00Z","nsw":"2.44","qld":"7.42","sa":"1.99","tas":"1.20","vic":"2.11"},{"ts":"2013-08-06T00:20:00Z","nsw":"2.63","qld":"7.33","sa":"1.90","tas":"1.21","vic":"2.28"},{"ts":"2013-08-06T00:30:00Z","nsw":"2.66","qld":"7.50","sa":"2.02","tas":"1.08","vic":"2.22","wa":"1.43"},{"ts":"2013-08-06T00:40:00Z","nsw":"2.68","qld":"7.77","sa":"2.24","tas":"1.26","vic":"2.82"},{"ts":"2013-08-06T00:50:00Z","nsw":"2.81","qld":"7.96","sa":"2.56","tas":"1.15","vic":"2.84"},{"ts":"2013-08-06T01:00:00Z","nsw":"2.86","qld":"8.06","sa":"3.06","tas":"1.42","vic":"2.91","wa":"2.14"},{"ts":"2013-08-06T01:10:00Z","nsw":"2.96","qld":"8.06","sa":"3.26","tas":"1.37","vic":"2.84"},{"ts":"2013-08-06T01:20:00Z","nsw":"3.09","qld":"8.23","sa":"3.63","tas":"1.45","vic":"2.93"},{"ts":"2013-08-06T01:30:00Z","nsw":"3.22","qld":"8.32","sa":"3.46","tas":"1.29","vic":"2.62","wa":"2.30"},{"ts":"2013-08-06T01:40:00Z","nsw":"3.19","qld":"8.36","sa":"3.07","tas":"1.15","vic":"2.95"},{"ts":"2013-08-06T01:50:00Z","nsw":"3.24","qld":"8.60","sa":"3.44","tas":"0.95","vic":"2.70"},{"ts":"2013-08-06T02:00:00Z","nsw":"3.25","qld":"8.76","sa":"3.57","tas":"1.54","vic":"3.10","wa":"1.97"},{"ts":"2013-08-06T02:10:00Z","nsw":"3.09","qld":"8.64","sa":"4.09","tas":"1.29","vic":"2.93"},{"ts":"2013-08-06T02:20:00Z","nsw":"3.25","qld":"8.69","sa":"4.61","tas":"1.34","vic":"2.90"},{"ts":"2013-08-06T02:30:00Z","nsw":"3.06","qld":"8.55","sa":"5.01","tas":"1.15","vic":"2.83","wa":"3.27"},{"ts":"2013-08-06T02:40:00Z","nsw":"3.10","qld":"8.75","sa":"3.91","tas":"1.30","vic":"2.76"},{"ts":"2013-08-06T02:50:00Z","nsw":"2.80","qld":"8.85","sa":"3.62","tas":"1.39","vic":"2.52"},{"ts":"2013-08-06T03:00:00Z","nsw":"2.97","qld":"8.64","sa":"3.62","tas":"1.59","vic":"2.46","wa":"2.88"},{"ts":"2013-08-06T03:10:00Z","nsw":"2.59","qld":"8.61","sa":"4.40","tas":"1.15","vic":"2.40"},{"ts":"2013-08-06T03:20:00Z","nsw":"2.50","qld":"8.44","sa":"4.82","tas":"1.07","vic":"2.72"},{"ts":"2013-08-06T03:30:00Z","nsw":"2.29","qld":"8.23","sa":"5.52","tas":"0.89","vic":"2.90","wa":"3.61"},{"ts":"2013-08-06T03:40:00Z","nsw":"2.27","qld":"8.01","sa":"4.97","tas":"1.38","vic":"3.19"},{"ts":"2013-08-06T03:50:00Z","nsw":"2.15","qld":"7.78","sa":"6.67","tas":"1.32","vic":"2.85"},{"ts":"2013-08-06T04:00:00Z","nsw":"2.22","qld":"7.48","sa":"7.85","tas":"1.43","vic":"3.11","wa":"5.30"},{"ts":"2013-08-06T04:10:00Z","nsw":"1.91","qld":"7.23","sa":"7.03","tas":"0.97","vic":"2.49"},{"ts":"2013-08-06T04:20:00Z","nsw":"2.01","qld":"6.90","sa":"6.77","tas":"1.22","vic":"2.45"},{"ts":"2013-08-06T04:30:00Z","nsw":"1.78","qld":"6.62","sa":"7.05","tas":"1.07","vic":"2.08","wa":"5.10"},{"ts":"2013-08-06T04:40:00Z","nsw":"1.65","qld":"6.19","sa":"5.18","tas":"1.01","vic":"2.06"},{"ts":"2013-08-06T04:50:00Z","nsw":"1.55","qld":"5.86","sa":"5.12","tas":"0.88","vic":"1.65"},{"ts":"2013-08-06T05:00:00Z","nsw":"1.57","qld":"5.42","sa":"4.64","tas":"1.07","vic":"1.65","wa":"5.13"},{"ts":"2013-08-06T05:10:00Z","nsw":"1.41","qld":"4.89","sa":"4.83","tas":"0.88","vic":"1.34"},{"ts":"2013-08-06T05:20:00Z","nsw":"1.59","qld":"4.54","sa":"4.18","tas":"0.89","vic":"1.27"},{"ts":"2013-08-06T05:30:00Z","nsw":"1.27","qld":"4.18","sa":"3.84","tas":"0.76","vic":"1.14","wa":"5.19"},{"ts":"2013-08-06T05:40:00Z","nsw":"1.17","qld":"3.69","sa":"3.47","tas":"0.71","vic":"1.10"},{"ts":"2013-08-06T05:50:00Z","nsw":"0.97","qld":"3.32","sa":"3.08","tas":"0.60","vic":"0.97"},{"ts":"2013-08-06T06:00:00Z","nsw":"0.85","qld":"2.84","sa":"2.74","tas":"0.52","vic":"0.99","wa":"5.69"},{"ts":"2013-08-06T06:10:00Z","nsw":"0.69","qld":"2.36","sa":"2.92","tas":"0.36","vic":"0.67"},{"ts":"2013-08-06T06:20:00Z","nsw":"0.61","qld":"1.92","sa":"2.47","tas":"0.31","vic":"0.60"},{"ts":"2013-08-06T06:30:00Z","nsw":"0.49","qld":"1.49","sa":"2.71","tas":"0.21","vic":"0.47","wa":"3.92"},{"ts":"2013-08-06T06:40:00Z","nsw":"0.40","qld":"1.02","sa":"2.80","tas":"0.15","vic":"0.32"},{"ts":"2013-08-06T06:50:00Z","nsw":"0.31","qld":"0.73","sa":"2.92","tas":"0.09","vic":"0.23"},{"ts":"2013-08-06T07:00:00Z","nsw":"0.20","qld":"0.42","sa":"2.13","tas":"0.05","vic":"0.16","wa":"4.25"},{"ts":"2013-08-06T07:10:00Z","nsw":"0.11","qld":"0.22","sa":"1.76","tas":"0.02","vic":"0.10"},{"ts":"2013-08-06T07:20:00Z","nsw":"0.07","qld":"0.14","sa":"1.10","tas":"0.01","vic":"0.07"},{"ts":"2013-08-06T07:30:00Z","nsw":"0.04","qld":"0.12","sa":"0.88","tas":"0.00","vic":"0.05","wa":"3.24"},{"ts":"2013-08-06T07:40:00Z","nsw":"0.03","qld":"0.07","sa":"0.49","tas":"0.00","vic":"0.04"},{"ts":"2013-08-06T07:50:00Z","nsw":"0.03","qld":"0.09","sa":"0.24","tas":"0.00","vic":"0.03"},{"ts":"2013-08-06T08:00:00Z","nsw":"0.04","qld":"0.07","sa":"0.13","tas":"0.00","vic":"0.02","wa":"2.17"},{"ts":"2013-08-06T08:10:00Z","nsw":"0.07","qld":"0.04","sa":"0.10","tas":"0.00","vic":"0.01"},{"ts":"2013-08-06T08:20:00Z","nsw":"0.10","qld":"0.04","sa":"0.07","tas":"0.00","vic":"0.01"},{"ts":"2013-08-06T08:30:00Z","nsw":"0.09","qld":"0.04","sa":"0.05","tas":"0.00","vic":"0.01","wa":"1.41"},{"ts":"2013-08-06T08:40:00Z","nsw":"0.14","qld":"0.04","sa":"0.04","tas":"0.00","vic":"0.01"},{"ts":"2013-08-06T08:50:00Z","nsw":"0.06","qld":"0.04","sa":"0.03","tas":"0.00","vic":"0.01"},{"ts":"2013-08-06T09:00:00Z","nsw":"0.06","qld":"0.04","sa":"0.02","tas":"0.00","vic":"0.01","wa":"0.85"},{"ts":"2013-08-06T09:10:00Z","nsw":"0.05","qld":"0.04","sa":"0.02","tas":"0.00","vic":"0.01"},{"ts":"2013-08-06T09:20:00Z","nsw":"0.11","qld":"0.04","sa":"0.02","tas":"0.00","vic":"0.01"},{"ts":"2013-08-06T09:30:00Z","nsw":"0.10","qld":"0.04","sa":"0.02","tas":"0.00","vic":"0.01","wa":"0.07"},{"ts":"2013-08-06T09:40:00Z","nsw":"0.06","qld":"0.05","sa":"0.02","tas":"0.00","vic":"0.01"},{"ts":"2013-08-06T09:50:00Z","nsw":"0.06","qld":"0.04","sa":"0.03","tas":"0.00","vic":"0.01"},{"ts":"2013-08-06T10:00:00Z","nsw":"0.06","qld":"0.04","sa":"0.02","tas":"0.00","vic":"0.01","wa":"0.04"},{"ts":"2013-08-06T10:10:00Z","nsw":"0.06","qld":"0.04","sa":"0.02","tas":"0.00","vic":"0.01"},{"ts":"2013-08-06T10:20:00Z","nsw":"0.06","qld":"0.04","sa":"0.02","tas":"0.00","vic":"0.01"},{"ts":"2013-08-06T10:30:00Z","nsw":"0.06","qld":"0.05","sa":"0.02","tas":"0.00","vic":"0.01","wa":"0.04"},{"ts":"2013-08-06T10:40:00Z","nsw":"0.06","qld":"0.04","sa":"0.02","tas":"0.00","vic":"0.01"},{"ts":"2013-08-06T10:50:00Z","nsw":"0.07","qld":"0.04","sa":"0.02","tas":"0.00","vic":"0.01"},{"ts":"2013-08-06T11:00:00Z","nsw":"0.05","qld":"0.04","sa":"0.02","tas":"0.00","vic":"0.01","wa":"0.03"},{"ts":"2013-08-06T11:10:00Z","nsw":"0.06","qld":"0.05","sa":"0.03","tas":"0.00","vic":"0.01"},{"ts":"2013-08-06T11:20:00Z","nsw":"0.08","qld":"0.04","sa":"0.02","tas":"0.00","vic":"0.01"},{"ts":"2013-08-06T11:30:00Z","nsw":"0.07","qld":"0.04","sa":"0.03","tas":"0.00","vic":"0.01","wa":"0.03"},{"ts":"2013-08-06T11:40:00Z","nsw":"0.06","qld":"0.04","sa":"0.02","tas":"0.00","vic":"0.01"},{"ts":"2013-08-06T11:50:00Z","nsw":"0.08","qld":"0.05","sa":"0.02","tas":"0.00","vic":"0.01"},{"ts":"2013-08-06T12:00:00Z","nsw":"0.08","qld":"0.05","sa":"0.02","tas":"0.00","vic":"0.01","wa":"0.03"},{"ts":"2013-08-06T12:10:00Z","nsw":"0.06","qld":"0.05","sa":"0.02","tas":"0.00","vic":"0.01"},{"ts":"2013-08-06T12:20:00Z","nsw":"0.08","qld":"0.05","sa":"0.02","tas":"0.00","vic":"0.01"},{"ts":"2013-08-06T12:30:00Z","nsw":"0.11","qld":"0.05","sa":"0.02","tas":"0.00","vic":"0.01","wa":"0.03"},{"ts":"2013-08-06T12:40:00Z","nsw":"0.13","qld":"0.05","sa":"0.03","tas":"0.00","vic":"0.01"},{"ts":"2013-08-06T12:50:00Z","nsw":"0.07","qld":"0.05","sa":"0.03","tas":"0.00","vic":"0.01"}],"demand":[{"ts":"2013-08-05T18:00:00Z","nsw":6445,"qld":4598,"sa":1003,"tas":980,"vic":4291,"wa":1520},{"ts":"2013-08-05T18:10:00Z","nsw":6491,"qld":4571,"sa":1017,"tas":993,"vic":4266},{"ts":"2013-08-05T18:20:00Z","nsw":6440,"qld":4632,"sa":1035,"tas":1001,"vic":4292},{"ts":"2013-08-05T18:30:00Z","nsw":6440,"qld":4642,"sa":1046,"tas":993,"vic":4258,"wa":1493},{"ts":"2013-08-05T18:40:00Z","nsw":6550,"qld":4701,"sa":1044,"tas":1000,"vic":4302},{"ts":"2013-08-05T18:50:00Z","nsw":6555,"qld":4780,"sa":1042,"tas":999,"vic":4284},{"ts":"2013-08-05T19:00:00Z","nsw":6642,"qld":4878,"sa":1042,"tas":1005,"vic":4363,"wa":1480},{"ts":"2013-08-05T19:10:00Z","nsw":6905,"qld":5014,"sa":1045,"tas":1021,"vic":4492},{"ts":"2013-08-05T19:20:00Z","nsw":6915,"qld":5056,"sa":1046,"tas":1040,"vic":4534},{"ts":"2013-08-05T19:30:00Z","nsw":7064,"qld":5160,"sa":1085,"tas":1059,"vic":4582,"wa":1476},{"ts":"2013-08-05T19:40:00Z","nsw":7227,"qld":5214,"sa":1137,"tas":1076,"vic":4650},{"ts":"2013-08-05T19:50:00Z","nsw":7412,"qld":5316,"sa":1129,"tas":1095,"vic":4797},{"ts":"2013-08-05T20:00:00Z","nsw":7585,"qld":5482,"sa":1150,"tas":1104,"vic":4930,"wa":1493},{"ts":"2013-08-05T20:10:00Z","nsw":7992,"qld":5692,"sa":1164,"tas":1144,"vic":5206},{"ts":"2013-08-05T20:20:00Z","nsw":8244,"qld":5861,"sa":1176,"tas":1132,"vic":5371},{"ts":"2013-08-05T20:30:00Z","nsw":8602,"qld":5925,"sa":1230,"tas":1203,"vic":5392,"wa":1513},{"ts":"2013-08-05T20:40:00Z","nsw":8849,"qld":6067,"sa":1316,"tas":1240,"vic":5720},{"ts":"2013-08-05T20:50:00Z","nsw":9014,"qld":6196,"sa":1344,"tas":1287,"vic":5819},{"ts":"2013-08-05T21:00:00Z","nsw":9016,"qld":6342,"sa":1367,"tas":1324,"vic":6056,"wa":1478},{"ts":"2013-08-05T21:10:00Z","nsw":9201,"qld":6469,"sa":1391,"tas":1352,"vic":6045},{"ts":"2013-08-05T21:20:00Z","nsw":9357,"qld":6516,"sa":1467,"tas":1351,"vic":6184},{"ts":"2013-08-05T21:30:00Z","nsw":9472,"qld":6518,"sa":1538,"tas":1401,"vic":6288,"wa":1539},{"ts":"2013-08-05T21:40:00Z","nsw":9582,"qld":6509,"sa":1552,"tas":1419,"vic":6435},{"ts":"2013-08-05T21:50:00Z","nsw":9597,"qld":6422,"sa":1618,"tas":1441,"vic":6489},{"ts":"2013-08-05T22:00:00Z","nsw":9598,"qld":6330,"sa":1663,"tas":1407,"vic":6497,"wa":1679},{"ts":"2013-08-05T22:10:00Z","nsw":9564,"qld":6248,"sa":1654,"tas":1419,"vic":6541},{"ts":"2013-08-05T22:20:00Z","nsw":9441,"qld":6172,"sa":1657,"tas":1412,"vic":6548},{"ts":"2013-08-05T22:30:00Z","nsw":9407,"qld":6136,"sa":1660,"tas":1398,"vic":6503,"wa":1853},{"ts":"2013-08-05T22:40:00Z","nsw":9359,"qld":6025,"sa":1668,"tas":1383,"vic":6491},{"ts":"2013-08-05T22:50:00Z","nsw":9262,"qld":5966,"sa":1698,"tas":1374,"vic":6405},{"ts":"2013-08-05T23:00:00Z","nsw":9268,"qld":5930,"sa":1677,"tas":1359,"vic":6452,"wa":1982},{"ts":"2013-08-05T23:10:00Z","nsw":9137,"qld":5911,"sa":1678,"tas":1349,"vic":6450},{"ts":"2013-08-05T23:20:00Z","nsw":9085,"qld":5895,"sa":1674,"tas":1336,"vic":6465},{"ts":"2013-08-05T23:30:00Z","nsw":9075,"qld":5786,"sa":1710,"tas":1320,"vic":6412,"wa":2131},{"ts":"2013-08-05T23:40:00Z","nsw":9092,"qld":5714,"sa":1773,"tas":1298,"vic":6397},{"ts":"2013-08-05T23:50:00Z","nsw":9072,"qld":5665,"sa":1772,"tas":1306,"vic":6324},{"ts":"2013-08-06T00:00:00Z","nsw":9045,"qld":5652,"sa":1706,"tas":1244,"vic":6296,"wa":2267},{"ts":"2013-08-06T00:10:00Z","nsw":9035,"qld":5608,"sa":1692,"tas":1259,"vic":6263},{"ts":"2013-08-06T00:20:00Z","nsw":8981,"qld":5599,"sa":1676,"tas":1274,"vic":6218},{"ts":"2013-08-06T00:30:00Z","nsw":8929,"qld":5590,"sa":1669,"tas":1276,"vic":6130,"wa":2321},{"ts":"2013-08-06T00:40:00Z","nsw":8830,"qld":5601,"sa":1672,"tas":1264,"vic":6112},{"ts":"2013-08-06T00:50:00Z","nsw":8865,"qld":5566,"sa":1686,"tas":1246,"vic":6076},{"ts":"2013-08-06T01:00:00Z","nsw":8705,"qld":5573,"sa":1703,"tas":1228,"vic":6021,"wa":2274},{"ts":"2013-08-06T01:10:00Z","nsw":8704,"qld":5548,"sa":1687,"tas":1212,"vic":6030},{"ts":"2013-08-06T01:20:00Z","nsw":8693,"qld":5521,"sa":1675,"tas":1254,"vic":6051},{"ts":"2013-08-06T01:30:00Z","nsw":8599,"qld":5488,"sa":1692,"tas":1245,"vic":6044,"wa":2272},{"ts":"2013-08-06T01:40:00Z","nsw":8561,"qld":5512,"sa":1686,"tas":1232,"vic":6031},{"ts":"2013-08-06T01:50:00Z","nsw":8614,"qld":5493,"sa":1678,"tas":1255,"vic":6088},{"ts":"2013-08-06T02:00:00Z","nsw":8571,"qld":5475,"sa":1691,"tas":1254,"vic":6064,"wa":2240},{"ts":"2013-08-06T02:10:00Z","nsw":8587,"qld":5466,"sa":1652,"tas":1244,"vic":6034},{"ts":"2013-08-06T02:20:00Z","nsw":8555,"qld":5425,"sa":1660,"tas":1239,"vic":6000},{"ts":"2013-08-06T02:30:00Z","nsw":8456,"qld":5427,"sa":1658,"tas":1242,"vic":5988,"wa":2250},{"ts":"2013-08-06T02:40:00Z","nsw":8514,"qld":5427,"sa":1679,"tas":1246,"vic":6021},{"ts":"2013-08-06T02:50:00Z","nsw":8456,"qld":5398,"sa":1696,"tas":1276,"vic":6050},{"ts":"2013-08-06T03:00:00Z","nsw":8445,"qld":5486,"sa":1696,"tas":1204,"vic":6007,"wa":2211},{"ts":"2013-08-06T03:10:00Z","nsw":8442,"qld":5384,"sa":1684,"tas":1227,"vic":6041},{"ts":"2013-08-06T03:20:00Z","nsw":8426,"qld":5476,"sa":1685,"tas":1212,"vic":6076},{"ts":"2013-08-06T03:30:00Z","nsw":8430,"qld":5437,"sa":1647,"tas":1224,"vic":6051,"wa":2224},{"ts":"2013-08-06T03:40:00Z","nsw":8452,"qld":5463,"sa":1644,"tas":1210,"vic":6013},{"ts":"2013-08-06T03:50:00Z","nsw":8461,"qld":5476,"sa":1622,"tas":1200,"vic":5999},{"ts":"2013-08-06T04:00:00Z","nsw":8426,"qld":5485,"sa":1578,"tas":1216,"vic":6006,"wa":2201},{"ts":"2013-08-06T04:10:00Z","nsw":8446,"qld":5501,"sa":1594,"tas":1208,"vic":5999},{"ts":"2013-08-06T04:20:00Z","nsw":8427,"qld":5562,"sa":1615,"tas":1219,"vic":6008},{"ts":"2013-08-06T04:30:00Z","nsw":8412,"qld":5524,"sa":1637,"tas":1221,"vic":6017,"wa":2175},{"ts":"2013-08-06T04:40:00Z","nsw":8441,"qld":5580,"sa":1660,"tas":1217,"vic":5981},{"ts":"2013-08-06T04:50:00Z","nsw":8335,"qld":5595,"sa":1638,"tas":1240,"vic":5979},{"ts":"2013-08-06T05:00:00Z","nsw":8338,"qld":5593,"sa":1631,"tas":1237,"vic":5996,"wa":2161},{"ts":"2013-08-06T05:10:00Z","nsw":8327,"qld":5591,"sa":1624,"tas":1237,"vic":5985},{"ts":"2013-08-06T05:20:00Z","nsw":8326,"qld":5671,"sa":1639,"tas":1239,"vic":6017},{"ts":"2013-08-06T05:30:00Z","nsw":8367,"qld":5664,"sa":1625,"tas":1248,"vic":6052,"wa":2165},{"ts":"2013-08-06T05:40:00Z","nsw":8376,"qld":5758,"sa":1638,"tas":1224,"vic":6004},{"ts":"2013-08-06T05:50:00Z","nsw":8427,"qld":5752,"sa":1628,"tas":1262,"vic":6151},{"ts":"2013-08-06T06:00:00Z","nsw":8509,"qld":5802,"sa":1632,"tas":1272,"vic":6135,"wa":2140},{"ts":"2013-08-06T06:10:00Z","nsw":8542,"qld":5863,"sa":1678,"tas":1278,"vic":6214},{"ts":"2013-08-06T06:20:00Z","nsw":8539,"qld":5940,"sa":1714,"tas":1292,"vic":6262},{"ts":"2013-08-06T06:30:00Z","nsw":8636,"qld":5979,"sa":1693,"tas":1276,"vic":6360,"wa":2160},{"ts":"2013-08-06T06:40:00Z","nsw":8637,"qld":6061,"sa":1676,"tas":1302,"vic":6379},{"ts":"2013-08-06T06:50:00Z","nsw":8738,"qld":6106,"sa":1682,"tas":1327,"vic":6463},{"ts":"2013-08-06T07:00:00Z","nsw":8886,"qld":6122,"sa":1716,"tas":1344,"vic":6497,"wa":2163},{"ts":"2013-08-06T07:10:00Z","nsw":9010,"qld":6131,"sa":1743,"tas":1395,"vic":6554},{"ts":"2013-08-06T07:20:00Z","nsw":9238,"qld":6144,"sa":1791,"tas":1401,"vic":6720},{"ts":"2013-08-06T07:30:00Z","nsw":9520,"qld":6227,"sa":1794,"tas":1426,"vic":6849,"wa":2155},{"ts":"2013-08-06T07:40:00Z","nsw":9705,"qld":6286,"sa":1857,"tas":1448,"vic":6932},{"ts":"2013-08-06T07:50:00Z","nsw":9833,"qld":6450,"sa":1915,"tas":1458,"vic":7084},{"ts":"2013-08-06T08:00:00Z","nsw":9913,"qld":6465,"sa":1932,"tas":1440,"vic":7117,"wa":2204},{"ts":"2013-08-06T08:10:00Z","nsw":9921,"qld":6522,"sa":2002,"tas":1465,"vic":7142},{"ts":"2013-08-06T08:20:00Z","nsw":9940,"qld":6509,"sa":2049,"tas":1464,"vic":7151},{"ts":"2013-08-06T08:30:00Z","nsw":10004,"qld":6477,"sa":2064,"tas":1442,"vic":7089,"wa":2265},{"ts":"2013-08-06T08:40:00Z","nsw":9916,"qld":6499,"sa":2098,"tas":1445,"vic":7094},{"ts":"2013-08-06T08:50:00Z","nsw":9840,"qld":6481,"sa":2098,"tas":1444,"vic":7050},{"ts":"2013-08-06T09:00:00Z","nsw":9775,"qld":6402,"sa":2104,"tas":1452,"vic":7021,"wa":2272},{"ts":"2013-08-06T09:10:00Z","nsw":9718,"qld":6386,"sa":2096,"tas":1443,"vic":6972},{"ts":"2013-08-06T09:20:00Z","nsw":9643,"qld":6352,"sa":2090,"tas":1440,"vic":6840},{"ts":"2013-08-06T09:30:00Z","nsw":9531,"qld":6313,"sa":2091,"tas":1432,"vic":6789,"wa":2362},{"ts":"2013-08-06T09:40:00Z","nsw":9461,"qld":6344,"sa":2099,"tas":1431,"vic":6799},{"ts":"2013-08-06T09:50:00Z","nsw":9419,"qld":6381,"sa":2037,"tas":1422,"vic":6773},{"ts":"2013-08-06T10:00:00Z","nsw":9385,"qld":6443,"sa":2030,"tas":1416,"vic":6688,"wa":2478},{"ts":"2013-08-06T10:10:00Z","nsw":9344,"qld":6452,"sa":2027,"tas":1414,"vic":6595},{"ts":"2013-08-06T10:20:00Z","nsw":9294,"qld":6427,"sa":2032,"tas":1384,"vic":6607},{"ts":"2013-08-06T10:30:00Z","nsw":9268,"qld":6425,"sa":1985,"tas":1385,"vic":6544,"wa":2556},{"ts":"2013-08-06T10:40:00Z","nsw":9167,"qld":6373,"sa":1959,"tas":1364,"vic":6566},{"ts":"2013-08-06T10:50:00Z","nsw":9114,"qld":6322,"sa":1960,"tas":1338,"vic":6517},{"ts":"2013-08-06T11:00:00Z","nsw":9053,"qld":6256,"sa":1925,"tas":1334,"vic":6429,"wa":2580},{"ts":"2013-08-06T11:10:00Z","nsw":8983,"qld":6193,"sa":1922,"tas":1339,"vic":6283},{"ts":"2013-08-06T11:20:00Z","nsw":8876,"qld":6174,"sa":1919,"tas":1324,"vic":6199},{"ts":"2013-08-06T11:30:00Z","nsw":8792,"qld":6045,"sa":1881,"tas":1303,"vic":6096,"wa":2521},{"ts":"2013-08-06T11:40:00Z","nsw":8687,"qld":6047,"sa":1864,"tas":1293,"vic":6027},{"ts":"2013-08-06T11:50:00Z","nsw":8533,"qld":5944,"sa":1853,"tas":1277,"vic":5940},{"ts":"2013-08-06T12:00:00Z","nsw":8503,"qld":5862,"sa":1781,"tas":1227,"vic":5887,"wa":2414},{"ts":"2013-08-06T12:10:00Z","nsw":8633,"qld":5867,"sa":1754,"tas":1200,"vic":5822},{"ts":"2013-08-06T12:20:00Z","nsw":8614,"qld":5772,"sa":1745,"tas":1201,"vic":5768},{"ts":"2013-08-06T12:30:00Z","nsw":8534,"qld":5752,"sa":1713,"tas":1184,"vic":5663,"wa":2353},{"ts":"2013-08-06T12:40:00Z","nsw":8435,"qld":5727,"sa":1681,"tas":1170,"vic":5709},{"ts":"2013-08-06T12:50:00Z","nsw":8322,"qld":5670,"sa":1662,"tas":1144,"vic":5604}],"output":[{"ts":"2013-08-05T18:00:00Z","nsw":1,"qld":2,"sa":0,"tas":0,"vic":0,"wa":0},{"ts":"2013-08-05T18:10:00Z","nsw":1,"qld":2,"sa":0,"tas":0,"vic":0},{"ts":"2013-08-05T18:20:00Z","nsw":1,"qld":3,"sa":0,"tas":0,"vic":0},{"ts":"2013-08-05T18:30:00Z","nsw":1,"qld":2,"sa":0,"tas":0,"vic":0,"wa":0},{"ts":"2013-08-05T18:40:00Z","nsw":1,"qld":2,"sa":0,"tas":0,"vic":0},{"ts":"2013-08-05T18:50:00Z","nsw":1,"qld":2,"sa":0,"tas":0,"vic":0},{"ts":"2013-08-05T19:00:00Z","nsw":1,"qld":2,"sa":0,"tas":0,"vic":0,"wa":0},{"ts":"2013-08-05T19:10:00Z","nsw":1,"qld":2,"sa":0,"tas":0,"vic":0},{"ts":"2013-08-05T19:20:00Z","nsw":1,"qld":3,"sa":0,"tas":0,"vic":0},{"ts":"2013-08-05T19:30:00Z","nsw":1,"qld":2,"sa":0,"tas":0,"vic":0,"wa":0},{"ts":"2013-08-05T19:40:00Z","nsw":1,"qld":2,"sa":0,"tas":0,"vic":0},{"ts":"2013-08-05T19:50:00Z","nsw":1,"qld":2,"sa":0,"tas":0,"vic":0},{"ts":"2013-08-05T20:00:00Z","nsw":1,"qld":2,"sa":0,"tas":0,"vic":0,"wa":0},{"ts":"2013-08-05T20:10:00Z","nsw":1,"qld":2,"sa":0,"tas":0,"vic":0},{"ts":"2013-08-05T20:20:00Z","nsw":1,"qld":1,"sa":0,"tas":0,"vic":0},{"ts":"2013-08-05T20:30:00Z","nsw":1,"qld":3,"sa":0,"tas":0,"vic":0,"wa":0},{"ts":"2013-08-05T20:40:00Z","nsw":1,"qld":12,"sa":0,"tas":0,"vic":0},{"ts":"2013-08-05T20:50:00Z","nsw":2,"qld":22,"sa":0,"tas":0,"vic":0},{"ts":"2013-08-05T21:00:00Z","nsw":8,"qld":37,"sa":0,"tas":0,"vic":0,"wa":0},{"ts":"2013-08-05T21:10:00Z","nsw":13,"qld":60,"sa":0,"tas":0,"vic":0},{"ts":"2013-08-05T21:20:00Z","nsw":18,"qld":82,"sa":0,"tas":0,"vic":0},{"ts":"2013-08-05T21:30:00Z","nsw":27,"qld":104,"sa":1,"tas":0,"vic":2,"wa":0},{"ts":"2013-08-05T21:40:00Z","nsw":39,"qld":138,"sa":0,"tas":0,"vic":7},{"ts":"2013-08-05T21:50:00Z","nsw":56,"qld":166,"sa":1,"tas":1,"vic":14},{"ts":"2013-08-05T22:00:00Z","nsw":74,"qld":193,"sa":2,"tas":2,"vic":20,"wa":0},{"ts":"2013-08-05T22:10:00Z","nsw":72,"qld":220,"sa":4,"tas":2,"vic":30},{"ts":"2013-08-05T22:20:00Z","nsw":79,"qld":248,"sa":5,"tas":4,"vic":43},{"ts":"2013-08-05T22:30:00Z","nsw":87,"qld":274,"sa":9,"tas":5,"vic":46,"wa":0},{"ts":"2013-08-05T22:40:00Z","nsw":105,"qld":302,"sa":10,"tas":6,"vic":60},{"ts":"2013-08-05T22:50:00Z","nsw":120,"qld":323,"sa":14,"tas":8,"vic":65},{"ts":"2013-08-05T23:00:00Z","nsw":139,"qld":352,"sa":19,"tas":9,"vic":80,"wa":0},{"ts":"2013-08-05T23:10:00Z","nsw":152,"qld":369,"sa":20,"tas":11,"vic":84},{"ts":"2013-08-05T23:20:00Z","nsw":153,"qld":395,"sa":17,"tas":12,"vic":92},{"ts":"2013-08-05T23:30:00Z","nsw":174,"qld":403,"sa":19,"tas":12,"vic":94,"wa":1},{"ts":"2013-08-05T23:40:00Z","nsw":173,"qld":405,"sa":20,"tas":14,"vic":101},{"ts":"2013-08-05T23:50:00Z","nsw":181,"qld":436,"sa":23,"tas":14,"vic":107},{"ts":"2013-08-06T00:00:00Z","nsw":199,"qld":446,"sa":28,"tas":15,"vic":121,"wa":5},{"ts":"2013-08-06T00:10:00Z","nsw":227,"qld":447,"sa":34,"tas":15,"vic":136},{"ts":"2013-08-06T00:20:00Z","nsw":242,"qld":445,"sa":32,"tas":15,"vic":146},{"ts":"2013-08-06T00:30:00Z","nsw":244,"qld":454,"sa":34,"tas":13,"vic":139,"wa":33},{"ts":"2013-08-06T00:40:00Z","nsw":243,"qld":470,"sa":38,"tas":16,"vic":177},{"ts":"2013-08-06T00:50:00Z","nsw":257,"qld":483,"sa":44,"tas":14,"vic":177},{"ts":"2013-08-06T01:00:00Z","nsw":258,"qld":483,"sa":52,"tas":17,"vic":180,"wa":49},{"ts":"2013-08-06T01:10:00Z","nsw":265,"qld":488,"sa":56,"tas":16,"vic":175},{"ts":"2013-08-06T01:20:00Z","nsw":277,"qld":497,"sa":63,"tas":18,"vic":182},{"ts":"2013-08-06T01:30:00Z","nsw":286,"qld":499,"sa":60,"tas":16,"vic":162,"wa":53},{"ts":"2013-08-06T01:40:00Z","nsw":281,"qld":505,"sa":53,"tas":14,"vic":184},{"ts":"2013-08-06T01:50:00Z","nsw":287,"qld":518,"sa":60,"tas":12,"vic":168},{"ts":"2013-08-06T02:00:00Z","nsw":287,"qld":526,"sa":62,"tas":19,"vic":194,"wa":44},{"ts":"2013-08-06T02:10:00Z","nsw":274,"qld":520,"sa":70,"tas":16,"vic":183},{"ts":"2013-08-06T02:20:00Z","nsw":287,"qld":519,"sa":80,"tas":16,"vic":178},{"ts":"2013-08-06T02:30:00Z","nsw":266,"qld":504,"sa":86,"tas":14,"vic":174,"wa":76},{"ts":"2013-08-06T02:40:00Z","nsw":272,"qld":523,"sa":68,"tas":16,"vic":170},{"ts":"2013-08-06T02:50:00Z","nsw":244,"qld":524,"sa":63,"tas":17,"vic":155},{"ts":"2013-08-06T03:00:00Z","nsw":257,"qld":517,"sa":64,"tas":19,"vic":152,"wa":65},{"ts":"2013-08-06T03:10:00Z","nsw":224,"qld":509,"sa":77,"tas":14,"vic":148},{"ts":"2013-08-06T03:20:00Z","nsw":215,"qld":504,"sa":85,"tas":13,"vic":169},{"ts":"2013-08-06T03:30:00Z","nsw":197,"qld":486,"sa":96,"tas":10,"vic":181,"wa":83},{"ts":"2013-08-06T03:40:00Z","nsw":196,"qld":474,"sa":86,"tas":16,"vic":198},{"ts":"2013-08-06T03:50:00Z","nsw":186,"qld":463,"sa":117,"tas":16,"vic":176},{"ts":"2013-08-06T04:00:00Z","nsw":192,"qld":444,"sa":133,"tas":17,"vic":193,"wa":123},{"ts":"2013-08-06T04:10:00Z","nsw":164,"qld":428,"sa":119,"tas":11,"vic":154},{"ts":"2013-08-06T04:20:00Z","nsw":173,"qld":413,"sa":117,"tas":14,"vic":150},{"ts":"2013-08-06T04:30:00Z","nsw":152,"qld":390,"sa":123,"tas":13,"vic":128,"wa":116},{"ts":"2013-08-06T04:40:00Z","nsw":142,"qld":365,"sa":89,"tas":12,"vic":126},{"ts":"2013-08-06T04:50:00Z","nsw":131,"qld":348,"sa":87,"tas":10,"vic":101},{"ts":"2013-08-06T05:00:00Z","nsw":132,"qld":320,"sa":79,"tas":13,"vic":100,"wa":116},{"ts":"2013-08-06T05:10:00Z","nsw":118,"qld":287,"sa":81,"tas":11,"vic":81},{"ts":"2013-08-06T05:20:00Z","nsw":133,"qld":270,"sa":71,"tas":11,"vic":77},{"ts":"2013-08-06T05:30:00Z","nsw":108,"qld":246,"sa":65,"tas":9,"vic":69,"wa":118},{"ts":"2013-08-06T05:40:00Z","nsw":99,"qld":219,"sa":59,"tas":8,"vic":66},{"ts":"2013-08-06T05:50:00Z","nsw":82,"qld":196,"sa":51,"tas":7,"vic":60},{"ts":"2013-08-06T06:00:00Z","nsw":72,"qld":168,"sa":45,"tas":6,"vic":61,"wa":129},{"ts":"2013-08-06T06:10:00Z","nsw":59,"qld":141,"sa":50,"tas":4,"vic":41},{"ts":"2013-08-06T06:20:00Z","nsw":52,"qld":117,"sa":43,"tas":4,"vic":37},{"ts":"2013-08-06T06:30:00Z","nsw":42,"qld":90,"sa":46,"tas":2,"vic":29,"wa":88},{"ts":"2013-08-06T06:40:00Z","nsw":35,"qld":62,"sa":48,"tas":1,"vic":20},{"ts":"2013-08-06T06:50:00Z","nsw":26,"qld":44,"sa":49,"tas":1,"vic":14},{"ts":"2013-08-06T07:00:00Z","nsw":18,"qld":26,"sa":37,"tas":0,"vic":10,"wa":95},{"ts":"2013-08-06T07:10:00Z","nsw":9,"qld":13,"sa":30,"tas":0,"vic":6},{"ts":"2013-08-06T07:20:00Z","nsw":6,"qld":8,"sa":19,"tas":0,"vic":4},{"ts":"2013-08-06T07:30:00Z","nsw":3,"qld":7,"sa":16,"tas":0,"vic":3,"wa":72},{"ts":"2013-08-06T07:40:00Z","nsw":3,"qld":4,"sa":9,"tas":0,"vic":2},{"ts":"2013-08-06T07:50:00Z","nsw":3,"qld":5,"sa":4,"tas":0,"vic":1},{"ts":"2013-08-06T08:00:00Z","nsw":4,"qld":4,"sa":2,"tas":0,"vic":1,"wa":48},{"ts":"2013-08-06T08:10:00Z","nsw":6,"qld":2,"sa":1,"tas":0,"vic":0},{"ts":"2013-08-06T08:20:00Z","nsw":10,"qld":2,"sa":1,"tas":0,"vic":0},{"ts":"2013-08-06T08:30:00Z","nsw":9,"qld":2,"sa":0,"tas":0,"vic":0,"wa":32},{"ts":"2013-08-06T08:40:00Z","nsw":13,"qld":2,"sa":0,"tas":0,"vic":0},{"ts":"2013-08-06T08:50:00Z","nsw":5,"qld":2,"sa":0,"tas":0,"vic":0},{"ts":"2013-08-06T09:00:00Z","nsw":6,"qld":2,"sa":0,"tas":0,"vic":0,"wa":19},{"ts":"2013-08-06T09:10:00Z","nsw":4,"qld":2,"sa":0,"tas":0,"vic":0},{"ts":"2013-08-06T09:20:00Z","nsw":10,"qld":2,"sa":0,"tas":0,"vic":0},{"ts":"2013-08-06T09:30:00Z","nsw":9,"qld":2,"sa":0,"tas":0,"vic":0,"wa":1},{"ts":"2013-08-06T09:40:00Z","nsw":6,"qld":3,"sa":0,"tas":0,"vic":0},{"ts":"2013-08-06T09:50:00Z","nsw":6,"qld":2,"sa":0,"tas":0,"vic":0},{"ts":"2013-08-06T10:00:00Z","nsw":5,"qld":2,"sa":0,"tas":0,"vic":0,"wa":0},{"ts":"2013-08-06T10:10:00Z","nsw":5,"qld":2,"sa":0,"tas":0,"vic":0},{"ts":"2013-08-06T10:20:00Z","nsw":5,"qld":2,"sa":0,"tas":0,"vic":0},{"ts":"2013-08-06T10:30:00Z","nsw":5,"qld":3,"sa":0,"tas":0,"vic":0,"wa":1},{"ts":"2013-08-06T10:40:00Z","nsw":5,"qld":2,"sa":0,"tas":0,"vic":0},{"ts":"2013-08-06T10:50:00Z","nsw":5,"qld":2,"sa":0,"tas":0,"vic":0},{"ts":"2013-08-06T11:00:00Z","nsw":4,"qld":2,"sa":0,"tas":0,"vic":0,"wa":0},{"ts":"2013-08-06T11:10:00Z","nsw":5,"qld":2,"sa":0,"tas":0,"vic":0},{"ts":"2013-08-06T11:20:00Z","nsw":6,"qld":2,"sa":0,"tas":0,"vic":0},{"ts":"2013-08-06T11:30:00Z","nsw":6,"qld":2,"sa":0,"tas":0,"vic":0,"wa":0},{"ts":"2013-08-06T11:40:00Z","nsw":5,"qld":2,"sa":0,"tas":0,"vic":0},{"ts":"2013-08-06T11:50:00Z","nsw":6,"qld":2,"sa":0,"tas":0,"vic":0},{"ts":"2013-08-06T12:00:00Z","nsw":6,"qld":2,"sa":0,"tas":0,"vic":0,"wa":0},{"ts":"2013-08-06T12:10:00Z","nsw":5,"qld":2,"sa":0,"tas":0,"vic":0},{"ts":"2013-08-06T12:20:00Z","nsw":7,"qld":2,"sa":0,"tas":0,"vic":0},{"ts":"2013-08-06T12:30:00Z","nsw":9,"qld":2,"sa":0,"tas":0,"vic":0,"wa":0},{"ts":"2013-08-06T12:40:00Z","nsw":11,"qld":2,"sa":0,"tas":0,"vic":0},{"ts":"2013-08-06T12:50:00Z","nsw":6,"qld":2,"sa":0,"tas":0,"vic":0}]}