{"performance":[{"ts":"2013-06-05T18:00:00Z","nsw":"0.29","nt":"0.00","qld":"0.32","sa":"0.10","tas":"0.00","vic":"0.06","wa":"0.11"},{"ts":"2013-06-05T18:10:00Z","nsw":"0.16","nt":"0.00","qld":"0.32","sa":"0.10","tas":"0.00","vic":"0.06","wa":"0.10"},{"ts":"2013-06-05T18:20:00Z","nsw":"0.20","nt":"0.00","qld":"0.31","sa":"0.10","tas":"0.00","vic":"0.06","wa":"0.10"},{"ts":"2013-06-05T18:30:00Z","nsw":"0.18","nt":"0.00","qld":"0.35","sa":"0.39","tas":"0.00","vic":"0.07","wa":"0.11"},{"ts":"2013-06-05T18:40:00Z","nsw":"0.21","nt":"0.00","qld":"0.35","sa":"0.10","tas":"0.00","vic":"0.06","wa":"0.10"},{"ts":"2013-06-05T18:50:00Z","nsw":"0.17","nt":"0.00","qld":"0.32","sa":"0.10","tas":"0.00","vic":"0.06","wa":"0.10"},{"ts":"2013-06-05T19:00:00Z","nsw":"0.17","nt":"0.00","qld":"0.34","sa":"0.10","tas":"0.00","vic":"0.06","wa":"0.10"},{"ts":"2013-06-05T19:10:00Z","nsw":"0.14","nt":"0.00","qld":"0.35","sa":"0.10","tas":"0.00","vic":"0.07","wa":"0.11"},{"ts":"2013-06-05T19:20:00Z","nsw":"0.17","nt":"0.00","qld":"0.34","sa":"0.10","tas":"0.00","vic":"0.06","wa":"0.11"},{"ts":"2013-06-05T19:30:00Z","nsw":"0.17","nt":"0.00","qld":"0.42","sa":"0.07","tas":"0.00","vic":"0.06","wa":"0.10"},{"ts":"2013-06-05T19:40:00Z","nsw":"0.17","nt":"0.00","qld":"0.38","sa":"0.10","tas":"0.00","vic":"0.06","wa":"0.10"},{"ts":"2013-06-05T19:50:00Z","nsw":"0.15","nt":"0.00","qld":"0.36","sa":"0.10","tas":"0.00","vic":"0.06","wa":"0.10"},{"ts":"2013-06-05T20:00:00Z","nsw":"0.23","nt":"0.00","qld":"0.39","sa":"0.10","tas":"0.00","vic":"0.06","wa":"0.10"},{"ts":"2013-06-05T20:10:00Z","nsw":"0.38","nt":"0.00","qld":"0.69","sa":"0.10","tas":"0.00","vic":"0.06","wa":"0.10"},{"ts":"2013-06-05T20:20:00Z","nsw":"0.38","nt":"0.00","qld":"0.64","sa":"0.10","tas":"0.00","vic":"0.06","wa":"0.10"},{"ts":"2013-06-05T20:30:00Z","nsw":"0.44","nt":"0.00","qld":"0.39","sa":"0.10","tas":"0.00","vic":"0.04","wa":"0.11"},{"ts":"2013-06-05T20:40:00Z","nsw":"0.96","nt":"0.00","qld":"0.40","sa":"0.11","tas":"0.00","vic":"0.06","wa":"0.10"},{"ts":"2013-06-05T20:50:00Z","nsw":"0.46","nt":"0.00","qld":"0.88","sa":"0.11","tas":"0.00","vic":"0.04","wa":"0.10"},{"ts":"2013-06-05T21:00:00Z","nsw":"0.47","nt":"0.00","qld":"2.19","sa":"0.10","tas":"0.00","vic":"0.06","wa":"0.10"},{"ts":"2013-06-05T21:10:00Z","nsw":"1.07","nt":"0.00","qld":"3.38","sa":"0.10","tas":"0.00","vic":"0.06","wa":"0.12"},{"ts":"2013-06-05T21:20:00Z","nsw":"1.90","nt":"0.08","qld":"3.85","sa":"0.10","tas":"0.00","vic":"0.06","wa":"0.11"},{"ts":"2013-06-05T21:30:00Z","nsw":"2.28","nt":"0.00","qld":"4.48","sa":"0.10","tas":"0.00","vic":"0.08","wa":"0.48"},{"ts":"2013-06-05T21:40:00Z","nsw":"2.94","nt":"0.34","qld":"6.41","sa":"0.10","tas":"0.00","vic":"0.19","wa":"0.12"},{"ts":"2013-06-05T21:50:00Z","nsw":"3.74","nt":"1.17","qld":"8.22","sa":"0.09","tas":"0.73","vic":"0.75","wa":"0.12"},{"ts":"2013-06-05T22:00:00Z","nsw":"5.49","nt":"2.54","qld":"9.87","sa":"0.24","tas":"2.31","vic":"1.54","wa":"0.11"},{"ts":"2013-06-05T22:10:00Z","nsw":"6.79","nt":"4.38","qld":"11.59","sa":"0.89","tas":"1.55","vic":"2.06","wa":"0.12"},{"ts":"2013-06-05T22:20:00Z","nsw":"8.76","nt":"6.16","qld":"12.98","sa":"1.19","tas":"2.01","vic":"2.61","wa":"0.12"},{"ts":"2013-06-05T22:30:00Z","nsw":"10.98","nt":"7.96","qld":"14.08","sa":"1.78","tas":"4.58","vic":"3.64","wa":"0.13"},{"ts":"2013-06-05T22:40:00Z","nsw":"11.96","nt":"8.82","qld":"15.22","sa":"2.57","tas":"6.17","vic":"4.57","wa":"0.11"},{"ts":"2013-06-05T22:50:00Z","nsw":"12.20","nt":"9.36","qld":"16.71","sa":"4.66","tas":"5.42","vic":"5.19","wa":"0.13"},{"ts":"2013-06-05T23:00:00Z","nsw":"14.66","nt":"12.71","qld":"19.77","sa":"5.94","tas":"7.42","vic":"6.38","wa":"0.11"},{"ts":"2013-06-05T23:10:00Z","nsw":"15.68","nt":"16.32","qld":"20.46","sa":"7.69","tas":"8.07","vic":"7.15","wa":"0.11"},{"ts":"2013-06-05T23:20:00Z","nsw":"18.09","nt":"21.00","qld":"23.19","sa":"9.60","tas":"9.78","vic":"9.10","wa":"0.24"},{"ts":"2013-06-05T23:30:00Z","nsw":"19.52","nt":"21.82","qld":"25.20","sa":"10.90","tas":"12.93","vic":"9.65","wa":"0.54"},{"ts":"2013-06-05T23:40:00Z","nsw":"19.40","nt":"20.83","qld":"27.68","sa":"10.56","tas":"12.36","vic":"9.72","wa":"1.21"},{"ts":"2013-06-05T23:50:00Z","nsw":"18.38","nt":"27.35","qld":"30.53","sa":"12.69","tas":"14.63","vic":"10.48","wa":"1.55"},{"ts":"2013-06-06T00:00:00Z","nsw":"19.73","nt":"31.55","qld":"33.68","sa":"12.86","tas":"17.10","vic":"12.49","wa":"2.87"},{"ts":"2013-06-06T00:10:00Z","nsw":"19.83","nt":"33.94","qld":"36.36","sa":"13.42","tas":"13.88","vic":"14.46","wa":"4.26"},{"ts":"2013-06-06T00:20:00Z","nsw":"20.05","nt":"40.84","qld":"39.92","sa":"13.81","tas":"16.15","vic":"19.00","wa":"7.38"},{"ts":"2013-06-06T00:30:00Z","nsw":"20.22","nt":"37.94","qld":"39.54","sa":"16.92","tas":"16.58","vic":"21.39","wa":"11.77"},{"ts":"2013-06-06T00:40:00Z","nsw":"21.63","nt":"31.31","qld":"38.14","sa":"18.19","tas":"20.10","vic":"22.11","wa":"14.77"},{"ts":"2013-06-06T00:50:00Z","nsw":"22.43","nt":"34.60","qld":"37.43","sa":"21.33","tas":"27.07","vic":"22.45","wa":"17.56"},{"ts":"2013-06-06T01:00:00Z","nsw":"22.95","nt":"45.88","qld":"37.39","sa":"23.52","tas":"23.07","vic":"23.11","wa":"19.74"},{"ts":"2013-06-06T01:10:00Z","nsw":"22.30","nt":"49.38","qld":"35.63","sa":"27.54","tas":"28.35","vic":"22.14","wa":"22.09"},{"ts":"2013-06-06T01:20:00Z","nsw":"21.77","nt":"53.73","qld":"33.71","sa":"27.27","tas":"24.18","vic":"23.99","wa":"21.33"},{"ts":"2013-06-06T01:30:00Z","nsw":"20.54","nt":"55.87","qld":"32.53","sa":"35.60","tas":"29.59","vic":"24.07","wa":"23.98"},{"ts":"2013-06-06T01:40:00Z","nsw":"21.67","nt":"57.46","qld":"31.08","sa":"31.98","tas":"34.08","vic":"26.98","wa":"28.45"},{"ts":"2013-06-06T01:50:00Z","nsw":"22.40","nt":"59.44","qld":"26.77","sa":"32.58","tas":"27.42","vic":"28.18","wa":"32.66"},{"ts":"2013-06-06T02:00:00Z","nsw":"26.02","nt":"59.66","qld":"26.33","sa":"29.58","tas":"34.15","vic":"35.87","wa":"35.71"},{"ts":"2013-06-06T02:10:00Z","nsw":"23.53","nt":"59.96","qld":"24.70","sa":"33.92","tas":"26.23","vic":"35.59","wa":"37.31"},{"ts":"2013-06-06T02:20:00Z","nsw":"24.30","nt":"60.83","qld":"25.93","sa":"30.30","tas":"26.02","vic":"38.81","wa":"39.81"},{"ts":"2013-06-06T02:30:00Z","nsw":"20.26","nt":"51.07","qld":"26.14","sa":"23.31","tas":"17.36","vic":"36.26","wa":"39.52"},{"ts":"2013-06-06T02:40:00Z","nsw":"20.27","nt":"57.27","qld":"24.88","sa":"17.26","tas":"16.16","vic":"38.24","wa":"41.32"},{"ts":"2013-06-06T02:50:00Z","nsw":"19.67","nt":"66.01","qld":"21.26","sa":"16.20","tas":"14.65","vic":"32.86","wa":"42.20"},{"ts":"2013-06-06T03:00:00Z","nsw":"20.02","nt":"66.64","qld":"22.94","sa":"15.01","tas":"18.72","vic":"30.08","wa":"40.52"},{"ts":"2013-06-06T03:10:00Z","nsw":"15.47","nt":"40.62","qld":"22.24","sa":"15.38","tas":"17.06","vic":"29.27","wa":"38.38"},{"ts":"2013-06-06T03:20:00Z","nsw":"16.72","nt":"51.33","qld":"21.84","sa":"14.04","tas":"15.10","vic":"30.13","wa":"37.15"},{"ts":"2013-06-06T03:30:00Z","nsw":"14.46","nt":"44.45","qld":"22.04","sa":"14.06","tas":"15.17","vic":"27.96","wa":"39.20"},{"ts":"2013-06-06T03:40:00Z","nsw":"15.49","nt":"32.05","qld":"23.16","sa":"13.39","tas":"12.92","vic":"30.49","wa":"39.96"},{"ts":"2013-06-06T03:50:00Z","nsw":"14.18","nt":"31.27","qld":"23.09","sa":"16.07","tas":"11.50","vic":"29.61","wa":"34.00"},{"ts":"2013-06-06T04:00:00Z","nsw":"12.79","nt":"59.74","qld":"23.72","sa":"16.56","tas":"11.78","vic":"31.16","wa":"36.30"},{"ts":"2013-06-06T04:10:00Z","nsw":"11.17","nt":"59.51","qld":"22.81","sa":"20.15","tas":"13.57","vic":"30.49","wa":"40.81"},{"ts":"2013-06-06T04:20:00Z","nsw":"9.41","nt":"46.24","qld":"24.69","sa":"19.74","tas":"11.91","vic":"29.73","wa":"41.54"},{"ts":"2013-06-06T04:30:00Z","nsw":"8.60","nt":"45.76","qld":"21.63","sa":"21.02","tas":"12.94","vic":"25.69","wa":"38.50"},{"ts":"2013-06-06T04:40:00Z","nsw":"7.42","nt":"40.48","qld":"19.30","sa":"24.64","tas":"9.43","vic":"25.84","wa":"42.54"},{"ts":"2013-06-06T04:50:00Z","nsw":"5.88","nt":"33.20","qld":"17.26","sa":"27.38","tas":"5.56","vic":"21.16","wa":"41.61"},{"ts":"2013-06-06T05:00:00Z","nsw":"5.66","nt":"47.01","qld":"18.27","sa":"29.07","tas":"4.01","vic":"17.18","wa":"39.33"},{"ts":"2013-06-06T05:10:00Z","nsw":"4.85","nt":"38.16","qld":"16.32","sa":"29.23","tas":"3.14","vic":"14.07","wa":"39.74"},{"ts":"2013-06-06T05:20:00Z","nsw":"4.46","nt":"54.58","qld":"13.68","sa":"24.86","tas":"2.54","vic":"11.53","wa":"33.52"},{"ts":"2013-06-06T05:30:00Z","nsw":"4.08","nt":"53.28","qld":"14.73","sa":"25.94","tas":"1.52","vic":"9.90","wa":"35.69"},{"ts":"2013-06-06T05:40:00Z","nsw":"3.46","nt":"48.44","qld":"14.96","sa":"23.68","tas":"1.42","vic":"7.38","wa":"35.77"},{"ts":"2013-06-06T05:50:00Z","nsw":"2.97","nt":"45.50","qld":"12.15","sa":"21.55","tas":"1.70","vic":"5.44","wa":"34.74"},{"ts":"2013-06-06T06:00:00Z","nsw":"2.41","nt":"32.81","qld":"7.71","sa":"19.81","tas":"1.24","vic":"3.89","wa":"35.92"},{"ts":"2013-06-06T06:10:00Z","nsw":"1.96","nt":"32.18","qld":"4.69","sa":"18.15","tas":"0.86","vic":"3.35","wa":"37.02"},{"ts":"2013-06-06T06:20:00Z","nsw":"1.51","nt":"30.76","qld":"4.21","sa":"12.95","tas":"0.77","vic":"2.75","wa":"37.04"},{"ts":"2013-06-06T06:30:00Z","nsw":"1.22","nt":"28.03","qld":"3.17","sa":"12.40","tas":"0.34","vic":"2.12","wa":"34.90"},{"ts":"2013-06-06T06:40:00Z","nsw":"0.98","nt":"26.91","qld":"2.39","sa":"11.04","tas":"0.12","vic":"1.72","wa":"33.95"},{"ts":"2013-06-06T06:50:00Z","nsw":"0.69","nt":"26.61","qld":"1.60","sa":"7.86","tas":"0.09","vic":"1.26","wa":"31.98"},{"ts":"2013-06-06T07:00:00Z","nsw":"0.69","nt":"21.32","qld":"1.19","sa":"5.76","tas":"0.08","vic":"0.76","wa":"32.11"},{"ts":"2013-06-06T07:10:00Z","nsw":"0.58","nt":"22.78","qld":"0.95","sa":"3.57","tas":"0.07","vic":"0.69","wa":"28.13"},{"ts":"2013-06-06T07:20:00Z","nsw":"0.63","nt":"17.09","qld":"0.89","sa":"2.38","tas":"0.00","vic":"0.66","wa":"26.50"},{"ts":"2013-06-06T07:30:00Z","nsw":"0.55","nt":"14.76","qld":"1.06","sa":"1.27","tas":"0.00","vic":"0.57","wa":"21.70"},{"ts":"2013-06-06T07:40:00Z","nsw":"0.64","nt":"12.48","qld":"0.79","sa":"0.66","tas":"0.00","vic":"0.46","wa":"19.96"},{"ts":"2013-06-06T07:50:00Z","nsw":"0.91","nt":"11.91","qld":"0.74","sa":"0.57","tas":"0.00","vic":"0.44","wa":"16.11"},{"ts":"2013-06-06T08:00:00Z","nsw":"0.85","nt":"8.19","qld":"0.71","sa":"0.57","tas":"0.00","vic":"0.48","wa":"13.77"},{"ts":"2013-06-06T08:10:00Z","nsw":"0.87","nt":"7.48","qld":"0.95","sa":"0.53","tas":"0.00","vic":"0.49","wa":"11.43"},{"ts":"2013-06-06T08:20:00Z","nsw":"1.89","nt":"5.01","qld":"0.94","sa":"0.46","tas":"0.00","vic":"0.52","wa":"9.10"},{"ts":"2013-06-06T08:30:00Z","nsw":"1.63","nt":"3.47","qld":"0.93","sa":"0.49","tas":"0.00","vic":"0.56","wa":"6.92"},{"ts":"2013-06-06T08:40:00Z","nsw":"0.74","nt":"2.30","qld":"0.93","sa":"0.47","tas":"0.00","vic":"0.58","wa":"4.73"},{"ts":"2013-06-06T08:50:00Z","nsw":"0.56","nt":"1.29","qld":"0.92","sa":"0.47","tas":"0.00","vic":"0.61","wa":"3.00"},{"ts":"2013-06-06T09:00:00Z","nsw":"1.65","nt":"0.49","qld":"0.92","sa":"0.51","tas":"0.00","vic":"0.63","wa":"1.65"},{"ts":"2013-06-06T09:10:00Z","nsw":"1.65","nt":"0.41","qld":"0.96","sa":"0.48","tas":"0.00","vic":"0.63","wa":"0.68"},{"ts":"2013-06-06T09:20:00Z","nsw":"0.74","nt":"0.41","qld":"0.95","sa":"0.48","tas":"0.00","vic":"0.65","wa":"0.23"},{"ts":"2013-06-06T09:30:00Z","nsw":"1.15","nt":"0.41","qld":"0.98","sa":"0.25","tas":"0.00","vic":"0.68","wa":"0.20"},{"ts":"2013-06-06T09:40:00Z","nsw":"1.06","nt":"0.24","qld":"1.01","sa":"0.25","tas":"0.00","vic":"0.73","wa":"0.20"},{"ts":"2013-06-06T09:50:00Z","nsw":"0.36","nt":"0.24","qld":"1.04","sa":"0.24","tas":"0.00","vic":"0.69","wa":"0.24"},{"ts":"2013-06-06T10:00:00Z","nsw":"0.73","nt":"0.39","qld":"1.08","sa":"0.24","tas":"0.00","vic":"0.69","wa":"0.21"},{"ts":"2013-06-06T10:10:00Z","nsw":"0.61","nt":"0.39","qld":"1.04","sa":"0.24","tas":"0.00","vic":"0.71","wa":"0.22"},{"ts":"2013-06-06T10:20:00Z","nsw":"0.52","nt":"0.39","qld":"1.04","sa":"0.25","tas":"0.00","vic":"0.76","wa":"0.21"},{"ts":"2013-06-06T10:30:00Z","nsw":"0.65","nt":"0.39","qld":"1.05","sa":"0.28","tas":"0.00","vic":"0.10","wa":"0.23"},{"ts":"2013-06-06T10:40:00Z","nsw":"0.67","nt":"0.39","qld":"1.05","sa":"0.26","tas":"0.00","vic":"0.78","wa":"0.22"},{"ts":"2013-06-06T10:50:00Z","nsw":"0.63","nt":"0.39","qld":"1.04","sa":"0.25","tas":"0.00","vic":"0.63","wa":"0.23"},{"ts":"2013-06-06T11:00:00Z","nsw":"0.58","nt":"0.39","qld":"1.07","sa":"0.25","tas":"0.00","vic":"0.61","wa":"0.23"},{"ts":"2013-06-06T11:10:00Z","nsw":"0.56","nt":"0.39","qld":"1.03","sa":"0.25","tas":"0.00","vic":"0.62","wa":"0.23"},{"ts":"2013-06-06T11:20:00Z","nsw":"0.62","nt":"0.39","qld":"1.03","sa":"0.25","tas":"0.00","vic":"0.81","wa":"0.23"},{"ts":"2013-06-06T11:30:00Z","nsw":"0.74","nt":"0.39","qld":"1.08","sa":"0.25","tas":"0.00","vic":"0.81","wa":"0.22"},{"ts":"2013-06-06T11:40:00Z","nsw":"0.79","nt":"0.39","qld":"1.05","sa":"0.12","tas":"0.00","vic":"0.83","wa":"0.22"},{"ts":"2013-06-06T11:50:00Z","nsw":"0.81","nt":"0.39","qld":"1.04","sa":"0.12","tas":"0.00","vic":"0.84","wa":"0.21"},{"ts":"2013-06-06T12:00:00Z","nsw":"0.86","nt":"0.39","qld":"1.12","sa":"0.12","tas":"0.00","vic":"0.82","wa":"0.22"},{"ts":"2013-06-06T12:10:00Z","nsw":"0.60","nt":"0.39","qld":"1.04","sa":"0.12","tas":"0.00","vic":"0.83","wa":"0.24"},{"ts":"2013-06-06T12:20:00Z","nsw":"0.57","nt":"0.39","qld":"1.03","sa":"0.12","tas":"0.00","vic":"0.81","wa":"0.22"},{"ts":"2013-06-06T12:30:00Z","nsw":"0.60","nt":"0.39","qld":"1.06","sa":"0.11","tas":"0.00","vic":"0.51","wa":"0.24"},{"ts":"2013-06-06T12:40:00Z","nsw":"0.57","nt":"0.39","qld":"1.04","sa":"0.12","tas":"0.00","vic":"0.83","wa":"0.23"},{"ts":"2013-06-06T12:50:00Z","nsw":"0.66","nt":"0.39","qld":"1.05","sa":"0.11","tas":"0.00","vic":"0.84","wa":"0.23"}],"contribution":[{"ts":"2013-06-05T18:00:00Z","nsw":"0.03","qld":"0.06","sa":"0.04","tas":"0.00","vic":"0.01","wa":"0.02"},{"ts":"2013-06-05T18:10:00Z","nsw":"0.01","qld":"0.06","sa":"0.04","tas":"0.00","vic":"0.01"},{"ts":"2013-06-05T18:20:00Z","nsw":"0.02","qld":"0.05","sa":"0.04","tas":"0.00","vic":"0.01"},{"ts":"2013-06-05T18:30:00Z","nsw":"0.02","qld":"0.06","sa":"0.14","tas":"0.00","vic":"0.01","wa":"0.02"},{"ts":"2013-06-05T18:40:00Z","nsw":"0.02","qld":"0.06","sa":"0.04","tas":"0.00","vic":"0.01"},{"ts":"2013-06-05T18:50:00Z","nsw":"0.02","qld":"0.06","sa":"0.04","tas":"0.00","vic":"0.01"},{"ts":"2013-06-05T19:00:00Z","nsw":"0.01","qld":"0.06","sa":"0.04","tas":"0.00","vic":"0.01","wa":"0.02"},{"ts":"2013-06-05T19:10:00Z","nsw":"0.01","qld":"0.06","sa":"0.04","tas":"0.00","vic":"0.01"},{"ts":"2013-06-05T19:20:00Z","nsw":"0.01","qld":"0.06","sa":"0.04","tas":"0.00","vic":"0.01"},{"ts":"2013-06-05T19:30:00Z","nsw":"0.01","qld":"0.07","sa":"0.02","tas":"0.00","vic":"0.01","wa":"0.02"},{"ts":"2013-06-05T19:40:00Z","nsw":"0.01","qld":"0.06","sa":"0.03","tas":"0.00","vic":"0.01"},{"ts":"2013-06-05T19:50:00Z","nsw":"0.01","qld":"0.06","sa":"0.03","tas":"0.00","vic":"0.01"},{"ts":"2013-06-05T20:00:00Z","nsw":"0.02","qld":"0.06","sa":"0.03","tas":"0.00","vic":"0.01","wa":"0.02"},{"ts":"2013-06-05T20:10:00Z","nsw":"0.03","qld":"0.10","sa":"0.03","tas":"0.00","vic":"0.01"},{"ts":"2013-06-05T20:20:00Z","nsw":"0.03","qld":"0.09","sa":"0.03","tas":"0.00","vic":"0.01"},{"ts":"2013-06-05T20:30:00Z","nsw":"0.03","qld":"0.05","sa":"0.03","tas":"0.00","vic":"0.00","wa":"0.02"},{"ts":"2013-06-05T20:40:00Z","nsw":"0.06","qld":"0.05","sa":"0.03","tas":"0.00","vic":"0.00"},{"ts":"2013-06-05T20:50:00Z","nsw":"0.03","qld":"0.12","sa":"0.03","tas":"0.00","vic":"0.00"},{"ts":"2013-06-05T21:00:00Z","nsw":"0.03","qld":"0.29","sa":"0.03","tas":"0.00","vic":"0.00","wa":"0.02"},{"ts":"2013-06-05T21:10:00Z","nsw":"0.07","qld":"0.44","sa":"0.03","tas":"0.00","vic":"0.00"},{"ts":"2013-06-05T21:20:00Z","nsw":"0.12","qld":"0.49","sa":"0.03","tas":"0.00","vic":"0.00"},{"ts":"2013-06-05T21:30:00Z","nsw":"0.14","qld":"0.56","sa":"0.03","tas":"0.00","vic":"0.01","wa":"0.10"},{"ts":"2013-06-05T21:40:00Z","nsw":"0.18","qld":"0.81","sa":"0.03","tas":"0.00","vic":"0.01"},{"ts":"2013-06-05T21:50:00Z","nsw":"0.23","qld":"1.04","sa":"0.02","tas":"0.02","vic":"0.05"},{"ts":"2013-06-05T22:00:00Z","nsw":"0.33","qld":"1.23","sa":"0.06","tas":"0.06","vic":"0.11","wa":"0.02"},{"ts":"2013-06-05T22:10:00Z","nsw":"0.40","qld":"1.47","sa":"0.22","tas":"0.04","vic":"0.14"},{"ts":"2013-06-05T22:20:00Z","nsw":"0.52","qld":"1.65","sa":"0.29","tas":"0.06","vic":"0.18"},{"ts":"2013-06-05T22:30:00Z","nsw":"0.66","qld":"1.79","sa":"0.42","tas":"0.13","vic":"0.25","wa":"0.02"},{"ts":"2013-06-05T22:40:00Z","nsw":"0.72","qld":"1.97","sa":"0.61","tas":"0.17","vic":"0.31"},{"ts":"2013-06-05T22:50:00Z","nsw":"0.74","qld":"2.14","sa":"1.10","tas":"0.15","vic":"0.35"},{"ts":"2013-06-05T23:00:00Z","nsw":"0.89","qld":"2.52","sa":"1.40","tas":"0.21","vic":"0.43","wa":"0.02"},{"ts":"2013-06-05T23:10:00Z","nsw":"0.95","qld":"2.63","sa":"1.82","tas":"0.23","vic":"0.49"},{"ts":"2013-06-05T23:20:00Z","nsw":"1.10","qld":"2.97","sa":"2.27","tas":"0.28","vic":"0.62"},{"ts":"2013-06-05T23:30:00Z","nsw":"1.19","qld":"3.26","sa":"2.57","tas":"0.37","vic":"0.65","wa":"0.08"},{"ts":"2013-06-05T23:40:00Z","nsw":"1.18","qld":"3.55","sa":"2.51","tas":"0.37","vic":"0.67"},{"ts":"2013-06-05T23:50:00Z","nsw":"1.13","qld":"3.92","sa":"3.03","tas":"0.43","vic":"0.72"},{"ts":"2013-06-06T00:00:00Z","nsw":"1.21","qld":"4.32","sa":"3.11","tas":"0.50","vic":"0.86","wa":"0.37"},{"ts":"2013-06-06T00:10:00Z","nsw":"1.22","qld":"4.68","sa":"3.28","tas":"0.41","vic":"1.00"},{"ts":"2013-06-06T00:20:00Z","nsw":"1.23","qld":"5.08","sa":"3.45","tas":"0.48","vic":"1.32"},{"ts":"2013-06-06T00:30:00Z","nsw":"1.25","qld":"5.06","sa":"4.18","tas":"0.49","vic":"1.49","wa":"1.53"},{"ts":"2013-06-06T00:40:00Z","nsw":"1.33","qld":"4.94","sa":"4.53","tas":"0.61","vic":"1.54"},{"ts":"2013-06-06T00:50:00Z","nsw":"1.38","qld":"4.86","sa":"5.22","tas":"0.82","vic":"1.58"},{"ts":"2013-06-06T01:00:00Z","nsw":"1.42","qld":"4.89","sa":"5.82","tas":"0.71","vic":"1.62","wa":"2.58"},{"ts":"2013-06-06T01:10:00Z","nsw":"1.39","qld":"4.64","sa":"6.78","tas":"0.87","vic":"1.56"},{"ts":"2013-06-06T01:20:00Z","nsw":"1.36","qld":"4.42","sa":"6.84","tas":"0.74","vic":"1.69"},{"ts":"2013-06-06T01:30:00Z","nsw":"1.29","qld":"4.27","sa":"8.88","tas":"0.91","vic":"1.70","wa":"3.20"},{"ts":"2013-06-06T01:40:00Z","nsw":"1.36","qld":"4.08","sa":"8.02","tas":"1.05","vic":"1.89"},{"ts":"2013-06-06T01:50:00Z","nsw":"1.41","qld":"3.50","sa":"8.16","tas":"0.86","vic":"1.98"},{"ts":"2013-06-06T02:00:00Z","nsw":"1.63","qld":"3.49","sa":"7.47","tas":"1.07","vic":"2.53","wa":"4.71"},{"ts":"2013-06-06T02:10:00Z","nsw":"1.48","qld":"3.24","sa":"8.57","tas":"0.84","vic":"2.53"},{"ts":"2013-06-06T02:20:00Z","nsw":"1.53","qld":"3.46","sa":"7.66","tas":"0.82","vic":"2.76"},{"ts":"2013-06-06T02:30:00Z","nsw":"1.29","qld":"3.46","sa":"5.82","tas":"0.55","vic":"2.60","wa":"5.34"},{"ts":"2013-06-06T02:40:00Z","nsw":"1.29","qld":"3.30","sa":"4.31","tas":"0.51","vic":"2.75"},{"ts":"2013-06-06T02:50:00Z","nsw":"1.25","qld":"2.83","sa":"4.07","tas":"0.46","vic":"2.38"},{"ts":"2013-06-06T03:00:00Z","nsw":"1.27","qld":"3.01","sa":"3.80","tas":"0.59","vic":"2.17","wa":"5.56"},{"ts":"2013-06-06T03:10:00Z","nsw":"0.98","qld":"2.93","sa":"3.86","tas":"0.53","vic":"2.11"},{"ts":"2013-06-06T03:20:00Z","nsw":"1.07","qld":"2.86","sa":"3.55","tas":"0.47","vic":"2.17"},{"ts":"2013-06-06T03:30:00Z","nsw":"0.93","qld":"2.90","sa":"3.54","tas":"0.48","vic":"2.03","wa":"5.40"},{"ts":"2013-06-06T03:40:00Z","nsw":"1.00","qld":"3.06","sa":"3.38","tas":"0.41","vic":"2.18"},{"ts":"2013-06-06T03:50:00Z","nsw":"0.91","qld":"3.05","sa":"3.97","tas":"0.37","vic":"2.11"},{"ts":"2013-06-06T04:00:00Z","nsw":"0.82","qld":"3.16","sa":"4.12","tas":"0.37","vic":"2.23","wa":"4.99"},{"ts":"2013-06-06T04:10:00Z","nsw":"0.72","qld":"3.02","sa":"5.07","tas":"0.45","vic":"2.19"},{"ts":"2013-06-06T04:20:00Z","nsw":"0.60","qld":"3.23","sa":"4.96","tas":"0.37","vic":"2.15"},{"ts":"2013-06-06T04:30:00Z","nsw":"0.55","qld":"2.86","sa":"5.35","tas":"0.40","vic":"1.88","wa":"5.32"},{"ts":"2013-06-06T04:40:00Z","nsw":"0.48","qld":"2.56","sa":"6.16","tas":"0.29","vic":"1.88"},{"ts":"2013-06-06T04:50:00Z","nsw":"0.38","qld":"2.31","sa":"6.92","tas":"0.17","vic":"1.55"},{"ts":"2013-06-06T05:00:00Z","nsw":"0.36","qld":"2.44","sa":"7.28","tas":"0.13","vic":"1.26","wa":"5.45"},{"ts":"2013-06-06T05:10:00Z","nsw":"0.31","qld":"2.19","sa":"7.38","tas":"0.10","vic":"1.03"},{"ts":"2013-06-06T05:20:00Z","nsw":"0.29","qld":"1.82","sa":"6.39","tas":"0.08","vic":"0.85"},{"ts":"2013-06-06T05:30:00Z","nsw":"0.26","qld":"1.96","sa":"6.63","tas":"0.05","vic":"0.72","wa":"4.99"},{"ts":"2013-06-06T05:40:00Z","nsw":"0.22","qld":"1.98","sa":"6.03","tas":"0.04","vic":"0.54"},{"ts":"2013-06-06T05:50:00Z","nsw":"0.19","qld":"1.60","sa":"5.47","tas":"0.05","vic":"0.39"},{"ts":"2013-06-06T06:00:00Z","nsw":"0.15","qld":"1.02","sa":"5.15","tas":"0.04","vic":"0.28","wa":"5.03"},{"ts":"2013-06-06T06:10:00Z","nsw":"0.12","qld":"0.62","sa":"4.60","tas":"0.03","vic":"0.24"},{"ts":"2013-06-06T06:20:00Z","nsw":"0.09","qld":"0.55","sa":"3.39","tas":"0.02","vic":"0.19"},{"ts":"2013-06-06T06:30:00Z","nsw":"0.08","qld":"0.41","sa":"3.18","tas":"0.01","vic":"0.15","wa":"4.90"},{"ts":"2013-06-06T06:40:00Z","nsw":"0.06","qld":"0.31","sa":"2.83","tas":"0.00","vic":"0.12"},{"ts":"2013-06-06T06:50:00Z","nsw":"0.04","qld":"0.20","sa":"1.99","tas":"0.00","vic":"0.09"},{"ts":"2013-06-06T07:00:00Z","nsw":"0.04","qld":"0.15","sa":"1.44","tas":"0.00","vic":"0.05","wa":"4.53"},{"ts":"2013-06-06T07:10:00Z","nsw":"0.03","qld":"0.12","sa":"0.89","tas":"0.00","vic":"0.05"},{"ts":"2013-06-06T07:20:00Z","nsw":"0.04","qld":"0.11","sa":"0.59","tas":"0.00","vic":"0.04"},{"ts":"2013-06-06T07:30:00Z","nsw":"0.03","qld":"0.13","sa":"0.31","tas":"0.00","vic":"0.04","wa":"3.11"},{"ts":"2013-06-06T07:40:00Z","nsw":"0.04","qld":"0.10","sa":"0.16","tas":"0.00","vic":"0.03"},{"ts":"2013-06-06T07:50:00Z","nsw":"0.05","qld":"0.09","sa":"0.13","tas":"0.00","vic":"0.03"},{"ts":"2013-06-06T08:00:00Z","nsw":"0.05","qld":"0.08","sa":"0.13","tas":"0.00","vic":"0.03","wa":"1.96"},{"ts":"2013-06-06T08:10:00Z","nsw":"0.05","qld":"0.11","sa":"0.12","tas":"0.00","vic":"0.03"},{"ts":"2013-06-06T08:20:00Z","nsw":"0.11","qld":"0.11","sa":"0.10","tas":"0.00","vic":"0.03"},{"ts":"2013-06-06T08:30:00Z","nsw":"0.09","qld":"0.11","sa":"0.10","tas":"0.00","vic":"0.04","wa":"0.98"},{"ts":"2013-06-06T08:40:00Z","nsw":"0.04","qld":"0.11","sa":"0.10","tas":"0.00","vic":"0.04"},{"ts":"2013-06-06T08:50:00Z","nsw":"0.03","qld":"0.11","sa":"0.10","tas":"0.00","vic":"0.04"},{"ts":"2013-06-06T09:00:00Z","nsw":"0.09","qld":"0.11","sa":"0.11","tas":"0.00","vic":"0.04","wa":"0.23"},{"ts":"2013-06-06T09:10:00Z","nsw":"0.09","qld":"0.12","sa":"0.11","tas":"0.00","vic":"0.04"},{"ts":"2013-06-06T09:20:00Z","nsw":"0.04","qld":"0.12","sa":"0.11","tas":"0.00","vic":"0.04"},{"ts":"2013-06-06T09:30:00Z","nsw":"0.07","qld":"0.12","sa":"0.05","tas":"0.00","vic":"0.05","wa":"0.03"},{"ts":"2013-06-06T09:40:00Z","nsw":"0.06","qld":"0.13","sa":"0.05","tas":"0.00","vic":"0.05"},{"ts":"2013-06-06T09:50:00Z","nsw":"0.02","qld":"0.13","sa":"0.05","tas":"0.00","vic":"0.05"},{"ts":"2013-06-06T10:00:00Z","nsw":"0.04","qld":"0.13","sa":"0.05","tas":"0.00","vic":"0.05","wa":"0.03"},{"ts":"2013-06-06T10:10:00Z","nsw":"0.04","qld":"0.13","sa":"0.05","tas":"0.00","vic":"0.05"},{"ts":"2013-06-06T10:20:00Z","nsw":"0.03","qld":"0.13","sa":"0.05","tas":"0.00","vic":"0.06"},{"ts":"2013-06-06T10:30:00Z","nsw":"0.04","qld":"0.13","sa":"0.06","tas":"0.00","vic":"0.01","wa":"0.03"},{"ts":"2013-06-06T10:40:00Z","nsw":"0.04","qld":"0.13","sa":"0.06","tas":"0.00","vic":"0.06"},{"ts":"2013-06-06T10:50:00Z","nsw":"0.04","qld":"0.13","sa":"0.06","tas":"0.00","vic":"0.05"},{"ts":"2013-06-06T11:00:00Z","nsw":"0.04","qld":"0.14","sa":"0.06","tas":"0.00","vic":"0.04","wa":"0.03"},{"ts":"2013-06-06T11:10:00Z","nsw":"0.04","qld":"0.13","sa":"0.06","tas":"0.00","vic":"0.05"},{"ts":"2013-06-06T11:20:00Z","nsw":"0.04","qld":"0.14","sa":"0.06","tas":"0.00","vic":"0.06"},{"ts":"2013-06-06T11:30:00Z","nsw":"0.05","qld":"0.14","sa":"0.06","tas":"0.00","vic":"0.06","wa":"0.03"},{"ts":"2013-06-06T11:40:00Z","nsw":"0.05","qld":"0.14","sa":"0.03","tas":"0.00","vic":"0.06"},{"ts":"2013-06-06T11:50:00Z","nsw":"0.05","qld":"0.14","sa":"0.03","tas":"0.00","vic":"0.07"},{"ts":"2013-06-06T12:00:00Z","nsw":"0.06","qld":"0.15","sa":"0.03","tas":"0.00","vic":"0.06","wa":"0.03"},{"ts":"2013-06-06T12:10:00Z","nsw":"0.04","qld":"0.15","sa":"0.03","tas":"0.00","vic":"0.07"},{"ts":"2013-06-06T12:20:00Z","nsw":"0.04","qld":"0.15","sa":"0.03","tas":"0.00","vic":"0.06"},{"ts":"2013-06-06T12:30:00Z","nsw":"0.04","qld":"0.15","sa":"0.03","tas":"0.00","vic":"0.04","wa":"0.03"},{"ts":"2013-06-06T12:40:00Z","nsw":"0.04","qld":"0.15","sa":"0.03","tas":"0.00","vic":"0.07"},{"ts":"2013-06-06T12:50:00Z","nsw":"0.05","qld":"0.15","sa":"0.03","tas":"0.00","vic":"0.07"}],"demand":[{"ts":"2013-06-05T18:00:00Z","nsw":6380,"qld":4598,"sa":1045,"tas":965,"vic":4314,"wa":1554},{"ts":"2013-06-05T18:10:00Z","nsw":6352,"qld":4604,"sa":1045,"tas":979,"vic":4310},{"ts":"2013-06-05T18:20:00Z","nsw":6360,"qld":4614,"sa":1054,"tas":965,"vic":4324},{"ts":"2013-06-05T18:30:00Z","nsw":6386,"qld":4651,"sa":1050,"tas":959,"vic":4320,"wa":1540},{"ts":"2013-06-05T18:40:00Z","nsw":6427,"qld":4673,"sa":1034,"tas":962,"vic":4317},{"ts":"2013-06-05T18:50:00Z","nsw":6496,"qld":4719,"sa":1030,"tas":973,"vic":4329},{"ts":"2013-06-05T19:00:00Z","nsw":6592,"qld":4842,"sa":1030,"tas":988,"vic":4375,"wa":1520},{"ts":"2013-06-05T19:10:00Z","nsw":6809,"qld":4944,"sa":1038,"tas":1005,"vic":4472},{"ts":"2013-06-05T19:20:00Z","nsw":6860,"qld":4993,"sa":1040,"tas":1013,"vic":4519},{"ts":"2013-06-05T19:30:00Z","nsw":6986,"qld":5116,"sa":1052,"tas":1022,"vic":4582,"wa":1511},{"ts":"2013-06-05T19:40:00Z","nsw":7170,"qld":5176,"sa":1085,"tas":1028,"vic":4700},{"ts":"2013-06-05T19:50:00Z","nsw":7336,"qld":5267,"sa":1105,"tas":1019,"vic":4780},{"ts":"2013-06-05T20:00:00Z","nsw":7592,"qld":5359,"sa":1123,"tas":1062,"vic":4971,"wa":1495},{"ts":"2013-06-05T20:10:00Z","nsw":7957,"qld":5501,"sa":1129,"tas":1099,"vic":5156},{"ts":"2013-06-05T20:20:00Z","nsw":8250,"qld":5661,"sa":1169,"tas":1127,"vic":5338},{"ts":"2013-06-05T20:30:00Z","nsw":8377,"qld":5759,"sa":1193,"tas":1150,"vic":5450,"wa":1528},{"ts":"2013-06-05T20:40:00Z","nsw":8688,"qld":5891,"sa":1235,"tas":1175,"vic":5625},{"ts":"2013-06-05T20:50:00Z","nsw":8891,"qld":5979,"sa":1277,"tas":1206,"vic":5783},{"ts":"2013-06-05T21:00:00Z","nsw":8932,"qld":6148,"sa":1323,"tas":1243,"vic":5836,"wa":1543},{"ts":"2013-06-05T21:10:00Z","nsw":9010,"qld":6308,"sa":1355,"tas":1301,"vic":5936},{"ts":"2013-06-05T21:20:00Z","nsw":9184,"qld":6376,"sa":1394,"tas":1336,"vic":6158},{"ts":"2013-06-05T21:30:00Z","nsw":9313,"qld":6400,"sa":1427,"tas":1368,"vic":6244,"wa":1518},{"ts":"2013-06-05T21:40:00Z","nsw":9479,"qld":6407,"sa":1453,"tas":1368,"vic":6347},{"ts":"2013-06-05T21:50:00Z","nsw":9490,"qld":6385,"sa":1499,"tas":1368,"vic":6420},{"ts":"2013-06-05T22:00:00Z","nsw":9592,"qld":6396,"sa":1521,"tas":1360,"vic":6466,"wa":1690},{"ts":"2013-06-05T22:10:00Z","nsw":9593,"qld":6299,"sa":1532,"tas":1333,"vic":6497},{"ts":"2013-06-05T22:20:00Z","nsw":9504,"qld":6253,"sa":1569,"tas":1315,"vic":6519},{"ts":"2013-06-05T22:30:00Z","nsw":9412,"qld":6256,"sa":1580,"tas":1330,"vic":6506,"wa":1842},{"ts":"2013-06-05T22:40:00Z","nsw":9384,"qld":6179,"sa":1577,"tas":1302,"vic":6506},{"ts":"2013-06-05T22:50:00Z","nsw":9320,"qld":6182,"sa":1575,"tas":1291,"vic":6459},{"ts":"2013-06-05T23:00:00Z","nsw":9294,"qld":6205,"sa":1566,"tas":1279,"vic":6445,"wa":2037},{"ts":"2013-06-05T23:10:00Z","nsw":9315,"qld":6155,"sa":1551,"tas":1286,"vic":6472},{"ts":"2013-06-05T23:20:00Z","nsw":9256,"qld":6136,"sa":1543,"tas":1278,"vic":6483},{"ts":"2013-06-05T23:30:00Z","nsw":9252,"qld":6081,"sa":1552,"tas":1255,"vic":6435,"wa":2190},{"ts":"2013-06-05T23:40:00Z","nsw":9262,"qld":6062,"sa":1534,"tas":1240,"vic":6399},{"ts":"2013-06-05T23:50:00Z","nsw":9182,"qld":6044,"sa":1522,"tas":1248,"vic":6358},{"ts":"2013-06-06T00:00:00Z","nsw":9159,"qld":6057,"sa":1503,"tas":1242,"vic":6324,"wa":2352},{"ts":"2013-06-06T00:10:00Z","nsw":9198,"qld":5995,"sa":1472,"tas":1237,"vic":6287},{"ts":"2013-06-06T00:20:00Z","nsw":9163,"qld":6039,"sa":1456,"tas":1224,"vic":6281},{"ts":"2013-06-06T00:30:00Z","nsw":9144,"qld":5999,"sa":1453,"tas":1224,"vic":6245,"wa":2335},{"ts":"2013-06-06T00:40:00Z","nsw":9157,"qld":5956,"sa":1441,"tas":1206,"vic":6233},{"ts":"2013-06-06T00:50:00Z","nsw":9127,"qld":5965,"sa":1440,"tas":1196,"vic":6194},{"ts":"2013-06-06T01:00:00Z","nsw":9068,"qld":5898,"sa":1418,"tas":1180,"vic":6208,"wa":2293},{"ts":"2013-06-06T01:10:00Z","nsw":9014,"qld":5918,"sa":1412,"tas":1194,"vic":6154},{"ts":"2013-06-06T01:20:00Z","nsw":8986,"qld":5898,"sa":1388,"tas":1192,"vic":6153},{"ts":"2013-06-06T01:30:00Z","nsw":8974,"qld":5900,"sa":1373,"tas":1189,"vic":6133,"wa":2231},{"ts":"2013-06-06T01:40:00Z","nsw":8982,"qld":5932,"sa":1370,"tas":1175,"vic":6162},{"ts":"2013-06-06T01:50:00Z","nsw":8956,"qld":5971,"sa":1377,"tas":1161,"vic":6134},{"ts":"2013-06-06T02:00:00Z","nsw":8925,"qld":5925,"sa":1366,"tas":1153,"vic":6079,"wa":2224},{"ts":"2013-06-06T02:10:00Z","nsw":8903,"qld":5962,"sa":1358,"tas":1136,"vic":6050},{"ts":"2013-06-06T02:20:00Z","nsw":8912,"qld":5872,"sa":1381,"tas":1156,"vic":5980},{"ts":"2013-06-06T02:30:00Z","nsw":8858,"qld":5926,"sa":1421,"tas":1163,"vic":5985,"wa":2155},{"ts":"2013-06-06T02:40:00Z","nsw":8869,"qld":5938,"sa":1435,"tas":1156,"vic":5953},{"ts":"2013-06-06T02:50:00Z","nsw":8867,"qld":5961,"sa":1429,"tas":1162,"vic":5968},{"ts":"2013-06-06T03:00:00Z","nsw":8861,"qld":5990,"sa":1422,"tas":1165,"vic":5984,"wa":2119},{"ts":"2013-06-06T03:10:00Z","nsw":8891,"qld":5973,"sa":1430,"tas":1184,"vic":6004},{"ts":"2013-06-06T03:20:00Z","nsw":8846,"qld":6005,"sa":1435,"tas":1175,"vic":5996},{"ts":"2013-06-06T03:30:00Z","nsw":8801,"qld":5971,"sa":1438,"tas":1158,"vic":5974,"wa":2111},{"ts":"2013-06-06T03:40:00Z","nsw":8744,"qld":5972,"sa":1442,"tas":1148,"vic":6028},{"ts":"2013-06-06T03:50:00Z","nsw":8790,"qld":5944,"sa":1460,"tas":1154,"vic":6032},{"ts":"2013-06-06T04:00:00Z","nsw":8793,"qld":5920,"sa":1437,"tas":1127,"vic":6018,"wa":2125},{"ts":"2013-06-06T04:10:00Z","nsw":8827,"qld":5956,"sa":1412,"tas":1123,"vic":5984},{"ts":"2013-06-06T04:20:00Z","nsw":8843,"qld":5974,"sa":1410,"tas":1180,"vic":5962},{"ts":"2013-06-06T04:30:00Z","nsw":8834,"qld":5939,"sa":1399,"tas":1177,"vic":5930,"wa":2107},{"ts":"2013-06-06T04:40:00Z","nsw":8842,"qld":5940,"sa":1397,"tas":1176,"vic":5937},{"ts":"2013-06-06T04:50:00Z","nsw":8844,"qld":5918,"sa":1382,"tas":1178,"vic":5935},{"ts":"2013-06-06T05:00:00Z","nsw":8823,"qld":5925,"sa":1382,"tas":1171,"vic":5935,"wa":2098},{"ts":"2013-06-06T05:10:00Z","nsw":8824,"qld":5944,"sa":1373,"tas":1172,"vic":5929},{"ts":"2013-06-06T05:20:00Z","nsw":8828,"qld":5947,"sa":1365,"tas":1185,"vic":5952},{"ts":"2013-06-06T05:30:00Z","nsw":8858,"qld":5963,"sa":1376,"tas":1191,"vic":5983,"wa":2092},{"ts":"2013-06-06T05:40:00Z","nsw":8901,"qld":6030,"sa":1379,"tas":1187,"vic":5999},{"ts":"2013-06-06T05:50:00Z","nsw":8991,"qld":6045,"sa":1389,"tas":1202,"vic":6091},{"ts":"2013-06-06T06:00:00Z","nsw":9083,"qld":6070,"sa":1365,"tas":1220,"vic":6120,"wa":2085},{"ts":"2013-06-06T06:10:00Z","nsw":9110,"qld":6140,"sa":1410,"tas":1234,"vic":6149},{"ts":"2013-06-06T06:20:00Z","nsw":9182,"qld":6181,"sa":1396,"tas":1244,"vic":6212},{"ts":"2013-06-06T06:30:00Z","nsw":9237,"qld":6254,"sa":1410,"tas":1249,"vic":6249,"wa":2083},{"ts":"2013-06-06T06:40:00Z","nsw":9416,"qld":6325,"sa":1431,"tas":1265,"vic":6311},{"ts":"2013-06-06T06:50:00Z","nsw":9580,"qld":6422,"sa":1464,"tas":1284,"vic":6366},{"ts":"2013-06-06T07:00:00Z","nsw":9732,"qld":6465,"sa":1487,"tas":1317,"vic":6397,"wa":2079},{"ts":"2013-06-06T07:10:00Z","nsw":9890,"qld":6590,"sa":1490,"tas":1317,"vic":6494},{"ts":"2013-06-06T07:20:00Z","nsw":10054,"qld":6666,"sa":1498,"tas":1313,"vic":6605},{"ts":"2013-06-06T07:30:00Z","nsw":10171,"qld":6632,"sa":1533,"tas":1325,"vic":6737,"wa":2077},{"ts":"2013-06-06T07:40:00Z","nsw":10298,"qld":6718,"sa":1589,"tas":1326,"vic":6796},{"ts":"2013-06-06T07:50:00Z","nsw":10312,"qld":6814,"sa":1633,"tas":1345,"vic":6888},{"ts":"2013-06-06T08:00:00Z","nsw":10299,"qld":6753,"sa":1682,"tas":1336,"vic":6855,"wa":2122},{"ts":"2013-06-06T08:10:00Z","nsw":10215,"qld":6731,"sa":1716,"tas":1328,"vic":6819},{"ts":"2013-06-06T08:20:00Z","nsw":10173,"qld":6676,"sa":1738,"tas":1314,"vic":6759},{"ts":"2013-06-06T08:30:00Z","nsw":10137,"qld":6683,"sa":1757,"tas":1304,"vic":6708,"wa":2160},{"ts":"2013-06-06T08:40:00Z","nsw":10110,"qld":6700,"sa":1748,"tas":1315,"vic":6665},{"ts":"2013-06-06T08:50:00Z","nsw":10055,"qld":6605,"sa":1777,"tas":1311,"vic":6567},{"ts":"2013-06-06T09:00:00Z","nsw":9960,"qld":6591,"sa":1768,"tas":1303,"vic":6520,"wa":2198},{"ts":"2013-06-06T09:10:00Z","nsw":9855,"qld":6622,"sa":1718,"tas":1291,"vic":6448},{"ts":"2013-06-06T09:20:00Z","nsw":9769,"qld":6530,"sa":1709,"tas":1277,"vic":6439},{"ts":"2013-06-06T09:30:00Z","nsw":9683,"qld":6497,"sa":1754,"tas":1261,"vic":6388,"wa":2273},{"ts":"2013-06-06T09:40:00Z","nsw":9618,"qld":6516,"sa":1743,"tas":1252,"vic":6322},{"ts":"2013-06-06T09:50:00Z","nsw":9595,"qld":6529,"sa":1708,"tas":1240,"vic":6285},{"ts":"2013-06-06T10:00:00Z","nsw":9540,"qld":6482,"sa":1696,"tas":1230,"vic":6263,"wa":2491},{"ts":"2013-06-06T10:10:00Z","nsw":9536,"qld":6528,"sa":1675,"tas":1230,"vic":6177},{"ts":"2013-06-06T10:20:00Z","nsw":9452,"qld":6476,"sa":1680,"tas":1240,"vic":6101},{"ts":"2013-06-06T10:30:00Z","nsw":9357,"qld":6444,"sa":1700,"tas":1230,"vic":6106,"wa":2630},{"ts":"2013-06-06T10:40:00Z","nsw":9302,"qld":6375,"sa":1680,"tas":1240,"vic":6068},{"ts":"2013-06-06T10:50:00Z","nsw":9176,"qld":6334,"sa":1671,"tas":1237,"vic":6036},{"ts":"2013-06-06T11:00:00Z","nsw":9072,"qld":6257,"sa":1676,"tas":1235,"vic":5984,"wa":2613},{"ts":"2013-06-06T11:10:00Z","nsw":8945,"qld":6197,"sa":1651,"tas":1221,"vic":5901},{"ts":"2013-06-06T11:20:00Z","nsw":8805,"qld":6124,"sa":1650,"tas":1232,"vic":5855},{"ts":"2013-06-06T11:30:00Z","nsw":8660,"qld":6035,"sa":1627,"tas":1243,"vic":5753,"wa":2568},{"ts":"2013-06-06T11:40:00Z","nsw":8674,"qld":6024,"sa":1605,"tas":1214,"vic":5720},{"ts":"2013-06-06T11:50:00Z","nsw":8485,"qld":5982,"sa":1591,"tas":1183,"vic":5654},{"ts":"2013-06-06T12:00:00Z","nsw":8517,"qld":5865,"sa":1573,"tas":1142,"vic":5590,"wa":2511},{"ts":"2013-06-06T12:10:00Z","nsw":8596,"qld":5812,"sa":1544,"tas":1128,"vic":5467},{"ts":"2013-06-06T12:20:00Z","nsw":8544,"qld":5740,"sa":1487,"tas":1128,"vic":5505},{"ts":"2013-06-06T12:30:00Z","nsw":8542,"qld":5728,"sa":1506,"tas":1129,"vic":5505,"wa":2476},{"ts":"2013-06-06T12:40:00Z","nsw":8418,"qld":5736,"sa":1510,"tas":1140,"vic":5479},{"ts":"2013-06-06T12:50:00Z","nsw":8278,"qld":5650,"sa":1469,"tas":1141,"vic":5403}],"output":[{"ts":"2013-06-05T18:00:00Z","nsw":1,"qld":2,"sa":0,"tas":0,"vic":0,"wa":0},{"ts":"2013-06-05T18:10:00Z","nsw":0,"qld":2,"sa":0,"tas":0,"vic":0},{"ts":"2013-06-05T18:20:00Z","nsw":1,"qld":2,"sa":0,"tas":0,"vic":0},{"ts":"2013-06-05T18:30:00Z","nsw":1,"qld":2,"sa":1,"tas":0,"vic":0,"wa":0},{"ts":"2013-06-05T18:40:00Z","nsw":1,"qld":2,"sa":0,"tas":0,"vic":0},{"ts":"2013-06-05T18:50:00Z","nsw":0,"qld":2,"sa":0,"tas":0,"vic":0},{"ts":"2013-06-05T19:00:00Z","nsw":0,"qld":2,"sa":0,"tas":0,"vic":0,"wa":0},{"ts":"2013-06-05T19:10:00Z","nsw":0,"qld":2,"sa":0,"tas":0,"vic":0},{"ts":"2013-06-05T19:20:00Z","nsw":0,"qld":2,"sa":0,"tas":0,"vic":0},{"ts":"2013-06-05T19:30:00Z","nsw":0,"qld":3,"sa":0,"tas":0,"vic":0,"wa":0},{"ts":"2013-06-05T19:40:00Z","nsw":0,"qld":3,"sa":0,"tas":0,"vic":0},{"ts":"2013-06-05T19:50:00Z","nsw":0,"qld":2,"sa":0,"tas":0,"vic":0},{"ts":"2013-06-05T20:00:00Z","nsw":1,"qld":3,"sa":0,"tas":0,"vic":0,"wa":0},{"ts":"2013-06-05T20:10:00Z","nsw":2,"qld":5,"sa":0,"tas":0,"vic":0},{"ts":"2013-06-05T20:20:00Z","nsw":2,"qld":5,"sa":0,"tas":0,"vic":0},{"ts":"2013-06-05T20:30:00Z","nsw":2,"qld":3,"sa":0,"tas":0,"vic":0,"wa":0},{"ts":"2013-06-05T20:40:00Z","nsw":5,"qld":3,"sa":0,"tas":0,"vic":0},{"ts":"2013-06-05T20:50:00Z","nsw":2,"qld":7,"sa":0,"tas":0,"vic":0},{"ts":"2013-06-05T21:00:00Z","nsw":2,"qld":17,"sa":0,"tas":0,"vic":0,"wa":0},{"ts":"2013-06-05T21:10:00Z","nsw":6,"qld":27,"sa":0,"tas":0,"vic":0},{"ts":"2013-06-05T21:20:00Z","nsw":10,"qld":31,"sa":0,"tas":0,"vic":0},{"ts":"2013-06-05T21:30:00Z","nsw":13,"qld":36,"sa":0,"tas":0,"vic":0,"wa":1},{"ts":"2013-06-05T21:40:00Z","nsw":16,"qld":52,"sa":0,"tas":0,"vic":0},{"ts":"2013-06-05T21:50:00Z","nsw":21,"qld":66,"sa":0,"tas":0,"vic":3},{"ts":"2013-06-05T22:00:00Z","nsw":31,"qld":80,"sa":0,"tas":0,"vic":6,"wa":0},{"ts":"2013-06-05T22:10:00Z","nsw":38,"qld":94,"sa":3,"tas":0,"vic":9},{"ts":"2013-06-05T22:20:00Z","nsw":50,"qld":105,"sa":4,"tas":0,"vic":11},{"ts":"2013-06-05T22:30:00Z","nsw":62,"qld":114,"sa":6,"tas":1,"vic":16,"wa":0},{"ts":"2013-06-05T22:40:00Z","nsw":68,"qld":123,"sa":9,"tas":2,"vic":20},{"ts":"2013-06-05T22:50:00Z","nsw":69,"qld":135,"sa":17,"tas":1,"vic":22},{"ts":"2013-06-05T23:00:00Z","nsw":83,"qld":160,"sa":22,"tas":2,"vic":28,"wa":0},{"ts":"2013-06-05T23:10:00Z","nsw":89,"qld":165,"sa":28,"tas":2,"vic":31},{"ts":"2013-06-05T23:20:00Z","nsw":103,"qld":188,"sa":35,"tas":3,"vic":40},{"ts":"2013-06-05T23:30:00Z","nsw":111,"qld":204,"sa":40,"tas":4,"vic":42,"wa":1},{"ts":"2013-06-05T23:40:00Z","nsw":110,"qld":224,"sa":39,"tas":4,"vic":42},{"ts":"2013-06-05T23:50:00Z","nsw":104,"qld":247,"sa":47,"tas":5,"vic":46},{"ts":"2013-06-06T00:00:00Z","nsw":112,"qld":273,"sa":48,"tas":6,"vic":55,"wa":8},{"ts":"2013-06-06T00:10:00Z","nsw":113,"qld":294,"sa":50,"tas":5,"vic":63},{"ts":"2013-06-06T00:20:00Z","nsw":114,"qld":323,"sa":51,"tas":5,"vic":83},{"ts":"2013-06-06T00:30:00Z","nsw":115,"qld":320,"sa":63,"tas":6,"vic":94,"wa":36},{"ts":"2013-06-06T00:40:00Z","nsw":123,"qld":309,"sa":68,"tas":7,"vic":97},{"ts":"2013-06-06T00:50:00Z","nsw":128,"qld":303,"sa":79,"tas":9,"vic":98},{"ts":"2013-06-06T01:00:00Z","nsw":131,"qld":303,"sa":88,"tas":8,"vic":101,"wa":60},{"ts":"2013-06-06T01:10:00Z","nsw":127,"qld":289,"sa":103,"tas":10,"vic":97},{"ts":"2013-06-06T01:20:00Z","nsw":124,"qld":273,"sa":102,"tas":8,"vic":105},{"ts":"2013-06-06T01:30:00Z","nsw":117,"qld":263,"sa":133,"tas":10,"vic":106,"wa":73},{"ts":"2013-06-06T01:40:00Z","nsw":123,"qld":252,"sa":119,"tas":12,"vic":118},{"ts":"2013-06-06T01:50:00Z","nsw":127,"qld":217,"sa":122,"tas":10,"vic":124},{"ts":"2013-06-06T02:00:00Z","nsw":148,"qld":213,"sa":110,"tas":12,"vic":158,"wa":109},{"ts":"2013-06-06T02:10:00Z","nsw":134,"qld":200,"sa":127,"tas":9,"vic":156},{"ts":"2013-06-06T02:20:00Z","nsw":138,"qld":210,"sa":113,"tas":9,"vic":171},{"ts":"2013-06-06T02:30:00Z","nsw":115,"qld":212,"sa":87,"tas":6,"vic":159,"wa":121},{"ts":"2013-06-06T02:40:00Z","nsw":115,"qld":201,"sa":64,"tas":5,"vic":168},{"ts":"2013-06-06T02:50:00Z","nsw":112,"qld":172,"sa":60,"tas":5,"vic":144},{"ts":"2013-06-06T03:00:00Z","nsw":114,"qld":186,"sa":56,"tas":6,"vic":132,"wa":124},{"ts":"2013-06-06T03:10:00Z","nsw":88,"qld":180,"sa":57,"tas":6,"vic":129},{"ts":"2013-06-06T03:20:00Z","nsw":95,"qld":177,"sa":52,"tas":5,"vic":132},{"ts":"2013-06-06T03:30:00Z","nsw":82,"qld":178,"sa":52,"tas":5,"vic":123,"wa":120},{"ts":"2013-06-06T03:40:00Z","nsw":88,"qld":187,"sa":50,"tas":4,"vic":134},{"ts":"2013-06-06T03:50:00Z","nsw":80,"qld":187,"sa":60,"tas":4,"vic":130},{"ts":"2013-06-06T04:00:00Z","nsw":72,"qld":192,"sa":62,"tas":4,"vic":137,"wa":111},{"ts":"2013-06-06T04:10:00Z","nsw":63,"qld":185,"sa":75,"tas":4,"vic":134},{"ts":"2013-06-06T04:20:00Z","nsw":53,"qld":200,"sa":73,"tas":4,"vic":131},{"ts":"2013-06-06T04:30:00Z","nsw":49,"qld":175,"sa":78,"tas":4,"vic":113,"wa":118},{"ts":"2013-06-06T04:40:00Z","nsw":42,"qld":156,"sa":92,"tas":3,"vic":113},{"ts":"2013-06-06T04:50:00Z","nsw":33,"qld":140,"sa":102,"tas":2,"vic":93},{"ts":"2013-06-06T05:00:00Z","nsw":32,"qld":148,"sa":108,"tas":1,"vic":75,"wa":121},{"ts":"2013-06-06T05:10:00Z","nsw":27,"qld":132,"sa":109,"tas":1,"vic":62},{"ts":"2013-06-06T05:20:00Z","nsw":25,"qld":110,"sa":93,"tas":0,"vic":50},{"ts":"2013-06-06T05:30:00Z","nsw":23,"qld":119,"sa":97,"tas":0,"vic":43,"wa":109},{"ts":"2013-06-06T05:40:00Z","nsw":19,"qld":121,"sa":88,"tas":0,"vic":32},{"ts":"2013-06-06T05:50:00Z","nsw":16,"qld":98,"sa":80,"tas":0,"vic":24},{"ts":"2013-06-06T06:00:00Z","nsw":13,"qld":62,"sa":74,"tas":0,"vic":17,"wa":110},{"ts":"2013-06-06T06:10:00Z","nsw":11,"qld":38,"sa":68,"tas":0,"vic":14},{"ts":"2013-06-06T06:20:00Z","nsw":8,"qld":34,"sa":48,"tas":0,"vic":12},{"ts":"2013-06-06T06:30:00Z","nsw":6,"qld":25,"sa":46,"tas":0,"vic":9,"wa":107},{"ts":"2013-06-06T06:40:00Z","nsw":5,"qld":19,"sa":41,"tas":0,"vic":7},{"ts":"2013-06-06T06:50:00Z","nsw":3,"qld":12,"sa":29,"tas":0,"vic":5},{"ts":"2013-06-06T07:00:00Z","nsw":3,"qld":9,"sa":21,"tas":0,"vic":3,"wa":98},{"ts":"2013-06-06T07:10:00Z","nsw":3,"qld":7,"sa":13,"tas":0,"vic":3},{"ts":"2013-06-06T07:20:00Z","nsw":3,"qld":7,"sa":8,"tas":0,"vic":2},{"ts":"2013-06-06T07:30:00Z","nsw":3,"qld":8,"sa":4,"tas":0,"vic":2,"wa":66},{"ts":"2013-06-06T07:40:00Z","nsw":3,"qld":6,"sa":2,"tas":0,"vic":2},{"ts":"2013-06-06T07:50:00Z","nsw":5,"qld":6,"sa":2,"tas":0,"vic":1},{"ts":"2013-06-06T08:00:00Z","nsw":4,"qld":5,"sa":2,"tas":0,"vic":2,"wa":42},{"ts":"2013-06-06T08:10:00Z","nsw":4,"qld":7,"sa":1,"tas":0,"vic":2},{"ts":"2013-06-06T08:20:00Z","nsw":10,"qld":7,"sa":1,"tas":0,"vic":2},{"ts":"2013-06-06T08:30:00Z","nsw":9,"qld":7,"sa":1,"tas":0,"vic":2,"wa":21},{"ts":"2013-06-06T08:40:00Z","nsw":4,"qld":7,"sa":1,"tas":0,"vic":2},{"ts":"2013-06-06T08:50:00Z","nsw":3,"qld":7,"sa":1,"tas":0,"vic":2},{"ts":"2013-06-06T09:00:00Z","nsw":9,"qld":7,"sa":1,"tas":0,"vic":2,"wa":5},{"ts":"2013-06-06T09:10:00Z","nsw":9,"qld":7,"sa":1,"tas":0,"vic":2},{"ts":"2013-06-06T09:20:00Z","nsw":4,"qld":7,"sa":1,"tas":0,"vic":2},{"ts":"2013-06-06T09:30:00Z","nsw":6,"qld":7,"sa":0,"tas":0,"vic":2,"wa":0},{"ts":"2013-06-06T09:40:00Z","nsw":6,"qld":8,"sa":0,"tas":0,"vic":3},{"ts":"2013-06-06T09:50:00Z","nsw":2,"qld":8,"sa":0,"tas":0,"vic":3},{"ts":"2013-06-06T10:00:00Z","nsw":4,"qld":8,"sa":0,"tas":0,"vic":3,"wa":0},{"ts":"2013-06-06T10:10:00Z","nsw":3,"qld":8,"sa":0,"tas":0,"vic":3},{"ts":"2013-06-06T10:20:00Z","nsw":2,"qld":8,"sa":0,"tas":0,"vic":3},{"ts":"2013-06-06T10:30:00Z","nsw":3,"qld":8,"sa":1,"tas":0,"vic":0,"wa":0},{"ts":"2013-06-06T10:40:00Z","nsw":3,"qld":8,"sa":0,"tas":0,"vic":3},{"ts":"2013-06-06T10:50:00Z","nsw":3,"qld":8,"sa":0,"tas":0,"vic":2},{"ts":"2013-06-06T11:00:00Z","nsw":3,"qld":8,"sa":0,"tas":0,"vic":2,"wa":0},{"ts":"2013-06-06T11:10:00Z","nsw":3,"qld":8,"sa":0,"tas":0,"vic":2},{"ts":"2013-06-06T11:20:00Z","nsw":3,"qld":8,"sa":0,"tas":0,"vic":3},{"ts":"2013-06-06T11:30:00Z","nsw":4,"qld":8,"sa":0,"tas":0,"vic":3,"wa":0},{"ts":"2013-06-06T11:40:00Z","nsw":4,"qld":8,"sa":0,"tas":0,"vic":3},{"ts":"2013-06-06T11:50:00Z","nsw":4,"qld":8,"sa":0,"tas":0,"vic":3},{"ts":"2013-06-06T12:00:00Z","nsw":4,"qld":9,"sa":0,"tas":0,"vic":3,"wa":0},{"ts":"2013-06-06T12:10:00Z","nsw":3,"qld":8,"sa":0,"tas":0,"vic":3},{"ts":"2013-06-06T12:20:00Z","nsw":3,"qld":8,"sa":0,"tas":0,"vic":3},{"ts":"2013-06-06T12:30:00Z","nsw":3,"qld":8,"sa":0,"tas":0,"vic":2,"wa":0},{"ts":"2013-06-06T12:40:00Z","nsw":3,"qld":8,"sa":0,"tas":0,"vic":3},{"ts":"2013-06-06T12:50:00Z","nsw":3,"qld":8,"sa":0,"tas":0,"vic":3}]} 