{"performance":[{"ts":"2013-11-20T17:00:00Z","nsw":"0.14","nt":"0.00","qld":"0.39","sa":"0.24","tas":"0.00","vic":"0.11","wa":"0.18"},{"ts":"2013-11-20T17:10:00Z","nsw":"0.29","nt":"0.00","qld":"0.35","sa":"0.24","tas":"0.00","vic":"0.06","wa":"0.18"},{"ts":"2013-11-20T17:20:00Z","nsw":"0.25","nt":"0.00","qld":"0.35","sa":"0.25","tas":"0.00","vic":"0.08","wa":"0.17"},{"ts":"2013-11-20T17:30:00Z","nsw":"0.27","nt":"0.00","qld":"0.36","sa":"0.24","tas":"0.00","vic":"0.08","wa":"0.17"},{"ts":"2013-11-20T17:40:00Z","nsw":"0.28","nt":"0.00","qld":"0.33","sa":"0.25","tas":"0.00","vic":"0.08","wa":"0.18"},{"ts":"2013-11-20T17:50:00Z","nsw":"0.30","nt":"0.00","qld":"0.35","sa":"0.16","tas":"0.00","vic":"0.13","wa":"0.18"},{"ts":"2013-11-20T18:00:00Z","nsw":"0.27","nt":"0.00","qld":"0.34","sa":"0.24","tas":"0.00","vic":"0.10","wa":"0.19"},{"ts":"2013-11-20T18:10:00Z","nsw":"0.27","nt":"0.00","qld":"0.35","sa":"0.24","tas":"0.00","vic":"0.08","wa":"0.18"},{"ts":"2013-11-20T18:20:00Z","nsw":"0.26","nt":"0.00","qld":"0.34","sa":"0.24","tas":"0.00","vic":"0.04","wa":"0.17"},{"ts":"2013-11-20T18:30:00Z","nsw":"0.26","nt":"0.00","qld":"0.30","sa":"0.26","tas":"0.00","vic":"0.10","wa":"0.17"},{"ts":"2013-11-20T18:40:00Z","nsw":"0.35","nt":"0.00","qld":"0.16","sa":"0.27","tas":"0.00","vic":"0.10","wa":"0.18"},{"ts":"2013-11-20T18:50:00Z","nsw":"0.33","nt":"0.00","qld":"0.27","sa":"0.14","tas":"0.06","vic":"0.12","wa":"0.18"},{"ts":"2013-11-20T19:00:00Z","nsw":"0.92","nt":"0.00","qld":"1.15","sa":"0.23","tas":"0.34","vic":"0.06","wa":"0.18"},{"ts":"2013-11-20T19:10:00Z","nsw":"1.30","nt":"0.00","qld":"1.99","sa":"0.23","tas":"0.98","vic":"0.40","wa":"0.18"},{"ts":"2013-11-20T19:20:00Z","nsw":"2.03","nt":"0.00","qld":"3.33","sa":"0.22","tas":"1.17","vic":"0.46","wa":"0.18"},{"ts":"2013-11-20T19:30:00Z","nsw":"2.91","nt":"0.00","qld":"4.60","sa":"0.15","tas":"1.41","vic":"0.82","wa":"0.17"},{"ts":"2013-11-20T19:40:00Z","nsw":"3.61","nt":"0.00","qld":"6.25","sa":"0.31","tas":"1.51","vic":"1.22","wa":"0.18"},{"ts":"2013-11-20T19:50:00Z","nsw":"4.73","nt":"0.00","qld":"8.09","sa":"0.74","tas":"2.18","vic":"1.64","wa":"0.18"},{"ts":"2013-11-20T20:00:00Z","nsw":"6.99","nt":"0.00","qld":"10.36","sa":"1.45","tas":"2.75","vic":"2.08","wa":"0.18"},{"ts":"2013-11-20T20:10:00Z","nsw":"8.05","nt":"0.00","qld":"13.00","sa":"2.25","tas":"3.76","vic":"2.75","wa":"0.18"},{"ts":"2013-11-20T20:20:00Z","nsw":"9.32","nt":"0.00","qld":"15.55","sa":"3.13","tas":"5.15","vic":"3.73","wa":"0.18"},{"ts":"2013-11-20T20:30:00Z","nsw":"11.36","nt":"0.00","qld":"17.47","sa":"4.95","tas":"5.15","vic":"4.66","wa":"0.18"},{"ts":"2013-11-20T20:40:00Z","nsw":"12.22","nt":"0.00","qld":"20.17","sa":"5.83","tas":"6.92","vic":"5.85","wa":"0.18"},{"ts":"2013-11-20T20:50:00Z","nsw":"14.57","nt":"0.00","qld":"22.59","sa":"7.12","tas":"6.17","vic":"6.97","wa":"0.21"},{"ts":"2013-11-20T21:00:00Z","nsw":"15.06","nt":"0.17","qld":"26.20","sa":"7.86","tas":"6.55","vic":"8.78","wa":"0.15"},{"ts":"2013-11-20T21:10:00Z","nsw":"20.20","nt":"1.21","qld":"29.03","sa":"10.54","tas":"6.52","vic":"10.21","wa":"0.29"},{"ts":"2013-11-20T21:20:00Z","nsw":"20.52","nt":"1.79","qld":"31.91","sa":"11.40","tas":"7.19","vic":"12.16","wa":"0.67"},{"ts":"2013-11-20T21:30:00Z","nsw":"25.86","nt":"3.62","qld":"34.10","sa":"13.10","tas":"7.00","vic":"13.76","wa":"0.99"},{"ts":"2013-11-20T21:40:00Z","nsw":"26.51","nt":"6.81","qld":"37.50","sa":"15.63","tas":"8.53","vic":"16.89","wa":"1.79"},{"ts":"2013-11-20T21:50:00Z","nsw":"29.11","nt":"7.73","qld":"38.54","sa":"20.18","tas":"8.59","vic":"17.45","wa":"2.85"},{"ts":"2013-11-20T22:00:00Z","nsw":"32.54","nt":"11.97","qld":"42.05","sa":"22.68","tas":"9.03","vic":"21.81","wa":"4.51"},{"ts":"2013-11-20T22:10:00Z","nsw":"32.96","nt":"16.20","qld":"44.74","sa":"23.75","tas":"9.81","vic":"22.34","wa":"6.12"},{"ts":"2013-11-20T22:20:00Z","nsw":"33.29","nt":"16.77","qld":"46.57","sa":"24.62","tas":"10.79","vic":"25.34","wa":"8.37"},{"ts":"2013-11-20T22:30:00Z","nsw":"35.33","nt":"20.86","qld":"47.32","sa":"28.86","tas":"10.24","vic":"26.73","wa":"9.79"},{"ts":"2013-11-20T22:40:00Z","nsw":"40.87","nt":"26.80","qld":"51.04","sa":"26.93","tas":"9.23","vic":"28.79","wa":"12.66"},{"ts":"2013-11-20T22:50:00Z","nsw":"40.54","nt":"25.77","qld":"51.02","sa":"30.39","tas":"7.53","vic":"29.96","wa":"14.59"},{"ts":"2013-11-20T23:00:00Z","nsw":"45.58","nt":"24.01","qld":"54.40","sa":"29.88","tas":"8.47","vic":"34.15","wa":"19.12"},{"ts":"2013-11-20T23:10:00Z","nsw":"43.60","nt":"26.84","qld":"55.89","sa":"30.65","tas":"7.13","vic":"35.70","wa":"20.43"},{"ts":"2013-11-20T23:20:00Z","nsw":"48.41","nt":"24.23","qld":"59.88","sa":"33.86","tas":"7.32","vic":"42.55","wa":"21.33"},{"ts":"2013-11-20T23:30:00Z","nsw":"46.66","nt":"23.10","qld":"60.39","sa":"32.33","tas":"6.74","vic":"38.97","wa":"24.06"},{"ts":"2013-11-20T23:40:00Z","nsw":"47.37","nt":"26.29","qld":"63.22","sa":"32.81","tas":"8.54","vic":"43.26","wa":"31.34"},{"ts":"2013-11-20T23:50:00Z","nsw":"49.70","nt":"24.65","qld":"63.57","sa":"36.98","tas":"9.44","vic":"45.10","wa":"31.52"},{"ts":"2013-11-21T00:00:00Z","nsw":"52.77","nt":"25.92","qld":"64.45","sa":"40.55","tas":"8.91","vic":"47.53","wa":"35.92"},{"ts":"2013-11-21T00:10:00Z","nsw":"53.13","nt":"38.70","qld":"65.47","sa":"46.21","tas":"7.79","vic":"45.67","wa":"40.28"},{"ts":"2013-11-21T00:20:00Z","nsw":"57.34","nt":"33.77","qld":"67.26","sa":"44.63","tas":"8.78","vic":"51.88","wa":"44.41"},{"ts":"2013-11-21T00:30:00Z","nsw":"56.85","nt":"44.08","qld":"66.80","sa":"44.09","tas":"9.40","vic":"50.51","wa":"48.09"},{"ts":"2013-11-21T00:40:00Z","nsw":"61.62","nt":"39.90","qld":"69.35","sa":"46.86","tas":"10.98","vic":"57.92","wa":"49.76"},{"ts":"2013-11-21T00:50:00Z","nsw":"58.55","nt":"50.20","qld":"68.28","sa":"51.97","tas":"11.06","vic":"50.57","wa":"49.72"},{"ts":"2013-11-21T01:00:00Z","nsw":"65.16","nt":"54.06","qld":"70.55","sa":"51.07","tas":"11.74","vic":"55.75","wa":"54.60"},{"ts":"2013-11-21T01:10:00Z","nsw":"59.56","nt":"46.20","qld":"69.31","sa":"54.30","tas":"10.72","vic":"50.67","wa":"49.85"},{"ts":"2013-11-21T01:20:00Z","nsw":"61.58","nt":"48.57","qld":"70.52","sa":"55.07","tas":"12.21","vic":"56.59","wa":"50.73"},{"ts":"2013-11-21T01:30:00Z","nsw":"60.20","nt":"65.36","qld":"70.54","sa":"53.99","tas":"12.89","vic":"53.37","wa":"50.63"},{"ts":"2013-11-21T01:40:00Z","nsw":"59.91","nt":"55.50","qld":"71.53","sa":"54.81","tas":"12.68","vic":"56.49","wa":"52.71"},{"ts":"2013-11-21T01:50:00Z","nsw":"58.41","nt":"54.02","qld":"70.45","sa":"54.16","tas":"12.30","vic":"54.72","wa":"58.29"},{"ts":"2013-11-21T02:00:00Z","nsw":"62.47","nt":"74.51","qld":"70.15","sa":"53.83","tas":"11.47","vic":"58.67","wa":"61.22"},{"ts":"2013-11-21T02:10:00Z","nsw":"59.15","nt":"78.39","qld":"69.15","sa":"52.73","tas":"9.67","vic":"56.56","wa":"63.04"},{"ts":"2013-11-21T02:20:00Z","nsw":"62.28","nt":"68.14","qld":"68.55","sa":"55.75","tas":"10.28","vic":"64.44","wa":"64.71"},{"ts":"2013-11-21T02:30:00Z","nsw":"63.15","nt":"56.24","qld":"67.89","sa":"56.11","tas":"10.66","vic":"58.37","wa":"69.36"},{"ts":"2013-11-21T02:40:00Z","nsw":"63.85","nt":"55.64","qld":"68.65","sa":"59.65","tas":"13.74","vic":"63.57","wa":"70.54"},{"ts":"2013-11-21T02:50:00Z","nsw":"61.85","nt":"47.42","qld":"65.64","sa":"58.10","tas":"12.36","vic":"62.46","wa":"71.36"},{"ts":"2013-11-21T03:00:00Z","nsw":"60.31","nt":"54.94","qld":"64.54","sa":"55.62","tas":"11.50","vic":"65.57","wa":"72.00"},{"ts":"2013-11-21T03:10:00Z","nsw":"56.40","nt":"53.89","qld":"64.45","sa":"54.50","tas":"9.45","vic":"60.59","wa":"71.96"},{"ts":"2013-11-21T03:20:00Z","nsw":"55.55","nt":"57.85","qld":"63.97","sa":"53.36","tas":"9.50","vic":"65.32","wa":"74.42"},{"ts":"2013-11-21T03:30:00Z","nsw":"48.13","nt":"45.57","qld":"61.74","sa":"53.45","tas":"8.89","vic":"63.06","wa":"74.77"},{"ts":"2013-11-21T03:40:00Z","nsw":"46.13","nt":"33.66","qld":"61.93","sa":"53.53","tas":"9.40","vic":"65.83","wa":"75.38"},{"ts":"2013-11-21T03:50:00Z","nsw":"47.38","nt":"55.86","qld":"60.24","sa":"55.96","tas":"7.23","vic":"63.05","wa":"75.74"},{"ts":"2013-11-21T04:00:00Z","nsw":"48.13","nt":"57.19","qld":"58.17","sa":"57.52","tas":"7.50","vic":"63.56","wa":"76.01"},{"ts":"2013-11-21T04:10:00Z","nsw":"45.65","nt":"46.93","qld":"56.76","sa":"54.80","tas":"6.77","vic":"59.24","wa":"73.97"},{"ts":"2013-11-21T04:20:00Z","nsw":"47.25","nt":"50.27","qld":"56.00","sa":"55.94","tas":"7.50","vic":"59.04","wa":"73.79"},{"ts":"2013-11-21T04:30:00Z","nsw":"49.06","nt":"48.41","qld":"52.16","sa":"59.36","tas":"7.70","vic":"56.59","wa":"74.56"},{"ts":"2013-11-21T04:40:00Z","nsw":"47.59","nt":"41.59","qld":"52.74","sa":"50.42","tas":"8.92","vic":"54.81","wa":"71.54"},{"ts":"2013-11-21T04:50:00Z","nsw":"44.71","nt":"48.76","qld":"48.82","sa":"58.68","tas":"10.21","vic":"54.69","wa":"72.55"},{"ts":"2013-11-21T05:00:00Z","nsw":"43.51","nt":"37.62","qld":"46.67","sa":"50.12","tas":"11.63","vic":"50.83","wa":"73.04"},{"ts":"2013-11-21T05:10:00Z","nsw":"38.72","nt":"33.55","qld":"43.62","sa":"51.34","tas":"11.68","vic":"47.45","wa":"69.55"},{"ts":"2013-11-21T05:20:00Z","nsw":"40.16","nt":"34.53","qld":"42.28","sa":"47.44","tas":"10.53","vic":"46.06","wa":"69.59"},{"ts":"2013-11-21T05:30:00Z","nsw":"36.18","nt":"36.00","qld":"38.35","sa":"55.70","tas":"8.84","vic":"43.30","wa":"70.69"},{"ts":"2013-11-21T05:40:00Z","nsw":"31.18","nt":"33.66","qld":"35.30","sa":"51.04","tas":"8.73","vic":"41.78","wa":"66.90"},{"ts":"2013-11-21T05:50:00Z","nsw":"28.07","nt":"29.00","qld":"32.08","sa":"51.57","tas":"7.07","vic":"38.33","wa":"66.65"},{"ts":"2013-11-21T06:00:00Z","nsw":"24.50","nt":"17.67","qld":"28.64","sa":"47.95","tas":"8.05","vic":"39.28","wa":"64.78"},{"ts":"2013-11-21T06:10:00Z","nsw":"20.53","nt":"11.81","qld":"25.59","sa":"47.52","tas":"7.84","vic":"34.94","wa":"60.28"},{"ts":"2013-11-21T06:20:00Z","nsw":"20.15","nt":"11.17","qld":"22.68","sa":"42.79","tas":"6.98","vic":"33.41","wa":"61.24"},{"ts":"2013-11-21T06:30:00Z","nsw":"17.67","nt":"12.23","qld":"19.02","sa":"44.72","tas":"6.59","vic":"29.11","wa":"61.01"},{"ts":"2013-11-21T06:40:00Z","nsw":"15.29","nt":"13.32","qld":"16.84","sa":"39.99","tas":"6.48","vic":"26.82","wa":"59.72"},{"ts":"2013-11-21T06:50:00Z","nsw":"13.74","nt":"13.21","qld":"13.87","sa":"39.71","tas":"5.94","vic":"22.62","wa":"57.27"},{"ts":"2013-11-21T07:00:00Z","nsw":"12.21","nt":"14.72","qld":"11.50","sa":"36.10","tas":"4.95","vic":"21.32","wa":"54.33"},{"ts":"2013-11-21T07:10:00Z","nsw":"9.32","nt":"16.69","qld":"9.38","sa":"32.56","tas":"3.45","vic":"18.75","wa":"51.65"},{"ts":"2013-11-21T07:20:00Z","nsw":"8.36","nt":"16.40","qld":"7.48","sa":"30.41","tas":"2.93","vic":"17.50","wa":"50.00"},{"ts":"2013-11-21T07:30:00Z","nsw":"7.33","nt":"16.18","qld":"5.69","sa":"27.00","tas":"2.40","vic":"15.26","wa":"46.81"},{"ts":"2013-11-21T07:40:00Z","nsw":"6.17","nt":"14.39","qld":"4.25","sa":"23.51","tas":"2.21","vic":"12.55","wa":"45.31"},{"ts":"2013-11-21T07:50:00Z","nsw":"4.90","nt":"13.71","qld":"2.53","sa":"20.50","tas":"1.78","vic":"10.72","wa":"42.77"},{"ts":"2013-11-21T08:00:00Z","nsw":"4.41","nt":"11.97","qld":"1.59","sa":"17.32","tas":"2.13","vic":"9.02","wa":"41.88"},{"ts":"2013-11-21T08:10:00Z","nsw":"2.89","nt":"9.47","qld":"0.88","sa":"14.69","tas":"1.80","vic":"6.96","wa":"35.52"},{"ts":"2013-11-21T08:20:00Z","nsw":"2.04","nt":"8.98","qld":"0.51","sa":"11.67","tas":"1.34","vic":"5.50","wa":"35.09"},{"ts":"2013-11-21T08:30:00Z","nsw":"1.91","nt":"6.95","qld":"0.47","sa":"10.22","tas":"0.91","vic":"3.98","wa":"29.44"},{"ts":"2013-11-21T08:40:00Z","nsw":"1.50","nt":"4.33","qld":"0.53","sa":"8.53","tas":"0.71","vic":"2.87","wa":"28.89"},{"ts":"2013-11-21T08:50:00Z","nsw":"1.00","nt":"3.89","qld":"0.31","sa":"6.04","tas":"0.30","vic":"1.95","wa":"24.24"},{"ts":"2013-11-21T09:00:00Z","nsw":"0.58","nt":"2.28","qld":"0.33","sa":"4.13","tas":"0.23","vic":"1.18","wa":"20.62"},{"ts":"2013-11-21T09:10:00Z","nsw":"0.43","nt":"0.62","qld":"0.67","sa":"2.66","tas":"0.17","vic":"0.65","wa":"17.00"},{"ts":"2013-11-21T09:20:00Z","nsw":"0.33","nt":"0.71","qld":"0.68","sa":"1.52","tas":"0.10","vic":"0.54","wa":"14.31"},{"ts":"2013-11-21T09:30:00Z","nsw":"0.39","nt":"0.47","qld":"0.68","sa":"0.70","tas":"0.11","vic":"0.57","wa":"12.87"},{"ts":"2013-11-21T09:40:00Z","nsw":"0.36","nt":"0.60","qld":"0.70","sa":"0.59","tas":"0.09","vic":"0.42","wa":"11.20"},{"ts":"2013-11-21T09:50:00Z","nsw":"0.47","nt":"0.60","qld":"0.70","sa":"0.46","tas":"0.10","vic":"0.13","wa":"8.36"},{"ts":"2013-11-21T10:00:00Z","nsw":"0.48","nt":"0.66","qld":"0.71","sa":"0.47","tas":"0.10","vic":"0.11","wa":"6.34"},{"ts":"2013-11-21T10:10:00Z","nsw":"0.50","nt":"0.66","qld":"0.69","sa":"0.40","tas":"0.10","vic":"0.11","wa":"4.33"},{"ts":"2013-11-21T10:20:00Z","nsw":"0.49","nt":"0.66","qld":"0.68","sa":"0.41","tas":"0.10","vic":"0.11","wa":"3.22"},{"ts":"2013-11-21T10:30:00Z","nsw":"0.56","nt":"0.66","qld":"0.69","sa":"0.42","tas":"0.10","vic":"0.13","wa":"2.59"},{"ts":"2013-11-21T10:40:00Z","nsw":"0.91","nt":"0.66","qld":"0.70","sa":"0.41","tas":"0.10","vic":"0.12","wa":"1.48"},{"ts":"2013-11-21T10:50:00Z","nsw":"0.49","nt":"0.66","qld":"0.70","sa":"0.41","tas":"0.10","vic":"0.12","wa":"0.70"},{"ts":"2013-11-21T11:00:00Z","nsw":"0.65","nt":"0.66","qld":"0.69","sa":"0.41","tas":"0.10","vic":"0.10","wa":"0.26"},{"ts":"2013-11-21T11:10:00Z","nsw":"0.53","nt":"0.66","qld":"0.70","sa":"0.39","tas":"0.10","vic":"0.10","wa":"0.26"},{"ts":"2013-11-21T11:20:00Z","nsw":"1.30","nt":"0.66","qld":"0.69","sa":"0.40","tas":"0.10","vic":"0.11","wa":"0.36"},{"ts":"2013-11-21T11:30:00Z","nsw":"0.59","nt":"0.66","qld":"0.71","sa":"0.40","tas":"0.10","vic":"0.13","wa":"0.39"},{"ts":"2013-11-21T11:40:00Z","nsw":"1.23","nt":"0.66","qld":"0.72","sa":"0.34","tas":"0.10","vic":"0.10","wa":"0.38"},{"ts":"2013-11-21T11:50:00Z","nsw":"0.54","nt":"0.66","qld":"0.71","sa":"0.39","tas":"0.10","vic":"0.09","wa":"0.42"}],"contribution":[{"ts":"2013-11-20T17:00:00Z","nsw":"0.01","qld":"0.08","sa":"0.10","tas":"0.00","vic":"0.01","wa":"0.04"},{"ts":"2013-11-20T17:10:00Z","nsw":"0.03","qld":"0.07","sa":"0.09","tas":"0.00","vic":"0.01"},{"ts":"2013-11-20T17:20:00Z","nsw":"0.03","qld":"0.08","sa":"0.10","tas":"0.00","vic":"0.01"},{"ts":"2013-11-20T17:30:00Z","nsw":"0.03","qld":"0.08","sa":"0.10","tas":"0.00","vic":"0.01","wa":"0.04"},{"ts":"2013-11-20T17:40:00Z","nsw":"0.03","qld":"0.07","sa":"0.10","tas":"0.00","vic":"0.01"},{"ts":"2013-11-20T17:50:00Z","nsw":"0.03","qld":"0.08","sa":"0.06","tas":"0.00","vic":"0.02"},{"ts":"2013-11-20T18:00:00Z","nsw":"0.03","qld":"0.07","sa":"0.10","tas":"0.00","vic":"0.01","wa":"0.04"},{"ts":"2013-11-20T18:10:00Z","nsw":"0.03","qld":"0.07","sa":"0.09","tas":"0.00","vic":"0.01"},{"ts":"2013-11-20T18:20:00Z","nsw":"0.03","qld":"0.07","sa":"0.09","tas":"0.00","vic":"0.00"},{"ts":"2013-11-20T18:30:00Z","nsw":"0.03","qld":"0.06","sa":"0.10","tas":"0.00","vic":"0.01","wa":"0.04"},{"ts":"2013-11-20T18:40:00Z","nsw":"0.04","qld":"0.03","sa":"0.10","tas":"0.00","vic":"0.01"},{"ts":"2013-11-20T18:50:00Z","nsw":"0.03","qld":"0.06","sa":"0.05","tas":"0.00","vic":"0.01"},{"ts":"2013-11-20T19:00:00Z","nsw":"0.09","qld":"0.23","sa":"0.09","tas":"0.02","vic":"0.01","wa":"0.04"},{"ts":"2013-11-20T19:10:00Z","nsw":"0.13","qld":"0.41","sa":"0.09","tas":"0.04","vic":"0.04"},{"ts":"2013-11-20T19:20:00Z","nsw":"0.19","qld":"0.66","sa":"0.08","tas":"0.05","vic":"0.05"},{"ts":"2013-11-20T19:30:00Z","nsw":"0.26","qld":"0.90","sa":"0.06","tas":"0.06","vic":"0.08","wa":"0.04"},{"ts":"2013-11-20T19:40:00Z","nsw":"0.32","qld":"1.22","sa":"0.11","tas":"0.06","vic":"0.12"},{"ts":"2013-11-20T19:50:00Z","nsw":"0.41","qld":"1.56","sa":"0.26","tas":"0.09","vic":"0.16"},{"ts":"2013-11-20T20:00:00Z","nsw":"0.59","qld":"1.95","sa":"0.50","tas":"0.11","vic":"0.19","wa":"0.04"},{"ts":"2013-11-20T20:10:00Z","nsw":"0.68","qld":"2.34","sa":"0.74","tas":"0.15","vic":"0.25"},{"ts":"2013-11-20T20:20:00Z","nsw":"0.76","qld":"2.76","sa":"1.01","tas":"0.20","vic":"0.33"},{"ts":"2013-11-20T20:30:00Z","nsw":"0.92","qld":"3.02","sa":"1.58","tas":"0.20","vic":"0.40","wa":"0.04"},{"ts":"2013-11-20T20:40:00Z","nsw":"0.98","qld":"3.42","sa":"1.78","tas":"0.27","vic":"0.50"},{"ts":"2013-11-20T20:50:00Z","nsw":"1.14","qld":"3.74","sa":"2.10","tas":"0.24","vic":"0.58"},{"ts":"2013-11-20T21:00:00Z","nsw":"1.17","qld":"4.22","sa":"2.30","tas":"0.25","vic":"0.72","wa":"0.03"},{"ts":"2013-11-20T21:10:00Z","nsw":"1.56","qld":"4.61","sa":"3.05","tas":"0.25","vic":"0.87"},{"ts":"2013-11-20T21:20:00Z","nsw":"1.58","qld":"4.95","sa":"3.20","tas":"0.28","vic":"1.04"},{"ts":"2013-11-20T21:30:00Z","nsw":"1.98","qld":"5.25","sa":"3.70","tas":"0.27","vic":"1.17","wa":"0.22"},{"ts":"2013-11-20T21:40:00Z","nsw":"2.01","qld":"5.75","sa":"4.63","tas":"0.33","vic":"1.43"},{"ts":"2013-11-20T21:50:00Z","nsw":"2.20","qld":"5.86","sa":"5.93","tas":"0.34","vic":"1.50"},{"ts":"2013-11-20T22:00:00Z","nsw":"2.44","qld":"6.32","sa":"6.76","tas":"0.37","vic":"1.86","wa":"0.89"},{"ts":"2013-11-20T22:10:00Z","nsw":"2.44","qld":"6.70","sa":"7.17","tas":"0.39","vic":"1.92"},{"ts":"2013-11-20T22:20:00Z","nsw":"2.46","qld":"6.94","sa":"7.21","tas":"0.43","vic":"2.20"},{"ts":"2013-11-20T22:30:00Z","nsw":"2.60","qld":"7.09","sa":"8.37","tas":"0.40","vic":"2.31","wa":"1.80"},{"ts":"2013-11-20T22:40:00Z","nsw":"2.99","qld":"7.56","sa":"7.81","tas":"0.37","vic":"2.45"},{"ts":"2013-11-20T22:50:00Z","nsw":"2.96","qld":"7.52","sa":"8.77","tas":"0.31","vic":"2.52"},{"ts":"2013-11-20T23:00:00Z","nsw":"3.30","qld":"7.96","sa":"8.66","tas":"0.34","vic":"2.85","wa":"3.25"},{"ts":"2013-11-20T23:10:00Z","nsw":"3.14","qld":"8.16","sa":"8.96","tas":"0.29","vic":"2.98"},{"ts":"2013-11-20T23:20:00Z","nsw":"3.46","qld":"8.66","sa":"9.99","tas":"0.29","vic":"3.55"},{"ts":"2013-11-20T23:30:00Z","nsw":"3.34","qld":"8.77","sa":"9.43","tas":"0.27","vic":"3.26","wa":"3.95"},{"ts":"2013-11-20T23:40:00Z","nsw":"3.38","qld":"9.16","sa":"9.67","tas":"0.34","vic":"3.64"},{"ts":"2013-11-20T23:50:00Z","nsw":"3.54","qld":"9.12","sa":"10.68","tas":"0.37","vic":"3.84"},{"ts":"2013-11-21T00:00:00Z","nsw":"3.77","qld":"9.30","sa":"11.42","tas":"0.36","vic":"3.98","wa":"5.74"},{"ts":"2013-11-21T00:10:00Z","nsw":"3.79","qld":"9.40","sa":"12.97","tas":"0.31","vic":"3.81"},{"ts":"2013-11-21T00:20:00Z","nsw":"4.07","qld":"9.60","sa":"13.05","tas":"0.35","vic":"4.30"},{"ts":"2013-11-21T00:30:00Z","nsw":"4.06","qld":"9.64","sa":"13.14","tas":"0.37","vic":"4.18","wa":"7.46"},{"ts":"2013-11-21T00:40:00Z","nsw":"4.36","qld":"9.94","sa":"13.91","tas":"0.44","vic":"4.78"},{"ts":"2013-11-21T00:50:00Z","nsw":"4.14","qld":"9.77","sa":"15.26","tas":"0.44","vic":"4.21"},{"ts":"2013-11-21T01:00:00Z","nsw":"4.58","qld":"10.01","sa":"14.75","tas":"0.48","vic":"4.61","wa":"8.25"},{"ts":"2013-11-21T01:10:00Z","nsw":"4.22","qld":"9.82","sa":"15.10","tas":"0.43","vic":"4.22"},{"ts":"2013-11-21T01:20:00Z","nsw":"4.38","qld":"9.87","sa":"15.52","tas":"0.50","vic":"4.70"},{"ts":"2013-11-21T01:30:00Z","nsw":"4.28","qld":"9.94","sa":"15.24","tas":"0.53","vic":"4.44","wa":"7.66"},{"ts":"2013-11-21T01:40:00Z","nsw":"4.26","qld":"10.02","sa":"15.49","tas":"0.52","vic":"4.70"},{"ts":"2013-11-21T01:50:00Z","nsw":"4.15","qld":"9.84","sa":"15.67","tas":"0.51","vic":"4.57"},{"ts":"2013-11-21T02:00:00Z","nsw":"4.41","qld":"9.74","sa":"15.37","tas":"0.47","vic":"4.90","wa":"9.11"},{"ts":"2013-11-21T02:10:00Z","nsw":"4.18","qld":"9.57","sa":"15.15","tas":"0.39","vic":"4.76"},{"ts":"2013-11-21T02:20:00Z","nsw":"4.39","qld":"9.44","sa":"16.06","tas":"0.41","vic":"5.35"},{"ts":"2013-11-21T02:30:00Z","nsw":"4.43","qld":"9.35","sa":"16.43","tas":"0.44","vic":"4.89","wa":"10.16"},{"ts":"2013-11-21T02:40:00Z","nsw":"4.49","qld":"9.35","sa":"16.98","tas":"0.56","vic":"5.31"},{"ts":"2013-11-21T02:50:00Z","nsw":"4.33","qld":"8.88","sa":"16.80","tas":"0.51","vic":"5.19"},{"ts":"2013-11-21T03:00:00Z","nsw":"4.21","qld":"8.84","sa":"16.15","tas":"0.47","vic":"5.42","wa":"10.39"},{"ts":"2013-11-21T03:10:00Z","nsw":"3.95","qld":"8.88","sa":"15.83","tas":"0.39","vic":"5.04"},{"ts":"2013-11-21T03:20:00Z","nsw":"3.86","qld":"8.71","sa":"15.58","tas":"0.39","vic":"5.39"},{"ts":"2013-11-21T03:30:00Z","nsw":"3.36","qld":"8.43","sa":"15.36","tas":"0.36","vic":"5.24","wa":"10.67"},{"ts":"2013-11-21T03:40:00Z","nsw":"3.24","qld":"8.33","sa":"15.26","tas":"0.38","vic":"5.46"},{"ts":"2013-11-21T03:50:00Z","nsw":"3.31","qld":"8.09","sa":"15.98","tas":"0.29","vic":"5.24"},{"ts":"2013-11-21T04:00:00Z","nsw":"3.37","qld":"7.87","sa":"16.70","tas":"0.31","vic":"5.30","wa":"10.76"},{"ts":"2013-11-21T04:10:00Z","nsw":"3.21","qld":"7.66","sa":"15.99","tas":"0.28","vic":"4.94"},{"ts":"2013-11-21T04:20:00Z","nsw":"3.31","qld":"7.55","sa":"16.50","tas":"0.31","vic":"4.92"},{"ts":"2013-11-21T04:30:00Z","nsw":"3.43","qld":"7.10","sa":"17.36","tas":"0.31","vic":"4.72","wa":"10.41"},{"ts":"2013-11-21T04:40:00Z","nsw":"3.34","qld":"7.14","sa":"15.15","tas":"0.36","vic":"4.59"},{"ts":"2013-11-21T04:50:00Z","nsw":"3.12","qld":"6.61","sa":"17.17","tas":"0.42","vic":"4.57"},{"ts":"2013-11-21T05:00:00Z","nsw":"3.01","qld":"6.37","sa":"15.10","tas":"0.47","vic":"4.24","wa":"10.05"},{"ts":"2013-11-21T05:10:00Z","nsw":"2.70","qld":"5.93","sa":"15.49","tas":"0.48","vic":"3.94"},{"ts":"2013-11-21T05:20:00Z","nsw":"2.80","qld":"5.72","sa":"14.29","tas":"0.43","vic":"3.84"},{"ts":"2013-11-21T05:30:00Z","nsw":"2.51","qld":"5.25","sa":"16.53","tas":"0.35","vic":"3.63","wa":"9.63"},{"ts":"2013-11-21T05:40:00Z","nsw":"2.18","qld":"4.80","sa":"15.18","tas":"0.34","vic":"3.53"},{"ts":"2013-11-21T05:50:00Z","nsw":"1.97","qld":"4.48","sa":"15.45","tas":"0.27","vic":"3.22"},{"ts":"2013-11-21T06:00:00Z","nsw":"1.73","qld":"3.99","sa":"14.34","tas":"0.31","vic":"3.26","wa":"8.61"},{"ts":"2013-11-21T06:10:00Z","nsw":"1.47","qld":"3.61","sa":"14.00","tas":"0.29","vic":"2.92"},{"ts":"2013-11-21T06:20:00Z","nsw":"1.44","qld":"3.20","sa":"12.81","tas":"0.26","vic":"2.78"},{"ts":"2013-11-21T06:30:00Z","nsw":"1.26","qld":"2.68","sa":"13.16","tas":"0.24","vic":"2.42","wa":"8.03"},{"ts":"2013-11-21T06:40:00Z","nsw":"1.10","qld":"2.36","sa":"11.92","tas":"0.24","vic":"2.26"},{"ts":"2013-11-21T06:50:00Z","nsw":"0.99","qld":"1.95","sa":"11.82","tas":"0.22","vic":"1.93"},{"ts":"2013-11-21T07:00:00Z","nsw":"0.88","qld":"1.62","sa":"10.67","tas":"0.18","vic":"1.83","wa":"7.12"},{"ts":"2013-11-21T07:10:00Z","nsw":"0.69","qld":"1.34","sa":"9.68","tas":"0.13","vic":"1.64"},{"ts":"2013-11-21T07:20:00Z","nsw":"0.62","qld":"1.07","sa":"8.91","tas":"0.11","vic":"1.53"},{"ts":"2013-11-21T07:30:00Z","nsw":"0.55","qld":"0.81","sa":"7.99","tas":"0.09","vic":"1.33","wa":"6.09"},{"ts":"2013-11-21T07:40:00Z","nsw":"0.46","qld":"0.61","sa":"6.99","tas":"0.08","vic":"1.11"},{"ts":"2013-11-21T07:50:00Z","nsw":"0.37","qld":"0.36","sa":"6.13","tas":"0.06","vic":"0.95"},{"ts":"2013-11-21T08:00:00Z","nsw":"0.33","qld":"0.23","sa":"5.14","tas":"0.08","vic":"0.81","wa":"5.37"},{"ts":"2013-11-21T08:10:00Z","nsw":"0.22","qld":"0.13","sa":"4.35","tas":"0.07","vic":"0.63"},{"ts":"2013-11-21T08:20:00Z","nsw":"0.16","qld":"0.07","sa":"3.46","tas":"0.05","vic":"0.50"},{"ts":"2013-11-21T08:30:00Z","nsw":"0.14","qld":"0.07","sa":"3.00","tas":"0.03","vic":"0.37","wa":"3.81"},{"ts":"2013-11-21T08:40:00Z","nsw":"0.11","qld":"0.08","sa":"2.51","tas":"0.03","vic":"0.27"},{"ts":"2013-11-21T08:50:00Z","nsw":"0.08","qld":"0.04","sa":"1.80","tas":"0.01","vic":"0.18"},{"ts":"2013-11-21T09:00:00Z","nsw":"0.04","qld":"0.05","sa":"1.22","tas":"0.01","vic":"0.11","wa":"2.70"},{"ts":"2013-11-21T09:10:00Z","nsw":"0.03","qld":"0.10","sa":"0.79","tas":"0.01","vic":"0.06"},{"ts":"2013-11-21T09:20:00Z","nsw":"0.03","qld":"0.10","sa":"0.45","tas":"0.00","vic":"0.05"},{"ts":"2013-11-21T09:30:00Z","nsw":"0.03","qld":"0.10","sa":"0.21","tas":"0.00","vic":"0.05","wa":"1.71"},{"ts":"2013-11-21T09:40:00Z","nsw":"0.03","qld":"0.10","sa":"0.17","tas":"0.00","vic":"0.04"},{"ts":"2013-11-21T09:50:00Z","nsw":"0.04","qld":"0.10","sa":"0.13","tas":"0.00","vic":"0.01"},{"ts":"2013-11-21T10:00:00Z","nsw":"0.04","qld":"0.10","sa":"0.13","tas":"0.00","vic":"0.01","wa":"0.85"},{"ts":"2013-11-21T10:10:00Z","nsw":"0.04","qld":"0.10","sa":"0.12","tas":"0.00","vic":"0.01"},{"ts":"2013-11-21T10:20:00Z","nsw":"0.04","qld":"0.10","sa":"0.12","tas":"0.00","vic":"0.01"},{"ts":"2013-11-21T10:30:00Z","nsw":"0.05","qld":"0.11","sa":"0.12","tas":"0.00","vic":"0.01","wa":"0.36"},{"ts":"2013-11-21T10:40:00Z","nsw":"0.08","qld":"0.11","sa":"0.12","tas":"0.00","vic":"0.01"},{"ts":"2013-11-21T10:50:00Z","nsw":"0.04","qld":"0.11","sa":"0.12","tas":"0.00","vic":"0.01"},{"ts":"2013-11-21T11:00:00Z","nsw":"0.06","qld":"0.11","sa":"0.12","tas":"0.00","vic":"0.01","wa":"0.04"},{"ts":"2013-11-21T11:10:00Z","nsw":"0.04","qld":"0.11","sa":"0.12","tas":"0.00","vic":"0.01"},{"ts":"2013-11-21T11:20:00Z","nsw":"0.11","qld":"0.11","sa":"0.12","tas":"0.00","vic":"0.01"},{"ts":"2013-11-21T11:30:00Z","nsw":"0.05","qld":"0.11","sa":"0.12","tas":"0.00","vic":"0.01","wa":"0.05"},{"ts":"2013-11-21T11:40:00Z","nsw":"0.11","qld":"0.11","sa":"0.11","tas":"0.00","vic":"0.01"},{"ts":"2013-11-21T11:50:00Z","nsw":"0.05","qld":"0.11","sa":"0.12","tas":"0.00","vic":"0.01"}],"demand":[{"ts":"2013-11-20T17:00:00Z","nsw":5904,"qld":4651,"sa":1103,"tas":1047,"vic":4132,"wa":1605},{"ts":"2013-11-20T17:10:00Z","nsw":5952,"qld":4639,"sa":1107,"tas":1052,"vic":4115},{"ts":"2013-11-20T17:20:00Z","nsw":5927,"qld":4638,"sa":1106,"tas":1053,"vic":4107},{"ts":"2013-11-20T17:30:00Z","nsw":5941,"qld":4640,"sa":1111,"tas":1059,"vic":4129,"wa":1554},{"ts":"2013-11-20T17:40:00Z","nsw":6010,"qld":4652,"sa":1134,"tas":1072,"vic":4163},{"ts":"2013-11-20T17:50:00Z","nsw":6061,"qld":4653,"sa":1117,"tas":1075,"vic":4222},{"ts":"2013-11-20T18:00:00Z","nsw":6104,"qld":4698,"sa":1125,"tas":1081,"vic":4255,"wa":1532},{"ts":"2013-11-20T18:10:00Z","nsw":6181,"qld":4688,"sa":1145,"tas":1078,"vic":4348},{"ts":"2013-11-20T18:20:00Z","nsw":6281,"qld":4739,"sa":1150,"tas":1100,"vic":4413},{"ts":"2013-11-20T18:30:00Z","nsw":6317,"qld":4763,"sa":1155,"tas":1069,"vic":4503,"wa":1525},{"ts":"2013-11-20T18:40:00Z","nsw":6348,"qld":4772,"sa":1163,"tas":1081,"vic":4604},{"ts":"2013-11-20T18:50:00Z","nsw":6455,"qld":4809,"sa":1151,"tas":1108,"vic":4701},{"ts":"2013-11-20T19:00:00Z","nsw":6608,"qld":4856,"sa":1142,"tas":1140,"vic":4774,"wa":1519},{"ts":"2013-11-20T19:10:00Z","nsw":6841,"qld":4868,"sa":1138,"tas":1152,"vic":4919},{"ts":"2013-11-20T19:20:00Z","nsw":7079,"qld":4956,"sa":1183,"tas":1198,"vic":5017},{"ts":"2013-11-20T19:30:00Z","nsw":7237,"qld":5021,"sa":1203,"tas":1197,"vic":5140,"wa":1518},{"ts":"2013-11-20T19:40:00Z","nsw":7400,"qld":5081,"sa":1249,"tas":1206,"vic":5330},{"ts":"2013-11-20T19:50:00Z","nsw":7562,"qld":5120,"sa":1270,"tas":1213,"vic":5426},{"ts":"2013-11-20T20:00:00Z","nsw":7658,"qld":5202,"sa":1292,"tas":1250,"vic":5564,"wa":1530},{"ts":"2013-11-20T20:10:00Z","nsw":7761,"qld":5409,"sa":1350,"tas":1295,"vic":5794},{"ts":"2013-11-20T20:20:00Z","nsw":7909,"qld":5493,"sa":1367,"tas":1319,"vic":5886},{"ts":"2013-11-20T20:30:00Z","nsw":8035,"qld":5568,"sa":1376,"tas":1332,"vic":6012,"wa":1526},{"ts":"2013-11-20T20:40:00Z","nsw":8146,"qld":5703,"sa":1446,"tas":1319,"vic":6063},{"ts":"2013-11-20T20:50:00Z","nsw":8262,"qld":5756,"sa":1475,"tas":1333,"vic":6199},{"ts":"2013-11-20T21:00:00Z","nsw":8308,"qld":5911,"sa":1484,"tas":1343,"vic":6103,"wa":1578},{"ts":"2013-11-20T21:10:00Z","nsw":8312,"qld":5982,"sa":1492,"tas":1342,"vic":5984},{"ts":"2013-11-20T21:20:00Z","nsw":8336,"qld":6079,"sa":1526,"tas":1344,"vic":5986},{"ts":"2013-11-20T21:30:00Z","nsw":8377,"qld":6119,"sa":1487,"tas":1332,"vic":5990,"wa":1590},{"ts":"2013-11-20T21:40:00Z","nsw":8436,"qld":6086,"sa":1407,"tas":1322,"vic":5977},{"ts":"2013-11-20T21:50:00Z","nsw":8457,"qld":6136,"sa":1411,"tas":1308,"vic":5922},{"ts":"2013-11-20T22:00:00Z","nsw":8527,"qld":6176,"sa":1385,"tas":1272,"vic":5924,"wa":1740},{"ts":"2013-11-20T22:10:00Z","nsw":8611,"qld":6173,"sa":1376,"tas":1291,"vic":5859},{"ts":"2013-11-20T22:20:00Z","nsw":8625,"qld":6186,"sa":1404,"tas":1303,"vic":5798},{"ts":"2013-11-20T22:30:00Z","nsw":8640,"qld":6164,"sa":1401,"tas":1306,"vic":5852,"wa":1860},{"ts":"2013-11-20T22:40:00Z","nsw":8645,"qld":6205,"sa":1399,"tas":1274,"vic":5938},{"ts":"2013-11-20T22:50:00Z","nsw":8686,"qld":6220,"sa":1407,"tas":1275,"vic":5967},{"ts":"2013-11-20T23:00:00Z","nsw":8730,"qld":6233,"sa":1394,"tas":1284,"vic":5985,"wa":1981},{"ts":"2013-11-20T23:10:00Z","nsw":8798,"qld":6266,"sa":1372,"tas":1294,"vic":5968},{"ts":"2013-11-20T23:20:00Z","nsw":8816,"qld":6269,"sa":1356,"tas":1304,"vic":5955},{"ts":"2013-11-20T23:30:00Z","nsw":8841,"qld":6228,"sa":1377,"tas":1307,"vic":5956,"wa":2032},{"ts":"2013-11-20T23:40:00Z","nsw":8862,"qld":6196,"sa":1386,"tas":1298,"vic":5891},{"ts":"2013-11-20T23:50:00Z","nsw":8809,"qld":6268,"sa":1374,"tas":1297,"vic":5869},{"ts":"2013-11-21T00:00:00Z","nsw":8793,"qld":6252,"sa":1385,"tas":1287,"vic":5938,"wa":2054},{"ts":"2013-11-21T00:10:00Z","nsw":8826,"qld":6257,"sa":1355,"tas":1289,"vic":5960},{"ts":"2013-11-21T00:20:00Z","nsw":8817,"qld":6296,"sa":1319,"tas":1291,"vic":5958},{"ts":"2013-11-21T00:30:00Z","nsw":8797,"qld":6249,"sa":1287,"tas":1293,"vic":5952,"wa":2075},{"ts":"2013-11-21T00:40:00Z","nsw":8851,"qld":6236,"sa":1279,"tas":1295,"vic":5942},{"ts":"2013-11-21T00:50:00Z","nsw":8852,"qld":6271,"sa":1292,"tas":1273,"vic":5938},{"ts":"2013-11-21T01:00:00Z","nsw":8860,"qld":6297,"sa":1334,"tas":1271,"vic":5930,"wa":2113},{"ts":"2013-11-21T01:10:00Z","nsw":8831,"qld":6290,"sa":1332,"tas":1273,"vic":5935},{"ts":"2013-11-21T01:20:00Z","nsw":8782,"qld":6386,"sa":1312,"tas":1267,"vic":5918},{"ts":"2013-11-21T01:30:00Z","nsw":8798,"qld":6343,"sa":1333,"tas":1255,"vic":5922,"wa":2122},{"ts":"2013-11-21T01:40:00Z","nsw":8817,"qld":6400,"sa":1328,"tas":1249,"vic":5901},{"ts":"2013-11-21T01:50:00Z","nsw":8810,"qld":6448,"sa":1293,"tas":1248,"vic":5893},{"ts":"2013-11-21T02:00:00Z","nsw":8856,"qld":6456,"sa":1317,"tas":1259,"vic":5869,"wa":2124},{"ts":"2013-11-21T02:10:00Z","nsw":8869,"qld":6485,"sa":1312,"tas":1270,"vic":5840},{"ts":"2013-11-21T02:20:00Z","nsw":8884,"qld":6508,"sa":1289,"tas":1274,"vic":5872},{"ts":"2013-11-21T02:30:00Z","nsw":8904,"qld":6533,"sa":1266,"tas":1262,"vic":5846,"wa":2135},{"ts":"2013-11-21T02:40:00Z","nsw":8905,"qld":6603,"sa":1287,"tas":1247,"vic":5850},{"ts":"2013-11-21T02:50:00Z","nsw":8904,"qld":6627,"sa":1281,"tas":1256,"vic":5883},{"ts":"2013-11-21T03:00:00Z","nsw":8979,"qld":6629,"sa":1277,"tas":1253,"vic":5903,"wa":2161},{"ts":"2013-11-21T03:10:00Z","nsw":8986,"qld":6606,"sa":1302,"tas":1238,"vic":5883},{"ts":"2013-11-21T03:20:00Z","nsw":9047,"qld":6656,"sa":1292,"tas":1254,"vic":5895},{"ts":"2013-11-21T03:30:00Z","nsw":9049,"qld":6674,"sa":1297,"tas":1271,"vic":5867,"wa":2178},{"ts":"2013-11-21T03:40:00Z","nsw":9021,"qld":6745,"sa":1315,"tas":1274,"vic":5859},{"ts":"2013-11-21T03:50:00Z","nsw":9048,"qld":6730,"sa":1296,"tas":1267,"vic":5860},{"ts":"2013-11-21T04:00:00Z","nsw":9026,"qld":6759,"sa":1275,"tas":1267,"vic":5876,"wa":2193},{"ts":"2013-11-21T04:10:00Z","nsw":8983,"qld":6795,"sa":1272,"tas":1271,"vic":5896},{"ts":"2013-11-21T04:20:00Z","nsw":9020,"qld":6810,"sa":1264,"tas":1262,"vic":5872},{"ts":"2013-11-21T04:30:00Z","nsw":9016,"qld":6795,"sa":1247,"tas":1276,"vic":5896,"wa":2232},{"ts":"2013-11-21T04:40:00Z","nsw":9009,"qld":6828,"sa":1256,"tas":1285,"vic":5879},{"ts":"2013-11-21T04:50:00Z","nsw":9072,"qld":6834,"sa":1253,"tas":1260,"vic":5901},{"ts":"2013-11-21T05:00:00Z","nsw":9145,"qld":6799,"sa":1244,"tas":1266,"vic":5933,"wa":2276},{"ts":"2013-11-21T05:10:00Z","nsw":9141,"qld":6850,"sa":1247,"tas":1268,"vic":5949},{"ts":"2013-11-21T05:20:00Z","nsw":9118,"qld":6890,"sa":1260,"tas":1286,"vic":5948},{"ts":"2013-11-21T05:30:00Z","nsw":9169,"qld":6883,"sa":1252,"tas":1313,"vic":5922,"wa":2309},{"ts":"2013-11-21T05:40:00Z","nsw":9112,"qld":6920,"sa":1268,"tas":1332,"vic":5907},{"ts":"2013-11-21T05:50:00Z","nsw":9117,"qld":6769,"sa":1248,"tas":1357,"vic":5966},{"ts":"2013-11-21T06:00:00Z","nsw":9068,"qld":6791,"sa":1275,"tas":1363,"vic":6026,"wa":2392},{"ts":"2013-11-21T06:10:00Z","nsw":8979,"qld":6829,"sa":1295,"tas":1386,"vic":5986},{"ts":"2013-11-21T06:20:00Z","nsw":8994,"qld":6833,"sa":1292,"tas":1393,"vic":6025},{"ts":"2013-11-21T06:30:00Z","nsw":9035,"qld":6850,"sa":1314,"tas":1411,"vic":6026,"wa":2431},{"ts":"2013-11-21T06:40:00Z","nsw":8973,"qld":6912,"sa":1314,"tas":1409,"vic":5981},{"ts":"2013-11-21T06:50:00Z","nsw":8963,"qld":6894,"sa":1322,"tas":1408,"vic":5945},{"ts":"2013-11-21T07:00:00Z","nsw":8926,"qld":6919,"sa":1344,"tas":1406,"vic":5878,"wa":2467},{"ts":"2013-11-21T07:10:00Z","nsw":8751,"qld":6863,"sa":1345,"tas":1411,"vic":5806},{"ts":"2013-11-21T07:20:00Z","nsw":8678,"qld":6903,"sa":1394,"tas":1417,"vic":5806},{"ts":"2013-11-21T07:30:00Z","nsw":8731,"qld":6904,"sa":1395,"tas":1415,"vic":5830,"wa":2512},{"ts":"2013-11-21T07:40:00Z","nsw":8737,"qld":6843,"sa":1393,"tas":1419,"vic":5769},{"ts":"2013-11-21T07:50:00Z","nsw":8623,"qld":6883,"sa":1399,"tas":1421,"vic":5749},{"ts":"2013-11-21T08:00:00Z","nsw":8603,"qld":6846,"sa":1429,"tas":1422,"vic":5688,"wa":2566},{"ts":"2013-11-21T08:10:00Z","nsw":8541,"qld":6784,"sa":1445,"tas":1414,"vic":5640},{"ts":"2013-11-21T08:20:00Z","nsw":8575,"qld":6856,"sa":1443,"tas":1402,"vic":5627},{"ts":"2013-11-21T08:30:00Z","nsw":8583,"qld":6905,"sa":1469,"tas":1402,"vic":5591,"wa":2587},{"ts":"2013-11-21T08:40:00Z","nsw":8603,"qld":6847,"sa":1468,"tas":1393,"vic":5578},{"ts":"2013-11-21T08:50:00Z","nsw":8680,"qld":6931,"sa":1465,"tas":1384,"vic":5576},{"ts":"2013-11-21T09:00:00Z","nsw":8679,"qld":6909,"sa":1484,"tas":1384,"vic":5579,"wa":2587},{"ts":"2013-11-21T09:10:00Z","nsw":8645,"qld":6858,"sa":1482,"tas":1382,"vic":5549},{"ts":"2013-11-21T09:20:00Z","nsw":8553,"qld":6828,"sa":1484,"tas":1378,"vic":5567},{"ts":"2013-11-21T09:30:00Z","nsw":8491,"qld":6780,"sa":1507,"tas":1383,"vic":5562,"wa":2582},{"ts":"2013-11-21T09:40:00Z","nsw":8449,"qld":6721,"sa":1510,"tas":1383,"vic":5585},{"ts":"2013-11-21T09:50:00Z","nsw":8333,"qld":6655,"sa":1541,"tas":1386,"vic":5579},{"ts":"2013-11-21T10:00:00Z","nsw":8227,"qld":6625,"sa":1564,"tas":1385,"vic":5571,"wa":2557},{"ts":"2013-11-21T10:10:00Z","nsw":8125,"qld":6597,"sa":1553,"tas":1372,"vic":5520},{"ts":"2013-11-21T10:20:00Z","nsw":7981,"qld":6560,"sa":1557,"tas":1363,"vic":5455},{"ts":"2013-11-21T10:30:00Z","nsw":7906,"qld":6517,"sa":1541,"tas":1348,"vic":5412,"wa":2523},{"ts":"2013-11-21T10:40:00Z","nsw":7863,"qld":6470,"sa":1503,"tas":1316,"vic":5318},{"ts":"2013-11-21T10:50:00Z","nsw":7739,"qld":6408,"sa":1486,"tas":1306,"vic":5245},{"ts":"2013-11-21T11:00:00Z","nsw":7755,"qld":6329,"sa":1488,"tas":1284,"vic":5179,"wa":2537},{"ts":"2013-11-21T11:10:00Z","nsw":7796,"qld":6396,"sa":1462,"tas":1221,"vic":5131},{"ts":"2013-11-21T11:20:00Z","nsw":7722,"qld":6379,"sa":1448,"tas":1227,"vic":5039},{"ts":"2013-11-21T11:30:00Z","nsw":7667,"qld":6267,"sa":1448,"tas":1228,"vic":4985,"wa":2547},{"ts":"2013-11-21T11:40:00Z","nsw":7636,"qld":6219,"sa":1426,"tas":1202,"vic":4924},{"ts":"2013-11-21T11:50:00Z","nsw":7538,"qld":6099,"sa":1417,"tas":1206,"vic":4854}],"output":[{"ts":"2013-11-20T17:00:00Z","nsw":0,"qld":3,"sa":1,"tas":0,"vic":0,"wa":0},{"ts":"2013-11-20T17:10:00Z","nsw":1,"qld":3,"sa":1,"tas":0,"vic":0},{"ts":"2013-11-20T17:20:00Z","nsw":1,"qld":3,"sa":1,"tas":0,"vic":0},{"ts":"2013-11-20T17:30:00Z","nsw":1,"qld":3,"sa":1,"tas":0,"vic":0,"wa":0},{"ts":"2013-11-20T17:40:00Z","nsw":1,"qld":3,"sa":1,"tas":0,"vic":0},{"ts":"2013-11-20T17:50:00Z","nsw":1,"qld":3,"sa":0,"tas":0,"vic":0},{"ts":"2013-11-20T18:00:00Z","nsw":1,"qld":3,"sa":1,"tas":0,"vic":0,"wa":0},{"ts":"2013-11-20T18:10:00Z","nsw":1,"qld":3,"sa":1,"tas":0,"vic":0},{"ts":"2013-11-20T18:20:00Z","nsw":1,"qld":3,"sa":1,"tas":0,"vic":0},{"ts":"2013-11-20T18:30:00Z","nsw":1,"qld":3,"sa":1,"tas":0,"vic":0,"wa":0},{"ts":"2013-11-20T18:40:00Z","nsw":2,"qld":1,"sa":1,"tas":0,"vic":0},{"ts":"2013-11-20T18:50:00Z","nsw":2,"qld":2,"sa":0,"tas":0,"vic":0},{"ts":"2013-11-20T19:00:00Z","nsw":6,"qld":11,"sa":1,"tas":0,"vic":0,"wa":0},{"ts":"2013-11-20T19:10:00Z","nsw":8,"qld":19,"sa":1,"tas":0,"vic":2},{"ts":"2013-11-20T19:20:00Z","nsw":13,"qld":33,"sa":0,"tas":0,"vic":2},{"ts":"2013-11-20T19:30:00Z","nsw":18,"qld":45,"sa":0,"tas":0,"vic":4,"wa":0},{"ts":"2013-11-20T19:40:00Z","nsw":23,"qld":61,"sa":1,"tas":0,"vic":6},{"ts":"2013-11-20T19:50:00Z","nsw":30,"qld":80,"sa":3,"tas":1,"vic":8},{"ts":"2013-11-20T20:00:00Z","nsw":45,"qld":102,"sa":6,"tas":1,"vic":10,"wa":0},{"ts":"2013-11-20T20:10:00Z","nsw":52,"qld":128,"sa":10,"tas":1,"vic":14},{"ts":"2013-11-20T20:20:00Z","nsw":60,"qld":154,"sa":13,"tas":2,"vic":19},{"ts":"2013-11-20T20:30:00Z","nsw":74,"qld":173,"sa":21,"tas":2,"vic":24,"wa":0},{"ts":"2013-11-20T20:40:00Z","nsw":79,"qld":200,"sa":25,"tas":3,"vic":30},{"ts":"2013-11-20T20:50:00Z","nsw":95,"qld":224,"sa":31,"tas":3,"vic":35},{"ts":"2013-11-20T21:00:00Z","nsw":98,"qld":259,"sa":34,"tas":3,"vic":45,"wa":0},{"ts":"2013-11-20T21:10:00Z","nsw":131,"qld":288,"sa":46,"tas":3,"vic":52},{"ts":"2013-11-20T21:20:00Z","nsw":133,"qld":316,"sa":50,"tas":3,"vic":62},{"ts":"2013-11-20T21:30:00Z","nsw":168,"qld":338,"sa":58,"tas":3,"vic":70,"wa":3},{"ts":"2013-11-20T21:40:00Z","nsw":173,"qld":372,"sa":69,"tas":4,"vic":87},{"ts":"2013-11-20T21:50:00Z","nsw":190,"qld":382,"sa":89,"tas":4,"vic":90},{"ts":"2013-11-20T22:00:00Z","nsw":212,"qld":417,"sa":100,"tas":4,"vic":112,"wa":15},{"ts":"2013-11-20T22:10:00Z","nsw":215,"qld":443,"sa":105,"tas":5,"vic":115},{"ts":"2013-11-20T22:20:00Z","nsw":217,"qld":461,"sa":109,"tas":5,"vic":130},{"ts":"2013-11-20T22:30:00Z","nsw":230,"qld":469,"sa":128,"tas":5,"vic":137,"wa":34},{"ts":"2013-11-20T22:40:00Z","nsw":266,"qld":506,"sa":119,"tas":4,"vic":148},{"ts":"2013-11-20T22:50:00Z","nsw":264,"qld":506,"sa":134,"tas":3,"vic":154},{"ts":"2013-11-20T23:00:00Z","nsw":297,"qld":539,"sa":132,"tas":4,"vic":176,"wa":66},{"ts":"2013-11-20T23:10:00Z","nsw":284,"qld":554,"sa":136,"tas":3,"vic":184},{"ts":"2013-11-20T23:20:00Z","nsw":316,"qld":594,"sa":150,"tas":3,"vic":219},{"ts":"2013-11-20T23:30:00Z","nsw":304,"qld":599,"sa":143,"tas":3,"vic":201,"wa":83},{"ts":"2013-11-20T23:40:00Z","nsw":309,"qld":627,"sa":145,"tas":4,"vic":223},{"ts":"2013-11-20T23:50:00Z","nsw":324,"qld":630,"sa":164,"tas":4,"vic":232},{"ts":"2013-11-21T00:00:00Z","nsw":344,"qld":639,"sa":180,"tas":4,"vic":245,"wa":125},{"ts":"2013-11-21T00:10:00Z","nsw":346,"qld":649,"sa":205,"tas":4,"vic":235},{"ts":"2013-11-21T00:20:00Z","nsw":374,"qld":667,"sa":198,"tas":4,"vic":267},{"ts":"2013-11-21T00:30:00Z","nsw":371,"qld":662,"sa":195,"tas":4,"vic":260,"wa":167},{"ts":"2013-11-21T00:40:00Z","nsw":402,"qld":688,"sa":208,"tas":5,"vic":298},{"ts":"2013-11-21T00:50:00Z","nsw":382,"qld":677,"sa":230,"tas":5,"vic":260},{"ts":"2013-11-21T01:00:00Z","nsw":425,"qld":699,"sa":226,"tas":6,"vic":287,"wa":190},{"ts":"2013-11-21T01:10:00Z","nsw":388,"qld":687,"sa":241,"tas":5,"vic":261},{"ts":"2013-11-21T01:20:00Z","nsw":402,"qld":699,"sa":244,"tas":6,"vic":291},{"ts":"2013-11-21T01:30:00Z","nsw":393,"qld":699,"sa":239,"tas":6,"vic":275,"wa":176},{"ts":"2013-11-21T01:40:00Z","nsw":391,"qld":709,"sa":243,"tas":6,"vic":291},{"ts":"2013-11-21T01:50:00Z","nsw":381,"qld":698,"sa":240,"tas":6,"vic":282},{"ts":"2013-11-21T02:00:00Z","nsw":407,"qld":695,"sa":238,"tas":5,"vic":302,"wa":213},{"ts":"2013-11-21T02:10:00Z","nsw":386,"qld":686,"sa":234,"tas":5,"vic":291},{"ts":"2013-11-21T02:20:00Z","nsw":406,"qld":680,"sa":247,"tas":5,"vic":332},{"ts":"2013-11-21T02:30:00Z","nsw":412,"qld":673,"sa":249,"tas":5,"vic":301,"wa":241},{"ts":"2013-11-21T02:40:00Z","nsw":416,"qld":681,"sa":264,"tas":7,"vic":327},{"ts":"2013-11-21T02:50:00Z","nsw":403,"qld":651,"sa":257,"tas":6,"vic":322},{"ts":"2013-11-21T03:00:00Z","nsw":393,"qld":640,"sa":246,"tas":5,"vic":338,"wa":250},{"ts":"2013-11-21T03:10:00Z","nsw":368,"qld":639,"sa":241,"tas":4,"vic":312},{"ts":"2013-11-21T03:20:00Z","nsw":362,"qld":634,"sa":236,"tas":4,"vic":336},{"ts":"2013-11-21T03:30:00Z","nsw":314,"qld":612,"sa":237,"tas":4,"vic":325,"wa":260},{"ts":"2013-11-21T03:40:00Z","nsw":301,"qld":614,"sa":237,"tas":4,"vic":339},{"ts":"2013-11-21T03:50:00Z","nsw":309,"qld":597,"sa":248,"tas":3,"vic":325},{"ts":"2013-11-21T04:00:00Z","nsw":314,"qld":577,"sa":255,"tas":3,"vic":327,"wa":264},{"ts":"2013-11-21T04:10:00Z","nsw":298,"qld":563,"sa":243,"tas":3,"vic":305},{"ts":"2013-11-21T04:20:00Z","nsw":308,"qld":555,"sa":248,"tas":3,"vic":304},{"ts":"2013-11-21T04:30:00Z","nsw":320,"qld":517,"sa":263,"tas":3,"vic":291,"wa":259},{"ts":"2013-11-21T04:40:00Z","nsw":310,"qld":523,"sa":223,"tas":4,"vic":282},{"ts":"2013-11-21T04:50:00Z","nsw":291,"qld":484,"sa":260,"tas":5,"vic":282},{"ts":"2013-11-21T05:00:00Z","nsw":284,"qld":463,"sa":222,"tas":6,"vic":262,"wa":254},{"ts":"2013-11-21T05:10:00Z","nsw":252,"qld":432,"sa":227,"tas":6,"vic":244},{"ts":"2013-11-21T05:20:00Z","nsw":262,"qld":419,"sa":210,"tas":5,"vic":237},{"ts":"2013-11-21T05:30:00Z","nsw":236,"qld":380,"sa":247,"tas":4,"vic":223,"wa":246},{"ts":"2013-11-21T05:40:00Z","nsw":203,"qld":350,"sa":226,"tas":4,"vic":215},{"ts":"2013-11-21T05:50:00Z","nsw":183,"qld":318,"sa":228,"tas":3,"vic":197},{"ts":"2013-11-21T06:00:00Z","nsw":159,"qld":284,"sa":212,"tas":4,"vic":202,"wa":225},{"ts":"2013-11-21T06:10:00Z","nsw":134,"qld":253,"sa":210,"tas":4,"vic":180},{"ts":"2013-11-21T06:20:00Z","nsw":131,"qld":224,"sa":189,"tas":3,"vic":172},{"ts":"2013-11-21T06:30:00Z","nsw":115,"qld":188,"sa":198,"tas":3,"vic":150,"wa":212},{"ts":"2013-11-21T06:40:00Z","nsw":99,"qld":167,"sa":177,"tas":3,"vic":138},{"ts":"2013-11-21T06:50:00Z","nsw":89,"qld":137,"sa":176,"tas":3,"vic":116},{"ts":"2013-11-21T07:00:00Z","nsw":79,"qld":114,"sa":160,"tas":2,"vic":109,"wa":189},{"ts":"2013-11-21T07:10:00Z","nsw":60,"qld":93,"sa":144,"tas":1,"vic":96},{"ts":"2013-11-21T07:20:00Z","nsw":54,"qld":74,"sa":134,"tas":1,"vic":90},{"ts":"2013-11-21T07:30:00Z","nsw":47,"qld":56,"sa":119,"tas":1,"vic":78,"wa":162},{"ts":"2013-11-21T07:40:00Z","nsw":40,"qld":42,"sa":104,"tas":1,"vic":64},{"ts":"2013-11-21T07:50:00Z","nsw":31,"qld":25,"sa":90,"tas":0,"vic":55},{"ts":"2013-11-21T08:00:00Z","nsw":28,"qld":15,"sa":76,"tas":1,"vic":46,"wa":145},{"ts":"2013-11-21T08:10:00Z","nsw":18,"qld":8,"sa":65,"tas":0,"vic":35},{"ts":"2013-11-21T08:20:00Z","nsw":13,"qld":5,"sa":51,"tas":0,"vic":28},{"ts":"2013-11-21T08:30:00Z","nsw":12,"qld":4,"sa":45,"tas":0,"vic":20,"wa":102},{"ts":"2013-11-21T08:40:00Z","nsw":9,"qld":5,"sa":37,"tas":0,"vic":14},{"ts":"2013-11-21T08:50:00Z","nsw":6,"qld":3,"sa":26,"tas":0,"vic":10},{"ts":"2013-11-21T09:00:00Z","nsw":3,"qld":3,"sa":18,"tas":0,"vic":6,"wa":71},{"ts":"2013-11-21T09:10:00Z","nsw":2,"qld":6,"sa":11,"tas":0,"vic":3},{"ts":"2013-11-21T09:20:00Z","nsw":2,"qld":6,"sa":6,"tas":0,"vic":2},{"ts":"2013-11-21T09:30:00Z","nsw":2,"qld":6,"sa":3,"tas":0,"vic":2,"wa":44},{"ts":"2013-11-21T09:40:00Z","nsw":2,"qld":6,"sa":2,"tas":0,"vic":2},{"ts":"2013-11-21T09:50:00Z","nsw":3,"qld":6,"sa":2,"tas":0,"vic":0},{"ts":"2013-11-21T10:00:00Z","nsw":3,"qld":7,"sa":2,"tas":0,"vic":0,"wa":22},{"ts":"2013-11-21T10:10:00Z","nsw":3,"qld":6,"sa":1,"tas":0,"vic":0},{"ts":"2013-11-21T10:20:00Z","nsw":3,"qld":6,"sa":1,"tas":0,"vic":0},{"ts":"2013-11-21T10:30:00Z","nsw":3,"qld":6,"sa":1,"tas":0,"vic":0,"wa":8},{"ts":"2013-11-21T10:40:00Z","nsw":5,"qld":6,"sa":1,"tas":0,"vic":0},{"ts":"2013-11-21T10:50:00Z","nsw":3,"qld":6,"sa":1,"tas":0,"vic":0},{"ts":"2013-11-21T11:00:00Z","nsw":4,"qld":6,"sa":1,"tas":0,"vic":0,"wa":0},{"ts":"2013-11-21T11:10:00Z","nsw":3,"qld":6,"sa":1,"tas":0,"vic":0},{"ts":"2013-11-21T11:20:00Z","nsw":8,"qld":6,"sa":1,"tas":0,"vic":0},{"ts":"2013-11-21T11:30:00Z","nsw":3,"qld":7,"sa":1,"tas":0,"vic":0,"wa":1},{"ts":"2013-11-21T11:40:00Z","nsw":8,"qld":7,"sa":1,"tas":0,"vic":0},{"ts":"2013-11-21T11:50:00Z","nsw":3,"qld":7,"sa":1,"tas":0,"vic":0}]} 