{"performance":[{"ts":"2013-10-09T17:00:00Z","nsw":"0.23","nt":"0.00","qld":"0.21","sa":"0.10","tas":"0.00","vic":"0.08","wa":"0.16"},{"ts":"2013-10-09T17:10:00Z","nsw":"0.27","nt":"0.00","qld":"0.20","sa":"0.10","tas":"0.00","vic":"0.05","wa":"0.17"},{"ts":"2013-10-09T17:20:00Z","nsw":"0.27","nt":"0.00","qld":"0.19","sa":"0.10","tas":"0.00","vic":"0.25","wa":"0.17"},{"ts":"2013-10-09T17:30:00Z","nsw":"0.24","nt":"0.00","qld":"0.19","sa":"0.10","tas":"0.00","vic":"0.65","wa":"0.17"},{"ts":"2013-10-09T17:40:00Z","nsw":"0.24","nt":"0.00","qld":"0.20","sa":"0.10","tas":"0.00","vic":"0.05","wa":"0.16"},{"ts":"2013-10-09T17:50:00Z","nsw":"0.28","nt":"0.00","qld":"0.20","sa":"0.10","tas":"0.00","vic":"0.13","wa":"0.17"},{"ts":"2013-10-09T18:00:00Z","nsw":"0.24","nt":"0.00","qld":"0.19","sa":"0.10","tas":"0.00","vic":"0.08","wa":"0.16"},{"ts":"2013-10-09T18:10:00Z","nsw":"0.25","nt":"0.00","qld":"0.93","sa":"0.10","tas":"0.00","vic":"0.05","wa":"0.16"},{"ts":"2013-10-09T18:20:00Z","nsw":"0.24","nt":"0.00","qld":"0.21","sa":"0.10","tas":"0.00","vic":"0.13","wa":"0.16"},{"ts":"2013-10-09T18:30:00Z","nsw":"0.26","nt":"0.00","qld":"0.20","sa":"0.12","tas":"0.00","vic":"0.24","wa":"0.17"},{"ts":"2013-10-09T18:40:00Z","nsw":"0.24","nt":"0.00","qld":"0.22","sa":"1.08","tas":"0.00","vic":"0.12","wa":"0.16"},{"ts":"2013-10-09T18:50:00Z","nsw":"0.24","nt":"0.00","qld":"0.21","sa":"0.12","tas":"0.00","vic":"0.14","wa":"0.16"},{"ts":"2013-10-09T19:00:00Z","nsw":"0.26","nt":"0.00","qld":"0.18","sa":"1.05","tas":"0.00","vic":"0.05","wa":"0.16"},{"ts":"2013-10-09T19:10:00Z","nsw":"0.25","nt":"0.00","qld":"0.11","sa":"0.12","tas":"0.00","vic":"0.06","wa":"0.17"},{"ts":"2013-10-09T19:20:00Z","nsw":"0.32","nt":"0.00","qld":"0.44","sa":"1.03","tas":"0.00","vic":"0.26","wa":"0.17"},{"ts":"2013-10-09T19:30:00Z","nsw":"0.81","nt":"0.00","qld":"1.12","sa":"0.11","tas":"0.00","vic":"0.07","wa":"0.16"},{"ts":"2013-10-09T19:40:00Z","nsw":"1.85","nt":"0.00","qld":"2.21","sa":"0.11","tas":"0.07","vic":"0.17","wa":"0.16"},{"ts":"2013-10-09T19:50:00Z","nsw":"2.41","nt":"0.00","qld":"3.82","sa":"0.11","tas":"0.51","vic":"0.25","wa":"0.17"},{"ts":"2013-10-09T20:00:00Z","nsw":"3.70","nt":"0.00","qld":"5.81","sa":"0.98","tas":"0.99","vic":"0.44","wa":"0.17"},{"ts":"2013-10-09T20:10:00Z","nsw":"4.86","nt":"0.00","qld":"8.11","sa":"0.10","tas":"1.80","vic":"0.87","wa":"0.18"},{"ts":"2013-10-09T20:20:00Z","nsw":"6.07","nt":"0.00","qld":"10.68","sa":"0.22","tas":"4.12","vic":"1.60","wa":"0.17"},{"ts":"2013-10-09T20:30:00Z","nsw":"7.33","nt":"0.00","qld":"13.07","sa":"0.68","tas":"5.55","vic":"2.31","wa":"0.18"},{"ts":"2013-10-09T20:40:00Z","nsw":"9.05","nt":"0.00","qld":"16.53","sa":"2.00","tas":"7.39","vic":"3.89","wa":"0.17"},{"ts":"2013-10-09T20:50:00Z","nsw":"11.26","nt":"0.00","qld":"19.06","sa":"2.06","tas":"7.82","vic":"4.31","wa":"0.17"},{"ts":"2013-10-09T21:00:00Z","nsw":"13.06","nt":"0.00","qld":"22.66","sa":"3.12","tas":"15.17","vic":"6.33","wa":"0.17"},{"ts":"2013-10-09T21:10:00Z","nsw":"15.41","nt":"0.00","qld":"26.24","sa":"2.12","tas":"13.54","vic":"7.30","wa":"0.20"},{"ts":"2013-10-09T21:20:00Z","nsw":"17.85","nt":"0.98","qld":"29.34","sa":"4.17","tas":"22.18","vic":"9.25","wa":"0.20"},{"ts":"2013-10-09T21:30:00Z","nsw":"19.40","nt":"2.26","qld":"32.44","sa":"4.13","tas":"24.08","vic":"11.11","wa":"0.17"},{"ts":"2013-10-09T21:40:00Z","nsw":"21.36","nt":"4.32","qld":"36.68","sa":"3.61","tas":"30.83","vic":"11.28","wa":"0.14"},{"ts":"2013-10-09T21:50:00Z","nsw":"24.70","nt":"6.15","qld":"39.85","sa":"4.60","tas":"31.81","vic":"10.04","wa":"0.33"},{"ts":"2013-10-09T22:00:00Z","nsw":"29.14","nt":"7.53","qld":"43.28","sa":"7.97","tas":"35.48","vic":"10.94","wa":"1.12"},{"ts":"2013-10-09T22:10:00Z","nsw":"31.69","nt":"9.98","qld":"46.83","sa":"5.00","tas":"35.40","vic":"12.13","wa":"2.41"},{"ts":"2013-10-09T22:20:00Z","nsw":"34.25","nt":"12.26","qld":"49.30","sa":"8.26","tas":"39.83","vic":"11.99","wa":"4.36"},{"ts":"2013-10-09T22:30:00Z","nsw":"35.81","nt":"14.94","qld":"52.36","sa":"8.06","tas":"35.37","vic":"10.56","wa":"6.45"},{"ts":"2013-10-09T22:40:00Z","nsw":"40.31","nt":"17.14","qld":"55.66","sa":"7.98","tas":"35.64","vic":"11.65","wa":"8.01"},{"ts":"2013-10-09T22:50:00Z","nsw":"43.07","nt":"19.17","qld":"57.27","sa":"8.23","tas":"32.75","vic":"9.97","wa":"9.20"},{"ts":"2013-10-09T23:00:00Z","nsw":"44.02","nt":"22.58","qld":"58.66","sa":"8.43","tas":"33.86","vic":"10.00","wa":"12.77"},{"ts":"2013-10-09T23:10:00Z","nsw":"46.17","nt":"23.16","qld":"61.69","sa":"8.76","tas":"34.45","vic":"9.83","wa":"15.54"},{"ts":"2013-10-09T23:20:00Z","nsw":"48.36","nt":"27.35","qld":"63.32","sa":"7.45","tas":"38.17","vic":"11.26","wa":"19.47"},{"ts":"2013-10-09T23:30:00Z","nsw":"51.81","nt":"29.44","qld":"64.22","sa":"9.53","tas":"40.77","vic":"10.93","wa":"23.12"},{"ts":"2013-10-09T23:40:00Z","nsw":"56.37","nt":"29.62","qld":"66.63","sa":"9.80","tas":"41.51","vic":"11.18","wa":"26.09"},{"ts":"2013-10-09T23:50:00Z","nsw":"59.95","nt":"31.69","qld":"67.72","sa":"7.25","tas":"40.18","vic":"10.99","wa":"31.34"},{"ts":"2013-10-10T00:00:00Z","nsw":"59.62","nt":"34.63","qld":"68.46","sa":"10.47","tas":"38.13","vic":"10.01","wa":"34.49"},{"ts":"2013-10-10T00:10:00Z","nsw":"59.26","nt":"37.11","qld":"69.95","sa":"11.55","tas":"39.36","vic":"9.32","wa":"37.40"},{"ts":"2013-10-10T00:20:00Z","nsw":"59.39","nt":"38.97","qld":"71.70","sa":"10.09","tas":"47.98","vic":"10.35","wa":"40.40"},{"ts":"2013-10-10T00:30:00Z","nsw":"58.79","nt":"41.01","qld":"71.07","sa":"11.41","tas":"38.63","vic":"10.35","wa":"42.21"},{"ts":"2013-10-10T00:40:00Z","nsw":"59.47","nt":"52.05","qld":"72.98","sa":"13.54","tas":"49.97","vic":"9.66","wa":"44.80"},{"ts":"2013-10-10T00:50:00Z","nsw":"59.36","nt":"49.72","qld":"73.64","sa":"13.95","tas":"48.73","vic":"9.66","wa":"48.51"},{"ts":"2013-10-10T01:00:00Z","nsw":"60.82","nt":"52.84","qld":"74.09","sa":"14.25","tas":"47.21","vic":"10.98","wa":"50.88"},{"ts":"2013-10-10T01:10:00Z","nsw":"59.92","nt":"63.67","qld":"73.54","sa":"12.85","tas":"51.04","vic":"9.87","wa":"51.41"},{"ts":"2013-10-10T01:20:00Z","nsw":"62.45","nt":"64.79","qld":"73.80","sa":"13.21","tas":"51.20","vic":"11.55","wa":"52.70"},{"ts":"2013-10-10T01:30:00Z","nsw":"62.24","nt":"57.97","qld":"74.28","sa":"12.84","tas":"54.14","vic":"12.55","wa":"49.29"},{"ts":"2013-10-10T01:40:00Z","nsw":"63.72","nt":"60.24","qld":"74.47","sa":"12.02","tas":"58.49","vic":"11.65","wa":"48.89"},{"ts":"2013-10-10T01:50:00Z","nsw":"63.06","nt":"64.52","qld":"74.55","sa":"14.41","tas":"58.21","vic":"11.25","wa":"51.34"},{"ts":"2013-10-10T02:00:00Z","nsw":"66.06","nt":"70.44","qld":"74.41","sa":"13.28","tas":"66.95","vic":"12.89","wa":"53.15"},{"ts":"2013-10-10T02:10:00Z","nsw":"63.53","nt":"70.32","qld":"73.75","sa":"13.50","tas":"68.72","vic":"10.64","wa":"51.44"},{"ts":"2013-10-10T02:20:00Z","nsw":"65.03","nt":"72.06","qld":"73.80","sa":"13.04","tas":"69.86","vic":"12.44","wa":"59.06"},{"ts":"2013-10-10T02:30:00Z","nsw":"64.71","nt":"71.42","qld":"73.07","sa":"12.31","tas":"64.24","vic":"12.24","wa":"56.35"},{"ts":"2013-10-10T02:40:00Z","nsw":"63.78","nt":"71.23","qld":"72.32","sa":"12.84","tas":"63.47","vic":"11.23","wa":"56.47"},{"ts":"2013-10-10T02:50:00Z","nsw":"65.61","nt":"73.51","qld":"72.08","sa":"15.18","tas":"58.53","vic":"10.91","wa":"49.88"},{"ts":"2013-10-10T03:00:00Z","nsw":"65.12","nt":"72.30","qld":"70.74","sa":"12.88","tas":"59.21","vic":"11.21","wa":"57.33"},{"ts":"2013-10-10T03:10:00Z","nsw":"62.54","nt":"65.05","qld":"69.66","sa":"12.57","tas":"58.41","vic":"10.17","wa":"52.20"},{"ts":"2013-10-10T03:20:00Z","nsw":"61.55","nt":"73.34","qld":"69.42","sa":"13.99","tas":"50.23","vic":"11.12","wa":"55.77"},{"ts":"2013-10-10T03:30:00Z","nsw":"61.86","nt":"72.86","qld":"67.66","sa":"15.32","tas":"52.44","vic":"10.95","wa":"57.02"},{"ts":"2013-10-10T03:40:00Z","nsw":"58.56","nt":"72.88","qld":"66.33","sa":"14.19","tas":"67.71","vic":"9.13","wa":"63.42"},{"ts":"2013-10-10T03:50:00Z","nsw":"58.42","nt":"73.33","qld":"65.11","sa":"15.38","tas":"63.79","vic":"8.94","wa":"64.49"},{"ts":"2013-10-10T04:00:00Z","nsw":"56.72","nt":"72.36","qld":"63.24","sa":"11.73","tas":"65.52","vic":"9.84","wa":"69.22"},{"ts":"2013-10-10T04:10:00Z","nsw":"52.49","nt":"72.22","qld":"60.76","sa":"11.47","tas":"54.28","vic":"8.78","wa":"64.61"},{"ts":"2013-10-10T04:20:00Z","nsw":"50.81","nt":"72.06","qld":"58.57","sa":"13.80","tas":"53.37","vic":"8.62","wa":"63.99"},{"ts":"2013-10-10T04:30:00Z","nsw":"47.37","nt":"70.86","qld":"56.28","sa":"20.59","tas":"52.56","vic":"8.46","wa":"68.58"},{"ts":"2013-10-10T04:40:00Z","nsw":"45.66","nt":"70.67","qld":"53.78","sa":"20.48","tas":"49.78","vic":"7.56","wa":"67.69"},{"ts":"2013-10-10T04:50:00Z","nsw":"42.77","nt":"69.10","qld":"50.97","sa":"26.81","tas":"47.87","vic":"7.60","wa":"64.74"},{"ts":"2013-10-10T05:00:00Z","nsw":"41.29","nt":"65.67","qld":"48.35","sa":"27.29","tas":"51.36","vic":"7.70","wa":"70.02"},{"ts":"2013-10-10T05:10:00Z","nsw":"37.62","nt":"62.68","qld":"45.10","sa":"26.55","tas":"48.68","vic":"7.74","wa":"69.11"},{"ts":"2013-10-10T05:20:00Z","nsw":"35.68","nt":"62.05","qld":"41.95","sa":"24.60","tas":"49.31","vic":"7.04","wa":"69.17"},{"ts":"2013-10-10T05:30:00Z","nsw":"32.35","nt":"60.22","qld":"38.22","sa":"27.19","tas":"37.81","vic":"6.29","wa":"68.48"},{"ts":"2013-10-10T05:40:00Z","nsw":"30.11","nt":"58.27","qld":"34.30","sa":"20.01","tas":"36.89","vic":"5.79","wa":"69.96"},{"ts":"2013-10-10T05:50:00Z","nsw":"26.65","nt":"56.51","qld":"30.96","sa":"23.11","tas":"31.07","vic":"5.85","wa":"68.36"},{"ts":"2013-10-10T06:00:00Z","nsw":"23.18","nt":"55.19","qld":"27.39","sa":"17.54","tas":"29.95","vic":"5.84","wa":"67.68"},{"ts":"2013-10-10T06:10:00Z","nsw":"19.42","nt":"51.25","qld":"24.18","sa":"16.49","tas":"23.95","vic":"5.69","wa":"65.75"},{"ts":"2013-10-10T06:20:00Z","nsw":"16.57","nt":"48.40","qld":"20.82","sa":"18.62","tas":"25.05","vic":"5.20","wa":"65.94"},{"ts":"2013-10-10T06:30:00Z","nsw":"13.03","nt":"45.78","qld":"17.70","sa":"18.91","tas":"21.02","vic":"4.61","wa":"62.92"},{"ts":"2013-10-10T06:40:00Z","nsw":"11.50","nt":"41.02","qld":"14.63","sa":"19.31","tas":"17.18","vic":"4.27","wa":"60.87"},{"ts":"2013-10-10T06:50:00Z","nsw":"9.70","nt":"38.98","qld":"11.33","sa":"19.99","tas":"12.73","vic":"3.89","wa":"58.91"},{"ts":"2013-10-10T07:00:00Z","nsw":"7.64","nt":"36.15","qld":"8.93","sa":"18.93","tas":"10.01","vic":"3.60","wa":"57.23"},{"ts":"2013-10-10T07:10:00Z","nsw":"5.80","nt":"31.45","qld":"6.39","sa":"18.58","tas":"6.40","vic":"3.38","wa":"54.96"},{"ts":"2013-10-10T07:20:00Z","nsw":"4.78","nt":"29.86","qld":"4.26","sa":"14.03","tas":"6.12","vic":"2.78","wa":"51.04"},{"ts":"2013-10-10T07:30:00Z","nsw":"3.38","nt":"24.65","qld":"2.73","sa":"13.83","tas":"5.12","vic":"2.26","wa":"49.01"},{"ts":"2013-10-10T07:40:00Z","nsw":"2.23","nt":"21.20","qld":"1.44","sa":"11.79","tas":"4.45","vic":"1.88","wa":"46.27"},{"ts":"2013-10-10T07:50:00Z","nsw":"1.39","nt":"16.17","qld":"0.62","sa":"10.15","tas":"2.94","vic":"1.36","wa":"43.77"},{"ts":"2013-10-10T08:00:00Z","nsw":"0.80","nt":"11.95","qld":"0.52","sa":"8.56","tas":"1.82","vic":"0.95","wa":"39.36"},{"ts":"2013-10-10T08:10:00Z","nsw":"0.76","nt":"7.75","qld":"0.40","sa":"6.34","tas":"0.91","vic":"0.75","wa":"36.56"},{"ts":"2013-10-10T08:20:00Z","nsw":"0.54","nt":"5.93","qld":"0.26","sa":"3.98","tas":"0.32","vic":"0.59","wa":"33.71"},{"ts":"2013-10-10T08:30:00Z","nsw":"0.54","nt":"4.45","qld":"0.28","sa":"2.80","tas":"0.19","vic":"0.67","wa":"29.54"},{"ts":"2013-10-10T08:40:00Z","nsw":"0.56","nt":"2.46","qld":"0.27","sa":"1.76","tas":"0.18","vic":"0.65","wa":"26.93"},{"ts":"2013-10-10T08:50:00Z","nsw":"0.58","nt":"2.12","qld":"0.31","sa":"0.84","tas":"0.20","vic":"0.69","wa":"22.93"},{"ts":"2013-10-10T09:00:00Z","nsw":"0.79","nt":"1.17","qld":"0.30","sa":"0.44","tas":"0.22","vic":"0.55","wa":"19.18"},{"ts":"2013-10-10T09:10:00Z","nsw":"0.69","nt":"0.23","qld":"0.29","sa":"0.34","tas":"0.09","vic":"0.29","wa":"15.35"},{"ts":"2013-10-10T09:20:00Z","nsw":"0.72","nt":"0.33","qld":"0.27","sa":"0.26","tas":"0.09","vic":"0.21","wa":"12.54"},{"ts":"2013-10-10T09:30:00Z","nsw":"0.78","nt":"0.31","qld":"0.28","sa":"0.26","tas":"0.11","vic":"0.22","wa":"10.18"},{"ts":"2013-10-10T09:40:00Z","nsw":"0.67","nt":"0.31","qld":"0.33","sa":"0.17","tas":"0.11","vic":"0.12","wa":"7.31"},{"ts":"2013-10-10T09:50:00Z","nsw":"0.73","nt":"0.31","qld":"0.30","sa":"0.17","tas":"0.11","vic":"0.23","wa":"4.91"},{"ts":"2013-10-10T10:00:00Z","nsw":"0.70","nt":"0.35","qld":"0.29","sa":"0.21","tas":"0.11","vic":"0.19","wa":"2.90"},{"ts":"2013-10-10T10:10:00Z","nsw":"0.69","nt":"0.35","qld":"0.28","sa":"0.16","tas":"0.11","vic":"0.35","wa":"1.34"},{"ts":"2013-10-10T10:20:00Z","nsw":"0.69","nt":"0.35","qld":"0.26","sa":"0.17","tas":"0.11","vic":"0.34","wa":"0.63"},{"ts":"2013-10-10T10:30:00Z","nsw":"0.62","nt":"0.35","qld":"0.28","sa":"1.11","tas":"0.11","vic":"0.12","wa":"0.35"},{"ts":"2013-10-10T10:40:00Z","nsw":"0.56","nt":"0.35","qld":"0.29","sa":"0.16","tas":"0.12","vic":"0.09","wa":"0.31"},{"ts":"2013-10-10T10:50:00Z","nsw":"0.59","nt":"0.35","qld":"0.30","sa":"1.09","tas":"0.11","vic":"0.11","wa":"0.40"},{"ts":"2013-10-10T11:00:00Z","nsw":"0.55","nt":"0.35","qld":"0.28","sa":"0.15","tas":"0.11","vic":"0.28","wa":"0.37"},{"ts":"2013-10-10T11:10:00Z","nsw":"0.56","nt":"0.35","qld":"0.30","sa":"1.09","tas":"0.11","vic":"0.31","wa":"0.43"},{"ts":"2013-10-10T11:20:00Z","nsw":"0.58","nt":"0.35","qld":"0.91","sa":"0.15","tas":"0.11","vic":"0.20","wa":"0.47"},{"ts":"2013-10-10T11:30:00Z","nsw":"1.23","nt":"0.35","qld":"0.57","sa":"1.10","tas":"0.11","vic":"0.10","wa":"0.46"},{"ts":"2013-10-10T11:40:00Z","nsw":"0.52","nt":"0.35","qld":"1.15","sa":"1.09","tas":"0.11","vic":"0.53","wa":"0.47"},{"ts":"2013-10-10T11:50:00Z","nsw":"0.44","nt":"0.35","qld":"0.40","sa":"0.15","tas":"0.11","vic":"0.11","wa":"0.59"}],"contribution":[{"ts":"2013-10-09T17:00:00Z","nsw":"0.03","qld":"0.05","sa":"0.04","tas":"0.00","vic":"0.01","wa":"0.03"},{"ts":"2013-10-09T17:10:00Z","nsw":"0.03","qld":"0.04","sa":"0.04","tas":"0.00","vic":"0.01"},{"ts":"2013-10-09T17:20:00Z","nsw":"0.03","qld":"0.04","sa":"0.04","tas":"0.00","vic":"0.03"},{"ts":"2013-10-09T17:30:00Z","nsw":"0.03","qld":"0.04","sa":"0.04","tas":"0.00","vic":"0.08","wa":"0.04"},{"ts":"2013-10-09T17:40:00Z","nsw":"0.03","qld":"0.04","sa":"0.04","tas":"0.00","vic":"0.01"},{"ts":"2013-10-09T17:50:00Z","nsw":"0.03","qld":"0.05","sa":"0.04","tas":"0.00","vic":"0.02"},{"ts":"2013-10-09T18:00:00Z","nsw":"0.03","qld":"0.04","sa":"0.04","tas":"0.00","vic":"0.01","wa":"0.03"},{"ts":"2013-10-09T18:10:00Z","nsw":"0.03","qld":"0.20","sa":"0.04","tas":"0.00","vic":"0.01"},{"ts":"2013-10-09T18:20:00Z","nsw":"0.03","qld":"0.05","sa":"0.04","tas":"0.00","vic":"0.01"},{"ts":"2013-10-09T18:30:00Z","nsw":"0.03","qld":"0.04","sa":"0.05","tas":"0.00","vic":"0.03","wa":"0.04"},{"ts":"2013-10-09T18:40:00Z","nsw":"0.03","qld":"0.05","sa":"0.43","tas":"0.00","vic":"0.01"},{"ts":"2013-10-09T18:50:00Z","nsw":"0.02","qld":"0.05","sa":"0.05","tas":"0.00","vic":"0.02"},{"ts":"2013-10-09T19:00:00Z","nsw":"0.03","qld":"0.04","sa":"0.41","tas":"0.00","vic":"0.01","wa":"0.04"},{"ts":"2013-10-09T19:10:00Z","nsw":"0.02","qld":"0.02","sa":"0.05","tas":"0.00","vic":"0.01"},{"ts":"2013-10-09T19:20:00Z","nsw":"0.03","qld":"0.09","sa":"0.41","tas":"0.00","vic":"0.03"},{"ts":"2013-10-09T19:30:00Z","nsw":"0.07","qld":"0.23","sa":"0.04","tas":"0.00","vic":"0.01","wa":"0.04"},{"ts":"2013-10-09T19:40:00Z","nsw":"0.16","qld":"0.45","sa":"0.04","tas":"0.00","vic":"0.02"},{"ts":"2013-10-09T19:50:00Z","nsw":"0.21","qld":"0.76","sa":"0.04","tas":"0.02","vic":"0.02"},{"ts":"2013-10-09T20:00:00Z","nsw":"0.32","qld":"1.13","sa":"0.36","tas":"0.05","vic":"0.04","wa":"0.04"},{"ts":"2013-10-09T20:10:00Z","nsw":"0.41","qld":"1.55","sa":"0.04","tas":"0.08","vic":"0.08"},{"ts":"2013-10-09T20:20:00Z","nsw":"0.50","qld":"1.95","sa":"0.08","tas":"0.18","vic":"0.14"},{"ts":"2013-10-09T20:30:00Z","nsw":"0.59","qld":"2.37","sa":"0.23","tas":"0.24","vic":"0.20","wa":"0.04"},{"ts":"2013-10-09T20:40:00Z","nsw":"0.72","qld":"2.88","sa":"0.65","tas":"0.31","vic":"0.33"},{"ts":"2013-10-09T20:50:00Z","nsw":"0.89","qld":"3.28","sa":"0.66","tas":"0.33","vic":"0.37"},{"ts":"2013-10-09T21:00:00Z","nsw":"1.04","qld":"3.80","sa":"0.98","tas":"0.65","vic":"0.54","wa":"0.04"},{"ts":"2013-10-09T21:10:00Z","nsw":"1.22","qld":"4.34","sa":"0.67","tas":"0.58","vic":"0.64"},{"ts":"2013-10-09T21:20:00Z","nsw":"1.41","qld":"4.82","sa":"1.29","tas":"0.91","vic":"0.81"},{"ts":"2013-10-09T21:30:00Z","nsw":"1.51","qld":"5.27","sa":"1.27","tas":"1.01","vic":"0.97","wa":"0.03"},{"ts":"2013-10-09T21:40:00Z","nsw":"1.66","qld":"5.92","sa":"1.12","tas":"1.29","vic":"0.98"},{"ts":"2013-10-09T21:50:00Z","nsw":"1.92","qld":"6.41","sa":"1.41","tas":"1.36","vic":"0.88"},{"ts":"2013-10-09T22:00:00Z","nsw":"2.25","qld":"6.85","sa":"2.43","tas":"1.55","vic":"0.94","wa":"0.23"},{"ts":"2013-10-09T22:10:00Z","nsw":"2.43","qld":"7.58","sa":"1.51","tas":"1.54","vic":"1.04"},{"ts":"2013-10-09T22:20:00Z","nsw":"2.61","qld":"7.97","sa":"2.49","tas":"1.70","vic":"1.03"},{"ts":"2013-10-09T22:30:00Z","nsw":"2.70","qld":"8.34","sa":"2.38","tas":"1.50","vic":"0.93","wa":"1.20"},{"ts":"2013-10-09T22:40:00Z","nsw":"3.01","qld":"8.84","sa":"2.29","tas":"1.53","vic":"1.03"},{"ts":"2013-10-09T22:50:00Z","nsw":"3.21","qld":"9.07","sa":"2.41","tas":"1.42","vic":"0.88"},{"ts":"2013-10-09T23:00:00Z","nsw":"3.28","qld":"9.20","sa":"2.47","tas":"1.49","vic":"0.88","wa":"2.24"},{"ts":"2013-10-09T23:10:00Z","nsw":"3.40","qld":"9.66","sa":"2.51","tas":"1.49","vic":"0.87"},{"ts":"2013-10-09T23:20:00Z","nsw":"3.55","qld":"9.83","sa":"2.11","tas":"1.63","vic":"0.99"},{"ts":"2013-10-09T23:30:00Z","nsw":"3.78","qld":"10.04","sa":"2.71","tas":"1.89","vic":"0.96","wa":"3.78"},{"ts":"2013-10-09T23:40:00Z","nsw":"4.11","qld":"10.27","sa":"2.84","tas":"2.02","vic":"0.98"},{"ts":"2013-10-09T23:50:00Z","nsw":"4.30","qld":"10.50","sa":"2.07","tas":"1.92","vic":"0.95"},{"ts":"2013-10-10T00:00:00Z","nsw":"4.26","qld":"10.59","sa":"2.98","tas":"1.77","vic":"0.87","wa":"5.34"},{"ts":"2013-10-10T00:10:00Z","nsw":"4.24","qld":"10.84","sa":"3.36","tas":"1.85","vic":"0.81"},{"ts":"2013-10-10T00:20:00Z","nsw":"4.21","qld":"11.06","sa":"2.92","tas":"2.27","vic":"0.91"},{"ts":"2013-10-10T00:30:00Z","nsw":"4.19","qld":"10.97","sa":"3.29","tas":"1.91","vic":"0.90","wa":"6.42"},{"ts":"2013-10-10T00:40:00Z","nsw":"4.22","qld":"11.36","sa":"3.92","tas":"2.39","vic":"0.84"},{"ts":"2013-10-10T00:50:00Z","nsw":"4.19","qld":"11.48","sa":"4.43","tas":"2.35","vic":"0.83"},{"ts":"2013-10-10T01:00:00Z","nsw":"4.30","qld":"11.38","sa":"4.40","tas":"2.29","vic":"0.95","wa":"7.76"},{"ts":"2013-10-10T01:10:00Z","nsw":"4.21","qld":"11.29","sa":"3.64","tas":"2.45","vic":"0.86"},{"ts":"2013-10-10T01:20:00Z","nsw":"4.39","qld":"11.23","sa":"3.80","tas":"2.44","vic":"0.99"},{"ts":"2013-10-10T01:30:00Z","nsw":"4.37","qld":"11.25","sa":"3.59","tas":"2.57","vic":"1.08","wa":"6.94"},{"ts":"2013-10-10T01:40:00Z","nsw":"4.44","qld":"11.25","sa":"3.38","tas":"2.79","vic":"1.01"},{"ts":"2013-10-10T01:50:00Z","nsw":"4.36","qld":"11.29","sa":"4.14","tas":"2.75","vic":"0.98"},{"ts":"2013-10-10T02:00:00Z","nsw":"4.56","qld":"11.20","sa":"3.88","tas":"3.22","vic":"1.11","wa":"8.37"},{"ts":"2013-10-10T02:10:00Z","nsw":"4.38","qld":"10.97","sa":"3.95","tas":"3.30","vic":"0.92"},{"ts":"2013-10-10T02:20:00Z","nsw":"4.45","qld":"10.91","sa":"3.84","tas":"3.37","vic":"1.07"},{"ts":"2013-10-10T02:30:00Z","nsw":"4.44","qld":"10.75","sa":"3.59","tas":"3.15","vic":"1.04","wa":"8.71"},{"ts":"2013-10-10T02:40:00Z","nsw":"4.36","qld":"10.74","sa":"3.74","tas":"2.98","vic":"0.96"},{"ts":"2013-10-10T02:50:00Z","nsw":"4.47","qld":"10.72","sa":"4.39","tas":"2.77","vic":"0.94"},{"ts":"2013-10-10T03:00:00Z","nsw":"4.41","qld":"10.48","sa":"3.80","tas":"2.85","vic":"0.96","wa":"8.87"},{"ts":"2013-10-10T03:10:00Z","nsw":"4.20","qld":"10.33","sa":"3.72","tas":"2.79","vic":"0.88"},{"ts":"2013-10-10T03:20:00Z","nsw":"4.14","qld":"10.23","sa":"4.04","tas":"2.42","vic":"0.96"},{"ts":"2013-10-10T03:30:00Z","nsw":"4.17","qld":"10.00","sa":"4.38","tas":"2.54","vic":"0.95","wa":"8.81"},{"ts":"2013-10-10T03:40:00Z","nsw":"3.94","qld":"9.82","sa":"4.06","tas":"3.20","vic":"0.79"},{"ts":"2013-10-10T03:50:00Z","nsw":"3.91","qld":"9.66","sa":"4.38","tas":"3.04","vic":"0.77"},{"ts":"2013-10-10T04:00:00Z","nsw":"3.78","qld":"9.26","sa":"3.36","tas":"3.14","vic":"0.85","wa":"10.60"},{"ts":"2013-10-10T04:10:00Z","nsw":"3.50","qld":"9.02","sa":"3.26","tas":"2.65","vic":"0.76"},{"ts":"2013-10-10T04:20:00Z","nsw":"3.38","qld":"8.51","sa":"4.01","tas":"2.57","vic":"0.75"},{"ts":"2013-10-10T04:30:00Z","nsw":"3.16","qld":"8.22","sa":"5.95","tas":"2.55","vic":"0.75","wa":"10.62"},{"ts":"2013-10-10T04:40:00Z","nsw":"3.03","qld":"7.91","sa":"6.03","tas":"2.39","vic":"0.67"},{"ts":"2013-10-10T04:50:00Z","nsw":"2.82","qld":"7.45","sa":"7.84","tas":"2.28","vic":"0.68"},{"ts":"2013-10-10T05:00:00Z","nsw":"2.71","qld":"7.17","sa":"8.01","tas":"2.46","vic":"0.69","wa":"10.80"},{"ts":"2013-10-10T05:10:00Z","nsw":"2.46","qld":"6.68","sa":"8.03","tas":"2.32","vic":"0.68"},{"ts":"2013-10-10T05:20:00Z","nsw":"2.34","qld":"6.22","sa":"7.54","tas":"2.38","vic":"0.62"},{"ts":"2013-10-10T05:30:00Z","nsw":"2.09","qld":"5.67","sa":"8.40","tas":"1.81","vic":"0.55","wa":"10.56"},{"ts":"2013-10-10T05:40:00Z","nsw":"1.95","qld":"5.07","sa":"6.36","tas":"1.73","vic":"0.50"},{"ts":"2013-10-10T05:50:00Z","nsw":"1.72","qld":"4.61","sa":"7.01","tas":"1.46","vic":"0.50"},{"ts":"2013-10-10T06:00:00Z","nsw":"1.49","qld":"4.05","sa":"5.49","tas":"1.40","vic":"0.49","wa":"10.47"},{"ts":"2013-10-10T06:10:00Z","nsw":"1.26","qld":"3.60","sa":"5.08","tas":"1.12","vic":"0.48"},{"ts":"2013-10-10T06:20:00Z","nsw":"1.07","qld":"3.09","sa":"5.78","tas":"1.17","vic":"0.44"},{"ts":"2013-10-10T06:30:00Z","nsw":"0.84","qld":"2.62","sa":"5.76","tas":"0.97","vic":"0.39","wa":"9.71"},{"ts":"2013-10-10T06:40:00Z","nsw":"0.75","qld":"2.16","sa":"5.91","tas":"0.79","vic":"0.36"},{"ts":"2013-10-10T06:50:00Z","nsw":"0.63","qld":"1.69","sa":"6.27","tas":"0.58","vic":"0.33"},{"ts":"2013-10-10T07:00:00Z","nsw":"0.50","qld":"1.34","sa":"5.79","tas":"0.46","vic":"0.30","wa":"8.85"},{"ts":"2013-10-10T07:10:00Z","nsw":"0.39","qld":"0.97","sa":"5.78","tas":"0.29","vic":"0.29"},{"ts":"2013-10-10T07:20:00Z","nsw":"0.32","qld":"0.65","sa":"4.39","tas":"0.28","vic":"0.24"},{"ts":"2013-10-10T07:30:00Z","nsw":"0.23","qld":"0.42","sa":"4.33","tas":"0.23","vic":"0.20","wa":"7.63"},{"ts":"2013-10-10T07:40:00Z","nsw":"0.15","qld":"0.22","sa":"3.67","tas":"0.20","vic":"0.16"},{"ts":"2013-10-10T07:50:00Z","nsw":"0.09","qld":"0.10","sa":"3.13","tas":"0.13","vic":"0.12"},{"ts":"2013-10-10T08:00:00Z","nsw":"0.05","qld":"0.08","sa":"2.62","tas":"0.08","vic":"0.08","wa":"6.15"},{"ts":"2013-10-10T08:10:00Z","nsw":"0.05","qld":"0.06","sa":"1.92","tas":"0.04","vic":"0.06"},{"ts":"2013-10-10T08:20:00Z","nsw":"0.04","qld":"0.04","sa":"1.23","tas":"0.01","vic":"0.05"},{"ts":"2013-10-10T08:30:00Z","nsw":"0.04","qld":"0.04","sa":"0.85","tas":"0.01","vic":"0.06","wa":"4.71"},{"ts":"2013-10-10T08:40:00Z","nsw":"0.04","qld":"0.04","sa":"0.53","tas":"0.01","vic":"0.06"},{"ts":"2013-10-10T08:50:00Z","nsw":"0.04","qld":"0.05","sa":"0.26","tas":"0.01","vic":"0.06"},{"ts":"2013-10-10T09:00:00Z","nsw":"0.05","qld":"0.04","sa":"0.13","tas":"0.01","vic":"0.05","wa":"3.01"},{"ts":"2013-10-10T09:10:00Z","nsw":"0.05","qld":"0.04","sa":"0.10","tas":"0.00","vic":"0.03"},{"ts":"2013-10-10T09:20:00Z","nsw":"0.05","qld":"0.04","sa":"0.08","tas":"0.00","vic":"0.02"},{"ts":"2013-10-10T09:30:00Z","nsw":"0.06","qld":"0.04","sa":"0.07","tas":"0.00","vic":"0.02","wa":"1.59"},{"ts":"2013-10-10T09:40:00Z","nsw":"0.05","qld":"0.05","sa":"0.05","tas":"0.00","vic":"0.01"},{"ts":"2013-10-10T09:50:00Z","nsw":"0.05","qld":"0.05","sa":"0.05","tas":"0.00","vic":"0.02"},{"ts":"2013-10-10T10:00:00Z","nsw":"0.05","qld":"0.05","sa":"0.06","tas":"0.00","vic":"0.02","wa":"0.44"},{"ts":"2013-10-10T10:10:00Z","nsw":"0.05","qld":"0.04","sa":"0.05","tas":"0.00","vic":"0.03"},{"ts":"2013-10-10T10:20:00Z","nsw":"0.05","qld":"0.04","sa":"0.05","tas":"0.00","vic":"0.03"},{"ts":"2013-10-10T10:30:00Z","nsw":"0.05","qld":"0.04","sa":"0.33","tas":"0.00","vic":"0.01","wa":"0.05"},{"ts":"2013-10-10T10:40:00Z","nsw":"0.04","qld":"0.04","sa":"0.05","tas":"0.01","vic":"0.01"},{"ts":"2013-10-10T10:50:00Z","nsw":"0.05","qld":"0.05","sa":"0.34","tas":"0.00","vic":"0.01"},{"ts":"2013-10-10T11:00:00Z","nsw":"0.04","qld":"0.04","sa":"0.05","tas":"0.00","vic":"0.03","wa":"0.05"},{"ts":"2013-10-10T11:10:00Z","nsw":"0.04","qld":"0.05","sa":"0.35","tas":"0.00","vic":"0.03"},{"ts":"2013-10-10T11:20:00Z","nsw":"0.05","qld":"0.15","sa":"0.05","tas":"0.00","vic":"0.02"},{"ts":"2013-10-10T11:30:00Z","nsw":"0.10","qld":"0.10","sa":"0.37","tas":"0.00","vic":"0.01","wa":"0.07"},{"ts":"2013-10-10T11:40:00Z","nsw":"0.04","qld":"0.19","sa":"0.37","tas":"0.01","vic":"0.06"},{"ts":"2013-10-10T11:50:00Z","nsw":"0.04","qld":"0.07","sa":"0.05","tas":"0.01","vic":"0.01"}],"demand":[{"ts":"2013-10-09T17:00:00Z","nsw":5926,"qld":4419,"sa":1135,"tas":980,"vic":4256,"wa":1622},{"ts":"2013-10-09T17:10:00Z","nsw":5950,"qld":4456,"sa":1131,"tas":992,"vic":4202},{"ts":"2013-10-09T17:20:00Z","nsw":5943,"qld":4455,"sa":1118,"tas":998,"vic":4208},{"ts":"2013-10-09T17:30:00Z","nsw":5923,"qld":4494,"sa":1092,"tas":1003,"vic":4203,"wa":1619},{"ts":"2013-10-09T17:40:00Z","nsw":5942,"qld":4462,"sa":1098,"tas":997,"vic":4230},{"ts":"2013-10-09T17:50:00Z","nsw":6007,"qld":4464,"sa":1108,"tas":993,"vic":4334},{"ts":"2013-10-09T18:00:00Z","nsw":6069,"qld":4497,"sa":1088,"tas":1000,"vic":4400,"wa":1601},{"ts":"2013-10-09T18:10:00Z","nsw":6190,"qld":4529,"sa":1071,"tas":1022,"vic":4479},{"ts":"2013-10-09T18:20:00Z","nsw":6278,"qld":4513,"sa":1099,"tas":1012,"vic":4518},{"ts":"2013-10-09T18:30:00Z","nsw":6341,"qld":4575,"sa":1100,"tas":1019,"vic":4547,"wa":1593},{"ts":"2013-10-09T18:40:00Z","nsw":6404,"qld":4593,"sa":1125,"tas":1019,"vic":4639},{"ts":"2013-10-09T18:50:00Z","nsw":6499,"qld":4630,"sa":1128,"tas":1048,"vic":4695},{"ts":"2013-10-09T19:00:00Z","nsw":6653,"qld":4698,"sa":1115,"tas":1066,"vic":4789,"wa":1579},{"ts":"2013-10-09T19:10:00Z","nsw":6931,"qld":4761,"sa":1134,"tas":1080,"vic":4972},{"ts":"2013-10-09T19:20:00Z","nsw":7024,"qld":4796,"sa":1132,"tas":1074,"vic":5028},{"ts":"2013-10-09T19:30:00Z","nsw":7169,"qld":4814,"sa":1160,"tas":1104,"vic":5159,"wa":1581},{"ts":"2013-10-09T19:40:00Z","nsw":7354,"qld":4889,"sa":1186,"tas":1128,"vic":5317},{"ts":"2013-10-09T19:50:00Z","nsw":7543,"qld":4990,"sa":1229,"tas":1161,"vic":5411},{"ts":"2013-10-09T20:00:00Z","nsw":7533,"qld":5057,"sa":1225,"tas":1139,"vic":5473,"wa":1585},{"ts":"2013-10-09T20:10:00Z","nsw":7769,"qld":5172,"sa":1267,"tas":1142,"vic":5688},{"ts":"2013-10-09T20:20:00Z","nsw":7921,"qld":5298,"sa":1295,"tas":1178,"vic":5810},{"ts":"2013-10-09T20:30:00Z","nsw":8054,"qld":5394,"sa":1313,"tas":1220,"vic":5909,"wa":1604},{"ts":"2013-10-09T20:40:00Z","nsw":8115,"qld":5530,"sa":1366,"tas":1211,"vic":5978},{"ts":"2013-10-09T20:50:00Z","nsw":8171,"qld":5606,"sa":1386,"tas":1205,"vic":6038},{"ts":"2013-10-09T21:00:00Z","nsw":8169,"qld":5708,"sa":1399,"tas":1190,"vic":5977,"wa":1616},{"ts":"2013-10-09T21:10:00Z","nsw":8192,"qld":5757,"sa":1419,"tas":1206,"vic":5876},{"ts":"2013-10-09T21:20:00Z","nsw":8200,"qld":5760,"sa":1437,"tas":1241,"vic":5860},{"ts":"2013-10-09T21:30:00Z","nsw":8258,"qld":5747,"sa":1433,"tas":1219,"vic":5857,"wa":1681},{"ts":"2013-10-09T21:40:00Z","nsw":8243,"qld":5763,"sa":1406,"tas":1211,"vic":5871},{"ts":"2013-10-09T21:50:00Z","nsw":8225,"qld":5774,"sa":1429,"tas":1183,"vic":5896},{"ts":"2013-10-09T22:00:00Z","nsw":8262,"qld":5755,"sa":1420,"tas":1163,"vic":5962,"wa":1715},{"ts":"2013-10-09T22:10:00Z","nsw":8325,"qld":5679,"sa":1446,"tas":1176,"vic":5970},{"ts":"2013-10-09T22:20:00Z","nsw":8354,"qld":5644,"sa":1438,"tas":1197,"vic":5911},{"ts":"2013-10-09T22:30:00Z","nsw":8422,"qld":5715,"sa":1491,"tas":1195,"vic":5828,"wa":1852},{"ts":"2013-10-09T22:40:00Z","nsw":8482,"qld":5683,"sa":1507,"tas":1189,"vic":5785},{"ts":"2013-10-09T22:50:00Z","nsw":8447,"qld":5703,"sa":1480,"tas":1178,"vic":5797},{"ts":"2013-10-09T23:00:00Z","nsw":8499,"qld":5729,"sa":1492,"tas":1164,"vic":5818,"wa":1941},{"ts":"2013-10-09T23:10:00Z","nsw":8547,"qld":5738,"sa":1512,"tas":1180,"vic":5813},{"ts":"2013-10-09T23:20:00Z","nsw":8578,"qld":5754,"sa":1538,"tas":1154,"vic":5823},{"ts":"2013-10-09T23:30:00Z","nsw":8602,"qld":5688,"sa":1507,"tas":1085,"vic":5818,"wa":2050},{"ts":"2013-10-09T23:40:00Z","nsw":8612,"qld":5770,"sa":1499,"tas":1042,"vic":5857},{"ts":"2013-10-09T23:50:00Z","nsw":8702,"qld":5743,"sa":1534,"tas":1071,"vic":5892},{"ts":"2013-10-10T00:00:00Z","nsw":8745,"qld":5748,"sa":1501,"tas":1093,"vic":5880,"wa":2126},{"ts":"2013-10-10T00:10:00Z","nsw":8741,"qld":5712,"sa":1488,"tas":1078,"vic":5861},{"ts":"2013-10-10T00:20:00Z","nsw":8776,"qld":5737,"sa":1482,"tas":1061,"vic":5865},{"ts":"2013-10-10T00:30:00Z","nsw":8787,"qld":5714,"sa":1464,"tas":1035,"vic":5882,"wa":2142},{"ts":"2013-10-10T00:40:00Z","nsw":8812,"qld":5693,"sa":1425,"tas":1054,"vic":5893},{"ts":"2013-10-10T00:50:00Z","nsw":8851,"qld":5682,"sa":1338,"tas":1037,"vic":5942},{"ts":"2013-10-10T01:00:00Z","nsw":8849,"qld":5733,"sa":1399,"tas":1052,"vic":5903,"wa":2105},{"ts":"2013-10-10T01:10:00Z","nsw":8861,"qld":5749,"sa":1512,"tas":1058,"vic":5883},{"ts":"2013-10-10T01:20:00Z","nsw":8876,"qld":5795,"sa":1492,"tas":1060,"vic":5937},{"ts":"2013-10-10T01:30:00Z","nsw":8952,"qld":5798,"sa":1522,"tas":1054,"vic":5899,"wa":2301},{"ts":"2013-10-10T01:40:00Z","nsw":8952,"qld":5835,"sa":1497,"tas":1054,"vic":5903},{"ts":"2013-10-10T01:50:00Z","nsw":9019,"qld":5852,"sa":1462,"tas":1054,"vic":5912},{"ts":"2013-10-10T02:00:00Z","nsw":9034,"qld":5874,"sa":1460,"tas":1036,"vic":5925,"wa":2026},{"ts":"2013-10-10T02:10:00Z","nsw":9060,"qld":5948,"sa":1461,"tas":1043,"vic":5944},{"ts":"2013-10-10T02:20:00Z","nsw":9096,"qld":5989,"sa":1461,"tas":1029,"vic":5960},{"ts":"2013-10-10T02:30:00Z","nsw":9088,"qld":6015,"sa":1469,"tas":1034,"vic":5975,"wa":2056},{"ts":"2013-10-10T02:40:00Z","nsw":9151,"qld":5951,"sa":1466,"tas":1069,"vic":5953},{"ts":"2013-10-10T02:50:00Z","nsw":9192,"qld":5947,"sa":1446,"tas":1056,"vic":5956},{"ts":"2013-10-10T03:00:00Z","nsw":9228,"qld":5993,"sa":1448,"tas":1051,"vic":5984,"wa":2050},{"ts":"2013-10-10T03:10:00Z","nsw":9298,"qld":6006,"sa":1457,"tas":1055,"vic":5906},{"ts":"2013-10-10T03:20:00Z","nsw":9302,"qld":6008,"sa":1462,"tas":1044,"vic":5915},{"ts":"2013-10-10T03:30:00Z","nsw":9300,"qld":6013,"sa":1477,"tas":1047,"vic":5890,"wa":2053},{"ts":"2013-10-10T03:40:00Z","nsw":9345,"qld":6038,"sa":1490,"tas":1055,"vic":5902},{"ts":"2013-10-10T03:50:00Z","nsw":9410,"qld":6052,"sa":1478,"tas":1054,"vic":5923},{"ts":"2013-10-10T04:00:00Z","nsw":9441,"qld":6127,"sa":1500,"tas":1042,"vic":5893,"wa":2031},{"ts":"2013-10-10T04:10:00Z","nsw":9418,"qld":6123,"sa":1500,"tas":1036,"vic":5877},{"ts":"2013-10-10T04:20:00Z","nsw":9486,"qld":6198,"sa":1453,"tas":1044,"vic":5845},{"ts":"2013-10-10T04:30:00Z","nsw":9510,"qld":6215,"sa":1428,"tas":1039,"vic":5816,"wa":2008},{"ts":"2013-10-10T04:40:00Z","nsw":9571,"qld":6239,"sa":1413,"tas":1053,"vic":5737},{"ts":"2013-10-10T04:50:00Z","nsw":9636,"qld":6250,"sa":1389,"tas":1056,"vic":5757},{"ts":"2013-10-10T05:00:00Z","nsw":9674,"qld":6239,"sa":1361,"tas":1054,"vic":5769,"wa":2012},{"ts":"2013-10-10T05:10:00Z","nsw":9724,"qld":6265,"sa":1354,"tas":1057,"vic":5798},{"ts":"2013-10-10T05:20:00Z","nsw":9794,"qld":6265,"sa":1342,"tas":1049,"vic":5804},{"ts":"2013-10-10T05:30:00Z","nsw":9897,"qld":6305,"sa":1311,"tas":1075,"vic":5901,"wa":2019},{"ts":"2013-10-10T05:40:00Z","nsw":9918,"qld":6359,"sa":1321,"tas":1081,"vic":5961},{"ts":"2013-10-10T05:50:00Z","nsw":9939,"qld":6392,"sa":1342,"tas":1088,"vic":6044},{"ts":"2013-10-10T06:00:00Z","nsw":9981,"qld":6417,"sa":1329,"tas":1092,"vic":6087,"wa":2013},{"ts":"2013-10-10T06:10:00Z","nsw":9947,"qld":6434,"sa":1361,"tas":1096,"vic":6034},{"ts":"2013-10-10T06:20:00Z","nsw":9984,"qld":6510,"sa":1359,"tas":1102,"vic":6059},{"ts":"2013-10-10T06:30:00Z","nsw":9989,"qld":6513,"sa":1374,"tas":1119,"vic":6090,"wa":2036},{"ts":"2013-10-10T06:40:00Z","nsw":9964,"qld":6564,"sa":1359,"tas":1126,"vic":6107},{"ts":"2013-10-10T06:50:00Z","nsw":9979,"qld":6551,"sa":1337,"tas":1121,"vic":6106},{"ts":"2013-10-10T07:00:00Z","nsw":9932,"qld":6536,"sa":1364,"tas":1125,"vic":6105,"wa":2051},{"ts":"2013-10-10T07:10:00Z","nsw":9768,"qld":6466,"sa":1343,"tas":1128,"vic":6020},{"ts":"2013-10-10T07:20:00Z","nsw":9725,"qld":6460,"sa":1359,"tas":1137,"vic":5949},{"ts":"2013-10-10T07:30:00Z","nsw":9681,"qld":6469,"sa":1365,"tas":1145,"vic":5966,"wa":2065},{"ts":"2013-10-10T07:40:00Z","nsw":9645,"qld":6443,"sa":1369,"tas":1149,"vic":5988},{"ts":"2013-10-10T07:50:00Z","nsw":9590,"qld":6501,"sa":1401,"tas":1151,"vic":6029},{"ts":"2013-10-10T08:00:00Z","nsw":9570,"qld":6556,"sa":1428,"tas":1167,"vic":6004,"wa":2090},{"ts":"2013-10-10T08:10:00Z","nsw":9533,"qld":6607,"sa":1414,"tas":1151,"vic":5926},{"ts":"2013-10-10T08:20:00Z","nsw":9572,"qld":6656,"sa":1416,"tas":1152,"vic":5900},{"ts":"2013-10-10T08:30:00Z","nsw":9635,"qld":6718,"sa":1438,"tas":1159,"vic":5923,"wa":2080},{"ts":"2013-10-10T08:40:00Z","nsw":9606,"qld":6766,"sa":1456,"tas":1168,"vic":5963},{"ts":"2013-10-10T08:50:00Z","nsw":9542,"qld":6748,"sa":1439,"tas":1176,"vic":5967},{"ts":"2013-10-10T09:00:00Z","nsw":9517,"qld":6687,"sa":1495,"tas":1178,"vic":5945,"wa":2152},{"ts":"2013-10-10T09:10:00Z","nsw":9466,"qld":6660,"sa":1501,"tas":1170,"vic":5889},{"ts":"2013-10-10T09:20:00Z","nsw":9292,"qld":6620,"sa":1525,"tas":1184,"vic":5874},{"ts":"2013-10-10T09:30:00Z","nsw":9227,"qld":6419,"sa":1530,"tas":1185,"vic":5828,"wa":2188},{"ts":"2013-10-10T09:40:00Z","nsw":9139,"qld":6474,"sa":1532,"tas":1209,"vic":5800},{"ts":"2013-10-10T09:50:00Z","nsw":9039,"qld":6486,"sa":1529,"tas":1192,"vic":5745},{"ts":"2013-10-10T10:00:00Z","nsw":8932,"qld":6475,"sa":1516,"tas":1171,"vic":5715,"wa":2261},{"ts":"2013-10-10T10:10:00Z","nsw":8770,"qld":6427,"sa":1494,"tas":1163,"vic":5620},{"ts":"2013-10-10T10:20:00Z","nsw":8590,"qld":6418,"sa":1490,"tas":1157,"vic":5567},{"ts":"2013-10-10T10:30:00Z","nsw":8469,"qld":6348,"sa":1475,"tas":1142,"vic":5434,"wa":2364},{"ts":"2013-10-10T10:40:00Z","nsw":8451,"qld":6297,"sa":1443,"tas":1138,"vic":5423},{"ts":"2013-10-10T10:50:00Z","nsw":8279,"qld":6242,"sa":1411,"tas":1137,"vic":5368},{"ts":"2013-10-10T11:00:00Z","nsw":8238,"qld":6143,"sa":1391,"tas":1124,"vic":5291,"wa":2413},{"ts":"2013-10-10T11:10:00Z","nsw":8263,"qld":6165,"sa":1388,"tas":1108,"vic":5204},{"ts":"2013-10-10T11:20:00Z","nsw":8147,"qld":6071,"sa":1336,"tas":1106,"vic":5104},{"ts":"2013-10-10T11:30:00Z","nsw":8137,"qld":5934,"sa":1324,"tas":1097,"vic":4987,"wa":2355},{"ts":"2013-10-10T11:40:00Z","nsw":8018,"qld":5921,"sa":1319,"tas":1087,"vic":4847},{"ts":"2013-10-10T11:50:00Z","nsw":7857,"qld":5919,"sa":1319,"tas":1064,"vic":4740}],"output":[{"ts":"2013-10-09T17:00:00Z","nsw":1,"qld":2,"sa":0,"tas":0,"vic":0,"wa":0},{"ts":"2013-10-09T17:10:00Z","nsw":1,"qld":1,"sa":0,"tas":0,"vic":0},{"ts":"2013-10-09T17:20:00Z","nsw":1,"qld":1,"sa":0,"tas":0,"vic":1},{"ts":"2013-10-09T17:30:00Z","nsw":1,"qld":1,"sa":0,"tas":0,"vic":3,"wa":0},{"ts":"2013-10-09T17:40:00Z","nsw":1,"qld":1,"sa":0,"tas":0,"vic":0},{"ts":"2013-10-09T17:50:00Z","nsw":1,"qld":2,"sa":0,"tas":0,"vic":0},{"ts":"2013-10-09T18:00:00Z","nsw":1,"qld":1,"sa":0,"tas":0,"vic":0,"wa":0},{"ts":"2013-10-09T18:10:00Z","nsw":1,"qld":9,"sa":0,"tas":0,"vic":0},{"ts":"2013-10-09T18:20:00Z","nsw":1,"qld":2,"sa":0,"tas":0,"vic":0},{"ts":"2013-10-09T18:30:00Z","nsw":1,"qld":2,"sa":0,"tas":0,"vic":1,"wa":0},{"ts":"2013-10-09T18:40:00Z","nsw":1,"qld":2,"sa":4,"tas":0,"vic":0},{"ts":"2013-10-09T18:50:00Z","nsw":1,"qld":2,"sa":0,"tas":0,"vic":0},{"ts":"2013-10-09T19:00:00Z","nsw":1,"qld":1,"sa":4,"tas":0,"vic":0,"wa":0},{"ts":"2013-10-09T19:10:00Z","nsw":1,"qld":1,"sa":0,"tas":0,"vic":0},{"ts":"2013-10-09T19:20:00Z","nsw":2,"qld":4,"sa":4,"tas":0,"vic":1},{"ts":"2013-10-09T19:30:00Z","nsw":5,"qld":11,"sa":0,"tas":0,"vic":0,"wa":0},{"ts":"2013-10-09T19:40:00Z","nsw":12,"qld":21,"sa":0,"tas":0,"vic":0},{"ts":"2013-10-09T19:50:00Z","nsw":15,"qld":37,"sa":0,"tas":0,"vic":1},{"ts":"2013-10-09T20:00:00Z","nsw":24,"qld":57,"sa":4,"tas":0,"vic":2,"wa":0},{"ts":"2013-10-09T20:10:00Z","nsw":31,"qld":80,"sa":0,"tas":0,"vic":4},{"ts":"2013-10-09T20:20:00Z","nsw":39,"qld":105,"sa":0,"tas":2,"vic":8},{"ts":"2013-10-09T20:30:00Z","nsw":47,"qld":129,"sa":3,"tas":2,"vic":11,"wa":0},{"ts":"2013-10-09T20:40:00Z","nsw":59,"qld":163,"sa":8,"tas":3,"vic":20},{"ts":"2013-10-09T20:50:00Z","nsw":73,"qld":189,"sa":9,"tas":4,"vic":22},{"ts":"2013-10-09T21:00:00Z","nsw":85,"qld":224,"sa":13,"tas":7,"vic":32,"wa":0},{"ts":"2013-10-09T21:10:00Z","nsw":100,"qld":260,"sa":9,"tas":7,"vic":37},{"ts":"2013-10-09T21:20:00Z","nsw":116,"qld":291,"sa":18,"tas":11,"vic":47},{"ts":"2013-10-09T21:30:00Z","nsw":126,"qld":321,"sa":18,"tas":12,"vic":57,"wa":0},{"ts":"2013-10-09T21:40:00Z","nsw":139,"qld":363,"sa":16,"tas":15,"vic":58},{"ts":"2013-10-09T21:50:00Z","nsw":161,"qld":395,"sa":20,"tas":16,"vic":51},{"ts":"2013-10-09T22:00:00Z","nsw":190,"qld":429,"sa":35,"tas":18,"vic":56,"wa":3},{"ts":"2013-10-09T22:10:00Z","nsw":206,"qld":464,"sa":22,"tas":18,"vic":62},{"ts":"2013-10-09T22:20:00Z","nsw":223,"qld":489,"sa":36,"tas":20,"vic":61},{"ts":"2013-10-09T22:30:00Z","nsw":233,"qld":519,"sa":35,"tas":18,"vic":54,"wa":22},{"ts":"2013-10-09T22:40:00Z","nsw":263,"qld":552,"sa":35,"tas":18,"vic":60},{"ts":"2013-10-09T22:50:00Z","nsw":281,"qld":568,"sa":36,"tas":16,"vic":51},{"ts":"2013-10-09T23:00:00Z","nsw":287,"qld":581,"sa":37,"tas":17,"vic":51,"wa":44},{"ts":"2013-10-09T23:10:00Z","nsw":301,"qld":611,"sa":38,"tas":17,"vic":50},{"ts":"2013-10-09T23:20:00Z","nsw":315,"qld":628,"sa":33,"tas":19,"vic":58},{"ts":"2013-10-09T23:30:00Z","nsw":338,"qld":637,"sa":42,"tas":21,"vic":56,"wa":80},{"ts":"2013-10-09T23:40:00Z","nsw":368,"qld":661,"sa":43,"tas":21,"vic":57},{"ts":"2013-10-09T23:50:00Z","nsw":391,"qld":671,"sa":32,"tas":20,"vic":56},{"ts":"2013-10-10T00:00:00Z","nsw":389,"qld":679,"sa":46,"tas":19,"vic":51,"wa":120},{"ts":"2013-10-10T00:10:00Z","nsw":386,"qld":693,"sa":51,"tas":20,"vic":48},{"ts":"2013-10-10T00:20:00Z","nsw":387,"qld":711,"sa":44,"tas":24,"vic":53},{"ts":"2013-10-10T00:30:00Z","nsw":383,"qld":705,"sa":50,"tas":19,"vic":53,"wa":146},{"ts":"2013-10-10T00:40:00Z","nsw":388,"qld":723,"sa":60,"tas":25,"vic":49},{"ts":"2013-10-10T00:50:00Z","nsw":387,"qld":730,"sa":61,"tas":25,"vic":49},{"ts":"2013-10-10T01:00:00Z","nsw":397,"qld":735,"sa":63,"tas":24,"vic":56,"wa":177},{"ts":"2013-10-10T01:10:00Z","nsw":391,"qld":729,"sa":57,"tas":26,"vic":50},{"ts":"2013-10-10T01:20:00Z","nsw":407,"qld":732,"sa":58,"tas":26,"vic":59},{"ts":"2013-10-10T01:30:00Z","nsw":406,"qld":736,"sa":57,"tas":28,"vic":64,"wa":171},{"ts":"2013-10-10T01:40:00Z","nsw":415,"qld":738,"sa":53,"tas":30,"vic":60},{"ts":"2013-10-10T01:50:00Z","nsw":411,"qld":739,"sa":63,"tas":30,"vic":58},{"ts":"2013-10-10T02:00:00Z","nsw":431,"qld":738,"sa":58,"tas":34,"vic":66,"wa":184},{"ts":"2013-10-10T02:10:00Z","nsw":414,"qld":731,"sa":59,"tas":35,"vic":54},{"ts":"2013-10-10T02:20:00Z","nsw":424,"qld":732,"sa":57,"tas":36,"vic":64},{"ts":"2013-10-10T02:30:00Z","nsw":422,"qld":724,"sa":54,"tas":33,"vic":63,"wa":196},{"ts":"2013-10-10T02:40:00Z","nsw":416,"qld":717,"sa":57,"tas":32,"vic":57},{"ts":"2013-10-10T02:50:00Z","nsw":428,"qld":715,"sa":67,"tas":30,"vic":56},{"ts":"2013-10-10T03:00:00Z","nsw":425,"qld":701,"sa":57,"tas":30,"vic":57,"wa":199},{"ts":"2013-10-10T03:10:00Z","nsw":408,"qld":691,"sa":55,"tas":30,"vic":52},{"ts":"2013-10-10T03:20:00Z","nsw":401,"qld":688,"sa":62,"tas":26,"vic":57},{"ts":"2013-10-10T03:30:00Z","nsw":403,"qld":671,"sa":68,"tas":27,"vic":56,"wa":198},{"ts":"2013-10-10T03:40:00Z","nsw":382,"qld":658,"sa":62,"tas":35,"vic":47},{"ts":"2013-10-10T03:50:00Z","nsw":381,"qld":645,"sa":68,"tas":33,"vic":46},{"ts":"2013-10-10T04:00:00Z","nsw":370,"qld":627,"sa":52,"tas":33,"vic":50,"wa":240},{"ts":"2013-10-10T04:10:00Z","nsw":342,"qld":602,"sa":50,"tas":28,"vic":45},{"ts":"2013-10-10T04:20:00Z","nsw":331,"qld":581,"sa":61,"tas":27,"vic":44},{"ts":"2013-10-10T04:30:00Z","nsw":309,"qld":558,"sa":91,"tas":27,"vic":43,"wa":238},{"ts":"2013-10-10T04:40:00Z","nsw":298,"qld":533,"sa":90,"tas":25,"vic":39},{"ts":"2013-10-10T04:50:00Z","nsw":279,"qld":505,"sa":118,"tas":24,"vic":39},{"ts":"2013-10-10T05:00:00Z","nsw":269,"qld":479,"sa":121,"tas":26,"vic":39,"wa":243},{"ts":"2013-10-10T05:10:00Z","nsw":245,"qld":447,"sa":117,"tas":25,"vic":39},{"ts":"2013-10-10T05:20:00Z","nsw":232,"qld":416,"sa":109,"tas":25,"vic":36},{"ts":"2013-10-10T05:30:00Z","nsw":211,"qld":379,"sa":120,"tas":19,"vic":32,"wa":238},{"ts":"2013-10-10T05:40:00Z","nsw":196,"qld":340,"sa":88,"tas":19,"vic":29},{"ts":"2013-10-10T05:50:00Z","nsw":173,"qld":307,"sa":102,"tas":16,"vic":30},{"ts":"2013-10-10T06:00:00Z","nsw":151,"qld":271,"sa":77,"tas":15,"vic":30,"wa":235},{"ts":"2013-10-10T06:10:00Z","nsw":126,"qld":239,"sa":73,"tas":12,"vic":29},{"ts":"2013-10-10T06:20:00Z","nsw":108,"qld":206,"sa":82,"tas":12,"vic":26},{"ts":"2013-10-10T06:30:00Z","nsw":85,"qld":175,"sa":83,"tas":10,"vic":23,"wa":218},{"ts":"2013-10-10T06:40:00Z","nsw":75,"qld":145,"sa":85,"tas":8,"vic":22},{"ts":"2013-10-10T06:50:00Z","nsw":63,"qld":112,"sa":88,"tas":6,"vic":20},{"ts":"2013-10-10T07:00:00Z","nsw":49,"qld":88,"sa":84,"tas":5,"vic":18,"wa":199},{"ts":"2013-10-10T07:10:00Z","nsw":37,"qld":63,"sa":82,"tas":3,"vic":17},{"ts":"2013-10-10T07:20:00Z","nsw":31,"qld":42,"sa":62,"tas":3,"vic":14},{"ts":"2013-10-10T07:30:00Z","nsw":22,"qld":27,"sa":61,"tas":2,"vic":11,"wa":170},{"ts":"2013-10-10T07:40:00Z","nsw":14,"qld":14,"sa":52,"tas":2,"vic":9},{"ts":"2013-10-10T07:50:00Z","nsw":9,"qld":6,"sa":45,"tas":1,"vic":7},{"ts":"2013-10-10T08:00:00Z","nsw":5,"qld":5,"sa":37,"tas":0,"vic":4,"wa":136},{"ts":"2013-10-10T08:10:00Z","nsw":4,"qld":3,"sa":28,"tas":0,"vic":3},{"ts":"2013-10-10T08:20:00Z","nsw":3,"qld":2,"sa":17,"tas":0,"vic":3},{"ts":"2013-10-10T08:30:00Z","nsw":3,"qld":2,"sa":12,"tas":0,"vic":3,"wa":102},{"ts":"2013-10-10T08:40:00Z","nsw":3,"qld":2,"sa":7,"tas":0,"vic":3},{"ts":"2013-10-10T08:50:00Z","nsw":3,"qld":3,"sa":3,"tas":0,"vic":3},{"ts":"2013-10-10T09:00:00Z","nsw":5,"qld":2,"sa":1,"tas":0,"vic":2,"wa":66},{"ts":"2013-10-10T09:10:00Z","nsw":4,"qld":2,"sa":1,"tas":0,"vic":1},{"ts":"2013-10-10T09:20:00Z","nsw":4,"qld":2,"sa":1,"tas":0,"vic":1},{"ts":"2013-10-10T09:30:00Z","nsw":5,"qld":2,"sa":1,"tas":0,"vic":1,"wa":35},{"ts":"2013-10-10T09:40:00Z","nsw":4,"qld":3,"sa":0,"tas":0,"vic":0},{"ts":"2013-10-10T09:50:00Z","nsw":4,"qld":2,"sa":0,"tas":0,"vic":1},{"ts":"2013-10-10T10:00:00Z","nsw":4,"qld":2,"sa":0,"tas":0,"vic":0,"wa":10},{"ts":"2013-10-10T10:10:00Z","nsw":4,"qld":2,"sa":0,"tas":0,"vic":1},{"ts":"2013-10-10T10:20:00Z","nsw":4,"qld":2,"sa":0,"tas":0,"vic":1},{"ts":"2013-10-10T10:30:00Z","nsw":4,"qld":2,"sa":4,"tas":0,"vic":0,"wa":1},{"ts":"2013-10-10T10:40:00Z","nsw":3,"qld":2,"sa":0,"tas":0,"vic":0},{"ts":"2013-10-10T10:50:00Z","nsw":3,"qld":2,"sa":4,"tas":0,"vic":0},{"ts":"2013-10-10T11:00:00Z","nsw":3,"qld":2,"sa":0,"tas":0,"vic":1,"wa":1},{"ts":"2013-10-10T11:10:00Z","nsw":3,"qld":2,"sa":4,"tas":0,"vic":1},{"ts":"2013-10-10T11:20:00Z","nsw":3,"qld":8,"sa":0,"tas":0,"vic":1},{"ts":"2013-10-10T11:30:00Z","nsw":8,"qld":5,"sa":4,"tas":0,"vic":0,"wa":1},{"ts":"2013-10-10T11:40:00Z","nsw":3,"qld":11,"sa":4,"tas":0,"vic":2},{"ts":"2013-10-10T11:50:00Z","nsw":2,"qld":3,"sa":0,"tas":0,"vic":0}]} 