{"performance":[{"ts":"2013-12-19T17:00:00Z","nsw":"0.28","nt":"0.00","qld":"0.15","sa":"0.15","tas":"0.06","vic":"0.16","wa":"0.16"},{"ts":"2013-12-19T17:10:00Z","nsw":"0.43","nt":"0.00","qld":"0.16","sa":"0.14","tas":"0.06","vic":"0.16","wa":"0.16"},{"ts":"2013-12-19T17:20:00Z","nsw":"0.44","nt":"0.00","qld":"0.17","sa":"0.13","tas":"0.06","vic":"0.17","wa":"0.17"},{"ts":"2013-12-19T17:30:00Z","nsw":"0.40","nt":"0.00","qld":"0.17","sa":"0.15","tas":"0.06","vic":"0.28","wa":"0.18"},{"ts":"2013-12-19T17:40:00Z","nsw":"0.43","nt":"0.00","qld":"0.16","sa":"0.20","tas":"0.06","vic":"0.18","wa":"0.16"},{"ts":"2013-12-19T17:50:00Z","nsw":"0.42","nt":"0.00","qld":"0.15","sa":"0.14","tas":"0.06","vic":"0.19","wa":"0.16"},{"ts":"2013-12-19T18:00:00Z","nsw":"0.42","nt":"0.00","qld":"0.15","sa":"0.15","tas":"0.06","vic":"0.17","wa":"0.15"},{"ts":"2013-12-19T18:10:00Z","nsw":"0.41","nt":"0.00","qld":"0.15","sa":"0.15","tas":"0.07","vic":"0.16","wa":"0.16"},{"ts":"2013-12-19T18:20:00Z","nsw":"0.42","nt":"0.00","qld":"0.18","sa":"0.14","tas":"0.06","vic":"0.33","wa":"0.16"},{"ts":"2013-12-19T18:30:00Z","nsw":"0.40","nt":"0.00","qld":"0.17","sa":"0.20","tas":"0.06","vic":"0.16","wa":"0.16"},{"ts":"2013-12-19T18:40:00Z","nsw":"0.43","nt":"0.00","qld":"0.08","sa":"0.21","tas":"0.06","vic":"0.27","wa":"0.15"},{"ts":"2013-12-19T18:50:00Z","nsw":"0.60","nt":"0.00","qld":"0.10","sa":"0.18","tas":"0.06","vic":"0.24","wa":"0.17"},{"ts":"2013-12-19T19:00:00Z","nsw":"1.10","nt":"0.00","qld":"0.56","sa":"0.13","tas":"0.59","vic":"0.27","wa":"0.16"},{"ts":"2013-12-19T19:10:00Z","nsw":"1.80","nt":"0.00","qld":"1.40","sa":"0.13","tas":"1.15","vic":"0.68","wa":"0.17"},{"ts":"2013-12-19T19:20:00Z","nsw":"2.34","nt":"0.00","qld":"2.54","sa":"0.12","tas":"2.06","vic":"1.29","wa":"0.17"},{"ts":"2013-12-19T19:30:00Z","nsw":"3.13","nt":"0.00","qld":"3.95","sa":"0.16","tas":"1.80","vic":"2.02","wa":"0.16"},{"ts":"2013-12-19T19:40:00Z","nsw":"4.55","nt":"0.00","qld":"5.52","sa":"0.46","tas":"2.08","vic":"2.56","wa":"0.17"},{"ts":"2013-12-19T19:50:00Z","nsw":"5.62","nt":"0.00","qld":"7.26","sa":"1.18","tas":"2.80","vic":"3.01","wa":"0.16"},{"ts":"2013-12-19T20:00:00Z","nsw":"7.19","nt":"0.00","qld":"8.98","sa":"1.82","tas":"3.63","vic":"4.52","wa":"0.15"},{"ts":"2013-12-19T20:10:00Z","nsw":"8.97","nt":"0.00","qld":"10.43","sa":"2.69","tas":"4.94","vic":"5.86","wa":"0.17"},{"ts":"2013-12-19T20:20:00Z","nsw":"9.72","nt":"0.00","qld":"13.52","sa":"3.54","tas":"5.88","vic":"6.94","wa":"0.16"},{"ts":"2013-12-19T20:30:00Z","nsw":"11.18","nt":"0.00","qld":"15.85","sa":"4.78","tas":"6.66","vic":"7.86","wa":"0.16"},{"ts":"2013-12-19T20:40:00Z","nsw":"13.35","nt":"0.00","qld":"18.75","sa":"6.07","tas":"7.46","vic":"10.18","wa":"0.15"},{"ts":"2013-12-19T20:50:00Z","nsw":"14.43","nt":"0.00","qld":"21.02","sa":"7.69","tas":"9.32","vic":"12.28","wa":"0.16"},{"ts":"2013-12-19T21:00:00Z","nsw":"17.62","nt":"0.00","qld":"23.71","sa":"8.87","tas":"11.31","vic":"15.28","wa":"0.14"},{"ts":"2013-12-19T21:10:00Z","nsw":"19.81","nt":"0.39","qld":"26.08","sa":"10.64","tas":"13.57","vic":"18.08","wa":"0.18"},{"ts":"2013-12-19T21:20:00Z","nsw":"21.50","nt":"0.69","qld":"30.35","sa":"12.62","tas":"16.89","vic":"20.88","wa":"0.57"},{"ts":"2013-12-19T21:30:00Z","nsw":"24.14","nt":"1.85","qld":"31.42","sa":"14.89","tas":"16.66","vic":"23.30","wa":"1.26"},{"ts":"2013-12-19T21:40:00Z","nsw":"28.41","nt":"3.70","qld":"34.68","sa":"18.03","tas":"16.70","vic":"26.88","wa":"2.16"},{"ts":"2013-12-19T21:50:00Z","nsw":"27.95","nt":"3.90","qld":"35.87","sa":"20.62","tas":"20.86","vic":"29.25","wa":"3.11"},{"ts":"2013-12-19T22:00:00Z","nsw":"32.63","nt":"5.07","qld":"37.94","sa":"22.82","tas":"21.90","vic":"32.72","wa":"4.73"},{"ts":"2013-12-19T22:10:00Z","nsw":"35.57","nt":"7.91","qld":"39.14","sa":"24.75","tas":"24.87","vic":"34.96","wa":"6.28"},{"ts":"2013-12-19T22:20:00Z","nsw":"37.56","nt":"7.85","qld":"41.73","sa":"27.61","tas":"26.80","vic":"38.26","wa":"7.36"},{"ts":"2013-12-19T22:30:00Z","nsw":"39.34","nt":"10.11","qld":"43.62","sa":"31.34","tas":"26.96","vic":"40.80","wa":"8.99"},{"ts":"2013-12-19T22:40:00Z","nsw":"44.04","nt":"15.60","qld":"45.77","sa":"32.93","tas":"24.68","vic":"43.35","wa":"11.00"},{"ts":"2013-12-19T22:50:00Z","nsw":"44.15","nt":"13.53","qld":"46.22","sa":"35.53","tas":"27.91","vic":"45.42","wa":"13.16"},{"ts":"2013-12-19T23:00:00Z","nsw":"48.21","nt":"16.75","qld":"47.63","sa":"38.44","tas":"31.77","vic":"48.40","wa":"17.10"},{"ts":"2013-12-19T23:10:00Z","nsw":"51.41","nt":"24.75","qld":"43.43","sa":"40.58","tas":"32.96","vic":"49.70","wa":"18.92"},{"ts":"2013-12-19T23:20:00Z","nsw":"50.77","nt":"24.23","qld":"50.22","sa":"43.63","tas":"34.30","vic":"52.87","wa":"22.76"},{"ts":"2013-12-19T23:30:00Z","nsw":"51.30","nt":"27.56","qld":"51.57","sa":"47.10","tas":"33.38","vic":"54.35","wa":"25.20"},{"ts":"2013-12-19T23:40:00Z","nsw":"56.65","nt":"37.48","qld":"53.92","sa":"49.81","tas":"38.14","vic":"57.06","wa":"28.71"},{"ts":"2013-12-19T23:50:00Z","nsw":"54.39","nt":"33.41","qld":"55.37","sa":"51.96","tas":"36.27","vic":"58.02","wa":"32.91"},{"ts":"2013-12-20T00:00:00Z","nsw":"56.45","nt":"32.34","qld":"56.40","sa":"53.49","tas":"35.07","vic":"60.74","wa":"36.53"},{"ts":"2013-12-20T00:10:00Z","nsw":"57.10","nt":"35.64","qld":"55.28","sa":"55.62","tas":"32.64","vic":"61.05","wa":"38.58"},{"ts":"2013-12-20T00:20:00Z","nsw":"58.08","nt":"34.39","qld":"59.79","sa":"57.21","tas":"34.20","vic":"62.88","wa":"41.45"},{"ts":"2013-12-20T00:30:00Z","nsw":"60.37","nt":"41.27","qld":"58.88","sa":"57.88","tas":"29.38","vic":"63.79","wa":"45.27"},{"ts":"2013-12-20T00:40:00Z","nsw":"62.64","nt":"49.43","qld":"61.62","sa":"59.15","tas":"30.71","vic":"65.62","wa":"48.29"},{"ts":"2013-12-20T00:50:00Z","nsw":"62.66","nt":"38.94","qld":"61.50","sa":"62.02","tas":"25.86","vic":"65.32","wa":"50.66"},{"ts":"2013-12-20T01:00:00Z","nsw":"61.80","nt":"51.56","qld":"61.02","sa":"64.22","tas":"24.12","vic":"67.79","wa":"54.42"},{"ts":"2013-12-20T01:10:00Z","nsw":"62.23","nt":"60.31","qld":"61.01","sa":"64.45","tas":"22.93","vic":"68.05","wa":"55.23"},{"ts":"2013-12-20T01:20:00Z","nsw":"61.26","nt":"58.64","qld":"61.75","sa":"65.51","tas":"23.84","vic":"68.45","wa":"58.88"},{"ts":"2013-12-20T01:30:00Z","nsw":"60.60","nt":"63.80","qld":"62.58","sa":"65.77","tas":"19.16","vic":"67.97","wa":"61.69"},{"ts":"2013-12-20T01:40:00Z","nsw":"62.06","nt":"50.81","qld":"63.73","sa":"66.00","tas":"19.94","vic":"69.21","wa":"62.42"},{"ts":"2013-12-20T01:50:00Z","nsw":"60.04","nt":"64.67","qld":"63.04","sa":"65.79","tas":"24.90","vic":"69.55","wa":"64.59"},{"ts":"2013-12-20T02:00:00Z","nsw":"60.72","nt":"68.67","qld":"64.83","sa":"68.66","tas":"23.12","vic":"70.35","wa":"68.05"},{"ts":"2013-12-20T02:10:00Z","nsw":"61.30","nt":"57.20","qld":"65.80","sa":"68.60","tas":"25.55","vic":"70.01","wa":"65.35"},{"ts":"2013-12-20T02:20:00Z","nsw":"60.34","nt":"56.05","qld":"68.04","sa":"68.76","tas":"24.31","vic":"70.82","wa":"67.30"},{"ts":"2013-12-20T02:30:00Z","nsw":"59.70","nt":"47.93","qld":"65.82","sa":"68.99","tas":"23.09","vic":"68.35","wa":"65.52"},{"ts":"2013-12-20T02:40:00Z","nsw":"60.80","nt":"60.57","qld":"67.06","sa":"60.45","tas":"25.53","vic":"70.02","wa":"68.31"},{"ts":"2013-12-20T02:50:00Z","nsw":"57.16","nt":"54.71","qld":"66.50","sa":"58.71","tas":"24.17","vic":"67.72","wa":"68.13"},{"ts":"2013-12-20T03:00:00Z","nsw":"58.44","nt":"45.95","qld":"67.21","sa":"60.42","tas":"23.93","vic":"67.26","wa":"71.40"},{"ts":"2013-12-20T03:10:00Z","nsw":"58.43","nt":"49.80","qld":"65.40","sa":"60.28","tas":"25.37","vic":"63.87","wa":"67.93"},{"ts":"2013-12-20T03:20:00Z","nsw":"55.71","nt":"29.22","qld":"64.74","sa":"60.30","tas":"27.49","vic":"63.45","wa":"71.94"},{"ts":"2013-12-20T03:30:00Z","nsw":"52.25","nt":"41.53","qld":"63.59","sa":"62.38","tas":"23.71","vic":"60.66","wa":"69.11"},{"ts":"2013-12-20T03:40:00Z","nsw":"50.61","nt":"72.35","qld":"63.61","sa":"55.80","tas":"20.09","vic":"64.45","wa":"70.73"},{"ts":"2013-12-20T03:50:00Z","nsw":"48.40","nt":"41.91","qld":"63.15","sa":"59.31","tas":"16.79","vic":"59.39","wa":"70.94"},{"ts":"2013-12-20T04:00:00Z","nsw":"46.45","nt":"44.18","qld":"62.45","sa":"60.35","tas":"12.63","vic":"58.19","wa":"72.34"},{"ts":"2013-12-20T04:10:00Z","nsw":"40.48","nt":"30.46","qld":"61.87","sa":"63.56","tas":"10.08","vic":"55.39","wa":"70.72"},{"ts":"2013-12-20T04:20:00Z","nsw":"42.54","nt":"51.38","qld":"60.98","sa":"62.31","tas":"9.03","vic":"49.68","wa":"71.53"},{"ts":"2013-12-20T04:30:00Z","nsw":"39.82","nt":"55.01","qld":"58.26","sa":"62.09","tas":"6.17","vic":"48.48","wa":"71.77"},{"ts":"2013-12-20T04:40:00Z","nsw":"38.36","nt":"59.77","qld":"58.15","sa":"62.77","tas":"5.14","vic":"47.65","wa":"73.33"},{"ts":"2013-12-20T04:50:00Z","nsw":"39.06","nt":"44.62","qld":"54.73","sa":"58.12","tas":"5.19","vic":"43.17","wa":"74.69"},{"ts":"2013-12-20T05:00:00Z","nsw":"39.67","nt":"51.82","qld":"53.37","sa":"58.78","tas":"6.85","vic":"45.77","wa":"72.05"},{"ts":"2013-12-20T05:10:00Z","nsw":"33.82","nt":"31.15","qld":"50.27","sa":"60.17","tas":"7.37","vic":"42.45","wa":"73.77"},{"ts":"2013-12-20T05:20:00Z","nsw":"34.93","nt":"61.98","qld":"48.79","sa":"58.02","tas":"6.70","vic":"41.19","wa":"73.99"},{"ts":"2013-12-20T05:30:00Z","nsw":"32.03","nt":"59.75","qld":"45.48","sa":"56.23","tas":"4.82","vic":"36.93","wa":"69.33"},{"ts":"2013-12-20T05:40:00Z","nsw":"30.97","nt":"36.33","qld":"42.71","sa":"55.11","tas":"6.65","vic":"34.33","wa":"70.32"},{"ts":"2013-12-20T05:50:00Z","nsw":"31.83","nt":"31.06","qld":"39.63","sa":"52.33","tas":"6.53","vic":"27.90","wa":"70.02"},{"ts":"2013-12-20T06:00:00Z","nsw":"28.96","nt":"36.21","qld":"36.28","sa":"48.32","tas":"9.36","vic":"28.74","wa":"69.61"},{"ts":"2013-12-20T06:10:00Z","nsw":"27.37","nt":"44.24","qld":"33.01","sa":"44.23","tas":"11.58","vic":"23.96","wa":"67.96"},{"ts":"2013-12-20T06:20:00Z","nsw":"26.36","nt":"33.40","qld":"29.96","sa":"41.79","tas":"10.34","vic":"19.40","wa":"68.74"},{"ts":"2013-12-20T06:30:00Z","nsw":"21.69","nt":"31.91","qld":"26.70","sa":"35.67","tas":"8.37","vic":"17.17","wa":"65.19"},{"ts":"2013-12-20T06:40:00Z","nsw":"19.21","nt":"47.87","qld":"23.47","sa":"33.07","tas":"8.74","vic":"19.34","wa":"63.47"},{"ts":"2013-12-20T06:50:00Z","nsw":"15.84","nt":"37.08","qld":"20.45","sa":"30.98","tas":"8.46","vic":"19.00","wa":"63.13"},{"ts":"2013-12-20T07:00:00Z","nsw":"15.70","nt":"36.73","qld":"17.61","sa":"24.88","tas":"8.92","vic":"16.76","wa":"61.40"},{"ts":"2013-12-20T07:10:00Z","nsw":"14.83","nt":"30.94","qld":"14.88","sa":"23.46","tas":"8.64","vic":"15.54","wa":"59.92"},{"ts":"2013-12-20T07:20:00Z","nsw":"11.96","nt":"25.19","qld":"12.59","sa":"23.24","tas":"8.14","vic":"14.26","wa":"56.55"},{"ts":"2013-12-20T07:30:00Z","nsw":"9.96","nt":"18.60","qld":"10.09","sa":"22.18","tas":"7.07","vic":"12.37","wa":"54.35"},{"ts":"2013-12-20T07:40:00Z","nsw":"8.13","nt":"21.07","qld":"7.92","sa":"21.84","tas":"6.79","vic":"11.68","wa":"52.28"},{"ts":"2013-12-20T07:50:00Z","nsw":"6.89","nt":"20.02","qld":"6.12","sa":"22.89","tas":"6.01","vic":"11.57","wa":"47.58"},{"ts":"2013-12-20T08:00:00Z","nsw":"5.16","nt":"16.54","qld":"4.49","sa":"20.38","tas":"4.80","vic":"9.85","wa":"48.72"},{"ts":"2013-12-20T08:10:00Z","nsw":"5.05","nt":"14.85","qld":"2.88","sa":"19.13","tas":"4.71","vic":"7.80","wa":"44.05"},{"ts":"2013-12-20T08:20:00Z","nsw":"3.87","nt":"9.19","qld":"1.83","sa":"14.46","tas":"3.93","vic":"6.52","wa":"40.65"},{"ts":"2013-12-20T08:30:00Z","nsw":"3.30","nt":"6.96","qld":"0.96","sa":"14.14","tas":"3.52","vic":"5.40","wa":"37.62"},{"ts":"2013-12-20T08:40:00Z","nsw":"2.89","nt":"4.33","qld":"0.46","sa":"10.82","tas":"3.06","vic":"4.17","wa":"36.99"},{"ts":"2013-12-20T08:50:00Z","nsw":"1.90","nt":"4.40","qld":"0.40","sa":"8.09","tas":"2.24","vic":"2.45","wa":"32.40"},{"ts":"2013-12-20T09:00:00Z","nsw":"1.64","nt":"3.38","qld":"0.39","sa":"6.07","tas":"1.36","vic":"1.64","wa":"28.53"},{"ts":"2013-12-20T09:10:00Z","nsw":"1.82","nt":"1.99","qld":"0.32","sa":"3.31","tas":"0.98","vic":"1.29","wa":"25.34"},{"ts":"2013-12-20T09:20:00Z","nsw":"1.77","nt":"1.76","qld":"0.38","sa":"1.67","tas":"0.49","vic":"0.97","wa":"22.64"},{"ts":"2013-12-20T09:30:00Z","nsw":"1.79","nt":"0.69","qld":"0.36","sa":"0.85","tas":"0.31","vic":"0.69","wa":"19.79"},{"ts":"2013-12-20T09:40:00Z","nsw":"1.66","nt":"0.38","qld":"0.39","sa":"0.46","tas":"0.14","vic":"0.93","wa":"17.55"},{"ts":"2013-12-20T09:50:00Z","nsw":"1.69","nt":"0.35","qld":"0.36","sa":"0.30","tas":"0.15","vic":"0.78","wa":"14.06"},{"ts":"2013-12-20T10:00:00Z","nsw":"1.82","nt":"0.38","qld":"0.38","sa":"0.23","tas":"0.12","vic":"0.79","wa":"11.39"},{"ts":"2013-12-20T10:10:00Z","nsw":"1.48","nt":"0.38","qld":"0.39","sa":"0.24","tas":"0.11","vic":"0.78","wa":"8.69"},{"ts":"2013-12-20T10:20:00Z","nsw":"1.51","nt":"0.33","qld":"0.37","sa":"0.21","tas":"0.10","vic":"0.53","wa":"7.45"},{"ts":"2013-12-20T10:30:00Z","nsw":"1.79","nt":"0.33","qld":"0.37","sa":"0.20","tas":"0.10","vic":"0.62","wa":"6.10"},{"ts":"2013-12-20T10:40:00Z","nsw":"1.58","nt":"0.33","qld":"0.36","sa":"0.17","tas":"0.10","vic":"0.71","wa":"4.55"},{"ts":"2013-12-20T10:50:00Z","nsw":"1.24","nt":"0.33","qld":"0.36","sa":"0.18","tas":"0.09","vic":"0.62","wa":"3.15"},{"ts":"2013-12-20T11:00:00Z","nsw":"1.55","nt":"0.33","qld":"0.37","sa":"0.17","tas":"0.10","vic":"0.55","wa":"1.37"},{"ts":"2013-12-20T11:10:00Z","nsw":"1.51","nt":"0.33","qld":"0.38","sa":"0.17","tas":"0.10","vic":"0.52","wa":"0.73"},{"ts":"2013-12-20T11:20:00Z","nsw":"1.57","nt":"0.33","qld":"0.37","sa":"0.18","tas":"0.10","vic":"0.58","wa":"0.42"},{"ts":"2013-12-20T11:30:00Z","nsw":"1.56","nt":"0.33","qld":"0.36","sa":"0.17","tas":"0.10","vic":"0.58","wa":"0.28"},{"ts":"2013-12-20T11:40:00Z","nsw":"1.55","nt":"0.33","qld":"0.36","sa":"0.17","tas":"0.10","vic":"0.65","wa":"0.35"},{"ts":"2013-12-20T11:50:00Z","nsw":"1.36","nt":"0.33","qld":"0.38","sa":"0.17","tas":"0.32","vic":"0.64","wa":"0.44"}],"contribution":[{"ts":"2013-12-19T17:00:00Z","nsw":"0.03","qld":"0.03","sa":"0.04","tas":"0.00","vic":"0.02","wa":"0.03"},{"ts":"2013-12-19T17:10:00Z","nsw":"0.05","qld":"0.03","sa":"0.04","tas":"0.00","vic":"0.02","wa":"0.03"},{"ts":"2013-12-19T17:20:00Z","nsw":"0.05","qld":"0.04","sa":"0.04","tas":"0.00","vic":"0.02","wa":"0.03"},{"ts":"2013-12-19T17:30:00Z","nsw":"0.04","qld":"0.04","sa":"0.04","tas":"0.00","vic":"0.03","wa":"0.04"},{"ts":"2013-12-19T17:40:00Z","nsw":"0.05","qld":"0.03","sa":"0.06","tas":"0.00","vic":"0.02","wa":"0.03"},{"ts":"2013-12-19T17:50:00Z","nsw":"0.04","qld":"0.03","sa":"0.04","tas":"0.00","vic":"0.02","wa":"0.03"},{"ts":"2013-12-19T18:00:00Z","nsw":"0.04","qld":"0.03","sa":"0.04","tas":"0.00","vic":"0.02","wa":"0.03"},{"ts":"2013-12-19T18:10:00Z","nsw":"0.04","qld":"0.03","sa":"0.05","tas":"0.00","vic":"0.02","wa":"0.03"},{"ts":"2013-12-19T18:20:00Z","nsw":"0.04","qld":"0.04","sa":"0.04","tas":"0.00","vic":"0.04","wa":"0.03"},{"ts":"2013-12-19T18:30:00Z","nsw":"0.04","qld":"0.04","sa":"0.06","tas":"0.00","vic":"0.02","wa":"0.03"},{"ts":"2013-12-19T18:40:00Z","nsw":"0.04","qld":"0.02","sa":"0.06","tas":"0.00","vic":"0.03","wa":"0.03"},{"ts":"2013-12-19T18:50:00Z","nsw":"0.06","qld":"0.02","sa":"0.05","tas":"0.00","vic":"0.03","wa":"0.03"},{"ts":"2013-12-19T19:00:00Z","nsw":"0.11","qld":"0.11","sa":"0.04","tas":"0.03","vic":"0.03","wa":"0.03"},{"ts":"2013-12-19T19:10:00Z","nsw":"0.17","qld":"0.27","sa":"0.04","tas":"0.06","vic":"0.07","wa":"0.04"},{"ts":"2013-12-19T19:20:00Z","nsw":"0.21","qld":"0.51","sa":"0.04","tas":"0.11","vic":"0.13","wa":"0.04"},{"ts":"2013-12-19T19:30:00Z","nsw":"0.28","qld":"0.77","sa":"0.05","tas":"0.10","vic":"0.20","wa":"0.03"},{"ts":"2013-12-19T19:40:00Z","nsw":"0.40","qld":"1.07","sa":"0.14","tas":"0.11","vic":"0.25","wa":"0.03"},{"ts":"2013-12-19T19:50:00Z","nsw":"0.48","qld":"1.39","sa":"0.34","tas":"0.14","vic":"0.28","wa":"0.03"},{"ts":"2013-12-19T20:00:00Z","nsw":"0.61","qld":"1.68","sa":"0.52","tas":"0.18","vic":"0.41","wa":"0.03"},{"ts":"2013-12-19T20:10:00Z","nsw":"0.74","qld":"1.93","sa":"0.76","tas":"0.25","vic":"0.51","wa":"0.03"},{"ts":"2013-12-19T20:20:00Z","nsw":"0.79","qld":"2.44","sa":"0.99","tas":"0.28","vic":"0.60","wa":"0.03"},{"ts":"2013-12-19T20:30:00Z","nsw":"0.89","qld":"2.79","sa":"1.30","tas":"0.32","vic":"0.66","wa":"0.03"},{"ts":"2013-12-19T20:40:00Z","nsw":"1.05","qld":"3.22","sa":"1.62","tas":"0.35","vic":"0.84","wa":"0.03"},{"ts":"2013-12-19T20:50:00Z","nsw":"1.11","qld":"3.64","sa":"1.96","tas":"0.43","vic":"0.99","wa":"0.03"},{"ts":"2013-12-19T21:00:00Z","nsw":"1.33","qld":"3.99","sa":"2.21","tas":"0.51","vic":"1.20","wa":"0.03"},{"ts":"2013-12-19T21:10:00Z","nsw":"1.47","qld":"4.27","sa":"2.61","tas":"0.61","vic":"1.43","wa":"0.04"},{"ts":"2013-12-19T21:20:00Z","nsw":"1.58","qld":"4.91","sa":"3.01","tas":"0.75","vic":"1.65","wa":"0.11"},{"ts":"2013-12-19T21:30:00Z","nsw":"1.76","qld":"5.02","sa":"3.49","tas":"0.73","vic":"1.81","wa":"0.25"},{"ts":"2013-12-19T21:40:00Z","nsw":"2.04","qld":"5.48","sa":"4.09","tas":"0.72","vic":"2.05","wa":"0.43"},{"ts":"2013-12-19T21:50:00Z","nsw":"2.00","qld":"5.68","sa":"4.56","tas":"0.89","vic":"2.20","wa":"0.60"},{"ts":"2013-12-19T22:00:00Z","nsw":"2.29","qld":"5.90","sa":"4.95","tas":"0.93","vic":"2.42","wa":"0.89"},{"ts":"2013-12-19T22:10:00Z","nsw":"2.45","qld":"5.99","sa":"5.36","tas":"1.06","vic":"2.57","wa":"1.16"},{"ts":"2013-12-19T22:20:00Z","nsw":"2.58","qld":"6.40","sa":"5.86","tas":"1.13","vic":"2.79","wa":"1.35"},{"ts":"2013-12-19T22:30:00Z","nsw":"2.64","qld":"6.66","sa":"6.42","tas":"1.15","vic":"2.97","wa":"1.56"},{"ts":"2013-12-19T22:40:00Z","nsw":"2.93","qld":"6.95","sa":"6.63","tas":"1.09","vic":"3.12","wa":"1.88"},{"ts":"2013-12-19T22:50:00Z","nsw":"2.92","qld":"7.01","sa":"7.06","tas":"1.25","vic":"3.25","wa":"2.23"},{"ts":"2013-12-19T23:00:00Z","nsw":"3.16","qld":"7.14","sa":"7.55","tas":"1.43","vic":"3.44","wa":"2.74"},{"ts":"2013-12-19T23:10:00Z","nsw":"3.34","qld":"6.55","sa":"7.92","tas":"1.51","vic":"3.52","wa":"2.98"},{"ts":"2013-12-19T23:20:00Z","nsw":"3.30","qld":"7.42","sa":"8.29","tas":"1.59","vic":"3.76","wa":"3.51"},{"ts":"2013-12-19T23:30:00Z","nsw":"3.30","qld":"7.67","sa":"8.99","tas":"1.57","vic":"3.84","wa":"3.93"},{"ts":"2013-12-19T23:40:00Z","nsw":"3.61","qld":"8.01","sa":"9.44","tas":"1.80","vic":"4.04","wa":"4.47"},{"ts":"2013-12-19T23:50:00Z","nsw":"3.42","qld":"8.11","sa":"9.74","tas":"1.68","vic":"4.07","wa":"5.11"},{"ts":"2013-12-20T00:00:00Z","nsw":"3.53","qld":"8.32","sa":"9.91","tas":"1.57","vic":"4.27","wa":"5.54"},{"ts":"2013-12-20T00:10:00Z","nsw":"3.54","qld":"8.22","sa":"10.43","tas":"1.46","vic":"4.26","wa":"5.81"},{"ts":"2013-12-20T00:20:00Z","nsw":"3.56","qld":"8.80","sa":"10.47","tas":"1.54","vic":"4.38","wa":"6.16"},{"ts":"2013-12-20T00:30:00Z","nsw":"3.69","qld":"8.69","sa":"10.68","tas":"1.34","vic":"4.44","wa":"6.63"},{"ts":"2013-12-20T00:40:00Z","nsw":"3.80","qld":"9.13","sa":"10.94","tas":"1.40","vic":"4.56","wa":"7.05"},{"ts":"2013-12-20T00:50:00Z","nsw":"3.76","qld":"8.96","sa":"11.31","tas":"1.21","vic":"4.53","wa":"7.41"},{"ts":"2013-12-20T01:00:00Z","nsw":"3.71","qld":"8.97","sa":"11.77","tas":"1.14","vic":"4.69","wa":"7.81"},{"ts":"2013-12-20T01:10:00Z","nsw":"3.70","qld":"9.06","sa":"11.88","tas":"1.10","vic":"4.75","wa":"7.91"},{"ts":"2013-12-20T01:20:00Z","nsw":"3.61","qld":"9.06","sa":"11.96","tas":"1.17","vic":"4.80","wa":"8.38"},{"ts":"2013-12-20T01:30:00Z","nsw":"3.58","qld":"9.20","sa":"12.05","tas":"0.93","vic":"4.81","wa":"8.68"},{"ts":"2013-12-20T01:40:00Z","nsw":"3.64","qld":"9.33","sa":"11.89","tas":"0.97","vic":"4.92","wa":"8.80"},{"ts":"2013-12-20T01:50:00Z","nsw":"3.50","qld":"9.24","sa":"11.75","tas":"1.23","vic":"4.97","wa":"9.08"},{"ts":"2013-12-20T02:00:00Z","nsw":"3.51","qld":"9.62","sa":"12.48","tas":"1.13","vic":"5.04","wa":"9.58"},{"ts":"2013-12-20T02:10:00Z","nsw":"3.51","qld":"9.76","sa":"12.49","tas":"1.27","vic":"5.02","wa":"9.17"},{"ts":"2013-12-20T02:20:00Z","nsw":"3.46","qld":"10.09","sa":"12.47","tas":"1.18","vic":"5.10","wa":"9.35"},{"ts":"2013-12-20T02:30:00Z","nsw":"3.41","qld":"9.80","sa":"12.70","tas":"1.13","vic":"4.97","wa":"9.21"},{"ts":"2013-12-20T02:40:00Z","nsw":"3.45","qld":"10.06","sa":"11.00","tas":"1.23","vic":"5.04","wa":"9.57"},{"ts":"2013-12-20T02:50:00Z","nsw":"3.24","qld":"9.87","sa":"10.70","tas":"1.17","vic":"4.85","wa":"9.55"},{"ts":"2013-12-20T03:00:00Z","nsw":"3.29","qld":"9.98","sa":"11.08","tas":"1.27","vic":"4.88","wa":"9.92"},{"ts":"2013-12-20T03:10:00Z","nsw":"3.29","qld":"9.71","sa":"10.98","tas":"1.21","vic":"4.71","wa":"9.48"},{"ts":"2013-12-20T03:20:00Z","nsw":"3.11","qld":"9.60","sa":"11.05","tas":"1.32","vic":"4.65","wa":"9.99"},{"ts":"2013-12-20T03:30:00Z","nsw":"2.91","qld":"9.36","sa":"11.44","tas":"1.17","vic":"4.46","wa":"9.67"},{"ts":"2013-12-20T03:40:00Z","nsw":"2.81","qld":"9.45","sa":"10.28","tas":"1.01","vic":"4.73","wa":"9.86"},{"ts":"2013-12-20T03:50:00Z","nsw":"2.67","qld":"9.31","sa":"10.78","tas":"0.89","vic":"4.44","wa":"9.89"},{"ts":"2013-12-20T04:00:00Z","nsw":"2.55","qld":"9.24","sa":"11.06","tas":"0.65","vic":"4.32","wa":"10.12"},{"ts":"2013-12-20T04:10:00Z","nsw":"2.23","qld":"9.13","sa":"11.69","tas":"0.51","vic":"4.14","wa":"9.90"},{"ts":"2013-12-20T04:20:00Z","nsw":"2.32","qld":"9.05","sa":"11.59","tas":"0.45","vic":"3.78","wa":"10.00"},{"ts":"2013-12-20T04:30:00Z","nsw":"2.18","qld":"8.55","sa":"11.76","tas":"0.31","vic":"3.70","wa":"10.05"},{"ts":"2013-12-20T04:40:00Z","nsw":"2.10","qld":"8.52","sa":"12.11","tas":"0.26","vic":"3.63","wa":"10.28"},{"ts":"2013-12-20T04:50:00Z","nsw":"2.14","qld":"8.06","sa":"11.17","tas":"0.25","vic":"3.30","wa":"10.45"},{"ts":"2013-12-20T05:00:00Z","nsw":"2.16","qld":"7.84","sa":"11.38","tas":"0.33","vic":"3.54","wa":"10.14"},{"ts":"2013-12-20T05:10:00Z","nsw":"1.84","qld":"7.35","sa":"11.87","tas":"0.35","vic":"3.27","wa":"10.35"},{"ts":"2013-12-20T05:20:00Z","nsw":"1.90","qld":"7.08","sa":"11.58","tas":"0.31","vic":"3.20","wa":"10.37"},{"ts":"2013-12-20T05:30:00Z","nsw":"1.74","qld":"6.68","sa":"11.27","tas":"0.22","vic":"2.88","wa":"9.77"},{"ts":"2013-12-20T05:40:00Z","nsw":"1.68","qld":"6.30","sa":"11.06","tas":"0.29","vic":"2.70","wa":"9.87"},{"ts":"2013-12-20T05:50:00Z","nsw":"1.72","qld":"5.81","sa":"10.54","tas":"0.29","vic":"2.22","wa":"9.81"},{"ts":"2013-12-20T06:00:00Z","nsw":"1.57","qld":"5.29","sa":"9.82","tas":"0.42","vic":"2.31","wa":"9.62"},{"ts":"2013-12-20T06:10:00Z","nsw":"1.49","qld":"4.76","sa":"9.00","tas":"0.52","vic":"1.94","wa":"9.42"},{"ts":"2013-12-20T06:20:00Z","nsw":"1.42","qld":"4.33","sa":"8.78","tas":"0.47","vic":"1.59","wa":"9.50"},{"ts":"2013-12-20T06:30:00Z","nsw":"1.18","qld":"3.85","sa":"7.56","tas":"0.38","vic":"1.42","wa":"9.00"},{"ts":"2013-12-20T06:40:00Z","nsw":"1.04","qld":"3.40","sa":"7.04","tas":"0.40","vic":"1.60","wa":"8.78"},{"ts":"2013-12-20T06:50:00Z","nsw":"0.87","qld":"2.97","sa":"6.75","tas":"0.39","vic":"1.58","wa":"8.72"},{"ts":"2013-12-20T07:00:00Z","nsw":"0.87","qld":"2.58","sa":"5.56","tas":"0.41","vic":"1.40","wa":"8.33"},{"ts":"2013-12-20T07:10:00Z","nsw":"0.83","qld":"2.21","sa":"5.39","tas":"0.40","vic":"1.34","wa":"8.23"},{"ts":"2013-12-20T07:20:00Z","nsw":"0.68","qld":"1.85","sa":"5.37","tas":"0.37","vic":"1.24","wa":"7.78"},{"ts":"2013-12-20T07:30:00Z","nsw":"0.58","qld":"1.50","sa":"5.22","tas":"0.32","vic":"1.09","wa":"7.47"},{"ts":"2013-12-20T07:40:00Z","nsw":"0.48","qld":"1.18","sa":"5.29","tas":"0.31","vic":"1.04","wa":"7.19"},{"ts":"2013-12-20T07:50:00Z","nsw":"0.41","qld":"0.91","sa":"5.46","tas":"0.28","vic":"1.03","wa":"6.58"},{"ts":"2013-12-20T08:00:00Z","nsw":"0.31","qld":"0.68","sa":"4.93","tas":"0.23","vic":"0.90","wa":"6.64"},{"ts":"2013-12-20T08:10:00Z","nsw":"0.30","qld":"0.44","sa":"4.77","tas":"0.22","vic":"0.73","wa":"6.06"},{"ts":"2013-12-20T08:20:00Z","nsw":"0.23","qld":"0.28","sa":"3.57","tas":"0.18","vic":"0.61","wa":"5.61"},{"ts":"2013-12-20T08:30:00Z","nsw":"0.20","qld":"0.15","sa":"3.52","tas":"0.17","vic":"0.51","wa":"5.12"},{"ts":"2013-12-20T08:40:00Z","nsw":"0.17","qld":"0.07","sa":"2.77","tas":"0.15","vic":"0.39","wa":"5.05"},{"ts":"2013-12-20T08:50:00Z","nsw":"0.11","qld":"0.06","sa":"2.06","tas":"0.11","vic":"0.23","wa":"4.45"},{"ts":"2013-12-20T09:00:00Z","nsw":"0.10","qld":"0.06","sa":"1.57","tas":"0.07","vic":"0.16","wa":"3.92"},{"ts":"2013-12-20T09:10:00Z","nsw":"0.11","qld":"0.05","sa":"0.88","tas":"0.05","vic":"0.12","wa":"3.49"},{"ts":"2013-12-20T09:20:00Z","nsw":"0.11","qld":"0.06","sa":"0.44","tas":"0.02","vic":"0.09","wa":"3.09"},{"ts":"2013-12-20T09:30:00Z","nsw":"0.11","qld":"0.06","sa":"0.23","tas":"0.01","vic":"0.07","wa":"2.73"},{"ts":"2013-12-20T09:40:00Z","nsw":"0.10","qld":"0.06","sa":"0.13","tas":"0.01","vic":"0.09","wa":"2.44"},{"ts":"2013-12-20T09:50:00Z","nsw":"0.10","qld":"0.06","sa":"0.08","tas":"0.01","vic":"0.08","wa":"1.96"},{"ts":"2013-12-20T10:00:00Z","nsw":"0.11","qld":"0.06","sa":"0.06","tas":"0.01","vic":"0.08","wa":"1.61"},{"ts":"2013-12-20T10:10:00Z","nsw":"0.09","qld":"0.06","sa":"0.07","tas":"0.01","vic":"0.08","wa":"1.23"},{"ts":"2013-12-20T10:20:00Z","nsw":"0.09","qld":"0.06","sa":"0.06","tas":"0.00","vic":"0.05","wa":"1.07"},{"ts":"2013-12-20T10:30:00Z","nsw":"0.11","qld":"0.06","sa":"0.06","tas":"0.00","vic":"0.06","wa":"0.89"},{"ts":"2013-12-20T10:40:00Z","nsw":"0.10","qld":"0.06","sa":"0.05","tas":"0.00","vic":"0.07","wa":"0.66"},{"ts":"2013-12-20T10:50:00Z","nsw":"0.08","qld":"0.06","sa":"0.05","tas":"0.00","vic":"0.06","wa":"0.46"},{"ts":"2013-12-20T11:00:00Z","nsw":"0.10","qld":"0.06","sa":"0.05","tas":"0.00","vic":"0.06","wa":"0.20"},{"ts":"2013-12-20T11:10:00Z","nsw":"0.10","qld":"0.06","sa":"0.05","tas":"0.00","vic":"0.05","wa":"0.11"},{"ts":"2013-12-20T11:20:00Z","nsw":"0.10","qld":"0.06","sa":"0.05","tas":"0.00","vic":"0.06","wa":"0.06"},{"ts":"2013-12-20T11:30:00Z","nsw":"0.10","qld":"0.06","sa":"0.05","tas":"0.00","vic":"0.06","wa":"0.04"},{"ts":"2013-12-20T11:40:00Z","nsw":"0.10","qld":"0.06","sa":"0.05","tas":"0.00","vic":"0.07","wa":"0.05"},{"ts":"2013-12-20T11:50:00Z","nsw":"0.09","qld":"0.06","sa":"0.05","tas":"0.02","vic":"0.07"}],"demand":[{"ts":"2013-12-19T17:00:00Z","nsw":6214,"qld":4670,"sa":1476,"tas":1011,"vic":4572,"wa":1752},{"ts":"2013-12-19T17:10:00Z","nsw":6183,"qld":4669,"sa":1474,"tas":1023,"vic":4602,"wa":1749},{"ts":"2013-12-19T17:20:00Z","nsw":6213,"qld":4683,"sa":1463,"tas":1033,"vic":4601,"wa":1746},{"ts":"2013-12-19T17:30:00Z","nsw":6246,"qld":4660,"sa":1466,"tas":1002,"vic":4616,"wa":1716},{"ts":"2013-12-19T17:40:00Z","nsw":6241,"qld":4646,"sa":1456,"tas":1019,"vic":4662,"wa":1719},{"ts":"2013-12-19T17:50:00Z","nsw":6268,"qld":4705,"sa":1462,"tas":1030,"vic":4655,"wa":1716},{"ts":"2013-12-19T18:00:00Z","nsw":6343,"qld":4731,"sa":1447,"tas":1009,"vic":4694,"wa":1689},{"ts":"2013-12-19T18:10:00Z","nsw":6458,"qld":4744,"sa":1443,"tas":1034,"vic":4744,"wa":1687},{"ts":"2013-12-19T18:20:00Z","nsw":6565,"qld":4784,"sa":1473,"tas":998,"vic":4803,"wa":1691},{"ts":"2013-12-19T18:30:00Z","nsw":6590,"qld":4815,"sa":1492,"tas":992,"vic":4850,"wa":1689},{"ts":"2013-12-19T18:40:00Z","nsw":6602,"qld":4834,"sa":1460,"tas":994,"vic":4905,"wa":1681},{"ts":"2013-12-19T18:50:00Z","nsw":6705,"qld":4879,"sa":1454,"tas":983,"vic":4883,"wa":1679},{"ts":"2013-12-19T19:00:00Z","nsw":6832,"qld":4889,"sa":1442,"tas":960,"vic":5001,"wa":1687},{"ts":"2013-12-19T19:10:00Z","nsw":7022,"qld":4992,"sa":1455,"tas":987,"vic":5128,"wa":1688},{"ts":"2013-12-19T19:20:00Z","nsw":7263,"qld":4960,"sa":1437,"tas":1002,"vic":5258,"wa":1690},{"ts":"2013-12-19T19:30:00Z","nsw":7362,"qld":5065,"sa":1464,"tas":987,"vic":5351,"wa":1704},{"ts":"2013-12-19T19:40:00Z","nsw":7470,"qld":5116,"sa":1518,"tas":1023,"vic":5393,"wa":1692},{"ts":"2013-12-19T19:50:00Z","nsw":7586,"qld":5130,"sa":1529,"tas":1026,"vic":5538,"wa":1693},{"ts":"2013-12-19T20:00:00Z","nsw":7647,"qld":5227,"sa":1557,"tas":1034,"vic":5676,"wa":1702},{"ts":"2013-12-19T20:10:00Z","nsw":7872,"qld":5318,"sa":1562,"tas":1040,"vic":5903,"wa":1710},{"ts":"2013-12-19T20:20:00Z","nsw":7986,"qld":5404,"sa":1597,"tas":1070,"vic":6001,"wa":1712},{"ts":"2013-12-19T20:30:00Z","nsw":8131,"qld":5527,"sa":1613,"tas":1079,"vic":6145,"wa":1721},{"ts":"2013-12-19T20:40:00Z","nsw":8300,"qld":5555,"sa":1644,"tas":1099,"vic":6280,"wa":1708},{"ts":"2013-12-19T20:50:00Z","nsw":8409,"qld":5587,"sa":1727,"tas":1121,"vic":6381,"wa":1706},{"ts":"2013-12-19T21:00:00Z","nsw":8569,"qld":5707,"sa":1747,"tas":1142,"vic":6406,"wa":1730},{"ts":"2013-12-19T21:10:00Z","nsw":8701,"qld":5844,"sa":1786,"tas":1157,"vic":6416,"wa":1728},{"ts":"2013-12-19T21:20:00Z","nsw":8778,"qld":5830,"sa":1804,"tas":1162,"vic":6462,"wa":1731},{"ts":"2013-12-19T21:30:00Z","nsw":8827,"qld":5883,"sa":1842,"tas":1181,"vic":6554,"wa":1735},{"ts":"2013-12-19T21:40:00Z","nsw":8962,"qld":5937,"sa":1881,"tas":1195,"vic":6650,"wa":1750},{"ts":"2013-12-19T21:50:00Z","nsw":8961,"qld":5921,"sa":1918,"tas":1201,"vic":6721,"wa":1779},{"ts":"2013-12-19T22:00:00Z","nsw":9109,"qld":6014,"sa":1941,"tas":1199,"vic":6817,"wa":1834},{"ts":"2013-12-19T22:10:00Z","nsw":9241,"qld":6069,"sa":1958,"tas":1208,"vic":6849,"wa":1859},{"ts":"2013-12-19T22:20:00Z","nsw":9334,"qld":6073,"sa":1990,"tas":1209,"vic":6852,"wa":1870},{"ts":"2013-12-19T22:30:00Z","nsw":9507,"qld":6061,"sa":2034,"tas":1190,"vic":6888,"wa":1976},{"ts":"2013-12-19T22:40:00Z","nsw":9550,"qld":6081,"sa":2062,"tas":1160,"vic":6934,"wa":1999},{"ts":"2013-12-19T22:50:00Z","nsw":9574,"qld":6106,"sa":2076,"tas":1136,"vic":6977,"wa":2010},{"ts":"2013-12-19T23:00:00Z","nsw":9665,"qld":6158,"sa":2091,"tas":1136,"vic":7001,"wa":2111},{"ts":"2013-12-19T23:10:00Z","nsw":9718,"qld":6173,"sa":2105,"tas":1107,"vic":7007,"wa":2143},{"ts":"2013-12-19T23:20:00Z","nsw":9716,"qld":6203,"sa":2142,"tas":1097,"vic":6998,"wa":2176},{"ts":"2013-12-19T23:30:00Z","nsw":9814,"qld":6173,"sa":2123,"tas":1083,"vic":7013,"wa":2145},{"ts":"2013-12-19T23:40:00Z","nsw":9959,"qld":6145,"sa":2121,"tas":1084,"vic":7006,"wa":2136},{"ts":"2013-12-19T23:50:00Z","nsw":10013,"qld":6182,"sa":2128,"tas":1106,"vic":7039,"wa":2127},{"ts":"2013-12-20T00:00:00Z","nsw":10054,"qld":6149,"sa":2141,"tas":1134,"vic":7052,"wa":2168},{"ts":"2013-12-20T00:10:00Z","nsw":10173,"qld":6115,"sa":2132,"tas":1142,"vic":7075,"wa":2175},{"ts":"2013-12-20T00:20:00Z","nsw":10267,"qld":6133,"sa":2151,"tas":1130,"vic":7073,"wa":2196},{"ts":"2013-12-20T00:30:00Z","nsw":10334,"qld":6133,"sa":2156,"tas":1123,"vic":7070,"wa":2219},{"ts":"2013-12-20T00:40:00Z","nsw":10399,"qld":6106,"sa":2147,"tas":1105,"vic":7081,"wa":2214},{"ts":"2013-12-20T00:50:00Z","nsw":10463,"qld":6141,"sa":2149,"tas":1080,"vic":7085,"wa":2202},{"ts":"2013-12-20T01:00:00Z","nsw":10516,"qld":6134,"sa":2131,"tas":1067,"vic":7086,"wa":2234},{"ts":"2013-12-20T01:10:00Z","nsw":10579,"qld":6102,"sa":2128,"tas":1059,"vic":7003,"wa":2237},{"ts":"2013-12-20T01:20:00Z","nsw":10656,"qld":6125,"sa":2142,"tas":1045,"vic":6971,"wa":2239},{"ts":"2013-12-20T01:30:00Z","nsw":10697,"qld":6151,"sa":2143,"tas":1051,"vic":6904,"wa":2259},{"ts":"2013-12-20T01:40:00Z","nsw":10754,"qld":6136,"sa":2164,"tas":1049,"vic":6886,"wa":2251},{"ts":"2013-12-20T01:50:00Z","nsw":10807,"qld":6089,"sa":2167,"tas":1030,"vic":6867,"wa":2251},{"ts":"2013-12-20T02:00:00Z","nsw":10883,"qld":6027,"sa":2145,"tas":1040,"vic":6861,"wa":2234},{"ts":"2013-12-20T02:10:00Z","nsw":10980,"qld":6030,"sa":2136,"tas":1024,"vic":6836,"wa":2253},{"ts":"2013-12-20T02:20:00Z","nsw":11001,"qld":6016,"sa":2135,"tas":1058,"vic":6797,"wa":2271},{"ts":"2013-12-20T02:30:00Z","nsw":11026,"qld":6033,"sa":2133,"tas":1055,"vic":6747,"wa":2246},{"ts":"2013-12-20T02:40:00Z","nsw":11127,"qld":5970,"sa":2170,"tas":1058,"vic":6813,"wa":2246},{"ts":"2013-12-20T02:50:00Z","nsw":11170,"qld":6036,"sa":2170,"tas":1053,"vic":6796,"wa":2246},{"ts":"2013-12-20T03:00:00Z","nsw":11172,"qld":6047,"sa":2148,"tas":1008,"vic":6735,"wa":2256},{"ts":"2013-12-20T03:10:00Z","nsw":11274,"qld":6009,"sa":2159,"tas":1074,"vic":6668,"wa":2256},{"ts":"2013-12-20T03:20:00Z","nsw":11356,"qld":6025,"sa":2149,"tas":1062,"vic":6705,"wa":2255},{"ts":"2013-12-20T03:30:00Z","nsw":11395,"qld":6078,"sa":2164,"tas":1023,"vic":6679,"wa":2246},{"ts":"2013-12-20T03:40:00Z","nsw":11457,"qld":6097,"sa":2161,"tas":991,"vic":6670,"wa":2249},{"ts":"2013-12-20T03:50:00Z","nsw":11537,"qld":6085,"sa":2158,"tas":966,"vic":6617,"wa":2248},{"ts":"2013-12-20T04:00:00Z","nsw":11600,"qld":6102,"sa":2145,"tas":1010,"vic":6626,"wa":2236},{"ts":"2013-12-20T04:10:00Z","nsw":11613,"qld":6099,"sa":2136,"tas":1025,"vic":6585,"wa":2239},{"ts":"2013-12-20T04:20:00Z","nsw":11664,"qld":6115,"sa":2104,"tas":1033,"vic":6546,"wa":2240},{"ts":"2013-12-20T04:30:00Z","nsw":11678,"qld":6198,"sa":2059,"tas":1034,"vic":6498,"wa":2235},{"ts":"2013-12-20T04:40:00Z","nsw":11660,"qld":6189,"sa":2038,"tas":1044,"vic":6523,"wa":2227},{"ts":"2013-12-20T04:50:00Z","nsw":11684,"qld":6184,"sa":2033,"tas":1067,"vic":6541,"wa":2227},{"ts":"2013-12-20T05:00:00Z","nsw":11760,"qld":6213,"sa":2012,"tas":1084,"vic":6452,"wa":2221},{"ts":"2013-12-20T05:10:00Z","nsw":11769,"qld":6307,"sa":1984,"tas":1092,"vic":6436,"wa":2223},{"ts":"2013-12-20T05:20:00Z","nsw":11808,"qld":6338,"sa":1961,"tas":1115,"vic":6415,"wa":2224},{"ts":"2013-12-20T05:30:00Z","nsw":11855,"qld":6255,"sa":1963,"tas":1143,"vic":6405,"wa":2229},{"ts":"2013-12-20T05:40:00Z","nsw":11853,"qld":6357,"sa":1973,"tas":1171,"vic":6365,"wa":2235},{"ts":"2013-12-20T05:50:00Z","nsw":11874,"qld":6431,"sa":1969,"tas":1162,"vic":6314,"wa":2239},{"ts":"2013-12-20T06:00:00Z","nsw":11859,"qld":6440,"sa":1977,"tas":1146,"vic":6259,"wa":2275},{"ts":"2013-12-20T06:10:00Z","nsw":11902,"qld":6578,"sa":1969,"tas":1139,"vic":6229,"wa":2275},{"ts":"2013-12-20T06:20:00Z","nsw":11957,"qld":6548,"sa":1917,"tas":1132,"vic":6196,"wa":2279},{"ts":"2013-12-20T06:30:00Z","nsw":11917,"qld":6597,"sa":1932,"tas":1125,"vic":6154,"wa":2294},{"ts":"2013-12-20T06:40:00Z","nsw":11872,"qld":6602,"sa":1931,"tas":1129,"vic":6127,"wa":2295},{"ts":"2013-12-20T06:50:00Z","nsw":11775,"qld":6614,"sa":1882,"tas":1125,"vic":6093,"wa":2298},{"ts":"2013-12-20T07:00:00Z","nsw":11704,"qld":6572,"sa":1868,"tas":1109,"vic":6033,"wa":2351},{"ts":"2013-12-20T07:10:00Z","nsw":11464,"qld":6569,"sa":1828,"tas":1114,"vic":5907,"wa":2325},{"ts":"2013-12-20T07:20:00Z","nsw":11384,"qld":6611,"sa":1811,"tas":1136,"vic":5829,"wa":2333},{"ts":"2013-12-20T07:30:00Z","nsw":11036,"qld":6580,"sa":1771,"tas":1133,"vic":5798,"wa":2342},{"ts":"2013-12-20T07:40:00Z","nsw":10942,"qld":6589,"sa":1737,"tas":1110,"vic":5726,"wa":2347},{"ts":"2013-12-20T07:50:00Z","nsw":10924,"qld":6610,"sa":1746,"tas":1102,"vic":5670,"wa":2349},{"ts":"2013-12-20T08:00:00Z","nsw":10969,"qld":6482,"sa":1743,"tas":1097,"vic":5583,"wa":2384},{"ts":"2013-12-20T08:10:00Z","nsw":11043,"qld":6429,"sa":1699,"tas":1106,"vic":5464,"wa":2374},{"ts":"2013-12-20T08:20:00Z","nsw":11006,"qld":6420,"sa":1719,"tas":1103,"vic":5465,"wa":2380},{"ts":"2013-12-20T08:30:00Z","nsw":10915,"qld":6467,"sa":1707,"tas":1076,"vic":5420,"wa":2424},{"ts":"2013-12-20T08:40:00Z","nsw":10863,"qld":6330,"sa":1684,"tas":1064,"vic":5428,"wa":2418},{"ts":"2013-12-20T08:50:00Z","nsw":10824,"qld":6416,"sa":1697,"tas":1060,"vic":5412,"wa":2421},{"ts":"2013-12-20T09:00:00Z","nsw":10848,"qld":6459,"sa":1672,"tas":1072,"vic":5367,"wa":2432},{"ts":"2013-12-20T09:10:00Z","nsw":10795,"qld":6551,"sa":1670,"tas":1065,"vic":5347,"wa":2435},{"ts":"2013-12-20T09:20:00Z","nsw":10794,"qld":6511,"sa":1653,"tas":1077,"vic":5305,"wa":2473},{"ts":"2013-12-20T09:30:00Z","nsw":10794,"qld":6528,"sa":1630,"tas":1096,"vic":5284,"wa":2449},{"ts":"2013-12-20T09:40:00Z","nsw":10839,"qld":6394,"sa":1608,"tas":1106,"vic":5264,"wa":2445},{"ts":"2013-12-20T09:50:00Z","nsw":10756,"qld":6335,"sa":1615,"tas":1126,"vic":5266,"wa":2448},{"ts":"2013-12-20T10:00:00Z","nsw":10686,"qld":6284,"sa":1631,"tas":1126,"vic":5273,"wa":2429},{"ts":"2013-12-20T10:10:00Z","nsw":10536,"qld":6314,"sa":1604,"tas":1126,"vic":5238,"wa":2422},{"ts":"2013-12-20T10:20:00Z","nsw":10377,"qld":6294,"sa":1584,"tas":1125,"vic":5251,"wa":2407},{"ts":"2013-12-20T10:30:00Z","nsw":10282,"qld":6233,"sa":1558,"tas":1143,"vic":5226,"wa":2377},{"ts":"2013-12-20T10:40:00Z","nsw":10158,"qld":6294,"sa":1550,"tas":1108,"vic":5140,"wa":2379},{"ts":"2013-12-20T10:50:00Z","nsw":9968,"qld":6264,"sa":1560,"tas":1075,"vic":5097,"wa":2374},{"ts":"2013-12-20T11:00:00Z","nsw":9954,"qld":6191,"sa":1551,"tas":1104,"vic":5052,"wa":2361},{"ts":"2013-12-20T11:10:00Z","nsw":9989,"qld":6282,"sa":1560,"tas":1101,"vic":4978,"wa":2353},{"ts":"2013-12-20T11:20:00Z","nsw":9858,"qld":6275,"sa":1550,"tas":1099,"vic":4919,"wa":2349},{"ts":"2013-12-20T11:30:00Z","nsw":9838,"qld":6204,"sa":1500,"tas":1087,"vic":4881,"wa":2349},{"ts":"2013-12-20T11:40:00Z","nsw":9676,"qld":6183,"sa":1503,"tas":1084,"vic":4828,"wa":2367},{"ts":"2013-12-20T11:50:00Z","nsw":9402,"qld":6087,"sa":1494,"tas":1066,"vic":4743}],"output":[{"ts":"2013-12-19T17:00:00Z","nsw":1,"qld":1,"sa":0,"tas":0,"vic":0,"wa":0},{"ts":"2013-12-19T17:10:00Z","nsw":2,"qld":1,"sa":0,"tas":0,"vic":0,"wa":0},{"ts":"2013-12-19T17:20:00Z","nsw":2,"qld":1,"sa":0,"tas":0,"vic":0,"wa":0},{"ts":"2013-12-19T17:30:00Z","nsw":2,"qld":1,"sa":0,"tas":0,"vic":1,"wa":0},{"ts":"2013-12-19T17:40:00Z","nsw":2,"qld":1,"sa":0,"tas":0,"vic":0,"wa":0},{"ts":"2013-12-19T17:50:00Z","nsw":2,"qld":1,"sa":0,"tas":0,"vic":0,"wa":0},{"ts":"2013-12-19T18:00:00Z","nsw":2,"qld":1,"sa":0,"tas":0,"vic":0,"wa":0},{"ts":"2013-12-19T18:10:00Z","nsw":2,"qld":1,"sa":0,"tas":0,"vic":0,"wa":0},{"ts":"2013-12-19T18:20:00Z","nsw":2,"qld":1,"sa":0,"tas":0,"vic":1,"wa":0},{"ts":"2013-12-19T18:30:00Z","nsw":2,"qld":1,"sa":0,"tas":0,"vic":0,"wa":0},{"ts":"2013-12-19T18:40:00Z","nsw":2,"qld":0,"sa":0,"tas":0,"vic":1,"wa":0},{"ts":"2013-12-19T18:50:00Z","nsw":3,"qld":1,"sa":0,"tas":0,"vic":1,"wa":0},{"ts":"2013-12-19T19:00:00Z","nsw":7,"qld":5,"sa":0,"tas":0,"vic":1,"wa":0},{"ts":"2013-12-19T19:10:00Z","nsw":11,"qld":13,"sa":0,"tas":0,"vic":3,"wa":0},{"ts":"2013-12-19T19:20:00Z","nsw":15,"qld":25,"sa":0,"tas":1,"vic":6,"wa":0},{"ts":"2013-12-19T19:30:00Z","nsw":20,"qld":39,"sa":0,"tas":0,"vic":10,"wa":0},{"ts":"2013-12-19T19:40:00Z","nsw":29,"qld":54,"sa":2,"tas":1,"vic":13,"wa":0},{"ts":"2013-12-19T19:50:00Z","nsw":36,"qld":72,"sa":5,"tas":1,"vic":15,"wa":0},{"ts":"2013-12-19T20:00:00Z","nsw":46,"qld":89,"sa":8,"tas":1,"vic":23,"wa":0},{"ts":"2013-12-19T20:10:00Z","nsw":58,"qld":103,"sa":11,"tas":2,"vic":30,"wa":0},{"ts":"2013-12-19T20:20:00Z","nsw":63,"qld":134,"sa":15,"tas":3,"vic":35,"wa":0},{"ts":"2013-12-19T20:30:00Z","nsw":72,"qld":157,"sa":21,"tas":3,"vic":40,"wa":0},{"ts":"2013-12-19T20:40:00Z","nsw":87,"qld":186,"sa":26,"tas":3,"vic":52,"wa":0},{"ts":"2013-12-19T20:50:00Z","nsw":94,"qld":208,"sa":34,"tas":4,"vic":63,"wa":0},{"ts":"2013-12-19T21:00:00Z","nsw":115,"qld":235,"sa":39,"tas":5,"vic":78,"wa":0},{"ts":"2013-12-19T21:10:00Z","nsw":129,"qld":258,"sa":47,"tas":7,"vic":93,"wa":0},{"ts":"2013-12-19T21:20:00Z","nsw":140,"qld":301,"sa":56,"tas":8,"vic":107,"wa":1},{"ts":"2013-12-19T21:30:00Z","nsw":157,"qld":311,"sa":66,"tas":8,"vic":120,"wa":4},{"ts":"2013-12-19T21:40:00Z","nsw":185,"qld":344,"sa":80,"tas":8,"vic":138,"wa":7},{"ts":"2013-12-19T21:50:00Z","nsw":182,"qld":355,"sa":91,"tas":10,"vic":150,"wa":10},{"ts":"2013-12-19T22:00:00Z","nsw":213,"qld":376,"sa":101,"tas":11,"vic":168,"wa":16},{"ts":"2013-12-19T22:10:00Z","nsw":232,"qld":388,"sa":109,"tas":12,"vic":180,"wa":21},{"ts":"2013-12-19T22:20:00Z","nsw":245,"qld":413,"sa":122,"tas":13,"vic":197,"wa":25},{"ts":"2013-12-19T22:30:00Z","nsw":256,"qld":432,"sa":139,"tas":13,"vic":210,"wa":31},{"ts":"2013-12-19T22:40:00Z","nsw":287,"qld":454,"sa":146,"tas":12,"vic":223,"wa":38},{"ts":"2013-12-19T22:50:00Z","nsw":288,"qld":458,"sa":157,"tas":14,"vic":234,"wa":45},{"ts":"2013-12-19T23:00:00Z","nsw":314,"qld":472,"sa":170,"tas":16,"vic":249,"wa":59},{"ts":"2013-12-19T23:10:00Z","nsw":335,"qld":430,"sa":180,"tas":17,"vic":256,"wa":65},{"ts":"2013-12-19T23:20:00Z","nsw":331,"qld":498,"sa":193,"tas":17,"vic":272,"wa":79},{"ts":"2013-12-19T23:30:00Z","nsw":334,"qld":511,"sa":209,"tas":17,"vic":280,"wa":87},{"ts":"2013-12-19T23:40:00Z","nsw":369,"qld":534,"sa":221,"tas":19,"vic":294,"wa":99},{"ts":"2013-12-19T23:50:00Z","nsw":355,"qld":549,"sa":230,"tas":18,"vic":299,"wa":114},{"ts":"2013-12-20T00:00:00Z","nsw":368,"qld":559,"sa":237,"tas":18,"vic":313,"wa":127},{"ts":"2013-12-20T00:10:00Z","nsw":372,"qld":548,"sa":246,"tas":16,"vic":314,"wa":134},{"ts":"2013-12-20T00:20:00Z","nsw":379,"qld":593,"sa":253,"tas":17,"vic":324,"wa":144},{"ts":"2013-12-20T00:30:00Z","nsw":394,"qld":584,"sa":256,"tas":15,"vic":329,"wa":157},{"ts":"2013-12-20T00:40:00Z","nsw":408,"qld":611,"sa":262,"tas":15,"vic":338,"wa":168},{"ts":"2013-12-20T00:50:00Z","nsw":409,"qld":610,"sa":275,"tas":13,"vic":336,"wa":176},{"ts":"2013-12-20T01:00:00Z","nsw":403,"qld":605,"sa":285,"tas":12,"vic":349,"wa":189},{"ts":"2013-12-20T01:10:00Z","nsw":406,"qld":605,"sa":286,"tas":11,"vic":351,"wa":192},{"ts":"2013-12-20T01:20:00Z","nsw":399,"qld":612,"sa":290,"tas":12,"vic":353,"wa":204},{"ts":"2013-12-20T01:30:00Z","nsw":395,"qld":620,"sa":291,"tas":9,"vic":350,"wa":214},{"ts":"2013-12-20T01:40:00Z","nsw":405,"qld":632,"sa":292,"tas":10,"vic":357,"wa":217},{"ts":"2013-12-20T01:50:00Z","nsw":391,"qld":625,"sa":292,"tas":12,"vic":358,"wa":224},{"ts":"2013-12-20T02:00:00Z","nsw":396,"qld":643,"sa":304,"tas":11,"vic":362,"wa":236},{"ts":"2013-12-20T02:10:00Z","nsw":400,"qld":652,"sa":304,"tas":13,"vic":361,"wa":227},{"ts":"2013-12-20T02:20:00Z","nsw":393,"qld":674,"sa":305,"tas":12,"vic":365,"wa":234},{"ts":"2013-12-20T02:30:00Z","nsw":389,"qld":652,"sa":306,"tas":11,"vic":352,"wa":227},{"ts":"2013-12-20T02:40:00Z","nsw":396,"qld":665,"sa":268,"tas":13,"vic":361,"wa":237},{"ts":"2013-12-20T02:50:00Z","nsw":373,"qld":659,"sa":260,"tas":12,"vic":349,"wa":237},{"ts":"2013-12-20T03:00:00Z","nsw":381,"qld":666,"sa":268,"tas":12,"vic":346,"wa":248},{"ts":"2013-12-20T03:10:00Z","nsw":381,"qld":648,"sa":267,"tas":13,"vic":329,"wa":236},{"ts":"2013-12-20T03:20:00Z","nsw":363,"qld":642,"sa":267,"tas":14,"vic":327,"wa":250},{"ts":"2013-12-20T03:30:00Z","nsw":341,"qld":630,"sa":276,"tas":12,"vic":312,"wa":240},{"ts":"2013-12-20T03:40:00Z","nsw":330,"qld":631,"sa":247,"tas":10,"vic":332,"wa":246},{"ts":"2013-12-20T03:50:00Z","nsw":315,"qld":626,"sa":263,"tas":8,"vic":306,"wa":246},{"ts":"2013-12-20T04:00:00Z","nsw":303,"qld":619,"sa":267,"tas":6,"vic":300,"wa":251},{"ts":"2013-12-20T04:10:00Z","nsw":264,"qld":613,"sa":282,"tas":5,"vic":285,"wa":246},{"ts":"2013-12-20T04:20:00Z","nsw":277,"qld":604,"sa":276,"tas":4,"vic":256,"wa":248},{"ts":"2013-12-20T04:30:00Z","nsw":259,"qld":577,"sa":275,"tas":3,"vic":250,"wa":249},{"ts":"2013-12-20T04:40:00Z","nsw":250,"qld":576,"sa":278,"tas":2,"vic":245,"wa":255},{"ts":"2013-12-20T04:50:00Z","nsw":255,"qld":542,"sa":258,"tas":2,"vic":222,"wa":259},{"ts":"2013-12-20T05:00:00Z","nsw":258,"qld":529,"sa":260,"tas":3,"vic":236,"wa":250},{"ts":"2013-12-20T05:10:00Z","nsw":220,"qld":498,"sa":267,"tas":3,"vic":218,"wa":256},{"ts":"2013-12-20T05:20:00Z","nsw":228,"qld":484,"sa":257,"tas":3,"vic":212,"wa":257},{"ts":"2013-12-20T05:30:00Z","nsw":209,"qld":451,"sa":249,"tas":2,"vic":190,"wa":241},{"ts":"2013-12-20T05:40:00Z","nsw":202,"qld":423,"sa":244,"tas":3,"vic":177,"wa":244},{"ts":"2013-12-20T05:50:00Z","nsw":207,"qld":393,"sa":232,"tas":3,"vic":143,"wa":243},{"ts":"2013-12-20T06:00:00Z","nsw":189,"qld":359,"sa":214,"tas":4,"vic":148,"wa":242},{"ts":"2013-12-20T06:10:00Z","nsw":178,"qld":327,"sa":196,"tas":5,"vic":123,"wa":236},{"ts":"2013-12-20T06:20:00Z","nsw":172,"qld":297,"sa":185,"tas":5,"vic":100,"wa":239},{"ts":"2013-12-20T06:30:00Z","nsw":141,"qld":264,"sa":158,"tas":4,"vic":88,"wa":226},{"ts":"2013-12-20T06:40:00Z","nsw":125,"qld":232,"sa":146,"tas":4,"vic":99,"wa":220},{"ts":"2013-12-20T06:50:00Z","nsw":103,"qld":202,"sa":137,"tas":4,"vic":97,"wa":219},{"ts":"2013-12-20T07:00:00Z","nsw":102,"qld":174,"sa":110,"tas":4,"vic":86,"wa":213},{"ts":"2013-12-20T07:10:00Z","nsw":96,"qld":147,"sa":104,"tas":4,"vic":80,"wa":208},{"ts":"2013-12-20T07:20:00Z","nsw":78,"qld":124,"sa":103,"tas":4,"vic":73,"wa":196},{"ts":"2013-12-20T07:30:00Z","nsw":65,"qld":100,"sa":98,"tas":3,"vic":63,"wa":189},{"ts":"2013-12-20T07:40:00Z","nsw":53,"qld":78,"sa":96,"tas":3,"vic":60,"wa":181},{"ts":"2013-12-20T07:50:00Z","nsw":45,"qld":60,"sa":101,"tas":3,"vic":59,"wa":165},{"ts":"2013-12-20T08:00:00Z","nsw":33,"qld":44,"sa":90,"tas":2,"vic":50,"wa":169},{"ts":"2013-12-20T08:10:00Z","nsw":32,"qld":28,"sa":84,"tas":2,"vic":40,"wa":153},{"ts":"2013-12-20T08:20:00Z","nsw":25,"qld":18,"sa":64,"tas":2,"vic":33,"wa":141},{"ts":"2013-12-20T08:30:00Z","nsw":21,"qld":9,"sa":62,"tas":1,"vic":27,"wa":130},{"ts":"2013-12-20T08:40:00Z","nsw":18,"qld":4,"sa":48,"tas":1,"vic":21,"wa":128},{"ts":"2013-12-20T08:50:00Z","nsw":12,"qld":3,"sa":35,"tas":1,"vic":12,"wa":112},{"ts":"2013-12-20T09:00:00Z","nsw":10,"qld":3,"sa":26,"tas":0,"vic":8,"wa":99},{"ts":"2013-12-20T09:10:00Z","nsw":11,"qld":3,"sa":14,"tas":0,"vic":6,"wa":88},{"ts":"2013-12-20T09:20:00Z","nsw":11,"qld":3,"sa":7,"tas":0,"vic":5,"wa":78},{"ts":"2013-12-20T09:30:00Z","nsw":11,"qld":3,"sa":3,"tas":0,"vic":3,"wa":68},{"ts":"2013-12-20T09:40:00Z","nsw":10,"qld":3,"sa":2,"tas":0,"vic":4,"wa":61},{"ts":"2013-12-20T09:50:00Z","nsw":11,"qld":3,"sa":1,"tas":0,"vic":3,"wa":48},{"ts":"2013-12-20T10:00:00Z","nsw":11,"qld":3,"sa":1,"tas":0,"vic":4,"wa":39},{"ts":"2013-12-20T10:10:00Z","nsw":9,"qld":3,"sa":1,"tas":0,"vic":4,"wa":30},{"ts":"2013-12-20T10:20:00Z","nsw":9,"qld":3,"sa":0,"tas":0,"vic":2,"wa":25},{"ts":"2013-12-20T10:30:00Z","nsw":11,"qld":3,"sa":0,"tas":0,"vic":3,"wa":21},{"ts":"2013-12-20T10:40:00Z","nsw":10,"qld":3,"sa":0,"tas":0,"vic":3,"wa":15},{"ts":"2013-12-20T10:50:00Z","nsw":8,"qld":3,"sa":0,"tas":0,"vic":3,"wa":10},{"ts":"2013-12-20T11:00:00Z","nsw":10,"qld":3,"sa":0,"tas":0,"vic":2,"wa":4},{"ts":"2013-12-20T11:10:00Z","nsw":9,"qld":3,"sa":0,"tas":0,"vic":2,"wa":2},{"ts":"2013-12-20T11:20:00Z","nsw":10,"qld":3,"sa":0,"tas":0,"vic":2,"wa":1},{"ts":"2013-12-20T11:30:00Z","nsw":10,"qld":3,"sa":0,"tas":0,"vic":2,"wa":0},{"ts":"2013-12-20T11:40:00Z","nsw":10,"qld":3,"sa":0,"tas":0,"vic":3,"wa":1},{"ts":"2013-12-20T11:50:00Z","nsw":8,"qld":3,"sa":0,"tas":0,"vic":3}]} 