{"performance":[{"ts":"2013-11-29T17:00:00Z","nsw":"0.47","nt":"0.00","qld":"0.33","sa":"0.21","tas":"0.00","vic":"0.21","wa":"0.15"},{"ts":"2013-11-29T17:10:00Z","nsw":"1.14","nt":"0.00","qld":"0.34","sa":"0.26","tas":"0.00","vic":"0.20","wa":"0.16"},{"ts":"2013-11-29T17:20:00Z","nsw":"0.55","nt":"0.00","qld":"0.33","sa":"0.26","tas":"0.00","vic":"0.18","wa":"0.16"},{"ts":"2013-11-29T17:30:00Z","nsw":"0.50","nt":"0.00","qld":"0.34","sa":"0.26","tas":"0.00","vic":"0.19","wa":"0.16"},{"ts":"2013-11-29T17:40:00Z","nsw":"0.44","nt":"0.00","qld":"0.35","sa":"0.26","tas":"0.00","vic":"0.18","wa":"0.15"},{"ts":"2013-11-29T17:50:00Z","nsw":"0.44","nt":"0.00","qld":"0.34","sa":"0.26","tas":"0.00","vic":"0.18","wa":"0.16"},{"ts":"2013-11-29T18:00:00Z","nsw":"0.44","nt":"0.00","qld":"0.33","sa":"0.21","tas":"0.00","vic":"0.13","wa":"0.15"},{"ts":"2013-11-29T18:10:00Z","nsw":"0.43","nt":"0.00","qld":"0.33","sa":"0.26","tas":"0.00","vic":"0.19","wa":"0.17"},{"ts":"2013-11-29T18:20:00Z","nsw":"0.39","nt":"0.00","qld":"0.33","sa":"0.26","tas":"0.00","vic":"0.16","wa":"0.15"},{"ts":"2013-11-29T18:30:00Z","nsw":"0.33","nt":"0.00","qld":"0.33","sa":"0.21","tas":"0.00","vic":"0.15","wa":"0.16"},{"ts":"2013-11-29T18:40:00Z","nsw":"0.37","nt":"0.00","qld":"0.32","sa":"0.26","tas":"0.12","vic":"0.16","wa":"0.15"},{"ts":"2013-11-29T18:50:00Z","nsw":"0.52","nt":"0.00","qld":"0.29","sa":"0.19","tas":"0.38","vic":"0.14","wa":"0.16"},{"ts":"2013-11-29T19:00:00Z","nsw":"0.95","nt":"0.00","qld":"0.16","sa":"0.23","tas":"0.94","vic":"0.18","wa":"0.15"},{"ts":"2013-11-29T19:10:00Z","nsw":"1.62","nt":"0.00","qld":"0.16","sa":"0.23","tas":"1.86","vic":"0.48","wa":"0.17"},{"ts":"2013-11-29T19:20:00Z","nsw":"2.56","nt":"0.00","qld":"0.64","sa":"0.19","tas":"2.70","vic":"0.82","wa":"0.17"},{"ts":"2013-11-29T19:30:00Z","nsw":"3.41","nt":"0.00","qld":"1.08","sa":"0.27","tas":"3.29","vic":"1.32","wa":"0.16"},{"ts":"2013-11-29T19:40:00Z","nsw":"4.85","nt":"0.00","qld":"1.27","sa":"0.83","tas":"5.23","vic":"2.19","wa":"0.15"},{"ts":"2013-11-29T19:50:00Z","nsw":"6.20","nt":"0.00","qld":"1.38","sa":"1.42","tas":"6.39","vic":"2.98","wa":"0.17"},{"ts":"2013-11-29T20:00:00Z","nsw":"8.31","nt":"0.00","qld":"1.69","sa":"2.03","tas":"8.20","vic":"4.05","wa":"0.15"},{"ts":"2013-11-29T20:10:00Z","nsw":"9.90","nt":"0.00","qld":"1.76","sa":"3.06","tas":"10.38","vic":"5.25","wa":"0.16"},{"ts":"2013-11-29T20:20:00Z","nsw":"11.60","nt":"0.00","qld":"1.91","sa":"4.18","tas":"11.89","vic":"6.38","wa":"0.15"},{"ts":"2013-11-29T20:30:00Z","nsw":"13.00","nt":"0.00","qld":"2.12","sa":"5.97","tas":"13.26","vic":"7.44","wa":"0.16"},{"ts":"2013-11-29T20:40:00Z","nsw":"14.23","nt":"0.00","qld":"2.26","sa":"7.78","tas":"15.54","vic":"9.27","wa":"0.16"},{"ts":"2013-11-29T20:50:00Z","nsw":"15.84","nt":"0.00","qld":"2.36","sa":"9.62","tas":"17.63","vic":"10.87","wa":"0.15"},{"ts":"2013-11-29T21:00:00Z","nsw":"17.89","nt":"0.12","qld":"3.06","sa":"11.21","tas":"20.77","vic":"13.09","wa":"0.13"},{"ts":"2013-11-29T21:10:00Z","nsw":"18.95","nt":"0.94","qld":"3.41","sa":"14.50","tas":"22.81","vic":"15.30","wa":"0.20"},{"ts":"2013-11-29T21:20:00Z","nsw":"21.76","nt":"1.63","qld":"4.29","sa":"17.00","tas":"26.26","vic":"18.71","wa":"0.39"},{"ts":"2013-11-29T21:30:00Z","nsw":"23.03","nt":"2.81","qld":"5.39","sa":"20.92","tas":"30.49","vic":"21.67","wa":"1.04"},{"ts":"2013-11-29T21:40:00Z","nsw":"26.22","nt":"4.54","qld":"6.92","sa":"24.01","tas":"32.99","vic":"23.32","wa":"2.48"},{"ts":"2013-11-29T21:50:00Z","nsw":"26.73","nt":"5.13","qld":"8.34","sa":"27.44","tas":"35.11","vic":"25.38","wa":"3.92"},{"ts":"2013-11-29T22:00:00Z","nsw":"28.03","nt":"5.87","qld":"10.03","sa":"30.46","tas":"37.46","vic":"29.01","wa":"5.93"},{"ts":"2013-11-29T22:10:00Z","nsw":"29.73","nt":"8.43","qld":"9.34","sa":"33.92","tas":"41.92","vic":"30.47","wa":"6.64"},{"ts":"2013-11-29T22:20:00Z","nsw":"32.22","nt":"10.59","qld":"10.07","sa":"37.06","tas":"43.91","vic":"32.39","wa":"9.08"},{"ts":"2013-11-29T22:30:00Z","nsw":"33.24","nt":"10.65","qld":"11.03","sa":"41.04","tas":"44.23","vic":"32.85","wa":"8.40"},{"ts":"2013-11-29T22:40:00Z","nsw":"34.57","nt":"10.66","qld":"11.04","sa":"43.81","tas":"45.75","vic":"34.34","wa":"9.34"},{"ts":"2013-11-29T22:50:00Z","nsw":"35.69","nt":"13.10","qld":"12.64","sa":"47.66","tas":"46.08","vic":"35.29","wa":"10.10"},{"ts":"2013-11-29T23:00:00Z","nsw":"38.54","nt":"14.78","qld":"12.63","sa":"49.76","tas":"49.60","vic":"39.30","wa":"15.05"},{"ts":"2013-11-29T23:10:00Z","nsw":"40.60","nt":"21.55","qld":"12.23","sa":"52.79","tas":"47.77","vic":"40.67","wa":"19.71"},{"ts":"2013-11-29T23:20:00Z","nsw":"43.18","nt":"22.67","qld":"12.55","sa":"55.29","tas":"47.30","vic":"41.82","wa":"22.73"},{"ts":"2013-11-29T23:30:00Z","nsw":"46.04","nt":"23.85","qld":"12.43","sa":"58.28","tas":"50.05","vic":"44.90","wa":"25.86"},{"ts":"2013-11-29T23:40:00Z","nsw":"45.98","nt":"28.28","qld":"13.42","sa":"60.44","tas":"54.44","vic":"49.12","wa":"29.41"},{"ts":"2013-11-29T23:50:00Z","nsw":"45.46","nt":"30.34","qld":"13.58","sa":"62.33","tas":"57.77","vic":"48.15","wa":"33.21"},{"ts":"2013-11-30T00:00:00Z","nsw":"45.77","nt":"41.15","qld":"15.37","sa":"65.12","tas":"62.21","vic":"52.28","wa":"35.33"},{"ts":"2013-11-30T00:10:00Z","nsw":"45.49","nt":"33.70","qld":"14.47","sa":"65.78","tas":"65.28","vic":"52.84","wa":"34.57"},{"ts":"2013-11-30T00:20:00Z","nsw":"45.07","nt":"43.35","qld":"15.06","sa":"68.78","tas":"66.64","vic":"56.32","wa":"37.05"},{"ts":"2013-11-30T00:30:00Z","nsw":"43.58","nt":"40.53","qld":"13.63","sa":"71.05","tas":"65.53","vic":"54.68","wa":"40.72"},{"ts":"2013-11-30T00:40:00Z","nsw":"45.70","nt":"48.89","qld":"12.31","sa":"70.70","tas":"67.67","vic":"56.57","wa":"44.55"},{"ts":"2013-11-30T00:50:00Z","nsw":"44.59","nt":"59.29","qld":"11.95","sa":"71.62","tas":"67.87","vic":"56.53","wa":"43.15"},{"ts":"2013-11-30T01:00:00Z","nsw":"48.02","nt":"57.90","qld":"14.05","sa":"72.93","tas":"76.41","vic":"58.98","wa":"49.92"},{"ts":"2013-11-30T01:10:00Z","nsw":"48.13","nt":"60.26","qld":"12.16","sa":"74.32","tas":"72.79","vic":"59.15","wa":"43.97"},{"ts":"2013-11-30T01:20:00Z","nsw":"51.65","nt":"66.36","qld":"13.81","sa":"74.30","tas":"73.70","vic":"62.61","wa":"54.24"},{"ts":"2013-11-30T01:30:00Z","nsw":"47.96","nt":"64.69","qld":"14.21","sa":"75.01","tas":"73.35","vic":"61.38","wa":"51.40"},{"ts":"2013-11-30T01:40:00Z","nsw":"51.82","nt":"67.14","qld":"15.96","sa":"75.74","tas":"76.87","vic":"66.31","wa":"48.95"},{"ts":"2013-11-30T01:50:00Z","nsw":"50.51","nt":"62.86","qld":"18.48","sa":"76.63","tas":"72.71","vic":"61.13","wa":"50.58"},{"ts":"2013-11-30T02:00:00Z","nsw":"49.10","nt":"68.27","qld":"19.00","sa":"77.47","tas":"77.00","vic":"65.28","wa":"49.96"},{"ts":"2013-11-30T02:10:00Z","nsw":"52.02","nt":"67.05","qld":"17.76","sa":"77.03","tas":"75.76","vic":"65.77","wa":"49.47"},{"ts":"2013-11-30T02:20:00Z","nsw":"50.02","nt":"70.48","qld":"20.07","sa":"77.56","tas":"78.57","vic":"68.59","wa":"49.25"},{"ts":"2013-11-30T02:30:00Z","nsw":"48.28","nt":"68.36","qld":"21.82","sa":"77.58","tas":"77.28","vic":"69.05","wa":"54.94"},{"ts":"2013-11-30T02:40:00Z","nsw":"48.59","nt":"72.23","qld":"21.85","sa":"78.42","tas":"77.80","vic":"70.53","wa":"62.03"},{"ts":"2013-11-30T02:50:00Z","nsw":"48.41","nt":"70.15","qld":"22.95","sa":"77.07","tas":"74.94","vic":"69.59","wa":"56.33"},{"ts":"2013-11-30T03:00:00Z","nsw":"51.49","nt":"67.88","qld":"23.69","sa":"76.83","tas":"79.75","vic":"71.53","wa":"63.25"},{"ts":"2013-11-30T03:10:00Z","nsw":"50.31","nt":"64.87","qld":"22.38","sa":"77.22","tas":"79.21","vic":"72.07","wa":"59.96"},{"ts":"2013-11-30T03:20:00Z","nsw":"51.63","nt":"59.74","qld":"24.02","sa":"75.72","tas":"76.98","vic":"72.84","wa":"68.11"},{"ts":"2013-11-30T03:30:00Z","nsw":"52.02","nt":"46.38","qld":"20.67","sa":"76.20","tas":"74.67","vic":"72.38","wa":"66.26"},{"ts":"2013-11-30T03:40:00Z","nsw":"48.13","nt":"41.30","qld":"20.57","sa":"75.02","tas":"74.51","vic":"71.09","wa":"63.45"},{"ts":"2013-11-30T03:50:00Z","nsw":"43.85","nt":"51.62","qld":"22.45","sa":"74.04","tas":"75.50","vic":"69.09","wa":"59.34"},{"ts":"2013-11-30T04:00:00Z","nsw":"47.84","nt":"54.54","qld":"27.17","sa":"72.24","tas":"72.42","vic":"69.74","wa":"66.59"},{"ts":"2013-11-30T04:10:00Z","nsw":"46.03","nt":"40.29","qld":"25.60","sa":"71.67","tas":"71.62","vic":"66.71","wa":"64.28"},{"ts":"2013-11-30T04:20:00Z","nsw":"50.76","nt":"37.11","qld":"27.59","sa":"68.23","tas":"69.11","vic":"66.74","wa":"65.95"},{"ts":"2013-11-30T04:30:00Z","nsw":"48.01","nt":"47.31","qld":"28.11","sa":"69.92","tas":"66.79","vic":"65.04","wa":"64.39"},{"ts":"2013-11-30T04:40:00Z","nsw":"44.99","nt":"65.09","qld":"30.07","sa":"67.54","tas":"65.33","vic":"63.76","wa":"67.98"},{"ts":"2013-11-30T04:50:00Z","nsw":"43.05","nt":"63.95","qld":"29.59","sa":"66.42","tas":"64.23","vic":"62.22","wa":"64.35"},{"ts":"2013-11-30T05:00:00Z","nsw":"41.83","nt":"63.00","qld":"29.82","sa":"66.34","tas":"62.47","vic":"59.02","wa":"62.89"},{"ts":"2013-11-30T05:10:00Z","nsw":"39.05","nt":"67.68","qld":"28.77","sa":"63.88","tas":"58.39","vic":"57.67","wa":"64.70"},{"ts":"2013-11-30T05:20:00Z","nsw":"38.21","nt":"65.28","qld":"32.11","sa":"61.53","tas":"58.32","vic":"56.05","wa":"65.36"},{"ts":"2013-11-30T05:30:00Z","nsw":"36.55","nt":"61.05","qld":"29.34","sa":"59.35","tas":"56.22","vic":"53.11","wa":"61.54"},{"ts":"2013-11-30T05:40:00Z","nsw":"34.33","nt":"61.05","qld":"27.11","sa":"55.82","tas":"53.17","vic":"50.10","wa":"63.10"},{"ts":"2013-11-30T05:50:00Z","nsw":"30.10","nt":"54.63","qld":"22.80","sa":"53.72","tas":"50.05","vic":"47.01","wa":"56.86"},{"ts":"2013-11-30T06:00:00Z","nsw":"31.62","nt":"50.98","qld":"21.57","sa":"51.67","tas":"46.16","vic":"44.27","wa":"58.84"},{"ts":"2013-11-30T06:10:00Z","nsw":"27.93","nt":"51.46","qld":"18.36","sa":"50.45","tas":"41.65","vic":"40.29","wa":"58.04"},{"ts":"2013-11-30T06:20:00Z","nsw":"26.85","nt":"49.18","qld":"17.15","sa":"47.43","tas":"38.47","vic":"37.90","wa":"54.25"},{"ts":"2013-11-30T06:30:00Z","nsw":"22.67","nt":"44.87","qld":"13.78","sa":"44.51","tas":"34.15","vic":"34.97","wa":"56.08"},{"ts":"2013-11-30T06:40:00Z","nsw":"21.14","nt":"42.98","qld":"12.54","sa":"39.78","tas":"32.19","vic":"31.83","wa":"60.39"},{"ts":"2013-11-30T06:50:00Z","nsw":"19.35","nt":"38.08","qld":"11.66","sa":"35.29","tas":"27.27","vic":"29.07","wa":"58.13"},{"ts":"2013-11-30T07:00:00Z","nsw":"16.81","nt":"34.84","qld":"11.52","sa":"31.23","tas":"24.66","vic":"25.62","wa":"53.41"},{"ts":"2013-11-30T07:10:00Z","nsw":"13.87","nt":"30.48","qld":"9.88","sa":"25.79","tas":"21.24","vic":"22.23","wa":"49.40"},{"ts":"2013-11-30T07:20:00Z","nsw":"12.28","nt":"28.38","qld":"8.47","sa":"23.30","tas":"18.83","vic":"20.22","wa":"45.84"},{"ts":"2013-11-30T07:30:00Z","nsw":"9.88","nt":"25.49","qld":"6.71","sa":"23.37","tas":"16.40","vic":"17.01","wa":"42.80"},{"ts":"2013-11-30T07:40:00Z","nsw":"8.38","nt":"20.82","qld":"5.10","sa":"20.08","tas":"13.68","vic":"14.17","wa":"43.41"},{"ts":"2013-11-30T07:50:00Z","nsw":"6.64","nt":"20.18","qld":"3.60","sa":"15.47","tas":"12.13","vic":"12.12","wa":"39.89"},{"ts":"2013-11-30T08:00:00Z","nsw":"5.69","nt":"16.99","qld":"2.31","sa":"13.91","tas":"10.04","vic":"10.16","wa":"38.68"},{"ts":"2013-11-30T08:10:00Z","nsw":"4.73","nt":"12.92","qld":"1.31","sa":"11.64","tas":"8.65","vic":"8.48","wa":"30.28"},{"ts":"2013-11-30T08:20:00Z","nsw":"3.84","nt":"11.69","qld":"0.90","sa":"9.11","tas":"7.57","vic":"6.82","wa":"31.90"},{"ts":"2013-11-30T08:30:00Z","nsw":"2.85","nt":"9.32","qld":"0.49","sa":"7.51","tas":"5.63","vic":"5.05","wa":"30.10"},{"ts":"2013-11-30T08:40:00Z","nsw":"1.84","nt":"6.45","qld":"0.49","sa":"6.67","tas":"4.48","vic":"3.82","wa":"30.71"},{"ts":"2013-11-30T08:50:00Z","nsw":"1.53","nt":"6.10","qld":"0.53","sa":"6.05","tas":"2.71","vic":"2.84","wa":"24.48"},{"ts":"2013-11-30T09:00:00Z","nsw":"1.05","nt":"3.87","qld":"0.35","sa":"4.54","tas":"1.99","vic":"1.91","wa":"23.71"},{"ts":"2013-11-30T09:10:00Z","nsw":"0.76","nt":"1.44","qld":"0.36","sa":"3.27","tas":"0.80","vic":"1.17","wa":"18.27"},{"ts":"2013-11-30T09:20:00Z","nsw":"0.74","nt":"1.05","qld":"0.39","sa":"2.14","tas":"0.37","vic":"0.70","wa":"17.16"},{"ts":"2013-11-30T09:30:00Z","nsw":"0.73","nt":"0.47","qld":"0.38","sa":"1.26","tas":"0.19","vic":"0.55","wa":"14.70"},{"ts":"2013-11-30T09:40:00Z","nsw":"0.76","nt":"0.63","qld":"0.40","sa":"0.82","tas":"0.24","vic":"0.64","wa":"12.60"},{"ts":"2013-11-30T09:50:00Z","nsw":"1.27","nt":"0.63","qld":"0.41","sa":"0.89","tas":"0.14","vic":"0.56","wa":"11.29"},{"ts":"2013-11-30T10:00:00Z","nsw":"0.94","nt":"0.63","qld":"0.39","sa":"0.98","tas":"0.17","vic":"0.21","wa":"9.01"},{"ts":"2013-11-30T10:10:00Z","nsw":"0.72","nt":"0.71","qld":"0.37","sa":"1.01","tas":"0.10","vic":"0.19","wa":"7.65"},{"ts":"2013-11-30T10:20:00Z","nsw":"0.73","nt":"0.71","qld":"0.39","sa":"1.17","tas":"0.10","vic":"0.23","wa":"5.12"},{"ts":"2013-11-30T10:30:00Z","nsw":"0.85","nt":"0.71","qld":"0.40","sa":"1.15","tas":"0.10","vic":"0.19","wa":"4.63"},{"ts":"2013-11-30T10:40:00Z","nsw":"0.77","nt":"0.71","qld":"0.39","sa":"1.24","tas":"0.10","vic":"0.17","wa":"3.09"},{"ts":"2013-11-30T10:50:00Z","nsw":"0.49","nt":"0.75","qld":"0.39","sa":"1.24","tas":"0.10","vic":"0.21","wa":"2.62"},{"ts":"2013-11-30T11:00:00Z","nsw":"0.79","nt":"0.71","qld":"0.42","sa":"1.22","tas":"0.10","vic":"0.28","wa":"1.30"},{"ts":"2013-11-30T11:10:00Z","nsw":"0.80","nt":"0.71","qld":"0.36","sa":"1.10","tas":"0.10","vic":"0.23","wa":"1.45"},{"ts":"2013-11-30T11:20:00Z","nsw":"0.83","nt":"0.71","qld":"0.39","sa":"1.19","tas":"0.10","vic":"0.23","wa":"2.10"},{"ts":"2013-11-30T11:30:00Z","nsw":"0.77","nt":"0.71","qld":"0.39","sa":"1.18","tas":"0.10","vic":"0.26","wa":"2.48"},{"ts":"2013-11-30T11:40:00Z","nsw":"1.52","nt":"0.71","qld":"0.38","sa":"1.26","tas":"0.10","vic":"0.25","wa":"3.38"},{"ts":"2013-11-30T11:50:00Z","nsw":"0.83","nt":"0.71","qld":"0.38","sa":"1.22","tas":"0.10","vic":"0.17","wa":"3.81"}],"contribution":[{"ts":"2013-11-29T17:00:00Z","nsw":"0.05","qld":"0.07","sa":"0.09","tas":"0.00","vic":"0.03","wa":"0.03"},{"ts":"2013-11-29T17:10:00Z","nsw":"0.13","qld":"0.07","sa":"0.11","tas":"0.00","vic":"0.03","wa":"0.03"},{"ts":"2013-11-29T17:20:00Z","nsw":"0.06","qld":"0.07","sa":"0.11","tas":"0.00","vic":"0.02","wa":"0.04"},{"ts":"2013-11-29T17:30:00Z","nsw":"0.06","qld":"0.07","sa":"0.11","tas":"0.00","vic":"0.02","wa":"0.04"},{"ts":"2013-11-29T17:40:00Z","nsw":"0.05","qld":"0.07","sa":"0.11","tas":"0.00","vic":"0.02","wa":"0.03"},{"ts":"2013-11-29T17:50:00Z","nsw":"0.05","qld":"0.07","sa":"0.11","tas":"0.00","vic":"0.02","wa":"0.04"},{"ts":"2013-11-29T18:00:00Z","nsw":"0.05","qld":"0.07","sa":"0.09","tas":"0.00","vic":"0.02","wa":"0.03"},{"ts":"2013-11-29T18:10:00Z","nsw":"0.05","qld":"0.07","sa":"0.11","tas":"0.00","vic":"0.02","wa":"0.04"},{"ts":"2013-11-29T18:20:00Z","nsw":"0.04","qld":"0.07","sa":"0.11","tas":"0.00","vic":"0.02","wa":"0.03"},{"ts":"2013-11-29T18:30:00Z","nsw":"0.04","qld":"0.07","sa":"0.09","tas":"0.00","vic":"0.02","wa":"0.04"},{"ts":"2013-11-29T18:40:00Z","nsw":"0.04","qld":"0.07","sa":"0.11","tas":"0.01","vic":"0.02","wa":"0.03"},{"ts":"2013-11-29T18:50:00Z","nsw":"0.06","qld":"0.06","sa":"0.08","tas":"0.02","vic":"0.02","wa":"0.04"},{"ts":"2013-11-29T19:00:00Z","nsw":"0.11","qld":"0.03","sa":"0.10","tas":"0.05","vic":"0.02","wa":"0.03"},{"ts":"2013-11-29T19:10:00Z","nsw":"0.18","qld":"0.03","sa":"0.09","tas":"0.09","vic":"0.06","wa":"0.04"},{"ts":"2013-11-29T19:20:00Z","nsw":"0.28","qld":"0.13","sa":"0.08","tas":"0.13","vic":"0.10","wa":"0.04"},{"ts":"2013-11-29T19:30:00Z","nsw":"0.37","qld":"0.22","sa":"0.11","tas":"0.16","vic":"0.16","wa":"0.04"},{"ts":"2013-11-29T19:40:00Z","nsw":"0.51","qld":"0.26","sa":"0.34","tas":"0.24","vic":"0.26","wa":"0.03"},{"ts":"2013-11-29T19:50:00Z","nsw":"0.65","qld":"0.28","sa":"0.56","tas":"0.29","vic":"0.35","wa":"0.04"},{"ts":"2013-11-29T20:00:00Z","nsw":"0.86","qld":"0.34","sa":"0.80","tas":"0.38","vic":"0.46","wa":"0.03"},{"ts":"2013-11-29T20:10:00Z","nsw":"1.00","qld":"0.35","sa":"1.22","tas":"0.47","vic":"0.59","wa":"0.04"},{"ts":"2013-11-29T20:20:00Z","nsw":"1.15","qld":"0.38","sa":"1.64","tas":"0.54","vic":"0.69","wa":"0.03"},{"ts":"2013-11-29T20:30:00Z","nsw":"1.26","qld":"0.41","sa":"2.35","tas":"0.59","vic":"0.79","wa":"0.04"},{"ts":"2013-11-29T20:40:00Z","nsw":"1.36","qld":"0.43","sa":"3.01","tas":"0.68","vic":"0.98","wa":"0.04"},{"ts":"2013-11-29T20:50:00Z","nsw":"1.48","qld":"0.45","sa":"3.58","tas":"0.80","vic":"1.12","wa":"0.03"},{"ts":"2013-11-29T21:00:00Z","nsw":"1.65","qld":"0.57","sa":"4.02","tas":"0.94","vic":"1.34","wa":"0.03"},{"ts":"2013-11-29T21:10:00Z","nsw":"1.73","qld":"0.62","sa":"5.00","tas":"1.03","vic":"1.58","wa":"0.04"},{"ts":"2013-11-29T21:20:00Z","nsw":"1.96","qld":"0.78","sa":"5.94","tas":"1.19","vic":"1.92","wa":"0.09"},{"ts":"2013-11-29T21:30:00Z","nsw":"2.04","qld":"0.95","sa":"7.18","tas":"1.34","vic":"2.23","wa":"0.23"},{"ts":"2013-11-29T21:40:00Z","nsw":"2.31","qld":"1.22","sa":"8.23","tas":"1.43","vic":"2.36","wa":"0.55"},{"ts":"2013-11-29T21:50:00Z","nsw":"2.31","qld":"1.47","sa":"9.41","tas":"1.53","vic":"2.53","wa":"0.86"},{"ts":"2013-11-29T22:00:00Z","nsw":"2.40","qld":"1.72","sa":"10.33","tas":"1.63","vic":"2.82","wa":"1.29"},{"ts":"2013-11-29T22:10:00Z","nsw":"2.51","qld":"1.58","sa":"11.72","tas":"1.83","vic":"2.95","wa":"1.42"},{"ts":"2013-11-29T22:20:00Z","nsw":"2.67","qld":"1.69","sa":"12.56","tas":"1.92","vic":"3.20","wa":"1.92"},{"ts":"2013-11-29T22:30:00Z","nsw":"2.78","qld":"1.84","sa":"13.69","tas":"1.94","vic":"3.24","wa":"1.77"},{"ts":"2013-11-29T22:40:00Z","nsw":"2.90","qld":"1.84","sa":"14.73","tas":"2.03","vic":"3.37","wa":"1.96"},{"ts":"2013-11-29T22:50:00Z","nsw":"2.98","qld":"2.08","sa":"15.52","tas":"2.05","vic":"3.44","wa":"2.10"},{"ts":"2013-11-29T23:00:00Z","nsw":"3.19","qld":"2.05","sa":"16.44","tas":"2.21","vic":"3.83","wa":"3.02"},{"ts":"2013-11-29T23:10:00Z","nsw":"3.32","qld":"2.01","sa":"17.60","tas":"2.12","vic":"3.93","wa":"3.91"},{"ts":"2013-11-29T23:20:00Z","nsw":"3.55","qld":"2.04","sa":"18.32","tas":"2.19","vic":"4.06","wa":"4.44"},{"ts":"2013-11-29T23:30:00Z","nsw":"3.78","qld":"2.02","sa":"19.14","tas":"2.37","vic":"4.30","wa":"4.90"},{"ts":"2013-11-29T23:40:00Z","nsw":"3.76","qld":"2.17","sa":"19.77","tas":"2.46","vic":"4.71","wa":"5.50"},{"ts":"2013-11-29T23:50:00Z","nsw":"3.74","qld":"2.18","sa":"20.43","tas":"2.61","vic":"4.62","wa":"6.13"},{"ts":"2013-11-30T00:00:00Z","nsw":"3.77","qld":"2.49","sa":"21.09","tas":"2.80","vic":"5.04","wa":"6.31"},{"ts":"2013-11-30T00:10:00Z","nsw":"3.80","qld":"2.34","sa":"21.75","tas":"2.93","vic":"5.12","wa":"6.12"},{"ts":"2013-11-30T00:20:00Z","nsw":"3.74","qld":"2.42","sa":"22.51","tas":"2.96","vic":"5.41","wa":"6.53"},{"ts":"2013-11-30T00:30:00Z","nsw":"3.63","qld":"2.20","sa":"22.91","tas":"2.96","vic":"5.34","wa":"7.09"},{"ts":"2013-11-30T00:40:00Z","nsw":"3.85","qld":"2.00","sa":"23.27","tas":"3.09","vic":"5.49","wa":"7.67"},{"ts":"2013-11-30T00:50:00Z","nsw":"3.71","qld":"1.94","sa":"23.10","tas":"3.11","vic":"5.48","wa":"7.42"},{"ts":"2013-11-30T01:00:00Z","nsw":"4.01","qld":"2.27","sa":"24.03","tas":"3.53","vic":"5.73","wa":"8.32"},{"ts":"2013-11-30T01:10:00Z","nsw":"4.04","qld":"1.98","sa":"24.27","tas":"3.39","vic":"5.74","wa":"7.42"},{"ts":"2013-11-30T01:20:00Z","nsw":"4.40","qld":"2.25","sa":"24.15","tas":"3.46","vic":"6.13","wa":"8.99"},{"ts":"2013-11-30T01:30:00Z","nsw":"4.10","qld":"2.31","sa":"23.93","tas":"3.46","vic":"5.99","wa":"8.59"},{"ts":"2013-11-30T01:40:00Z","nsw":"4.41","qld":"2.56","sa":"24.74","tas":"3.60","vic":"6.47","wa":"8.22"},{"ts":"2013-11-30T01:50:00Z","nsw":"4.33","qld":"2.96","sa":"24.56","tas":"3.45","vic":"6.02","wa":"8.47"},{"ts":"2013-11-30T02:00:00Z","nsw":"4.21","qld":"3.05","sa":"24.86","tas":"3.68","vic":"6.48","wa":"8.31"},{"ts":"2013-11-30T02:10:00Z","nsw":"4.50","qld":"2.88","sa":"24.74","tas":"3.65","vic":"6.47","wa":"8.22"},{"ts":"2013-11-30T02:20:00Z","nsw":"4.32","qld":"3.26","sa":"24.77","tas":"3.82","vic":"6.76","wa":"8.18"},{"ts":"2013-11-30T02:30:00Z","nsw":"4.15","qld":"3.57","sa":"24.76","tas":"3.81","vic":"6.86","wa":"9.09"},{"ts":"2013-11-30T02:40:00Z","nsw":"4.22","qld":"3.52","sa":"25.03","tas":"3.79","vic":"6.97","wa":"10.20"},{"ts":"2013-11-30T02:50:00Z","nsw":"4.23","qld":"3.72","sa":"24.97","tas":"3.67","vic":"6.99","wa":"9.37"},{"ts":"2013-11-30T03:00:00Z","nsw":"4.44","qld":"3.86","sa":"24.20","tas":"3.91","vic":"7.18","wa":"10.50"},{"ts":"2013-11-30T03:10:00Z","nsw":"4.37","qld":"3.64","sa":"24.76","tas":"3.88","vic":"7.30","wa":"9.99"},{"ts":"2013-11-30T03:20:00Z","nsw":"4.51","qld":"3.91","sa":"24.56","tas":"3.81","vic":"7.29","wa":"11.16"},{"ts":"2013-11-30T03:30:00Z","nsw":"4.56","qld":"3.37","sa":"24.79","tas":"3.69","vic":"7.19","wa":"10.82"},{"ts":"2013-11-30T03:40:00Z","nsw":"4.27","qld":"3.37","sa":"24.36","tas":"3.66","vic":"7.17","wa":"10.38"},{"ts":"2013-11-30T03:50:00Z","nsw":"3.85","qld":"3.69","sa":"23.84","tas":"3.71","vic":"6.92","wa":"9.81"},{"ts":"2013-11-30T04:00:00Z","nsw":"4.18","qld":"4.43","sa":"23.39","tas":"3.58","vic":"7.04","wa":"11.09"},{"ts":"2013-11-30T04:10:00Z","nsw":"4.03","qld":"4.19","sa":"23.08","tas":"3.52","vic":"6.76","wa":"10.76"},{"ts":"2013-11-30T04:20:00Z","nsw":"4.48","qld":"4.54","sa":"22.42","tas":"3.36","vic":"6.95","wa":"11.01"},{"ts":"2013-11-30T04:30:00Z","nsw":"4.28","qld":"4.62","sa":"22.67","tas":"3.27","vic":"6.88","wa":"10.86"},{"ts":"2013-11-30T04:40:00Z","nsw":"4.01","qld":"4.93","sa":"22.19","tas":"3.24","vic":"6.64"},{"ts":"2013-11-30T04:50:00Z","nsw":"3.83","qld":"4.87","sa":"21.58","tas":"3.13","vic":"6.26","wa":"10.82"},{"ts":"2013-11-30T05:00:00Z","nsw":"3.67","qld":"4.89","sa":"21.17","tas":"3.05","vic":"5.90","wa":"10.60"},{"ts":"2013-11-30T05:10:00Z","nsw":"3.46","qld":"4.73","sa":"20.44","tas":"2.87","vic":"5.79","wa":"10.91"},{"ts":"2013-11-30T05:20:00Z","nsw":"3.39","qld":"5.29","sa":"19.87","tas":"2.85","vic":"5.66","wa":"11.00"},{"ts":"2013-11-30T05:30:00Z","nsw":"3.23","qld":"4.86","sa":"18.91","tas":"2.72","vic":"5.33","wa":"10.43"},{"ts":"2013-11-30T05:40:00Z","nsw":"3.04","qld":"4.49","sa":"18.05","tas":"2.58","vic":"5.02","wa":"10.61"},{"ts":"2013-11-30T05:50:00Z","nsw":"2.66","qld":"3.75","sa":"17.12","tas":"2.43","vic":"4.70","wa":"9.66"},{"ts":"2013-11-30T06:00:00Z","nsw":"2.79","qld":"3.54","sa":"16.54","tas":"2.23","vic":"4.38","wa":"9.96"},{"ts":"2013-11-30T06:10:00Z","nsw":"2.47","qld":"3.02","sa":"16.42","tas":"2.00","vic":"4.02","wa":"9.94"},{"ts":"2013-11-30T06:20:00Z","nsw":"2.40","qld":"2.83","sa":"15.00","tas":"1.84","vic":"3.76","wa":"9.35"},{"ts":"2013-11-30T06:30:00Z","nsw":"2.01","qld":"2.28","sa":"13.95","tas":"1.63","vic":"3.47","wa":"9.47"},{"ts":"2013-11-30T06:40:00Z","nsw":"1.86","qld":"2.05","sa":"12.78","tas":"1.54","vic":"3.16","wa":"10.16"},{"ts":"2013-11-30T06:50:00Z","nsw":"1.73","qld":"1.90","sa":"11.17","tas":"1.31","vic":"2.88","wa":"9.80"},{"ts":"2013-11-30T07:00:00Z","nsw":"1.49","qld":"1.87","sa":"9.96","tas":"1.17","vic":"2.52","wa":"9.00"},{"ts":"2013-11-30T07:10:00Z","nsw":"1.23","qld":"1.62","sa":"8.31","tas":"1.00","vic":"2.23","wa":"8.34"},{"ts":"2013-11-30T07:20:00Z","nsw":"1.10","qld":"1.38","sa":"7.38","tas":"0.88","vic":"2.01","wa":"7.79"},{"ts":"2013-11-30T07:30:00Z","nsw":"0.89","qld":"1.09","sa":"7.29","tas":"0.76","vic":"1.72","wa":"7.25"},{"ts":"2013-11-30T07:40:00Z","nsw":"0.76","qld":"0.84","sa":"6.24","tas":"0.63","vic":"1.44","wa":"7.34"},{"ts":"2013-11-30T07:50:00Z","nsw":"0.61","qld":"0.59","sa":"4.91","tas":"0.56","vic":"1.23","wa":"6.77"},{"ts":"2013-11-30T08:00:00Z","nsw":"0.52","qld":"0.38","sa":"4.42","tas":"0.46","vic":"1.04","wa":"6.50"},{"ts":"2013-11-30T08:10:00Z","nsw":"0.43","qld":"0.22","sa":"3.79","tas":"0.40","vic":"0.87","wa":"5.15"},{"ts":"2013-11-30T08:20:00Z","nsw":"0.35","qld":"0.15","sa":"2.94","tas":"0.34","vic":"0.71","wa":"5.41"},{"ts":"2013-11-30T08:30:00Z","nsw":"0.26","qld":"0.08","sa":"2.40","tas":"0.25","vic":"0.52","wa":"5.10"},{"ts":"2013-11-30T08:40:00Z","nsw":"0.17","qld":"0.08","sa":"2.17","tas":"0.20","vic":"0.40","wa":"5.17"},{"ts":"2013-11-30T08:50:00Z","nsw":"0.14","qld":"0.09","sa":"1.99","tas":"0.12","vic":"0.29","wa":"4.15"},{"ts":"2013-11-30T09:00:00Z","nsw":"0.10","qld":"0.06","sa":"1.50","tas":"0.09","vic":"0.20","wa":"3.98"},{"ts":"2013-11-30T09:10:00Z","nsw":"0.07","qld":"0.06","sa":"1.12","tas":"0.04","vic":"0.12","wa":"3.07"},{"ts":"2013-11-30T09:20:00Z","nsw":"0.07","qld":"0.06","sa":"0.72","tas":"0.02","vic":"0.07","wa":"2.89"},{"ts":"2013-11-30T09:30:00Z","nsw":"0.06","qld":"0.06","sa":"0.43","tas":"0.01","vic":"0.06","wa":"2.48"},{"ts":"2013-11-30T09:40:00Z","nsw":"0.07","qld":"0.07","sa":"0.29","tas":"0.01","vic":"0.07","wa":"2.11"},{"ts":"2013-11-30T09:50:00Z","nsw":"0.11","qld":"0.07","sa":"0.31","tas":"0.01","vic":"0.06","wa":"1.89"},{"ts":"2013-11-30T10:00:00Z","nsw":"0.09","qld":"0.07","sa":"0.33","tas":"0.01","vic":"0.02","wa":"1.50"},{"ts":"2013-11-30T10:10:00Z","nsw":"0.06","qld":"0.06","sa":"0.34","tas":"0.00","vic":"0.02","wa":"1.27"},{"ts":"2013-11-30T10:20:00Z","nsw":"0.07","qld":"0.07","sa":"0.40","tas":"0.00","vic":"0.02","wa":"0.86"},{"ts":"2013-11-30T10:30:00Z","nsw":"0.08","qld":"0.07","sa":"0.40","tas":"0.00","vic":"0.02","wa":"0.77"},{"ts":"2013-11-30T10:40:00Z","nsw":"0.07","qld":"0.07","sa":"0.43","tas":"0.00","vic":"0.02","wa":"0.52"},{"ts":"2013-11-30T10:50:00Z","nsw":"0.05","qld":"0.07","sa":"0.44","tas":"0.00","vic":"0.02","wa":"0.44"},{"ts":"2013-11-30T11:00:00Z","nsw":"0.07","qld":"0.07","sa":"0.43","tas":"0.00","vic":"0.03","wa":"0.22"},{"ts":"2013-11-30T11:10:00Z","nsw":"0.07","qld":"0.06","sa":"0.39","tas":"0.00","vic":"0.02","wa":"0.24"},{"ts":"2013-11-30T11:20:00Z","nsw":"0.08","qld":"0.07","sa":"0.43","tas":"0.00","vic":"0.02","wa":"0.35"},{"ts":"2013-11-30T11:30:00Z","nsw":"0.07","qld":"0.07","sa":"0.42","tas":"0.00","vic":"0.03","wa":"0.41"},{"ts":"2013-11-30T11:40:00Z","nsw":"0.14","qld":"0.06","sa":"0.46","tas":"0.00","vic":"0.03","wa":"0.55"},{"ts":"2013-11-30T11:50:00Z","nsw":"0.08","qld":"0.07","sa":"0.45","tas":"0.00","vic":"0.02","wa":"0.62"}],"demand":[{"ts":"2013-11-29T17:00:00Z","nsw":5665,"qld":4881,"sa":1105,"tas":970,"vic":4088,"wa":1610},{"ts":"2013-11-29T17:10:00Z","nsw":5714,"qld":4853,"sa":1089,"tas":972,"vic":4057,"wa":1632},{"ts":"2013-11-29T17:20:00Z","nsw":5690,"qld":4842,"sa":1068,"tas":1008,"vic":4048,"wa":1628},{"ts":"2013-11-29T17:30:00Z","nsw":5689,"qld":4838,"sa":1049,"tas":1020,"vic":4048,"wa":1616},{"ts":"2013-11-29T17:40:00Z","nsw":5723,"qld":4848,"sa":1047,"tas":1033,"vic":4074,"wa":1620},{"ts":"2013-11-29T17:50:00Z","nsw":5733,"qld":4869,"sa":1061,"tas":1039,"vic":4078,"wa":1618},{"ts":"2013-11-29T18:00:00Z","nsw":5746,"qld":4853,"sa":1065,"tas":1036,"vic":4106,"wa":1606},{"ts":"2013-11-29T18:10:00Z","nsw":5758,"qld":4844,"sa":1066,"tas":1041,"vic":4085,"wa":1602},{"ts":"2013-11-29T18:20:00Z","nsw":5829,"qld":4879,"sa":1060,"tas":1034,"vic":4119,"wa":1603},{"ts":"2013-11-29T18:30:00Z","nsw":5787,"qld":4838,"sa":1060,"tas":1037,"vic":4167,"wa":1586},{"ts":"2013-11-29T18:40:00Z","nsw":5795,"qld":4869,"sa":1063,"tas":1046,"vic":4184,"wa":1579},{"ts":"2013-11-29T18:50:00Z","nsw":5850,"qld":4880,"sa":1069,"tas":1060,"vic":4199,"wa":1579},{"ts":"2013-11-29T19:00:00Z","nsw":5837,"qld":4887,"sa":1070,"tas":1040,"vic":4174,"wa":1568},{"ts":"2013-11-29T19:10:00Z","nsw":5903,"qld":4888,"sa":1090,"tas":1074,"vic":4237,"wa":1557},{"ts":"2013-11-29T19:20:00Z","nsw":6036,"qld":4914,"sa":1069,"tas":1099,"vic":4257,"wa":1553},{"ts":"2013-11-29T19:30:00Z","nsw":6094,"qld":4887,"sa":1077,"tas":1103,"vic":4354,"wa":1551},{"ts":"2013-11-29T19:40:00Z","nsw":6208,"qld":4887,"sa":1088,"tas":1117,"vic":4425,"wa":1547},{"ts":"2013-11-29T19:50:00Z","nsw":6221,"qld":4875,"sa":1114,"tas":1129,"vic":4402,"wa":1547},{"ts":"2013-11-29T20:00:00Z","nsw":6328,"qld":4994,"sa":1111,"tas":1129,"vic":4559,"wa":1550},{"ts":"2013-11-29T20:10:00Z","nsw":6466,"qld":5030,"sa":1103,"tas":1133,"vic":4645,"wa":1549},{"ts":"2013-11-29T20:20:00Z","nsw":6554,"qld":5015,"sa":1113,"tas":1141,"vic":4751,"wa":1546},{"ts":"2013-11-29T20:30:00Z","nsw":6670,"qld":5090,"sa":1111,"tas":1158,"vic":4807,"wa":1547},{"ts":"2013-11-29T20:40:00Z","nsw":6746,"qld":5213,"sa":1128,"tas":1165,"vic":4858,"wa":1551},{"ts":"2013-11-29T20:50:00Z","nsw":6854,"qld":5257,"sa":1160,"tas":1126,"vic":4942,"wa":1556},{"ts":"2013-11-29T21:00:00Z","nsw":6995,"qld":5324,"sa":1204,"tas":1140,"vic":4944,"wa":1544},{"ts":"2013-11-29T21:10:00Z","nsw":7032,"qld":5432,"sa":1210,"tas":1144,"vic":4936,"wa":1556},{"ts":"2013-11-29T21:20:00Z","nsw":7161,"qld":5461,"sa":1189,"tas":1139,"vic":4892,"wa":1563},{"ts":"2013-11-29T21:30:00Z","nsw":7239,"qld":5548,"sa":1197,"tas":1169,"vic":4885,"wa":1571},{"ts":"2013-11-29T21:40:00Z","nsw":7276,"qld":5575,"sa":1173,"tas":1169,"vic":4988,"wa":1569},{"ts":"2013-11-29T21:50:00Z","nsw":7350,"qld":5616,"sa":1170,"tas":1168,"vic":5080,"wa":1565},{"ts":"2013-11-29T22:00:00Z","nsw":7493,"qld":5696,"sa":1160,"tas":1172,"vic":5145,"wa":1579},{"ts":"2013-11-29T22:10:00Z","nsw":7580,"qld":5771,"sa":1147,"tas":1165,"vic":5138,"wa":1602},{"ts":"2013-11-29T22:20:00Z","nsw":7658,"qld":5796,"sa":1160,"tas":1162,"vic":5050,"wa":1613},{"ts":"2013-11-29T22:30:00Z","nsw":7564,"qld":5835,"sa":1138,"tas":1158,"vic":5054,"wa":1617},{"ts":"2013-11-29T22:40:00Z","nsw":7549,"qld":5859,"sa":1128,"tas":1144,"vic":5080,"wa":1626},{"ts":"2013-11-29T22:50:00Z","nsw":7591,"qld":5928,"sa":1151,"tas":1138,"vic":5083,"wa":1640},{"ts":"2013-11-29T23:00:00Z","nsw":7665,"qld":5941,"sa":1120,"tas":1138,"vic":5115,"wa":1678},{"ts":"2013-11-29T23:10:00Z","nsw":7680,"qld":5944,"sa":1099,"tas":1126,"vic":5122,"wa":1688},{"ts":"2013-11-29T23:20:00Z","nsw":7639,"qld":5981,"sa":1094,"tas":1084,"vic":5110,"wa":1703},{"ts":"2013-11-29T23:30:00Z","nsw":7631,"qld":5994,"sa":1096,"tas":1070,"vic":5152,"wa":1746},{"ts":"2013-11-29T23:40:00Z","nsw":7678,"qld":6033,"sa":1083,"tas":1120,"vic":5095,"wa":1760},{"ts":"2013-11-29T23:50:00Z","nsw":7610,"qld":6038,"sa":1080,"tas":1116,"vic":5099,"wa":1768},{"ts":"2013-11-30T00:00:00Z","nsw":7615,"qld":5996,"sa":1079,"tas":1119,"vic":5082,"wa":1825},{"ts":"2013-11-30T00:10:00Z","nsw":7531,"qld":5980,"sa":1054,"tas":1106,"vic":5042,"wa":1843},{"ts":"2013-11-30T00:20:00Z","nsw":7558,"qld":6024,"sa":1049,"tas":1129,"vic":5063,"wa":1846},{"ts":"2013-11-30T00:30:00Z","nsw":7547,"qld":6033,"sa":1055,"tas":1108,"vic":5026,"wa":1856},{"ts":"2013-11-30T00:40:00Z","nsw":7498,"qld":5985,"sa":1031,"tas":1103,"vic":5023,"wa":1867},{"ts":"2013-11-30T00:50:00Z","nsw":7532,"qld":5997,"sa":1052,"tas":1089,"vic":5022,"wa":1874},{"ts":"2013-11-30T01:00:00Z","nsw":7459,"qld":5989,"sa":1025,"tas":1079,"vic":5016,"wa":1913},{"ts":"2013-11-30T01:10:00Z","nsw":7404,"qld":5975,"sa":1030,"tas":1067,"vic":4977,"wa":1910},{"ts":"2013-11-30T01:20:00Z","nsw":7291,"qld":5984,"sa":1046,"tas":1058,"vic":4951,"wa":1911},{"ts":"2013-11-30T01:30:00Z","nsw":7310,"qld":5989,"sa":1047,"tas":1057,"vic":4933,"wa":1902},{"ts":"2013-11-30T01:40:00Z","nsw":7337,"qld":5982,"sa":1026,"tas":1065,"vic":4949,"wa":1900},{"ts":"2013-11-30T01:50:00Z","nsw":7259,"qld":5986,"sa":1043,"tas":1055,"vic":4920,"wa":1902},{"ts":"2013-11-30T02:00:00Z","nsw":7261,"qld":5963,"sa":1050,"tas":1039,"vic":4857,"wa":1918},{"ts":"2013-11-30T02:10:00Z","nsw":7254,"qld":5906,"sa":1038,"tas":1027,"vic":4889,"wa":1923},{"ts":"2013-11-30T02:20:00Z","nsw":7216,"qld":5903,"sa":1050,"tas":1020,"vic":4866,"wa":1923},{"ts":"2013-11-30T02:30:00Z","nsw":7243,"qld":5871,"sa":1048,"tas":1010,"vic":4836,"wa":1913},{"ts":"2013-11-30T02:40:00Z","nsw":7207,"qld":5929,"sa":1043,"tas":1019,"vic":4850,"wa":1900},{"ts":"2013-11-30T02:50:00Z","nsw":7161,"qld":5880,"sa":1045,"tas":1014,"vic":4779,"wa":1896},{"ts":"2013-11-30T03:00:00Z","nsw":7221,"qld":5856,"sa":1065,"tas":1013,"vic":4784,"wa":1875},{"ts":"2013-11-30T03:10:00Z","nsw":7153,"qld":5845,"sa":1034,"tas":1011,"vic":4773,"wa":1880},{"ts":"2013-11-30T03:20:00Z","nsw":7103,"qld":5847,"sa":1033,"tas":1004,"vic":4799,"wa":1885},{"ts":"2013-11-30T03:30:00Z","nsw":7062,"qld":5844,"sa":1020,"tas":1011,"vic":4783,"wa":1899},{"ts":"2013-11-30T03:40:00Z","nsw":7051,"qld":5796,"sa":1038,"tas":1016,"vic":4765,"wa":1906},{"ts":"2013-11-30T03:50:00Z","nsw":7112,"qld":5826,"sa":1054,"tas":1010,"vic":4801,"wa":1897},{"ts":"2013-11-30T04:00:00Z","nsw":7152,"qld":5826,"sa":1051,"tas":1011,"vic":4766,"wa":1858},{"ts":"2013-11-30T04:10:00Z","nsw":7138,"qld":5784,"sa":1055,"tas":1014,"vic":4692,"wa":1855},{"ts":"2013-11-30T04:20:00Z","nsw":7037,"qld":5761,"sa":1058,"tas":1026,"vic":4582,"wa":1854},{"ts":"2013-11-30T04:30:00Z","nsw":7043,"qld":5757,"sa":1066,"tas":1017,"vic":4568,"wa":1838},{"ts":"2013-11-30T04:40:00Z","nsw":7043,"qld":5748,"sa":1058,"tas":1009,"vic":4617},{"ts":"2013-11-30T04:50:00Z","nsw":7086,"qld":5708,"sa":1071,"tas":1027,"vic":4809,"wa":1845},{"ts":"2013-11-30T05:00:00Z","nsw":7157,"qld":5733,"sa":1101,"tas":1023,"vic":4850,"wa":1846},{"ts":"2013-11-30T05:10:00Z","nsw":7111,"qld":5734,"sa":1100,"tas":1023,"vic":4820,"wa":1838},{"ts":"2013-11-30T05:20:00Z","nsw":7106,"qld":5725,"sa":1106,"tas":1032,"vic":4819,"wa":1840},{"ts":"2013-11-30T05:30:00Z","nsw":7114,"qld":5744,"sa":1121,"tas":1047,"vic":4889,"wa":1839},{"ts":"2013-11-30T05:40:00Z","nsw":7164,"qld":5769,"sa":1142,"tas":1038,"vic":4899,"wa":1849},{"ts":"2013-11-30T05:50:00Z","nsw":7205,"qld":5815,"sa":1149,"tas":1038,"vic":4953,"wa":1851},{"ts":"2013-11-30T06:00:00Z","nsw":7165,"qld":5827,"sa":1152,"tas":1042,"vic":4952,"wa":1852},{"ts":"2013-11-30T06:10:00Z","nsw":7179,"qld":5827,"sa":1157,"tas":1059,"vic":4984,"wa":1829},{"ts":"2013-11-30T06:20:00Z","nsw":7132,"qld":5849,"sa":1192,"tas":1060,"vic":5005,"wa":1830},{"ts":"2013-11-30T06:30:00Z","nsw":7229,"qld":5910,"sa":1221,"tas":1070,"vic":5023,"wa":1865},{"ts":"2013-11-30T06:40:00Z","nsw":7270,"qld":5942,"sa":1200,"tas":1069,"vic":5032,"wa":1858},{"ts":"2013-11-30T06:50:00Z","nsw":7196,"qld":5978,"sa":1249,"tas":1074,"vic":5055,"wa":1861},{"ts":"2013-11-30T07:00:00Z","nsw":7272,"qld":5964,"sa":1262,"tas":1075,"vic":5088,"wa":1879},{"ts":"2013-11-30T07:10:00Z","nsw":7233,"qld":5973,"sa":1279,"tas":1089,"vic":5053,"wa":1888},{"ts":"2013-11-30T07:20:00Z","nsw":7179,"qld":6016,"sa":1295,"tas":1098,"vic":5059,"wa":1888},{"ts":"2013-11-30T07:30:00Z","nsw":7208,"qld":6023,"sa":1309,"tas":1114,"vic":5019,"wa":1905},{"ts":"2013-11-30T07:40:00Z","nsw":7095,"qld":5978,"sa":1334,"tas":1121,"vic":5009,"wa":1906},{"ts":"2013-11-30T07:50:00Z","nsw":7101,"qld":6001,"sa":1327,"tas":1123,"vic":5003,"wa":1910},{"ts":"2013-11-30T08:00:00Z","nsw":7104,"qld":6013,"sa":1335,"tas":1136,"vic":4985,"wa":1937},{"ts":"2013-11-30T08:10:00Z","nsw":7114,"qld":5950,"sa":1320,"tas":1108,"vic":4948,"wa":1939},{"ts":"2013-11-30T08:20:00Z","nsw":7064,"qld":5954,"sa":1343,"tas":1138,"vic":4954,"wa":1941},{"ts":"2013-11-30T08:30:00Z","nsw":7072,"qld":5984,"sa":1353,"tas":1146,"vic":4948,"wa":1949},{"ts":"2013-11-30T08:40:00Z","nsw":7078,"qld":5990,"sa":1337,"tas":1139,"vic":4932,"wa":1961},{"ts":"2013-11-30T08:50:00Z","nsw":7104,"qld":6090,"sa":1333,"tas":1145,"vic":4939,"wa":1967},{"ts":"2013-11-30T09:00:00Z","nsw":7179,"qld":6087,"sa":1317,"tas":1142,"vic":5009,"wa":1990},{"ts":"2013-11-30T09:10:00Z","nsw":7214,"qld":6062,"sa":1299,"tas":1152,"vic":4972,"wa":2005},{"ts":"2013-11-30T09:20:00Z","nsw":7280,"qld":6038,"sa":1301,"tas":1150,"vic":4900,"wa":2004},{"ts":"2013-11-30T09:30:00Z","nsw":7336,"qld":5970,"sa":1277,"tas":1159,"vic":4916,"wa":2012},{"ts":"2013-11-30T09:40:00Z","nsw":7322,"qld":5944,"sa":1267,"tas":1161,"vic":5006,"wa":2037},{"ts":"2013-11-30T09:50:00Z","nsw":7287,"qld":5914,"sa":1282,"tas":1180,"vic":5024,"wa":2038},{"ts":"2013-11-30T10:00:00Z","nsw":7213,"qld":5860,"sa":1304,"tas":1185,"vic":5085,"wa":2063},{"ts":"2013-11-30T10:10:00Z","nsw":7219,"qld":5822,"sa":1306,"tas":1187,"vic":5024,"wa":2062},{"ts":"2013-11-30T10:20:00Z","nsw":7111,"qld":5802,"sa":1298,"tas":1185,"vic":5023,"wa":2055},{"ts":"2013-11-30T10:30:00Z","nsw":7099,"qld":5787,"sa":1287,"tas":1182,"vic":5046,"wa":2083},{"ts":"2013-11-30T10:40:00Z","nsw":7048,"qld":5802,"sa":1256,"tas":1182,"vic":5009,"wa":2054},{"ts":"2013-11-30T10:50:00Z","nsw":7003,"qld":5796,"sa":1249,"tas":1174,"vic":5011,"wa":2052},{"ts":"2013-11-30T11:00:00Z","nsw":7029,"qld":5746,"sa":1257,"tas":1168,"vic":4890,"wa":2058},{"ts":"2013-11-30T11:10:00Z","nsw":7019,"qld":5859,"sa":1255,"tas":1163,"vic":4882,"wa":2099},{"ts":"2013-11-30T11:20:00Z","nsw":7029,"qld":5883,"sa":1238,"tas":1151,"vic":4859,"wa":2110},{"ts":"2013-11-30T11:30:00Z","nsw":6983,"qld":5812,"sa":1246,"tas":1141,"vic":4864,"wa":2104},{"ts":"2013-11-30T11:40:00Z","nsw":7056,"qld":5815,"sa":1211,"tas":1131,"vic":4771,"wa":2137},{"ts":"2013-11-30T11:50:00Z","nsw":6934,"qld":5690,"sa":1198,"tas":1128,"vic":4652,"wa":2131}],"output":[{"ts":"2013-11-29T17:00:00Z","nsw":3,"qld":3,"sa":0,"tas":0,"vic":1,"wa":0},{"ts":"2013-11-29T17:10:00Z","nsw":7,"qld":3,"sa":1,"tas":0,"vic":1,"wa":0},{"ts":"2013-11-29T17:20:00Z","nsw":3,"qld":3,"sa":1,"tas":0,"vic":0,"wa":0},{"ts":"2013-11-29T17:30:00Z","nsw":3,"qld":3,"sa":1,"tas":0,"vic":0,"wa":0},{"ts":"2013-11-29T17:40:00Z","nsw":2,"qld":3,"sa":1,"tas":0,"vic":0,"wa":0},{"ts":"2013-11-29T17:50:00Z","nsw":2,"qld":3,"sa":1,"tas":0,"vic":0,"wa":0},{"ts":"2013-11-29T18:00:00Z","nsw":2,"qld":3,"sa":0,"tas":0,"vic":0,"wa":0},{"ts":"2013-11-29T18:10:00Z","nsw":2,"qld":3,"sa":1,"tas":0,"vic":0,"wa":0},{"ts":"2013-11-29T18:20:00Z","nsw":2,"qld":3,"sa":1,"tas":0,"vic":0,"wa":0},{"ts":"2013-11-29T18:30:00Z","nsw":2,"qld":3,"sa":0,"tas":0,"vic":0,"wa":0},{"ts":"2013-11-29T18:40:00Z","nsw":2,"qld":3,"sa":1,"tas":0,"vic":0,"wa":0},{"ts":"2013-11-29T18:50:00Z","nsw":3,"qld":2,"sa":0,"tas":0,"vic":0,"wa":0},{"ts":"2013-11-29T19:00:00Z","nsw":6,"qld":1,"sa":1,"tas":0,"vic":0,"wa":0},{"ts":"2013-11-29T19:10:00Z","nsw":10,"qld":1,"sa":1,"tas":0,"vic":2,"wa":0},{"ts":"2013-11-29T19:20:00Z","nsw":16,"qld":6,"sa":0,"tas":1,"vic":4,"wa":0},{"ts":"2013-11-29T19:30:00Z","nsw":22,"qld":10,"sa":1,"tas":1,"vic":6,"wa":0},{"ts":"2013-11-29T19:40:00Z","nsw":31,"qld":12,"sa":3,"tas":2,"vic":11,"wa":0},{"ts":"2013-11-29T19:50:00Z","nsw":40,"qld":13,"sa":6,"tas":3,"vic":15,"wa":0},{"ts":"2013-11-29T20:00:00Z","nsw":54,"qld":16,"sa":9,"tas":4,"vic":20,"wa":0},{"ts":"2013-11-29T20:10:00Z","nsw":64,"qld":17,"sa":13,"tas":5,"vic":27,"wa":0},{"ts":"2013-11-29T20:20:00Z","nsw":75,"qld":18,"sa":18,"tas":6,"vic":32,"wa":0},{"ts":"2013-11-29T20:30:00Z","nsw":84,"qld":21,"sa":26,"tas":6,"vic":38,"wa":0},{"ts":"2013-11-29T20:40:00Z","nsw":92,"qld":22,"sa":34,"tas":8,"vic":47,"wa":0},{"ts":"2013-11-29T20:50:00Z","nsw":103,"qld":23,"sa":42,"tas":9,"vic":56,"wa":0},{"ts":"2013-11-29T21:00:00Z","nsw":116,"qld":30,"sa":49,"tas":10,"vic":67,"wa":0},{"ts":"2013-11-29T21:10:00Z","nsw":123,"qld":33,"sa":64,"tas":11,"vic":78,"wa":0},{"ts":"2013-11-29T21:20:00Z","nsw":142,"qld":42,"sa":75,"tas":13,"vic":96,"wa":1},{"ts":"2013-11-29T21:30:00Z","nsw":150,"qld":53,"sa":92,"tas":15,"vic":111,"wa":3},{"ts":"2013-11-29T21:40:00Z","nsw":171,"qld":68,"sa":106,"tas":17,"vic":120,"wa":8},{"ts":"2013-11-29T21:50:00Z","nsw":174,"qld":82,"sa":121,"tas":18,"vic":130,"wa":13},{"ts":"2013-11-29T22:00:00Z","nsw":182,"qld":99,"sa":135,"tas":19,"vic":149,"wa":20},{"ts":"2013-11-29T22:10:00Z","nsw":194,"qld":92,"sa":150,"tas":21,"vic":157,"wa":23},{"ts":"2013-11-29T22:20:00Z","nsw":210,"qld":99,"sa":164,"tas":22,"vic":167,"wa":31},{"ts":"2013-11-29T22:30:00Z","nsw":217,"qld":109,"sa":182,"tas":22,"vic":169,"wa":29},{"ts":"2013-11-29T22:40:00Z","nsw":225,"qld":109,"sa":194,"tas":23,"vic":177,"wa":32},{"ts":"2013-11-29T22:50:00Z","nsw":233,"qld":125,"sa":211,"tas":23,"vic":182,"wa":35},{"ts":"2013-11-29T23:00:00Z","nsw":251,"qld":125,"sa":220,"tas":25,"vic":202,"wa":52},{"ts":"2013-11-29T23:10:00Z","nsw":265,"qld":121,"sa":234,"tas":24,"vic":209,"wa":68},{"ts":"2013-11-29T23:20:00Z","nsw":281,"qld":124,"sa":245,"tas":24,"vic":215,"wa":79},{"ts":"2013-11-29T23:30:00Z","nsw":300,"qld":123,"sa":258,"tas":25,"vic":231,"wa":90},{"ts":"2013-11-29T23:40:00Z","nsw":300,"qld":133,"sa":268,"tas":28,"vic":253,"wa":102},{"ts":"2013-11-29T23:50:00Z","nsw":296,"qld":134,"sa":276,"tas":29,"vic":248,"wa":115},{"ts":"2013-11-30T00:00:00Z","nsw":298,"qld":152,"sa":289,"tas":32,"vic":269,"wa":122},{"ts":"2013-11-30T00:10:00Z","nsw":297,"qld":143,"sa":291,"tas":33,"vic":272,"wa":120},{"ts":"2013-11-30T00:20:00Z","nsw":294,"qld":149,"sa":305,"tas":34,"vic":290,"wa":128},{"ts":"2013-11-30T00:30:00Z","nsw":284,"qld":135,"sa":315,"tas":33,"vic":282,"wa":141},{"ts":"2013-11-30T00:40:00Z","nsw":298,"qld":122,"sa":313,"tas":35,"vic":291,"wa":155},{"ts":"2013-11-30T00:50:00Z","nsw":291,"qld":118,"sa":317,"tas":35,"vic":291,"wa":150},{"ts":"2013-11-30T01:00:00Z","nsw":313,"qld":139,"sa":323,"tas":39,"vic":304,"wa":173},{"ts":"2013-11-30T01:10:00Z","nsw":314,"qld":120,"sa":329,"tas":37,"vic":305,"wa":153},{"ts":"2013-11-30T01:20:00Z","nsw":337,"qld":137,"sa":329,"tas":38,"vic":322,"wa":188},{"ts":"2013-11-30T01:30:00Z","nsw":313,"qld":140,"sa":332,"tas":37,"vic":316,"wa":178},{"ts":"2013-11-30T01:40:00Z","nsw":338,"qld":158,"sa":336,"tas":39,"vic":342,"wa":170},{"ts":"2013-11-30T01:50:00Z","nsw":329,"qld":183,"sa":340,"tas":37,"vic":315,"wa":176},{"ts":"2013-11-30T02:00:00Z","nsw":320,"qld":188,"sa":343,"tas":39,"vic":336,"wa":173},{"ts":"2013-11-30T02:10:00Z","nsw":339,"qld":176,"sa":341,"tas":39,"vic":339,"wa":172},{"ts":"2013-11-30T02:20:00Z","nsw":326,"qld":199,"sa":344,"tas":40,"vic":353,"wa":171},{"ts":"2013-11-30T02:30:00Z","nsw":315,"qld":216,"sa":344,"tas":40,"vic":356,"wa":191},{"ts":"2013-11-30T02:40:00Z","nsw":317,"qld":216,"sa":348,"tas":40,"vic":363,"wa":215},{"ts":"2013-11-30T02:50:00Z","nsw":316,"qld":227,"sa":342,"tas":38,"vic":358,"wa":196},{"ts":"2013-11-30T03:00:00Z","nsw":336,"qld":234,"sa":341,"tas":41,"vic":368,"wa":220},{"ts":"2013-11-30T03:10:00Z","nsw":328,"qld":221,"sa":342,"tas":41,"vic":371,"wa":208},{"ts":"2013-11-30T03:20:00Z","nsw":337,"qld":238,"sa":336,"tas":39,"vic":375,"wa":237},{"ts":"2013-11-30T03:30:00Z","nsw":339,"qld":205,"sa":338,"tas":38,"vic":373,"wa":230},{"ts":"2013-11-30T03:40:00Z","nsw":314,"qld":204,"sa":332,"tas":38,"vic":366,"wa":220},{"ts":"2013-11-30T03:50:00Z","nsw":286,"qld":222,"sa":328,"tas":39,"vic":356,"wa":206},{"ts":"2013-11-30T04:00:00Z","nsw":312,"qld":269,"sa":320,"tas":37,"vic":359,"wa":231},{"ts":"2013-11-30T04:10:00Z","nsw":300,"qld":254,"sa":318,"tas":37,"vic":344,"wa":223},{"ts":"2013-11-30T04:20:00Z","nsw":331,"qld":273,"sa":302,"tas":35,"vic":344,"wa":229},{"ts":"2013-11-30T04:30:00Z","nsw":313,"qld":278,"sa":310,"tas":34,"vic":335,"wa":224},{"ts":"2013-11-30T04:40:00Z","nsw":293,"qld":298,"sa":299,"tas":33,"vic":328},{"ts":"2013-11-30T04:50:00Z","nsw":281,"qld":293,"sa":294,"tas":33,"vic":320,"wa":223},{"ts":"2013-11-30T05:00:00Z","nsw":273,"qld":295,"sa":294,"tas":32,"vic":304,"wa":218},{"ts":"2013-11-30T05:10:00Z","nsw":254,"qld":285,"sa":283,"tas":30,"vic":297,"wa":225},{"ts":"2013-11-30T05:20:00Z","nsw":249,"qld":318,"sa":273,"tas":30,"vic":289,"wa":227},{"ts":"2013-11-30T05:30:00Z","nsw":238,"qld":291,"sa":263,"tas":29,"vic":273,"wa":214},{"ts":"2013-11-30T05:40:00Z","nsw":224,"qld":268,"sa":247,"tas":27,"vic":258,"wa":219},{"ts":"2013-11-30T05:50:00Z","nsw":196,"qld":226,"sa":238,"tas":25,"vic":242,"wa":197},{"ts":"2013-11-30T06:00:00Z","nsw":206,"qld":214,"sa":229,"tas":23,"vic":228,"wa":204},{"ts":"2013-11-30T06:10:00Z","nsw":182,"qld":182,"sa":223,"tas":21,"vic":207,"wa":201},{"ts":"2013-11-30T06:20:00Z","nsw":175,"qld":170,"sa":210,"tas":19,"vic":195,"wa":188},{"ts":"2013-11-30T06:30:00Z","nsw":148,"qld":136,"sa":197,"tas":17,"vic":180,"wa":195},{"ts":"2013-11-30T06:40:00Z","nsw":137,"qld":124,"sa":176,"tas":16,"vic":164,"wa":210},{"ts":"2013-11-30T06:50:00Z","nsw":126,"qld":115,"sa":156,"tas":14,"vic":149,"wa":202},{"ts":"2013-11-30T07:00:00Z","nsw":109,"qld":114,"sa":138,"tas":12,"vic":132,"wa":185},{"ts":"2013-11-30T07:10:00Z","nsw":90,"qld":98,"sa":114,"tas":10,"vic":114,"wa":171},{"ts":"2013-11-30T07:20:00Z","nsw":80,"qld":84,"sa":103,"tas":9,"vic":104,"wa":159},{"ts":"2013-11-30T07:30:00Z","nsw":64,"qld":66,"sa":103,"tas":8,"vic":87,"wa":148},{"ts":"2013-11-30T07:40:00Z","nsw":54,"qld":50,"sa":89,"tas":7,"vic":73,"wa":151},{"ts":"2013-11-30T07:50:00Z","nsw":43,"qld":35,"sa":68,"tas":6,"vic":62,"wa":138},{"ts":"2013-11-30T08:00:00Z","nsw":37,"qld":22,"sa":61,"tas":5,"vic":52,"wa":134},{"ts":"2013-11-30T08:10:00Z","nsw":30,"qld":12,"sa":51,"tas":4,"vic":43,"wa":105},{"ts":"2013-11-30T08:20:00Z","nsw":25,"qld":8,"sa":40,"tas":3,"vic":35,"wa":111},{"ts":"2013-11-30T08:30:00Z","nsw":18,"qld":4,"sa":33,"tas":2,"vic":26,"wa":104},{"ts":"2013-11-30T08:40:00Z","nsw":12,"qld":4,"sa":29,"tas":2,"vic":19,"wa":106},{"ts":"2013-11-30T08:50:00Z","nsw":9,"qld":5,"sa":26,"tas":1,"vic":14,"wa":85},{"ts":"2013-11-30T09:00:00Z","nsw":6,"qld":3,"sa":20,"tas":1,"vic":9,"wa":82},{"ts":"2013-11-30T09:10:00Z","nsw":4,"qld":3,"sa":14,"tas":0,"vic":6,"wa":63},{"ts":"2013-11-30T09:20:00Z","nsw":4,"qld":3,"sa":9,"tas":0,"vic":3,"wa":59},{"ts":"2013-11-30T09:30:00Z","nsw":4,"qld":3,"sa":5,"tas":0,"vic":2,"wa":51},{"ts":"2013-11-30T09:40:00Z","nsw":4,"qld":4,"sa":3,"tas":0,"vic":3,"wa":43},{"ts":"2013-11-30T09:50:00Z","nsw":8,"qld":4,"sa":3,"tas":0,"vic":2,"wa":39},{"ts":"2013-11-30T10:00:00Z","nsw":6,"qld":3,"sa":4,"tas":0,"vic":1,"wa":31},{"ts":"2013-11-30T10:10:00Z","nsw":4,"qld":3,"sa":4,"tas":0,"vic":0,"wa":26},{"ts":"2013-11-30T10:20:00Z","nsw":4,"qld":3,"sa":5,"tas":0,"vic":1,"wa":17},{"ts":"2013-11-30T10:30:00Z","nsw":5,"qld":3,"sa":5,"tas":0,"vic":0,"wa":16},{"ts":"2013-11-30T10:40:00Z","nsw":5,"qld":3,"sa":5,"tas":0,"vic":0,"wa":10},{"ts":"2013-11-30T10:50:00Z","nsw":3,"qld":3,"sa":5,"tas":0,"vic":1,"wa":9},{"ts":"2013-11-30T11:00:00Z","nsw":5,"qld":4,"sa":5,"tas":0,"vic":1,"wa":4},{"ts":"2013-11-30T11:10:00Z","nsw":5,"qld":3,"sa":4,"tas":0,"vic":1,"wa":5},{"ts":"2013-11-30T11:20:00Z","nsw":5,"qld":3,"sa":5,"tas":0,"vic":1,"wa":7},{"ts":"2013-11-30T11:30:00Z","nsw":5,"qld":3,"sa":5,"tas":0,"vic":1,"wa":8},{"ts":"2013-11-30T11:40:00Z","nsw":9,"qld":3,"sa":5,"tas":0,"vic":1,"wa":11},{"ts":"2013-11-30T11:50:00Z","nsw":5,"qld":3,"sa":5,"tas":0,"vic":0,"wa":13}]} 