{"performance":[{"ts":"2013-10-16T17:00:00Z","nsw":"0.38","nt":"0.00","qld":"0.04","sa":"0.04","tas":"0.00","vic":"0.08","wa":"0.00"},{"ts":"2013-10-16T17:10:00Z","nsw":"0.32","nt":"0.00","qld":"0.02","sa":"0.04","tas":"0.00","vic":"0.04","wa":"0.00"},{"ts":"2013-10-16T17:20:00Z","nsw":"0.32","nt":"0.00","qld":"0.04","sa":"0.12","tas":"0.00","vic":"0.08","wa":"0.00"},{"ts":"2013-10-16T17:30:00Z","nsw":"0.27","nt":"0.00","qld":"0.03","sa":"0.12","tas":"0.00","vic":"0.04","wa":"0.00"},{"ts":"2013-10-16T17:40:00Z","nsw":"0.31","nt":"0.00","qld":"0.03","sa":"0.12","tas":"0.00","vic":"0.08","wa":"0.00"},{"ts":"2013-10-16T17:50:00Z","nsw":"0.29","nt":"0.00","qld":"0.29","sa":"0.14","tas":"0.00","vic":"0.42","wa":"0.10"},{"ts":"2013-10-16T18:00:00Z","nsw":"0.33","nt":"0.00","qld":"0.30","sa":"0.15","tas":"0.00","vic":"0.09","wa":"0.09"},{"ts":"2013-10-16T18:10:00Z","nsw":"0.29","nt":"0.00","qld":"0.30","sa":"0.15","tas":"0.00","vic":"0.07","wa":"0.10"},{"ts":"2013-10-16T18:20:00Z","nsw":"0.34","nt":"0.00","qld":"0.31","sa":"0.14","tas":"0.00","vic":"0.07","wa":"0.09"},{"ts":"2013-10-16T18:30:00Z","nsw":"0.34","nt":"0.00","qld":"0.30","sa":"0.14","tas":"0.00","vic":"0.15","wa":"0.10"},{"ts":"2013-10-16T18:40:00Z","nsw":"0.28","nt":"0.00","qld":"0.30","sa":"0.14","tas":"0.00","vic":"0.13","wa":"0.09"},{"ts":"2013-10-16T18:50:00Z","nsw":"0.34","nt":"0.00","qld":"0.29","sa":"0.10","tas":"0.00","vic":"0.21","wa":"0.10"},{"ts":"2013-10-16T19:00:00Z","nsw":"0.32","nt":"0.00","qld":"0.23","sa":"0.14","tas":"0.00","vic":"0.07","wa":"0.09"},{"ts":"2013-10-16T19:10:00Z","nsw":"0.34","nt":"0.00","qld":"0.15","sa":"0.14","tas":"0.00","vic":"0.17","wa":"0.10"},{"ts":"2013-10-16T19:20:00Z","nsw":"0.65","nt":"0.00","qld":"1.02","sa":"0.14","tas":"0.00","vic":"0.09","wa":"0.10"},{"ts":"2013-10-16T19:30:00Z","nsw":"1.28","nt":"0.00","qld":"1.95","sa":"0.15","tas":"0.06","vic":"0.08","wa":"0.10"},{"ts":"2013-10-16T19:40:00Z","nsw":"2.57","nt":"0.00","qld":"3.38","sa":"0.15","tas":"0.50","vic":"0.11","wa":"0.09"},{"ts":"2013-10-16T19:50:00Z","nsw":"3.38","nt":"0.00","qld":"5.15","sa":"0.14","tas":"1.24","vic":"0.45","wa":"0.10"},{"ts":"2013-10-16T20:00:00Z","nsw":"4.97","nt":"0.00","qld":"7.29","sa":"0.14","tas":"3.73","vic":"1.05","wa":"0.09"},{"ts":"2013-10-16T20:10:00Z","nsw":"6.72","nt":"0.00","qld":"9.61","sa":"0.36","tas":"4.70","vic":"2.01","wa":"0.10"},{"ts":"2013-10-16T20:20:00Z","nsw":"7.74","nt":"0.00","qld":"12.03","sa":"1.11","tas":"8.64","vic":"3.15","wa":"0.10"},{"ts":"2013-10-16T20:30:00Z","nsw":"9.71","nt":"0.00","qld":"14.39","sa":"1.97","tas":"7.03","vic":"4.37","wa":"0.10"},{"ts":"2013-10-16T20:40:00Z","nsw":"11.94","nt":"0.00","qld":"17.34","sa":"2.95","tas":"10.26","vic":"6.14","wa":"0.09"},{"ts":"2013-10-16T20:50:00Z","nsw":"13.53","nt":"0.00","qld":"20.35","sa":"3.51","tas":"11.30","vic":"7.57","wa":"0.10"},{"ts":"2013-10-16T21:00:00Z","nsw":"17.01","nt":"0.00","qld":"22.85","sa":"4.63","tas":"18.16","vic":"10.32","wa":"0.09"},{"ts":"2013-10-16T21:10:00Z","nsw":"19.73","nt":"0.00","qld":"26.92","sa":"8.44","tas":"20.12","vic":"14.01","wa":"0.11"},{"ts":"2013-10-16T21:20:00Z","nsw":"22.99","nt":"0.20","qld":"30.45","sa":"11.86","tas":"21.27","vic":"17.71","wa":"0.15"},{"ts":"2013-10-16T21:30:00Z","nsw":"25.97","nt":"0.43","qld":"32.53","sa":"13.56","tas":"23.17","vic":"20.76","wa":"0.16"},{"ts":"2013-10-16T21:40:00Z","nsw":"28.72","nt":"0.49","qld":"36.75","sa":"14.03","tas":"28.33","vic":"24.05","wa":"0.31"},{"ts":"2013-10-16T21:50:00Z","nsw":"30.80","nt":"0.67","qld":"40.57","sa":"16.71","tas":"34.67","vic":"26.32","wa":"0.73"},{"ts":"2013-10-16T22:00:00Z","nsw":"34.98","nt":"0.96","qld":"42.95","sa":"19.38","tas":"40.80","vic":"29.74","wa":"1.86"},{"ts":"2013-10-16T22:10:00Z","nsw":"36.07","nt":"1.64","qld":"45.10","sa":"27.72","tas":"40.20","vic":"32.46","wa":"3.44"},{"ts":"2013-10-16T22:20:00Z","nsw":"37.81","nt":"2.04","qld":"49.65","sa":"27.63","tas":"44.41","vic":"35.38","wa":"5.36"},{"ts":"2013-10-16T22:30:00Z","nsw":"40.50","nt":"2.87","qld":"48.95","sa":"35.19","tas":"48.36","vic":"35.64","wa":"6.88"},{"ts":"2013-10-16T22:40:00Z","nsw":"44.26","nt":"4.36","qld":"52.94","sa":"32.64","tas":"46.21","vic":"40.00","wa":"9.34"},{"ts":"2013-10-16T22:50:00Z","nsw":"48.18","nt":"5.54","qld":"55.59","sa":"41.94","tas":"40.10","vic":"39.21","wa":"10.52"},{"ts":"2013-10-16T23:00:00Z","nsw":"51.46","nt":"7.08","qld":"57.57","sa":"40.96","tas":"53.84","vic":"43.47","wa":"13.77"},{"ts":"2013-10-16T23:10:00Z","nsw":"49.04","nt":"11.29","qld":"58.61","sa":"44.71","tas":"51.69","vic":"43.37","wa":"16.93"},{"ts":"2013-10-16T23:20:00Z","nsw":"52.16","nt":"13.70","qld":"63.07","sa":"45.16","tas":"59.77","vic":"49.17","wa":"20.39"},{"ts":"2013-10-16T23:30:00Z","nsw":"52.90","nt":"17.51","qld":"63.04","sa":"54.17","tas":"60.13","vic":"45.65","wa":"22.37"},{"ts":"2013-10-16T23:40:00Z","nsw":"56.40","nt":"28.89","qld":"65.78","sa":"55.39","tas":"65.41","vic":"46.98","wa":"25.89"},{"ts":"2013-10-16T23:50:00Z","nsw":"58.90","nt":"30.23","qld":"67.66","sa":"59.71","tas":"69.49","vic":"47.93","wa":"29.98"},{"ts":"2013-10-17T00:00:00Z","nsw":"62.09","nt":"34.09","qld":"67.08","sa":"59.06","tas":"70.03","vic":"54.15","wa":"32.31"},{"ts":"2013-10-17T00:10:00Z","nsw":"60.85","nt":"33.06","qld":"69.33","sa":"62.54","tas":"59.50","vic":"45.99","wa":"34.72"},{"ts":"2013-10-17T00:20:00Z","nsw":"60.73","nt":"35.65","qld":"70.20","sa":"60.18","tas":"65.13","vic":"50.43","wa":"37.37"},{"ts":"2013-10-17T00:30:00Z","nsw":"60.18","nt":"38.91","qld":"69.81","sa":"66.88","tas":"69.21","vic":"42.95","wa":"39.13"},{"ts":"2013-10-17T00:40:00Z","nsw":"62.53","nt":"44.88","qld":"70.96","sa":"67.63","tas":"61.58","vic":"42.26","wa":"40.93"},{"ts":"2013-10-17T00:50:00Z","nsw":"63.83","nt":"45.20","qld":"72.44","sa":"70.94","tas":"65.17","vic":"42.08","wa":"39.47"},{"ts":"2013-10-17T01:00:00Z","nsw":"61.28","nt":"44.64","qld":"71.42","sa":"66.68","tas":"69.85","vic":"48.68","wa":"41.21"},{"ts":"2013-10-17T01:10:00Z","nsw":"62.71","nt":"51.08","qld":"72.64","sa":"75.99","tas":"62.06","vic":"43.89","wa":"36.74"},{"ts":"2013-10-17T01:20:00Z","nsw":"61.48","nt":"40.82","qld":"73.52","sa":"71.71","tas":"85.36","vic":"54.29","wa":"41.98"},{"ts":"2013-10-17T01:30:00Z","nsw":"60.53","nt":"37.32","qld":"72.06","sa":"74.77","tas":"80.47","vic":"47.25","wa":"44.70"},{"ts":"2013-10-17T01:40:00Z","nsw":"59.36","nt":"34.41","qld":"72.33","sa":"68.57","tas":"73.95","vic":"51.46","wa":"48.06"},{"ts":"2013-10-17T01:50:00Z","nsw":"59.04","nt":"30.78","qld":"74.13","sa":"72.70","tas":"65.06","vic":"51.56","wa":"50.46"},{"ts":"2013-10-17T02:00:00Z","nsw":"62.02","nt":"26.93","qld":"73.08","sa":"68.19","tas":"71.27","vic":"61.76","wa":"60.07"},{"ts":"2013-10-17T02:10:00Z","nsw":"57.41","nt":"32.51","qld":"72.77","sa":"75.95","tas":"60.12","vic":"50.32","wa":"56.48"},{"ts":"2013-10-17T02:20:00Z","nsw":"57.52","nt":"31.82","qld":"73.77","sa":"70.24","tas":"53.99","vic":"41.76","wa":"60.54"},{"ts":"2013-10-17T02:30:00Z","nsw":"54.97","nt":"27.85","qld":"72.82","sa":"73.64","tas":"50.03","vic":"37.81","wa":"60.35"},{"ts":"2013-10-17T02:40:00Z","nsw":"55.84","nt":"31.10","qld":"72.12","sa":"68.69","tas":"57.99","vic":"40.68","wa":"66.34"},{"ts":"2013-10-17T02:50:00Z","nsw":"56.24","nt":"31.01","qld":"71.61","sa":"72.88","tas":"56.10","vic":"46.13","wa":"65.33"},{"ts":"2013-10-17T03:00:00Z","nsw":"55.89","nt":"34.39","qld":"70.07","sa":"66.19","tas":"64.09","vic":"59.63","wa":"69.83"},{"ts":"2013-10-17T03:10:00Z","nsw":"51.67","nt":"38.63","qld":"68.14","sa":"72.83","tas":"68.55","vic":"60.81","wa":"71.71"},{"ts":"2013-10-17T03:20:00Z","nsw":"54.00","nt":"35.15","qld":"68.09","sa":"71.97","tas":"70.76","vic":"62.40","wa":"74.40"},{"ts":"2013-10-17T03:30:00Z","nsw":"52.68","nt":"38.16","qld":"66.27","sa":"77.15","tas":"64.57","vic":"55.29","wa":"73.89"},{"ts":"2013-10-17T03:40:00Z","nsw":"51.66","nt":"52.49","qld":"65.58","sa":"71.49","tas":"59.08","vic":"52.31","wa":"75.65"},{"ts":"2013-10-17T03:50:00Z","nsw":"47.44","nt":"49.74","qld":"63.29","sa":"73.04","tas":"56.93","vic":"53.48","wa":"75.53"},{"ts":"2013-10-17T04:00:00Z","nsw":"44.40","nt":"48.92","qld":"60.67","sa":"70.86","tas":"52.59","vic":"51.27","wa":"75.72"},{"ts":"2013-10-17T04:10:00Z","nsw":"39.48","nt":"42.03","qld":"57.61","sa":"73.47","tas":"53.12","vic":"41.19","wa":"74.72"},{"ts":"2013-10-17T04:20:00Z","nsw":"38.89","nt":"54.95","qld":"55.91","sa":"69.01","tas":"50.73","vic":"49.70","wa":"75.89"},{"ts":"2013-10-17T04:30:00Z","nsw":"38.70","nt":"47.63","qld":"53.48","sa":"73.09","tas":"44.59","vic":"47.94","wa":"75.92"},{"ts":"2013-10-17T04:40:00Z","nsw":"36.07","nt":"55.77","qld":"51.87","sa":"66.51","tas":"49.01","vic":"43.34","wa":"75.17"},{"ts":"2013-10-17T04:50:00Z","nsw":"32.02","nt":"55.51","qld":"48.25","sa":"69.28","tas":"49.52","vic":"29.56","wa":"74.80"},{"ts":"2013-10-17T05:00:00Z","nsw":"29.02","nt":"67.53","qld":"45.29","sa":"61.88","tas":"49.91","vic":"33.10","wa":"74.33"},{"ts":"2013-10-17T05:10:00Z","nsw":"27.78","nt":"61.86","qld":"43.11","sa":"64.08","tas":"36.16","vic":"41.08","wa":"73.31"},{"ts":"2013-10-17T05:20:00Z","nsw":"30.26","nt":"61.23","qld":"40.18","sa":"58.50","tas":"29.23","vic":"46.86","wa":"72.83"},{"ts":"2013-10-17T05:30:00Z","nsw":"26.15","nt":"56.05","qld":"37.05","sa":"59.77","tas":"29.21","vic":"39.79","wa":"72.32"},{"ts":"2013-10-17T05:40:00Z","nsw":"26.01","nt":"58.64","qld":"34.22","sa":"54.59","tas":"37.08","vic":"38.19","wa":"73.22"},{"ts":"2013-10-17T05:50:00Z","nsw":"23.72","nt":"55.24","qld":"30.31","sa":"54.19","tas":"38.06","vic":"30.18","wa":"70.05"},{"ts":"2013-10-17T06:00:00Z","nsw":"20.57","nt":"45.04","qld":"26.94","sa":"47.96","tas":"36.64","vic":"32.84","wa":"69.09"},{"ts":"2013-10-17T06:10:00Z","nsw":"19.00","nt":"41.95","qld":"23.43","sa":"47.46","tas":"29.39","vic":"27.08","wa":"67.71"},{"ts":"2013-10-17T06:20:00Z","nsw":"15.87","nt":"43.14","qld":"20.17","sa":"41.54","tas":"29.10","vic":"26.82","wa":"66.89"},{"ts":"2013-10-17T06:40:00Z","nsw":"12.95","nt":"40.83","qld":"13.69","sa":"35.04","tas":"17.46","vic":"23.66","wa":"63.19"},{"ts":"2013-10-17T06:50:00Z","nsw":"11.50","nt":"40.64","qld":"11.01","sa":"34.22","tas":"16.44","vic":"18.98","wa":"60.28"},{"ts":"2013-10-17T07:00:00Z","nsw":"10.50","nt":"37.27","qld":"8.29","sa":"29.26","tas":"14.46","vic":"17.77","wa":"59.25"},{"ts":"2013-10-17T07:10:00Z","nsw":"9.23","nt":"30.42","qld":"5.97","sa":"26.61","tas":"11.96","vic":"12.33","wa":"56.56"},{"ts":"2013-10-17T07:20:00Z","nsw":"8.08","nt":"29.77","qld":"4.53","sa":"23.57","tas":"10.50","vic":"10.57","wa":"54.56"},{"ts":"2013-10-17T07:30:00Z","nsw":"5.85","nt":"22.50","qld":"2.93","sa":"21.05","tas":"7.73","vic":"9.58","wa":"50.21"},{"ts":"2013-10-17T07:40:00Z","nsw":"4.47","nt":"9.51","qld":"1.55","sa":"17.30","tas":"4.07","vic":"8.42","wa":"46.78"},{"ts":"2013-10-17T07:50:00Z","nsw":"3.20","nt":"12.31","qld":"0.79","sa":"15.06","tas":"2.91","vic":"5.86","wa":"42.08"},{"ts":"2013-10-17T08:00:00Z","nsw":"2.45","nt":"11.25","qld":"0.55","sa":"11.82","tas":"2.35","vic":"4.27","wa":"39.68"},{"ts":"2013-10-17T08:10:00Z","nsw":"1.94","nt":"12.39","qld":"0.50","sa":"9.26","tas":"1.96","vic":"2.59","wa":"36.10"},{"ts":"2013-10-17T08:20:00Z","nsw":"1.77","nt":"11.36","qld":"0.32","sa":"6.80","tas":"1.08","vic":"1.67","wa":"31.55"},{"ts":"2013-10-17T08:30:00Z","nsw":"1.69","nt":"8.80","qld":"0.29","sa":"4.45","tas":"0.30","vic":"0.95","wa":"27.07"},{"ts":"2013-10-17T08:40:00Z","nsw":"1.74","nt":"5.95","qld":"0.31","sa":"2.59","tas":"0.15","vic":"1.00","wa":"25.64"},{"ts":"2013-10-17T08:50:00Z","nsw":"1.97","nt":"5.42","qld":"0.30","sa":"1.25","tas":"0.14","vic":"0.63","wa":"21.77"},{"ts":"2013-10-17T09:00:00Z","nsw":"1.78","nt":"2.93","qld":"0.32","sa":"0.53","tas":"0.21","vic":"0.50","wa":"18.37"},{"ts":"2013-10-17T09:10:00Z","nsw":"2.07","nt":"0.76","qld":"0.32","sa":"0.39","tas":"0.12","vic":"0.60","wa":"14.96"},{"ts":"2013-10-17T09:20:00Z","nsw":"2.39","nt":"0.80","qld":"0.30","sa":"0.32","tas":"0.06","vic":"0.35","wa":"11.98"},{"ts":"2013-10-17T09:30:00Z","nsw":"2.26","nt":"0.55","qld":"0.31","sa":"0.34","tas":"0.07","vic":"0.11","wa":"8.76"},{"ts":"2013-10-17T09:40:00Z","nsw":"2.23","nt":"0.76","qld":"0.31","sa":"0.23","tas":"0.07","vic":"0.13","wa":"7.04"},{"ts":"2013-10-17T09:50:00Z","nsw":"2.28","nt":"0.76","qld":"0.31","sa":"0.28","tas":"0.07","vic":"0.48","wa":"4.90"},{"ts":"2013-10-17T10:00:00Z","nsw":"2.27","nt":"1.03","qld":"0.32","sa":"0.29","tas":"0.07","vic":"0.34","wa":"3.34"},{"ts":"2013-10-17T10:10:00Z","nsw":"2.16","nt":"1.03","qld":"0.33","sa":"0.22","tas":"0.07","vic":"0.64","wa":"2.13"},{"ts":"2013-10-17T10:20:00Z","nsw":"2.29","nt":"1.03","qld":"0.32","sa":"0.17","tas":"0.07","vic":"0.12","wa":"1.02"},{"ts":"2013-10-17T10:30:00Z","nsw":"2.27","nt":"1.03","qld":"0.32","sa":"0.21","tas":"0.07","vic":"0.24","wa":"0.78"},{"ts":"2013-10-17T10:40:00Z","nsw":"2.16","nt":"1.03","qld":"0.34","sa":"0.19","tas":"0.07","vic":"0.36","wa":"1.00"},{"ts":"2013-10-17T10:50:00Z","nsw":"2.23","nt":"1.03","qld":"0.34","sa":"0.19","tas":"0.07","vic":"0.18","wa":"1.60"},{"ts":"2013-10-17T11:00:00Z","nsw":"2.23","nt":"1.03","qld":"0.34","sa":"0.20","tas":"0.07","vic":"0.12","wa":"1.94"},{"ts":"2013-10-17T11:10:00Z","nsw":"2.81","nt":"1.03","qld":"0.32","sa":"0.19","tas":"0.07","vic":"0.29","wa":"1.97"},{"ts":"2013-10-17T11:20:00Z","nsw":"2.22","nt":"1.03","qld":"0.33","sa":"0.19","tas":"0.07","vic":"0.11","wa":"2.25"},{"ts":"2013-10-17T11:30:00Z","nsw":"2.17","nt":"1.03","qld":"0.31","sa":"0.19","tas":"0.07","vic":"0.33","wa":"2.29"},{"ts":"2013-10-17T11:40:00Z","nsw":"2.14","nt":"1.03","qld":"0.33","sa":"0.19","tas":"0.07","vic":"0.12","wa":"2.49"},{"ts":"2013-10-17T11:50:00Z","nsw":"2.18","nt":"1.03","qld":"0.33","sa":"0.20","tas":"0.07","vic":"0.29","wa":"4.15"}],"contribution":[{"ts":"2013-10-16T17:00:00Z","nsw":"0.04","qld":"0.01","sa":"0.02","tas":"0.00","vic":"0.01","wa":"0.00"},{"ts":"2013-10-16T17:10:00Z","nsw":"0.04","qld":"0.01","sa":"0.02","tas":"0.00","vic":"0.01"},{"ts":"2013-10-16T17:20:00Z","nsw":"0.04","qld":"0.01","sa":"0.05","tas":"0.00","vic":"0.01"},{"ts":"2013-10-16T17:30:00Z","nsw":"0.03","qld":"0.01","sa":"0.05","tas":"0.00","vic":"0.01","wa":"0.00"},{"ts":"2013-10-16T17:40:00Z","nsw":"0.03","qld":"0.01","sa":"0.05","tas":"0.00","vic":"0.01"},{"ts":"2013-10-16T17:50:00Z","nsw":"0.03","qld":"0.06","sa":"0.07","tas":"0.00","vic":"0.05"},{"ts":"2013-10-16T18:00:00Z","nsw":"0.04","qld":"0.06","sa":"0.07","tas":"0.00","vic":"0.01","wa":"0.02"},{"ts":"2013-10-16T18:10:00Z","nsw":"0.03","qld":"0.06","sa":"0.06","tas":"0.00","vic":"0.01"},{"ts":"2013-10-16T18:20:00Z","nsw":"0.04","qld":"0.06","sa":"0.06","tas":"0.00","vic":"0.01"},{"ts":"2013-10-16T18:30:00Z","nsw":"0.04","qld":"0.06","sa":"0.06","tas":"0.00","vic":"0.02","wa":"0.02"},{"ts":"2013-10-16T18:40:00Z","nsw":"0.03","qld":"0.06","sa":"0.06","tas":"0.00","vic":"0.02"},{"ts":"2013-10-16T18:50:00Z","nsw":"0.04","qld":"0.06","sa":"0.04","tas":"0.00","vic":"0.02"},{"ts":"2013-10-16T19:00:00Z","nsw":"0.03","qld":"0.05","sa":"0.06","tas":"0.00","vic":"0.01","wa":"0.02"},{"ts":"2013-10-16T19:10:00Z","nsw":"0.03","qld":"0.03","sa":"0.06","tas":"0.00","vic":"0.02"},{"ts":"2013-10-16T19:20:00Z","nsw":"0.06","qld":"0.21","sa":"0.06","tas":"0.00","vic":"0.01"},{"ts":"2013-10-16T19:30:00Z","nsw":"0.12","qld":"0.40","sa":"0.06","tas":"0.00","vic":"0.01","wa":"0.02"},{"ts":"2013-10-16T19:40:00Z","nsw":"0.23","qld":"0.67","sa":"0.06","tas":"0.02","vic":"0.01"},{"ts":"2013-10-16T19:50:00Z","nsw":"0.30","qld":"1.00","sa":"0.05","tas":"0.05","vic":"0.04"},{"ts":"2013-10-16T20:00:00Z","nsw":"0.43","qld":"1.39","sa":"0.05","tas":"0.15","vic":"0.10","wa":"0.02"},{"ts":"2013-10-16T20:10:00Z","nsw":"0.57","qld":"1.80","sa":"0.12","tas":"0.19","vic":"0.19"},{"ts":"2013-10-16T20:20:00Z","nsw":"0.65","qld":"2.19","sa":"0.36","tas":"0.34","vic":"0.28"},{"ts":"2013-10-16T20:30:00Z","nsw":"0.80","qld":"2.55","sa":"0.66","tas":"0.27","vic":"0.39","wa":"0.02"},{"ts":"2013-10-16T20:40:00Z","nsw":"0.97","qld":"2.98","sa":"0.95","tas":"0.39","vic":"0.53"},{"ts":"2013-10-16T20:50:00Z","nsw":"1.09","qld":"3.43","sa":"1.09","tas":"0.43","vic":"0.64"},{"ts":"2013-10-16T21:00:00Z","nsw":"1.37","qld":"3.82","sa":"1.41","tas":"0.70","vic":"0.86","wa":"0.02"},{"ts":"2013-10-16T21:10:00Z","nsw":"1.59","qld":"4.36","sa":"2.46","tas":"0.77","vic":"1.22"},{"ts":"2013-10-16T21:20:00Z","nsw":"1.84","qld":"4.88","sa":"3.46","tas":"0.82","vic":"1.55"},{"ts":"2013-10-16T21:30:00Z","nsw":"2.06","qld":"5.15","sa":"3.99","tas":"0.89","vic":"1.83","wa":"0.03"},{"ts":"2013-10-16T21:40:00Z","nsw":"2.28","qld":"5.79","sa":"4.29","tas":"1.11","vic":"2.12"},{"ts":"2013-10-16T21:50:00Z","nsw":"2.43","qld":"6.38","sa":"5.03","tas":"1.38","vic":"2.32"},{"ts":"2013-10-16T22:00:00Z","nsw":"2.74","qld":"6.75","sa":"5.82","tas":"1.62","vic":"2.62","wa":"0.36"},{"ts":"2013-10-16T22:10:00Z","nsw":"2.79","qld":"7.09","sa":"8.29","tas":"1.60","vic":"2.85"},{"ts":"2013-10-16T22:20:00Z","nsw":"2.90","qld":"7.74","sa":"8.46","tas":"1.78","vic":"3.11"},{"ts":"2013-10-16T22:30:00Z","nsw":"3.09","qld":"7.56","sa":"10.52","tas":"1.94","vic":"3.16","wa":"1.24"},{"ts":"2013-10-16T22:40:00Z","nsw":"3.34","qld":"8.16","sa":"9.44","tas":"1.86","vic":"3.55"},{"ts":"2013-10-16T22:50:00Z","nsw":"3.64","qld":"8.64","sa":"11.82","tas":"1.64","vic":"3.47"},{"ts":"2013-10-16T23:00:00Z","nsw":"3.86","qld":"8.85","sa":"12.22","tas":"2.21","vic":"3.83","wa":"2.35"},{"ts":"2013-10-16T23:10:00Z","nsw":"3.64","qld":"9.03","sa":"13.49","tas":"2.14","vic":"3.82"},{"ts":"2013-10-16T23:20:00Z","nsw":"3.87","qld":"9.61","sa":"13.63","tas":"2.49","vic":"4.32"},{"ts":"2013-10-16T23:30:00Z","nsw":"3.91","qld":"9.67","sa":"16.08","tas":"2.53","vic":"4.07","wa":"3.59"},{"ts":"2013-10-16T23:40:00Z","nsw":"4.15","qld":"9.98","sa":"16.76","tas":"2.73","vic":"4.18"},{"ts":"2013-10-16T23:50:00Z","nsw":"4.31","qld":"10.24","sa":"17.81","tas":"2.92","vic":"4.25"},{"ts":"2013-10-17T00:00:00Z","nsw":"4.52","qld":"10.24","sa":"17.57","tas":"2.95","vic":"4.79","wa":"5.02"},{"ts":"2013-10-17T00:10:00Z","nsw":"4.42","qld":"10.39","sa":"18.65","tas":"2.52","vic":"4.07"},{"ts":"2013-10-17T00:20:00Z","nsw":"4.41","qld":"10.57","sa":"17.83","tas":"2.76","vic":"4.45"},{"ts":"2013-10-17T00:30:00Z","nsw":"4.34","qld":"10.51","sa":"19.55","tas":"2.99","vic":"3.80","wa":"6.10"},{"ts":"2013-10-17T00:40:00Z","nsw":"4.51","qld":"10.64","sa":"20.14","tas":"2.68","vic":"3.73"},{"ts":"2013-10-17T00:50:00Z","nsw":"4.56","qld":"10.88","sa":"20.73","tas":"2.82","vic":"3.73"},{"ts":"2013-10-17T01:00:00Z","nsw":"4.42","qld":"10.76","sa":"19.89","tas":"3.03","vic":"4.30","wa":"6.37"},{"ts":"2013-10-17T01:10:00Z","nsw":"4.50","qld":"10.85","sa":"21.57","tas":"2.71","vic":"3.91"},{"ts":"2013-10-17T01:20:00Z","nsw":"4.43","qld":"11.03","sa":"20.89","tas":"3.69","vic":"4.76"},{"ts":"2013-10-17T01:30:00Z","nsw":"4.34","qld":"10.83","sa":"22.03","tas":"3.48","vic":"4.18","wa":"6.99"},{"ts":"2013-10-17T01:40:00Z","nsw":"4.27","qld":"10.79","sa":"20.42","tas":"3.23","vic":"4.51"},{"ts":"2013-10-17T01:50:00Z","nsw":"4.23","qld":"11.07","sa":"21.17","tas":"3.02","vic":"4.53"},{"ts":"2013-10-17T02:00:00Z","nsw":"4.43","qld":"10.93","sa":"19.99","tas":"3.20","vic":"5.41","wa":"9.26"},{"ts":"2013-10-17T02:10:00Z","nsw":"4.10","qld":"10.78","sa":"21.50","tas":"2.74","vic":"4.45"},{"ts":"2013-10-17T02:20:00Z","nsw":"4.08","qld":"10.86","sa":"20.87","tas":"2.47","vic":"3.71"},{"ts":"2013-10-17T02:30:00Z","nsw":"3.91","qld":"10.78","sa":"21.69","tas":"2.33","vic":"3.37","wa":"9.38"},{"ts":"2013-10-17T02:40:00Z","nsw":"3.96","qld":"10.61","sa":"20.73","tas":"2.72","vic":"3.61"},{"ts":"2013-10-17T02:50:00Z","nsw":"3.99","qld":"10.52","sa":"21.24","tas":"2.61","vic":"4.03"},{"ts":"2013-10-17T03:00:00Z","nsw":"4.01","qld":"10.31","sa":"19.58","tas":"2.92","vic":"5.16","wa":"10.70"},{"ts":"2013-10-17T03:10:00Z","nsw":"3.71","qld":"9.99","sa":"21.11","tas":"3.10","vic":"5.33"},{"ts":"2013-10-17T03:20:00Z","nsw":"3.86","qld":"10.01","sa":"20.95","tas":"3.19","vic":"5.46"},{"ts":"2013-10-17T03:30:00Z","nsw":"3.74","qld":"9.71","sa":"22.04","tas":"2.83","vic":"4.89","wa":"11.23"},{"ts":"2013-10-17T03:40:00Z","nsw":"3.65","qld":"9.65","sa":"20.29","tas":"2.62","vic":"4.63"},{"ts":"2013-10-17T03:50:00Z","nsw":"3.38","qld":"9.28","sa":"21.39","tas":"2.55","vic":"4.70"},{"ts":"2013-10-17T04:00:00Z","nsw":"3.17","qld":"8.96","sa":"20.76","tas":"2.36","vic":"4.53","wa":"11.52"},{"ts":"2013-10-17T04:10:00Z","nsw":"2.81","qld":"8.55","sa":"21.77","tas":"2.32","vic":"3.70"},{"ts":"2013-10-17T04:20:00Z","nsw":"2.79","qld":"8.18","sa":"20.62","tas":"2.25","vic":"4.45"},{"ts":"2013-10-17T04:30:00Z","nsw":"2.76","qld":"7.80","sa":"21.50","tas":"1.95","vic":"4.31","wa":"11.46"},{"ts":"2013-10-17T04:40:00Z","nsw":"2.57","qld":"7.59","sa":"19.92","tas":"2.11","vic":"3.88"},{"ts":"2013-10-17T04:50:00Z","nsw":"2.29","qld":"7.09","sa":"20.66","tas":"2.13","vic":"2.64"},{"ts":"2013-10-17T05:00:00Z","nsw":"2.06","qld":"6.69","sa":"18.70","tas":"2.28","vic":"2.95","wa":"11.22"},{"ts":"2013-10-17T05:10:00Z","nsw":"1.98","qld":"6.37","sa":"18.85","tas":"1.66","vic":"3.64"},{"ts":"2013-10-17T05:20:00Z","nsw":"2.15","qld":"5.96","sa":"17.36","tas":"1.29","vic":"4.14"},{"ts":"2013-10-17T05:30:00Z","nsw":"1.88","qld":"5.47","sa":"17.69","tas":"1.27","vic":"3.49","wa":"10.92"},{"ts":"2013-10-17T05:40:00Z","nsw":"1.85","qld":"5.03","sa":"16.54","tas":"1.57","vic":"3.37"},{"ts":"2013-10-17T05:50:00Z","nsw":"1.69","qld":"4.46","sa":"16.00","tas":"1.59","vic":"2.66"},{"ts":"2013-10-17T06:00:00Z","nsw":"1.47","qld":"4.01","sa":"14.39","tas":"1.55","vic":"2.87","wa":"10.45"},{"ts":"2013-10-17T06:10:00Z","nsw":"1.37","qld":"3.51","sa":"14.08","tas":"1.24","vic":"2.40"},{"ts":"2013-10-17T06:20:00Z","nsw":"1.15","qld":"3.01","sa":"12.40","tas":"1.22","vic":"2.36"},{"ts":"2013-10-17T06:40:00Z","nsw":"0.95","qld":"2.02","sa":"10.82","tas":"0.73","vic":"2.07"},{"ts":"2013-10-17T06:50:00Z","nsw":"0.84","qld":"1.64","sa":"10.50","tas":"0.68","vic":"1.66"},{"ts":"2013-10-17T07:00:00Z","nsw":"0.77","qld":"1.23","sa":"8.80","tas":"0.61","vic":"1.56","wa":"9.03"},{"ts":"2013-10-17T07:10:00Z","nsw":"0.69","qld":"0.89","sa":"7.90","tas":"0.49","vic":"1.09"},{"ts":"2013-10-17T07:20:00Z","nsw":"0.61","qld":"0.68","sa":"6.98","tas":"0.43","vic":"0.93"},{"ts":"2013-10-17T07:30:00Z","nsw":"0.44","qld":"0.44","sa":"6.19","tas":"0.32","vic":"0.84","wa":"7.72"},{"ts":"2013-10-17T07:40:00Z","nsw":"0.34","qld":"0.23","sa":"5.14","tas":"0.17","vic":"0.74"},{"ts":"2013-10-17T07:50:00Z","nsw":"0.24","qld":"0.12","sa":"4.41","tas":"0.12","vic":"0.51"},{"ts":"2013-10-17T08:00:00Z","nsw":"0.19","qld":"0.08","sa":"3.47","tas":"0.09","vic":"0.37","wa":"5.98"},{"ts":"2013-10-17T08:10:00Z","nsw":"0.15","qld":"0.07","sa":"2.66","tas":"0.08","vic":"0.23"},{"ts":"2013-10-17T08:20:00Z","nsw":"0.14","qld":"0.05","sa":"1.91","tas":"0.04","vic":"0.15"},{"ts":"2013-10-17T08:30:00Z","nsw":"0.13","qld":"0.04","sa":"1.24","tas":"0.01","vic":"0.08","wa":"4.26"},{"ts":"2013-10-17T08:40:00Z","nsw":"0.13","qld":"0.05","sa":"0.73","tas":"0.01","vic":"0.09"},{"ts":"2013-10-17T08:50:00Z","nsw":"0.15","qld":"0.04","sa":"0.34","tas":"0.01","vic":"0.05"},{"ts":"2013-10-17T09:00:00Z","nsw":"0.14","qld":"0.05","sa":"0.15","tas":"0.01","vic":"0.04","wa":"2.87"},{"ts":"2013-10-17T09:10:00Z","nsw":"0.16","qld":"0.05","sa":"0.11","tas":"0.00","vic":"0.05"},{"ts":"2013-10-17T09:20:00Z","nsw":"0.19","qld":"0.05","sa":"0.09","tas":"0.00","vic":"0.03"},{"ts":"2013-10-17T09:30:00Z","nsw":"0.18","qld":"0.05","sa":"0.09","tas":"0.00","vic":"0.01","wa":"1.36"},{"ts":"2013-10-17T09:40:00Z","nsw":"0.18","qld":"0.05","sa":"0.06","tas":"0.00","vic":"0.01"},{"ts":"2013-10-17T09:50:00Z","nsw":"0.18","qld":"0.05","sa":"0.08","tas":"0.00","vic":"0.04"},{"ts":"2013-10-17T10:00:00Z","nsw":"0.18","qld":"0.05","sa":"0.08","tas":"0.00","vic":"0.03","wa":"0.51"},{"ts":"2013-10-17T10:10:00Z","nsw":"0.17","qld":"0.05","sa":"0.06","tas":"0.00","vic":"0.06"},{"ts":"2013-10-17T10:20:00Z","nsw":"0.19","qld":"0.05","sa":"0.05","tas":"0.00","vic":"0.01"},{"ts":"2013-10-17T10:30:00Z","nsw":"0.19","qld":"0.05","sa":"0.05","tas":"0.00","vic":"0.02","wa":"0.12"},{"ts":"2013-10-17T10:40:00Z","nsw":"0.18","qld":"0.06","sa":"0.05","tas":"0.00","vic":"0.03"},{"ts":"2013-10-17T10:50:00Z","nsw":"0.19","qld":"0.05","sa":"0.05","tas":"0.00","vic":"0.02"},{"ts":"2013-10-17T11:00:00Z","nsw":"0.19","qld":"0.06","sa":"0.05","tas":"0.00","vic":"0.01","wa":"0.28"},{"ts":"2013-10-17T11:10:00Z","nsw":"0.24","qld":"0.05","sa":"0.05","tas":"0.00","vic":"0.03"},{"ts":"2013-10-17T11:20:00Z","nsw":"0.19","qld":"0.05","sa":"0.05","tas":"0.00","vic":"0.01"},{"ts":"2013-10-17T11:30:00Z","nsw":"0.19","qld":"0.05","sa":"0.06","tas":"0.00","vic":"0.03","wa":"0.34"},{"ts":"2013-10-17T11:40:00Z","nsw":"0.18","qld":"0.05","sa":"0.05","tas":"0.00","vic":"0.01"},{"ts":"2013-10-17T11:50:00Z","nsw":"0.19","qld":"0.05","sa":"0.06","tas":"0.00","vic":"0.03"}],"demand":[{"ts":"2013-10-16T17:00:00Z","nsw":5731,"qld":4545,"sa":1007,"tas":986,"vic":4137,"wa":1569},{"ts":"2013-10-16T17:10:00Z","nsw":5735,"qld":4564,"sa":1004,"tas":989,"vic":4137},{"ts":"2013-10-16T17:20:00Z","nsw":5739,"qld":4579,"sa":1004,"tas":994,"vic":4133},{"ts":"2013-10-16T17:30:00Z","nsw":5742,"qld":4608,"sa":1004,"tas":993,"vic":4123,"wa":1538},{"ts":"2013-10-16T17:40:00Z","nsw":5844,"qld":4630,"sa":981,"tas":997,"vic":4135},{"ts":"2013-10-16T17:50:00Z","nsw":5824,"qld":4631,"sa":969,"tas":999,"vic":4130},{"ts":"2013-10-16T18:00:00Z","nsw":5883,"qld":4681,"sa":992,"tas":996,"vic":4167,"wa":1531},{"ts":"2013-10-16T18:10:00Z","nsw":5982,"qld":4701,"sa":1012,"tas":1013,"vic":4190},{"ts":"2013-10-16T18:20:00Z","nsw":6087,"qld":4701,"sa":1005,"tas":1030,"vic":4211},{"ts":"2013-10-16T18:30:00Z","nsw":6214,"qld":4698,"sa":1004,"tas":1040,"vic":4265,"wa":1535},{"ts":"2013-10-16T18:40:00Z","nsw":6274,"qld":4712,"sa":1017,"tas":1041,"vic":4312},{"ts":"2013-10-16T18:50:00Z","nsw":6427,"qld":4764,"sa":1049,"tas":1050,"vic":4415},{"ts":"2013-10-16T19:00:00Z","nsw":6564,"qld":4808,"sa":1050,"tas":1051,"vic":4543,"wa":1538},{"ts":"2013-10-16T19:10:00Z","nsw":6822,"qld":4863,"sa":1058,"tas":1103,"vic":4689},{"ts":"2013-10-16T19:20:00Z","nsw":6979,"qld":4846,"sa":1091,"tas":1139,"vic":4809},{"ts":"2013-10-16T19:30:00Z","nsw":7125,"qld":4860,"sa":1098,"tas":1173,"vic":4905,"wa":1527},{"ts":"2013-10-16T19:40:00Z","nsw":7306,"qld":4975,"sa":1177,"tas":1213,"vic":5049},{"ts":"2013-10-16T19:50:00Z","nsw":7430,"qld":5091,"sa":1190,"tas":1245,"vic":5210},{"ts":"2013-10-16T20:00:00Z","nsw":7535,"qld":5148,"sa":1229,"tas":1277,"vic":5339,"wa":1530},{"ts":"2013-10-16T20:10:00Z","nsw":7660,"qld":5235,"sa":1314,"tas":1308,"vic":5584},{"ts":"2013-10-16T20:20:00Z","nsw":7786,"qld":5370,"sa":1337,"tas":1327,"vic":5723},{"ts":"2013-10-16T20:30:00Z","nsw":7861,"qld":5492,"sa":1315,"tas":1343,"vic":5886,"wa":1560},{"ts":"2013-10-16T20:40:00Z","nsw":7981,"qld":5573,"sa":1368,"tas":1352,"vic":5997},{"ts":"2013-10-16T20:50:00Z","nsw":8018,"qld":5703,"sa":1420,"tas":1342,"vic":6086},{"ts":"2013-10-16T21:00:00Z","nsw":7993,"qld":5738,"sa":1457,"tas":1335,"vic":6010,"wa":1622},{"ts":"2013-10-16T21:10:00Z","nsw":8024,"qld":5893,"sa":1484,"tas":1329,"vic":5819},{"ts":"2013-10-16T21:20:00Z","nsw":8034,"qld":5905,"sa":1470,"tas":1336,"vic":5780},{"ts":"2013-10-16T21:30:00Z","nsw":8070,"qld":5949,"sa":1435,"tas":1332,"vic":5729,"wa":1686},{"ts":"2013-10-16T21:40:00Z","nsw":8070,"qld":5923,"sa":1396,"tas":1301,"vic":5719},{"ts":"2013-10-16T21:50:00Z","nsw":8085,"qld":5903,"sa":1399,"tas":1284,"vic":5717},{"ts":"2013-10-16T22:00:00Z","nsw":8118,"qld":5873,"sa":1383,"tas":1283,"vic":5720,"wa":1804},{"ts":"2013-10-16T22:10:00Z","nsw":8233,"qld":5874,"sa":1346,"tas":1274,"vic":5697},{"ts":"2013-10-16T22:20:00Z","nsw":8259,"qld":5846,"sa":1326,"tas":1266,"vic":5660},{"ts":"2013-10-16T22:30:00Z","nsw":8307,"qld":5887,"sa":1360,"tas":1261,"vic":5613,"wa":1905},{"ts":"2013-10-16T22:40:00Z","nsw":8355,"qld":5873,"sa":1400,"tas":1258,"vic":5605},{"ts":"2013-10-16T22:50:00Z","nsw":8335,"qld":5845,"sa":1350,"tas":1243,"vic":5626},{"ts":"2013-10-16T23:00:00Z","nsw":8389,"qld":5899,"sa":1295,"tas":1229,"vic":5639,"wa":1988},{"ts":"2013-10-16T23:10:00Z","nsw":8471,"qld":5867,"sa":1276,"tas":1223,"vic":5622},{"ts":"2013-10-16T23:20:00Z","nsw":8429,"qld":5878,"sa":1262,"tas":1204,"vic":5604},{"ts":"2013-10-16T23:30:00Z","nsw":8467,"qld":5841,"sa":1250,"tas":1200,"vic":5555,"wa":2090},{"ts":"2013-10-16T23:40:00Z","nsw":8515,"qld":5884,"sa":1225,"tas":1201,"vic":5559},{"ts":"2013-10-16T23:50:00Z","nsw":8518,"qld":5861,"sa":1227,"tas":1195,"vic":5579},{"ts":"2013-10-17T00:00:00Z","nsw":8591,"qld":5872,"sa":1229,"tas":1192,"vic":5552,"wa":2125},{"ts":"2013-10-17T00:10:00Z","nsw":8570,"qld":5915,"sa":1223,"tas":1187,"vic":5561},{"ts":"2013-10-17T00:20:00Z","nsw":8572,"qld":5893,"sa":1224,"tas":1174,"vic":5599},{"ts":"2013-10-17T00:30:00Z","nsw":8628,"qld":5885,"sa":1228,"tas":1162,"vic":5602,"wa":2098},{"ts":"2013-10-17T00:40:00Z","nsw":8627,"qld":5916,"sa":1192,"tas":1156,"vic":5635},{"ts":"2013-10-17T00:50:00Z","nsw":8703,"qld":5886,"sa":1202,"tas":1161,"vic":5614},{"ts":"2013-10-17T01:00:00Z","nsw":8678,"qld":5896,"sa":1205,"tas":1155,"vic":5591,"wa":2109},{"ts":"2013-10-17T01:10:00Z","nsw":8682,"qld":5915,"sa":1221,"tas":1152,"vic":5572},{"ts":"2013-10-17T01:20:00Z","nsw":8662,"qld":5892,"sa":1195,"tas":1153,"vic":5606},{"ts":"2013-10-17T01:30:00Z","nsw":8709,"qld":5886,"sa":1175,"tas":1152,"vic":5595,"wa":2068},{"ts":"2013-10-17T01:40:00Z","nsw":8698,"qld":5924,"sa":1193,"tas":1142,"vic":5629},{"ts":"2013-10-17T01:50:00Z","nsw":8749,"qld":5911,"sa":1206,"tas":1093,"vic":5598},{"ts":"2013-10-17T02:00:00Z","nsw":8770,"qld":5922,"sa":1215,"tas":1112,"vic":5579,"wa":2048},{"ts":"2013-10-17T02:10:00Z","nsw":8793,"qld":5984,"sa":1216,"tas":1106,"vic":5590},{"ts":"2013-10-17T02:20:00Z","nsw":8832,"qld":5989,"sa":1174,"tas":1096,"vic":5600},{"ts":"2013-10-17T02:30:00Z","nsw":8808,"qld":5994,"sa":1174,"tas":1079,"vic":5593,"wa":2028},{"ts":"2013-10-17T02:40:00Z","nsw":8848,"qld":6014,"sa":1182,"tas":1080,"vic":5632},{"ts":"2013-10-17T02:50:00Z","nsw":8808,"qld":6012,"sa":1193,"tas":1096,"vic":5664},{"ts":"2013-10-17T03:00:00Z","nsw":8744,"qld":6051,"sa":1205,"tas":1103,"vic":5632,"wa":2028},{"ts":"2013-10-17T03:10:00Z","nsw":8806,"qld":6072,"sa":1209,"tas":1096,"vic":5561},{"ts":"2013-10-17T03:20:00Z","nsw":8814,"qld":6082,"sa":1215,"tas":1123,"vic":5549},{"ts":"2013-10-17T03:30:00Z","nsw":8861,"qld":6089,"sa":1209,"tas":1141,"vic":5546,"wa":2032},{"ts":"2013-10-17T03:40:00Z","nsw":8862,"qld":6101,"sa":1224,"tas":1133,"vic":5561},{"ts":"2013-10-17T03:50:00Z","nsw":8843,"qld":6126,"sa":1181,"tas":1132,"vic":5599},{"ts":"2013-10-17T04:00:00Z","nsw":8867,"qld":6136,"sa":1203,"tas":1136,"vic":5553,"wa":2024},{"ts":"2013-10-17T04:10:00Z","nsw":8900,"qld":6104,"sa":1169,"tas":1154,"vic":5521},{"ts":"2013-10-17T04:20:00Z","nsw":8869,"qld":6239,"sa":1167,"tas":1144,"vic":5478},{"ts":"2013-10-17T04:30:00Z","nsw":8899,"qld":6270,"sa":1177,"tas":1170,"vic":5486,"wa":2040},{"ts":"2013-10-17T04:40:00Z","nsw":8935,"qld":6282,"sa":1184,"tas":1181,"vic":5559},{"ts":"2013-10-17T04:50:00Z","nsw":8973,"qld":6262,"sa":1186,"tas":1163,"vic":5629},{"ts":"2013-10-17T05:00:00Z","nsw":8995,"qld":6292,"sa":1200,"tas":1116,"vic":5619,"wa":2046},{"ts":"2013-10-17T05:10:00Z","nsw":8957,"qld":6299,"sa":1215,"tas":1125,"vic":5606},{"ts":"2013-10-17T05:20:00Z","nsw":8998,"qld":6290,"sa":1227,"tas":1165,"vic":5622},{"ts":"2013-10-17T05:30:00Z","nsw":8977,"qld":6345,"sa":1224,"tas":1187,"vic":5665,"wa":2053},{"ts":"2013-10-17T05:40:00Z","nsw":8988,"qld":6405,"sa":1225,"tas":1210,"vic":5670},{"ts":"2013-10-17T05:50:00Z","nsw":9006,"qld":6348,"sa":1266,"tas":1219,"vic":5683},{"ts":"2013-10-17T06:00:00Z","nsw":8964,"qld":6378,"sa":1268,"tas":1206,"vic":5705,"wa":2060},{"ts":"2013-10-17T06:10:00Z","nsw":8900,"qld":6393,"sa":1283,"tas":1218,"vic":5687},{"ts":"2013-10-17T06:20:00Z","nsw":8842,"qld":6474,"sa":1298,"tas":1224,"vic":5726},{"ts":"2013-10-17T06:30:00Z","nsw":8854,"qld":6482,"sa":1281,"tas":1229,"vic":5768,"wa":2044},{"ts":"2013-10-17T06:40:00Z","nsw":8835,"qld":6576,"sa":1294,"tas":1239,"vic":5774},{"ts":"2013-10-17T06:50:00Z","nsw":8862,"qld":6566,"sa":1311,"tas":1251,"vic":5802},{"ts":"2013-10-17T07:00:00Z","nsw":8847,"qld":6588,"sa":1366,"tas":1234,"vic":5786,"wa":2077},{"ts":"2013-10-17T07:10:00Z","nsw":8658,"qld":6559,"sa":1390,"tas":1244,"vic":5777},{"ts":"2013-10-17T07:20:00Z","nsw":8661,"qld":6554,"sa":1390,"tas":1245,"vic":5843},{"ts":"2013-10-17T07:30:00Z","nsw":8655,"qld":6563,"sa":1417,"tas":1257,"vic":5874,"wa":2088},{"ts":"2013-10-17T07:40:00Z","nsw":8616,"qld":6583,"sa":1425,"tas":1265,"vic":5830},{"ts":"2013-10-17T07:50:00Z","nsw":8606,"qld":6585,"sa":1457,"tas":1276,"vic":5860},{"ts":"2013-10-17T08:00:00Z","nsw":8554,"qld":6667,"sa":1485,"tas":1292,"vic":5880,"wa":2172},{"ts":"2013-10-17T08:10:00Z","nsw":8501,"qld":6661,"sa":1521,"tas":1290,"vic":5846},{"ts":"2013-10-17T08:20:00Z","nsw":8524,"qld":6710,"sa":1547,"tas":1286,"vic":5815},{"ts":"2013-10-17T08:30:00Z","nsw":8547,"qld":6780,"sa":1572,"tas":1293,"vic":5809,"wa":2114},{"ts":"2013-10-17T08:40:00Z","nsw":8587,"qld":6713,"sa":1575,"tas":1313,"vic":5868},{"ts":"2013-10-17T08:50:00Z","nsw":8569,"qld":6672,"sa":1607,"tas":1322,"vic":5952},{"ts":"2013-10-17T09:00:00Z","nsw":8497,"qld":6630,"sa":1630,"tas":1321,"vic":6016,"wa":2162},{"ts":"2013-10-17T09:10:00Z","nsw":8461,"qld":6542,"sa":1629,"tas":1324,"vic":6110},{"ts":"2013-10-17T09:20:00Z","nsw":8407,"qld":6448,"sa":1640,"tas":1333,"vic":6135},{"ts":"2013-10-17T09:30:00Z","nsw":8309,"qld":6365,"sa":1663,"tas":1331,"vic":6121,"wa":2204},{"ts":"2013-10-17T09:40:00Z","nsw":8257,"qld":6352,"sa":1679,"tas":1322,"vic":6100},{"ts":"2013-10-17T09:50:00Z","nsw":8193,"qld":6301,"sa":1658,"tas":1320,"vic":6019},{"ts":"2013-10-17T10:00:00Z","nsw":8114,"qld":6281,"sa":1668,"tas":1309,"vic":5946,"wa":2276},{"ts":"2013-10-17T10:10:00Z","nsw":8035,"qld":6245,"sa":1660,"tas":1303,"vic":5906},{"ts":"2013-10-17T10:20:00Z","nsw":7944,"qld":6302,"sa":1650,"tas":1277,"vic":5870},{"ts":"2013-10-17T10:30:00Z","nsw":7835,"qld":6255,"sa":1668,"tas":1275,"vic":5854,"wa":2325},{"ts":"2013-10-17T10:40:00Z","nsw":7781,"qld":6186,"sa":1643,"tas":1277,"vic":5812},{"ts":"2013-10-17T10:50:00Z","nsw":7673,"qld":6195,"sa":1613,"tas":1263,"vic":5722},{"ts":"2013-10-17T11:00:00Z","nsw":7671,"qld":6119,"sa":1589,"tas":1249,"vic":5662,"wa":2367},{"ts":"2013-10-17T11:10:00Z","nsw":7690,"qld":6182,"sa":1580,"tas":1229,"vic":5570},{"ts":"2013-10-17T11:20:00Z","nsw":7658,"qld":6152,"sa":1567,"tas":1212,"vic":5444},{"ts":"2013-10-17T11:30:00Z","nsw":7614,"qld":6069,"sa":1550,"tas":1200,"vic":5334,"wa":2326},{"ts":"2013-10-17T11:40:00Z","nsw":7539,"qld":6107,"sa":1546,"tas":1183,"vic":5216},{"ts":"2013-10-17T11:50:00Z","nsw":7399,"qld":5973,"sa":1527,"tas":1158,"vic":5119}],"output":[{"ts":"2013-10-16T17:00:00Z","nsw":2,"qld":0,"sa":0,"tas":0,"vic":0,"wa":0},{"ts":"2013-10-16T17:10:00Z","nsw":2,"qld":0,"sa":0,"tas":0,"vic":0},{"ts":"2013-10-16T17:20:00Z","nsw":2,"qld":0,"sa":0,"tas":0,"vic":0},{"ts":"2013-10-16T17:30:00Z","nsw":1,"qld":0,"sa":0,"tas":0,"vic":0,"wa":0},{"ts":"2013-10-16T17:40:00Z","nsw":2,"qld":0,"sa":0,"tas":0,"vic":0},{"ts":"2013-10-16T17:50:00Z","nsw":1,"qld":2,"sa":0,"tas":0,"vic":2},{"ts":"2013-10-16T18:00:00Z","nsw":2,"qld":2,"sa":0,"tas":0,"vic":0,"wa":0},{"ts":"2013-10-16T18:10:00Z","nsw":1,"qld":2,"sa":0,"tas":0,"vic":0},{"ts":"2013-10-16T18:20:00Z","nsw":2,"qld":3,"sa":0,"tas":0,"vic":0},{"ts":"2013-10-16T18:30:00Z","nsw":2,"qld":3,"sa":0,"tas":0,"vic":0,"wa":0},{"ts":"2013-10-16T18:40:00Z","nsw":1,"qld":2,"sa":0,"tas":0,"vic":0},{"ts":"2013-10-16T18:50:00Z","nsw":2,"qld":2,"sa":0,"tas":0,"vic":1},{"ts":"2013-10-16T19:00:00Z","nsw":2,"qld":2,"sa":0,"tas":0,"vic":0,"wa":0},{"ts":"2013-10-16T19:10:00Z","nsw":2,"qld":1,"sa":0,"tas":0,"vic":0},{"ts":"2013-10-16T19:20:00Z","nsw":4,"qld":10,"sa":0,"tas":0,"vic":0},{"ts":"2013-10-16T19:30:00Z","nsw":8,"qld":19,"sa":0,"tas":0,"vic":0,"wa":0},{"ts":"2013-10-16T19:40:00Z","nsw":16,"qld":33,"sa":0,"tas":0,"vic":0},{"ts":"2013-10-16T19:50:00Z","nsw":22,"qld":51,"sa":0,"tas":0,"vic":2},{"ts":"2013-10-16T20:00:00Z","nsw":32,"qld":72,"sa":0,"tas":1,"vic":5,"wa":0},{"ts":"2013-10-16T20:10:00Z","nsw":43,"qld":95,"sa":1,"tas":2,"vic":10},{"ts":"2013-10-16T20:20:00Z","nsw":50,"qld":119,"sa":4,"tas":4,"vic":16},{"ts":"2013-10-16T20:30:00Z","nsw":63,"qld":142,"sa":8,"tas":3,"vic":22,"wa":0},{"ts":"2013-10-16T20:40:00Z","nsw":77,"qld":172,"sa":13,"tas":5,"vic":31},{"ts":"2013-10-16T20:50:00Z","nsw":88,"qld":201,"sa":15,"tas":5,"vic":39},{"ts":"2013-10-16T21:00:00Z","nsw":111,"qld":226,"sa":20,"tas":9,"vic":53,"wa":0},{"ts":"2013-10-16T21:10:00Z","nsw":128,"qld":267,"sa":37,"tas":10,"vic":72},{"ts":"2013-10-16T21:20:00Z","nsw":150,"qld":302,"sa":52,"tas":11,"vic":91},{"ts":"2013-10-16T21:30:00Z","nsw":169,"qld":322,"sa":60,"tas":11,"vic":107,"wa":0},{"ts":"2013-10-16T21:40:00Z","nsw":187,"qld":364,"sa":62,"tas":14,"vic":124},{"ts":"2013-10-16T21:50:00Z","nsw":201,"qld":402,"sa":74,"tas":17,"vic":135},{"ts":"2013-10-16T22:00:00Z","nsw":228,"qld":426,"sa":86,"tas":21,"vic":153,"wa":6},{"ts":"2013-10-16T22:10:00Z","nsw":235,"qld":447,"sa":123,"tas":20,"vic":167},{"ts":"2013-10-16T22:20:00Z","nsw":246,"qld":492,"sa":122,"tas":22,"vic":182},{"ts":"2013-10-16T22:30:00Z","nsw":264,"qld":485,"sa":156,"tas":25,"vic":183,"wa":23},{"ts":"2013-10-16T22:40:00Z","nsw":288,"qld":525,"sa":144,"tas":23,"vic":206},{"ts":"2013-10-16T22:50:00Z","nsw":314,"qld":551,"sa":186,"tas":20,"vic":202},{"ts":"2013-10-16T23:00:00Z","nsw":335,"qld":571,"sa":181,"tas":27,"vic":224,"wa":47},{"ts":"2013-10-16T23:10:00Z","nsw":320,"qld":581,"sa":198,"tas":26,"vic":223},{"ts":"2013-10-16T23:20:00Z","nsw":340,"qld":625,"sa":200,"tas":30,"vic":253},{"ts":"2013-10-16T23:30:00Z","nsw":345,"qld":625,"sa":240,"tas":31,"vic":235,"wa":77},{"ts":"2013-10-16T23:40:00Z","nsw":368,"qld":652,"sa":245,"tas":33,"vic":242},{"ts":"2013-10-16T23:50:00Z","nsw":384,"qld":671,"sa":265,"tas":35,"vic":247},{"ts":"2013-10-17T00:00:00Z","nsw":405,"qld":665,"sa":262,"tas":36,"vic":279,"wa":112},{"ts":"2013-10-17T00:10:00Z","nsw":397,"qld":687,"sa":277,"tas":30,"vic":237},{"ts":"2013-10-17T00:20:00Z","nsw":396,"qld":696,"sa":267,"tas":33,"vic":260},{"ts":"2013-10-17T00:30:00Z","nsw":392,"qld":692,"sa":296,"tas":35,"vic":221,"wa":136},{"ts":"2013-10-17T00:40:00Z","nsw":408,"qld":703,"sa":300,"tas":31,"vic":218},{"ts":"2013-10-17T00:50:00Z","nsw":416,"qld":718,"sa":314,"tas":33,"vic":217},{"ts":"2013-10-17T01:00:00Z","nsw":400,"qld":708,"sa":295,"tas":36,"vic":251,"wa":143},{"ts":"2013-10-17T01:10:00Z","nsw":409,"qld":720,"sa":337,"tas":32,"vic":226},{"ts":"2013-10-17T01:20:00Z","nsw":401,"qld":729,"sa":318,"tas":44,"vic":280},{"ts":"2013-10-17T01:30:00Z","nsw":395,"qld":714,"sa":331,"tas":41,"vic":243,"wa":155},{"ts":"2013-10-17T01:40:00Z","nsw":387,"qld":717,"sa":304,"tas":38,"vic":265},{"ts":"2013-10-17T01:50:00Z","nsw":385,"qld":735,"sa":322,"tas":33,"vic":265},{"ts":"2013-10-17T02:00:00Z","nsw":404,"qld":724,"sa":302,"tas":36,"vic":318,"wa":209},{"ts":"2013-10-17T02:10:00Z","nsw":374,"qld":721,"sa":337,"tas":31,"vic":259},{"ts":"2013-10-17T02:20:00Z","nsw":375,"qld":731,"sa":311,"tas":27,"vic":215},{"ts":"2013-10-17T02:30:00Z","nsw":358,"qld":722,"sa":326,"tas":25,"vic":195,"wa":210},{"ts":"2013-10-17T02:40:00Z","nsw":364,"qld":715,"sa":304,"tas":30,"vic":209},{"ts":"2013-10-17T02:50:00Z","nsw":367,"qld":710,"sa":323,"tas":29,"vic":237},{"ts":"2013-10-17T03:00:00Z","nsw":364,"qld":695,"sa":293,"tas":33,"vic":307,"wa":243},{"ts":"2013-10-17T03:10:00Z","nsw":337,"qld":676,"sa":323,"tas":35,"vic":313},{"ts":"2013-10-17T03:20:00Z","nsw":352,"qld":675,"sa":319,"tas":36,"vic":321},{"ts":"2013-10-17T03:30:00Z","nsw":343,"qld":657,"sa":342,"tas":33,"vic":285,"wa":257},{"ts":"2013-10-17T03:40:00Z","nsw":337,"qld":650,"sa":317,"tas":30,"vic":269},{"ts":"2013-10-17T03:50:00Z","nsw":309,"qld":627,"sa":324,"tas":29,"vic":275},{"ts":"2013-10-17T04:00:00Z","nsw":289,"qld":601,"sa":314,"tas":27,"vic":264,"wa":263},{"ts":"2013-10-17T04:10:00Z","nsw":257,"qld":571,"sa":326,"tas":27,"vic":212},{"ts":"2013-10-17T04:20:00Z","nsw":253,"qld":554,"sa":306,"tas":26,"vic":256},{"ts":"2013-10-17T04:30:00Z","nsw":252,"qld":530,"sa":324,"tas":23,"vic":247,"wa":264},{"ts":"2013-10-17T04:40:00Z","nsw":235,"qld":514,"sa":295,"tas":25,"vic":223},{"ts":"2013-10-17T04:50:00Z","nsw":209,"qld":478,"sa":307,"tas":25,"vic":152},{"ts":"2013-10-17T05:00:00Z","nsw":189,"qld":449,"sa":274,"tas":25,"vic":170,"wa":258},{"ts":"2013-10-17T05:10:00Z","nsw":181,"qld":427,"sa":284,"tas":18,"vic":211},{"ts":"2013-10-17T05:20:00Z","nsw":197,"qld":398,"sa":259,"tas":15,"vic":241},{"ts":"2013-10-17T05:30:00Z","nsw":170,"qld":367,"sa":265,"tas":15,"vic":205,"wa":251},{"ts":"2013-10-17T05:40:00Z","nsw":169,"qld":339,"sa":242,"tas":19,"vic":196},{"ts":"2013-10-17T05:50:00Z","nsw":154,"qld":300,"sa":240,"tas":19,"vic":155},{"ts":"2013-10-17T06:00:00Z","nsw":134,"qld":267,"sa":212,"tas":18,"vic":169,"wa":240},{"ts":"2013-10-17T06:10:00Z","nsw":124,"qld":232,"sa":210,"tas":15,"vic":139},{"ts":"2013-10-17T06:20:00Z","nsw":103,"qld":200,"sa":184,"tas":15,"vic":138},{"ts":"2013-10-17T06:40:00Z","nsw":84,"qld":135,"sa":155,"tas":9,"vic":122},{"ts":"2013-10-17T06:50:00Z","nsw":75,"qld":109,"sa":151,"tas":8,"vic":97},{"ts":"2013-10-17T07:00:00Z","nsw":68,"qld":82,"sa":129,"tas":7,"vic":91,"wa":206},{"ts":"2013-10-17T07:10:00Z","nsw":60,"qld":59,"sa":118,"tas":6,"vic":63},{"ts":"2013-10-17T07:20:00Z","nsw":52,"qld":44,"sa":104,"tas":5,"vic":54},{"ts":"2013-10-17T07:30:00Z","nsw":38,"qld":29,"sa":93,"tas":4,"vic":49,"wa":174},{"ts":"2013-10-17T07:40:00Z","nsw":29,"qld":15,"sa":76,"tas":2,"vic":43},{"ts":"2013-10-17T07:50:00Z","nsw":20,"qld":7,"sa":66,"tas":1,"vic":30},{"ts":"2013-10-17T08:00:00Z","nsw":15,"qld":5,"sa":52,"tas":1,"vic":22,"wa":138},{"ts":"2013-10-17T08:10:00Z","nsw":12,"qld":4,"sa":41,"tas":1,"vic":13},{"ts":"2013-10-17T08:20:00Z","nsw":11,"qld":3,"sa":30,"tas":0,"vic":8},{"ts":"2013-10-17T08:30:00Z","nsw":11,"qld":2,"sa":19,"tas":0,"vic":4,"wa":94},{"ts":"2013-10-17T08:40:00Z","nsw":11,"qld":3,"sa":11,"tas":0,"vic":5},{"ts":"2013-10-17T08:50:00Z","nsw":12,"qld":2,"sa":5,"tas":0,"vic":3},{"ts":"2013-10-17T09:00:00Z","nsw":11,"qld":3,"sa":2,"tas":0,"vic":2,"wa":63},{"ts":"2013-10-17T09:10:00Z","nsw":13,"qld":3,"sa":1,"tas":0,"vic":3},{"ts":"2013-10-17T09:20:00Z","nsw":15,"qld":2,"sa":1,"tas":0,"vic":1},{"ts":"2013-10-17T09:30:00Z","nsw":14,"qld":3,"sa":1,"tas":0,"vic":0,"wa":30},{"ts":"2013-10-17T09:40:00Z","nsw":14,"qld":3,"sa":1,"tas":0,"vic":0},{"ts":"2013-10-17T09:50:00Z","nsw":14,"qld":3,"sa":1,"tas":0,"vic":2},{"ts":"2013-10-17T10:00:00Z","nsw":14,"qld":3,"sa":1,"tas":0,"vic":1,"wa":11},{"ts":"2013-10-17T10:10:00Z","nsw":14,"qld":3,"sa":0,"tas":0,"vic":3},{"ts":"2013-10-17T10:20:00Z","nsw":14,"qld":3,"sa":0,"tas":0,"vic":0},{"ts":"2013-10-17T10:30:00Z","nsw":14,"qld":3,"sa":0,"tas":0,"vic":1,"wa":2},{"ts":"2013-10-17T10:40:00Z","nsw":14,"qld":3,"sa":0,"tas":0,"vic":1},{"ts":"2013-10-17T10:50:00Z","nsw":14,"qld":3,"sa":0,"tas":0,"vic":0},{"ts":"2013-10-17T11:00:00Z","nsw":14,"qld":3,"sa":0,"tas":0,"vic":0,"wa":6},{"ts":"2013-10-17T11:10:00Z","nsw":18,"qld":3,"sa":0,"tas":0,"vic":1},{"ts":"2013-10-17T11:20:00Z","nsw":14,"qld":3,"sa":0,"tas":0,"vic":0},{"ts":"2013-10-17T11:30:00Z","nsw":14,"qld":3,"sa":0,"tas":0,"vic":1,"wa":7},{"ts":"2013-10-17T11:40:00Z","nsw":13,"qld":3,"sa":0,"tas":0,"vic":0},{"ts":"2013-10-17T11:50:00Z","nsw":14,"qld":3,"sa":0,"tas":0,"vic":1}]} 