{"performance":[{"ts":"2013-08-27T18:00:00Z","nsw":"0.43","nt":"0.00","qld":"0.29","sa":"0.15","tas":"0.00","vic":"0.05","wa":"0.10"},{"ts":"2013-08-27T18:10:00Z","nsw":"0.26","nt":"0.00","qld":"0.31","sa":"0.10","tas":"0.00","vic":"0.05","wa":"0.12"},{"ts":"2013-08-27T18:20:00Z","nsw":"0.49","nt":"0.00","qld":"0.28","sa":"0.15","tas":"0.00","vic":"0.06","wa":"0.11"},{"ts":"2013-08-27T18:30:00Z","nsw":"0.45","nt":"0.00","qld":"0.29","sa":"0.15","tas":"0.00","vic":"0.06","wa":"0.12"},{"ts":"2013-08-27T18:40:00Z","nsw":"0.56","nt":"0.00","qld":"0.30","sa":"0.10","tas":"0.00","vic":"0.05","wa":"0.11"},{"ts":"2013-08-27T18:50:00Z","nsw":"0.49","nt":"0.00","qld":"0.28","sa":"0.15","tas":"0.00","vic":"0.05","wa":"0.12"},{"ts":"2013-08-27T19:00:00Z","nsw":"0.56","nt":"0.00","qld":"0.33","sa":"0.15","tas":"0.00","vic":"0.06","wa":"0.11"},{"ts":"2013-08-27T19:10:00Z","nsw":"0.47","nt":"0.00","qld":"0.30","sa":"0.15","tas":"0.00","vic":"0.05","wa":"0.12"},{"ts":"2013-08-27T19:20:00Z","nsw":"0.44","nt":"0.00","qld":"0.30","sa":"0.15","tas":"0.11","vic":"0.05","wa":"0.12"},{"ts":"2013-08-27T19:30:00Z","nsw":"0.45","nt":"0.00","qld":"0.30","sa":"0.15","tas":"0.00","vic":"0.05","wa":"0.12"},{"ts":"2013-08-27T19:40:00Z","nsw":"0.35","nt":"0.00","qld":"0.37","sa":"0.15","tas":"0.00","vic":"0.05","wa":"0.11"},{"ts":"2013-08-27T19:50:00Z","nsw":"0.41","nt":"0.00","qld":"0.30","sa":"0.10","tas":"0.00","vic":"0.05","wa":"0.13"},{"ts":"2013-08-27T20:00:00Z","nsw":"0.45","nt":"0.00","qld":"0.16","sa":"0.15","tas":"0.00","vic":"0.05","wa":"0.11"},{"ts":"2013-08-27T20:10:00Z","nsw":"0.45","nt":"0.00","qld":"0.37","sa":"0.15","tas":"0.00","vic":"0.05","wa":"0.12"},{"ts":"2013-08-27T20:20:00Z","nsw":"0.47","nt":"0.00","qld":"1.30","sa":"0.14","tas":"0.00","vic":"0.06","wa":"0.11"},{"ts":"2013-08-27T20:30:00Z","nsw":"0.89","nt":"0.00","qld":"2.53","sa":"0.16","tas":"0.09","vic":"0.04","wa":"0.12"},{"ts":"2013-08-27T20:40:00Z","nsw":"1.95","nt":"0.00","qld":"4.33","sa":"0.11","tas":"0.07","vic":"0.06","wa":"0.11"},{"ts":"2013-08-27T20:50:00Z","nsw":"2.52","nt":"0.00","qld":"6.75","sa":"0.11","tas":"0.09","vic":"0.09","wa":"0.12"},{"ts":"2013-08-27T21:00:00Z","nsw":"4.13","nt":"0.00","qld":"9.47","sa":"0.16","tas":"1.19","vic":"0.26","wa":"0.11"},{"ts":"2013-08-27T21:10:00Z","nsw":"5.82","nt":"0.00","qld":"12.56","sa":"0.15","tas":"2.10","vic":"0.83","wa":"0.13"},{"ts":"2013-08-27T21:20:00Z","nsw":"8.18","nt":"0.00","qld":"15.80","sa":"0.24","tas":"4.22","vic":"1.86","wa":"0.11"},{"ts":"2013-08-27T21:30:00Z","nsw":"10.32","nt":"0.00","qld":"18.72","sa":"0.93","tas":"6.50","vic":"3.02","wa":"0.43"},{"ts":"2013-08-27T21:40:00Z","nsw":"12.08","nt":"0.32","qld":"22.45","sa":"1.83","tas":"9.44","vic":"3.98","wa":"0.12"},{"ts":"2013-08-27T21:50:00Z","nsw":"14.87","nt":"1.34","qld":"25.62","sa":"3.49","tas":"10.51","vic":"5.06","wa":"0.11"},{"ts":"2013-08-27T22:00:00Z","nsw":"17.22","nt":"2.44","qld":"29.04","sa":"5.32","tas":"15.41","vic":"6.54","wa":"0.26"},{"ts":"2013-08-27T22:10:00Z","nsw":"21.49","nt":"4.35","qld":"32.03","sa":"8.36","tas":"16.70","vic":"8.34","wa":"0.28"},{"ts":"2013-08-27T22:20:00Z","nsw":"23.62","nt":"4.80","qld":"35.63","sa":"10.72","tas":"22.40","vic":"11.04","wa":"0.26"},{"ts":"2013-08-27T22:30:00Z","nsw":"27.84","nt":"7.22","qld":"38.69","sa":"13.95","tas":"21.58","vic":"13.71","wa":"0.12"},{"ts":"2013-08-27T22:40:00Z","nsw":"30.47","nt":"10.77","qld":"41.80","sa":"16.93","tas":"24.80","vic":"17.08","wa":"0.13"},{"ts":"2013-08-27T22:50:00Z","nsw":"32.40","nt":"11.72","qld":"44.84","sa":"20.89","tas":"25.63","vic":"19.11","wa":"0.25"},{"ts":"2013-08-27T23:00:00Z","nsw":"35.20","nt":"16.05","qld":"47.45","sa":"23.01","tas":"29.28","vic":"21.34","wa":"1.11"},{"ts":"2013-08-27T23:10:00Z","nsw":"34.57","nt":"19.14","qld":"50.55","sa":"25.49","tas":"32.02","vic":"21.00","wa":"2.86"},{"ts":"2013-08-27T23:20:00Z","nsw":"40.02","nt":"20.97","qld":"52.91","sa":"28.50","tas":"37.53","vic":"22.46","wa":"5.59"},{"ts":"2013-08-27T23:30:00Z","nsw":"42.92","nt":"25.13","qld":"55.19","sa":"33.35","tas":"35.40","vic":"22.84","wa":"8.33"},{"ts":"2013-08-27T23:40:00Z","nsw":"44.98","nt":"30.59","qld":"56.69","sa":"36.38","tas":"45.57","vic":"25.49","wa":"12.09"},{"ts":"2013-08-27T23:50:00Z","nsw":"46.27","nt":"33.05","qld":"58.46","sa":"39.24","tas":"45.30","vic":"24.70","wa":"14.99"},{"ts":"2013-08-28T00:00:00Z","nsw":"47.55","nt":"38.91","qld":"60.39","sa":"42.05","tas":"50.78","vic":"26.33","wa":"19.16"},{"ts":"2013-08-28T00:10:00Z","nsw":"49.27","nt":"42.28","qld":"61.59","sa":"44.58","tas":"43.68","vic":"26.96","wa":"21.45"},{"ts":"2013-08-28T00:20:00Z","nsw":"51.77","nt":"45.23","qld":"63.21","sa":"42.11","tas":"43.49","vic":"30.66","wa":"25.24"},{"ts":"2013-08-28T00:30:00Z","nsw":"53.33","nt":"49.54","qld":"62.95","sa":"48.49","tas":"39.59","vic":"32.14","wa":"29.52"},{"ts":"2013-08-28T00:40:00Z","nsw":"54.84","nt":"52.88","qld":"64.38","sa":"50.30","tas":"42.89","vic":"33.09","wa":"32.13"},{"ts":"2013-08-28T00:50:00Z","nsw":"53.39","nt":"54.49","qld":"65.47","sa":"52.85","tas":"44.02","vic":"32.81","wa":"34.80"},{"ts":"2013-08-28T01:00:00Z","nsw":"57.51","nt":"58.38","qld":"65.77","sa":"47.44","tas":"48.11","vic":"36.92","wa":"39.79"},{"ts":"2013-08-28T01:10:00Z","nsw":"57.09","nt":"61.24","qld":"66.49","sa":"51.52","tas":"46.17","vic":"36.31","wa":"42.02"},{"ts":"2013-08-28T01:20:00Z","nsw":"58.98","nt":"62.28","qld":"67.06","sa":"56.10","tas":"53.20","vic":"44.99","wa":"44.91"},{"ts":"2013-08-28T01:30:00Z","nsw":"60.07","nt":"63.66","qld":"67.87","sa":"56.97","tas":"45.74","vic":"46.17","wa":"47.11"},{"ts":"2013-08-28T01:40:00Z","nsw":"59.64","nt":"64.60","qld":"67.72","sa":"54.49","tas":"51.92","vic":"51.45","wa":"50.23"},{"ts":"2013-08-28T01:50:00Z","nsw":"59.08","nt":"65.49","qld":"68.10","sa":"59.15","tas":"51.26","vic":"52.58","wa":"50.18"},{"ts":"2013-08-28T02:00:00Z","nsw":"60.85","nt":"66.58","qld":"68.05","sa":"57.62","tas":"59.76","vic":"52.44","wa":"51.21"},{"ts":"2013-08-28T02:10:00Z","nsw":"59.56","nt":"67.04","qld":"67.53","sa":"58.51","tas":"52.11","vic":"51.43","wa":"54.56"},{"ts":"2013-08-28T02:20:00Z","nsw":"60.72","nt":"64.91","qld":"67.70","sa":"53.99","tas":"49.47","vic":"54.40","wa":"54.85"},{"ts":"2013-08-28T02:30:00Z","nsw":"60.01","nt":"63.07","qld":"66.96","sa":"56.46","tas":"44.98","vic":"54.30","wa":"56.72"},{"ts":"2013-08-28T02:40:00Z","nsw":"59.65","nt":"70.88","qld":"66.38","sa":"56.57","tas":"53.17","vic":"52.42","wa":"58.15"},{"ts":"2013-08-28T02:50:00Z","nsw":"58.82","nt":"64.28","qld":"65.22","sa":"58.01","tas":"48.95","vic":"50.83","wa":"58.64"},{"ts":"2013-08-28T03:00:00Z","nsw":"57.86","nt":"67.74","qld":"64.54","sa":"59.52","tas":"52.45","vic":"53.00","wa":"59.73"},{"ts":"2013-08-28T03:10:00Z","nsw":"56.27","nt":"73.21","qld":"63.59","sa":"60.92","tas":"44.87","vic":"45.49","wa":"55.98"},{"ts":"2013-08-28T03:20:00Z","nsw":"57.27","nt":"71.52","qld":"62.70","sa":"58.21","tas":"53.89","vic":"44.79","wa":"57.97"},{"ts":"2013-08-28T03:30:00Z","nsw":"55.11","nt":"72.44","qld":"60.96","sa":"62.95","tas":"51.96","vic":"38.21","wa":"55.36"},{"ts":"2013-08-28T03:40:00Z","nsw":"53.84","nt":"73.05","qld":"59.12","sa":"57.16","tas":"55.75","vic":"36.09","wa":"57.89"},{"ts":"2013-08-28T03:50:00Z","nsw":"52.33","nt":"73.00","qld":"57.40","sa":"60.07","tas":"49.38","vic":"36.27","wa":"50.41"},{"ts":"2013-08-28T04:00:00Z","nsw":"50.65","nt":"72.84","qld":"55.84","sa":"59.37","tas":"46.95","vic":"40.33","wa":"58.43"},{"ts":"2013-08-28T04:10:00Z","nsw":"45.06","nt":"72.65","qld":"53.85","sa":"57.75","tas":"38.11","vic":"34.28","wa":"57.91"},{"ts":"2013-08-28T04:20:00Z","nsw":"46.05","nt":"71.19","qld":"52.27","sa":"57.88","tas":"38.78","vic":"35.20","wa":"56.40"},{"ts":"2013-08-28T04:30:00Z","nsw":"44.27","nt":"70.35","qld":"49.99","sa":"54.27","tas":"35.68","vic":"39.08","wa":"58.55"},{"ts":"2013-08-28T04:40:00Z","nsw":"42.79","nt":"70.35","qld":"47.41","sa":"51.52","tas":"35.12","vic":"41.82","wa":"62.17"},{"ts":"2013-08-28T04:50:00Z","nsw":"40.52","nt":"69.33","qld":"44.57","sa":"52.23","tas":"29.27","vic":"39.46","wa":"50.91"},{"ts":"2013-08-28T05:00:00Z","nsw":"37.52","nt":"68.17","qld":"41.31","sa":"47.03","tas":"29.31","vic":"40.41","wa":"54.32"},{"ts":"2013-08-28T05:10:00Z","nsw":"34.69","nt":"67.24","qld":"38.83","sa":"41.93","tas":"24.82","vic":"32.63","wa":"51.45"},{"ts":"2013-08-28T05:20:00Z","nsw":"32.51","nt":"66.76","qld":"35.70","sa":"35.63","tas":"25.01","vic":"34.55","wa":"55.04"},{"ts":"2013-08-28T05:30:00Z","nsw":"27.77","nt":"64.88","qld":"32.56","sa":"38.84","tas":"21.71","vic":"31.71","wa":"48.34"},{"ts":"2013-08-28T05:40:00Z","nsw":"23.58","nt":"63.00","qld":"29.39","sa":"36.58","tas":"18.98","vic":"30.08","wa":"50.72"},{"ts":"2013-08-28T05:50:00Z","nsw":"21.16","nt":"61.30","qld":"25.25","sa":"32.38","tas":"16.80","vic":"27.01","wa":"49.31"},{"ts":"2013-08-28T06:00:00Z","nsw":"19.93","nt":"59.19","qld":"22.67","sa":"29.36","tas":"14.66","vic":"26.29","wa":"52.07"},{"ts":"2013-08-28T06:10:00Z","nsw":"16.92","nt":"56.64","qld":"19.01","sa":"29.78","tas":"11.85","vic":"19.46","wa":"46.67"},{"ts":"2013-08-28T06:20:00Z","nsw":"14.15","nt":"55.33","qld":"15.98","sa":"27.83","tas":"11.07","vic":"16.35","wa":"49.87"},{"ts":"2013-08-28T06:30:00Z","nsw":"12.19","nt":"51.40","qld":"12.91","sa":"25.98","tas":"9.41","vic":"13.54","wa":"46.01"},{"ts":"2013-08-28T06:40:00Z","nsw":"10.22","nt":"47.16","qld":"9.66","sa":"25.64","tas":"7.26","vic":"11.09","wa":"48.45"},{"ts":"2013-08-28T06:50:00Z","nsw":"7.34","nt":"46.22","qld":"7.29","sa":"20.70","tas":"4.82","vic":"10.26","wa":"43.71"},{"ts":"2013-08-28T07:00:00Z","nsw":"5.15","nt":"42.36","qld":"5.12","sa":"18.25","tas":"3.78","vic":"8.29","wa":"42.69"},{"ts":"2013-08-28T07:10:00Z","nsw":"3.36","nt":"37.52","qld":"2.98","sa":"14.16","tas":"2.33","vic":"5.19","wa":"37.57"},{"ts":"2013-08-28T07:20:00Z","nsw":"2.24","nt":"34.32","qld":"1.87","sa":"10.04","tas":"0.86","vic":"3.70","wa":"36.59"},{"ts":"2013-08-28T07:30:00Z","nsw":"1.57","nt":"28.66","qld":"0.99","sa":"7.42","tas":"0.55","vic":"2.39","wa":"37.34"},{"ts":"2013-08-28T07:40:00Z","nsw":"1.20","nt":"21.31","qld":"0.64","sa":"5.89","tas":"0.16","vic":"1.41","wa":"39.31"},{"ts":"2013-08-28T07:50:00Z","nsw":"0.90","nt":"19.35","qld":"0.52","sa":"5.23","tas":"0.08","vic":"0.67","wa":"33.27"},{"ts":"2013-08-28T08:00:00Z","nsw":"0.78","nt":"13.48","qld":"0.51","sa":"3.21","tas":"0.08","vic":"0.41","wa":"30.49"},{"ts":"2013-08-28T08:10:00Z","nsw":"0.77","nt":"9.00","qld":"0.30","sa":"1.05","tas":"0.12","vic":"0.43","wa":"24.86"},{"ts":"2013-08-28T08:20:00Z","nsw":"1.19","nt":"7.26","qld":"0.29","sa":"0.54","tas":"0.14","vic":"0.22","wa":"21.21"},{"ts":"2013-08-28T08:30:00Z","nsw":"1.30","nt":"5.06","qld":"0.30","sa":"0.42","tas":"0.10","vic":"0.12","wa":"15.53"},{"ts":"2013-08-28T08:40:00Z","nsw":"1.30","nt":"4.04","qld":"0.36","sa":"0.33","tas":"0.10","vic":"0.09","wa":"15.16"},{"ts":"2013-08-28T08:50:00Z","nsw":"1.20","nt":"2.02","qld":"0.34","sa":"0.25","tas":"0.10","vic":"0.19","wa":"11.16"},{"ts":"2013-08-28T09:00:00Z","nsw":"1.24","nt":"1.02","qld":"0.32","sa":"0.24","tas":"0.10","vic":"0.09","wa":"8.70"},{"ts":"2013-08-28T09:10:00Z","nsw":"0.85","nt":"0.29","qld":"0.30","sa":"0.21","tas":"0.10","vic":"0.09","wa":"6.21"},{"ts":"2013-08-28T09:20:00Z","nsw":"1.30","nt":"0.40","qld":"0.29","sa":"0.21","tas":"0.10","vic":"0.09","wa":"4.84"},{"ts":"2013-08-28T09:30:00Z","nsw":"0.55","nt":"0.27","qld":"0.30","sa":"0.19","tas":"0.10","vic":"0.09","wa":"2.97"},{"ts":"2013-08-28T09:40:00Z","nsw":"0.66","nt":"0.37","qld":"0.34","sa":"0.20","tas":"0.10","vic":"0.09","wa":"2.37"},{"ts":"2013-08-28T09:50:00Z","nsw":"0.59","nt":"0.37","qld":"0.32","sa":"0.15","tas":"0.10","vic":"0.09","wa":"1.33"},{"ts":"2013-08-28T10:00:00Z","nsw":"0.99","nt":"0.44","qld":"0.33","sa":"0.28","tas":"0.10","vic":"0.09","wa":"1.10"},{"ts":"2013-08-28T10:10:00Z","nsw":"1.45","nt":"0.44","qld":"0.35","sa":"0.31","tas":"0.10","vic":"0.09","wa":"1.71"},{"ts":"2013-08-28T10:20:00Z","nsw":"0.91","nt":"0.44","qld":"0.31","sa":"0.32","tas":"0.10","vic":"0.09","wa":"2.04"},{"ts":"2013-08-28T10:30:00Z","nsw":"0.48","nt":"0.44","qld":"0.31","sa":"0.36","tas":"0.10","vic":"0.09","wa":"2.61"},{"ts":"2013-08-28T10:40:00Z","nsw":"0.65","nt":"0.44","qld":"0.31","sa":"0.38","tas":"0.10","vic":"0.09","wa":"2.99"},{"ts":"2013-08-28T10:50:00Z","nsw":"0.62","nt":"0.44","qld":"0.37","sa":"0.32","tas":"0.10","vic":"0.09","wa":"3.61"},{"ts":"2013-08-28T11:00:00Z","nsw":"0.70","nt":"0.44","qld":"0.33","sa":"0.32","tas":"0.10","vic":"0.09","wa":"3.25"},{"ts":"2013-08-28T11:10:00Z","nsw":"0.58","nt":"0.44","qld":"0.35","sa":"0.32","tas":"0.10","vic":"0.09","wa":"3.45"},{"ts":"2013-08-28T11:20:00Z","nsw":"0.58","nt":"0.44","qld":"0.31","sa":"0.38","tas":"0.10","vic":"0.09","wa":"3.83"},{"ts":"2013-08-28T11:30:00Z","nsw":"0.50","nt":"0.44","qld":"0.32","sa":"0.51","tas":"0.10","vic":"0.09","wa":"0.25"},{"ts":"2013-08-28T11:40:00Z","nsw":"0.67","nt":"0.44","qld":"0.41","sa":"0.34","tas":"0.10","vic":"0.10","wa":"0.24"},{"ts":"2013-08-28T11:50:00Z","nsw":"0.68","nt":"0.44","qld":"0.37","sa":"0.30","tas":"0.10","vic":"0.09","wa":"0.28"},{"ts":"2013-08-28T12:00:00Z","nsw":"0.66","nt":"0.44","qld":"0.34","sa":"0.36","tas":"0.10","vic":"0.10","wa":"0.23"},{"ts":"2013-08-28T12:10:00Z","nsw":"0.66","nt":"0.44","qld":"0.46","sa":"0.29","tas":"0.10","vic":"0.09","wa":"0.26"},{"ts":"2013-08-28T12:20:00Z","nsw":"1.39","nt":"0.44","qld":"0.30","sa":"0.34","tas":"0.10","vic":"0.10","wa":"0.39"},{"ts":"2013-08-28T12:30:00Z","nsw":"1.62","nt":"0.44","qld":"0.32","sa":"0.34","tas":"0.10","vic":"0.10","wa":"0.37"},{"ts":"2013-08-28T12:40:00Z","nsw":"0.67","nt":"0.44","qld":"0.34","sa":"0.33","tas":"0.10","vic":"0.09","wa":"0.38"},{"ts":"2013-08-28T12:50:00Z","nsw":"0.66","nt":"0.44","qld":"0.34","sa":"0.33","tas":"0.10","vic":"0.10","wa":"0.40"}],"contribution":[{"ts":"2013-08-27T18:00:00Z","nsw":"0.04","qld":"0.05","sa":"0.05","tas":"0.00","vic":"0.01","wa":"0.02"},{"ts":"2013-08-27T18:10:00Z","nsw":"0.02","qld":"0.06","sa":"0.03","tas":"0.00","vic":"0.01"},{"ts":"2013-08-27T18:20:00Z","nsw":"0.04","qld":"0.05","sa":"0.05","tas":"0.00","vic":"0.01"},{"ts":"2013-08-27T18:30:00Z","nsw":"0.04","qld":"0.05","sa":"0.05","tas":"0.00","vic":"0.01","wa":"0.02"},{"ts":"2013-08-27T18:40:00Z","nsw":"0.05","qld":"0.06","sa":"0.03","tas":"0.00","vic":"0.01"},{"ts":"2013-08-27T18:50:00Z","nsw":"0.04","qld":"0.05","sa":"0.05","tas":"0.00","vic":"0.01"},{"ts":"2013-08-27T19:00:00Z","nsw":"0.05","qld":"0.06","sa":"0.05","tas":"0.00","vic":"0.01","wa":"0.02"},{"ts":"2013-08-27T19:10:00Z","nsw":"0.04","qld":"0.05","sa":"0.05","tas":"0.00","vic":"0.01"},{"ts":"2013-08-27T19:20:00Z","nsw":"0.04","qld":"0.05","sa":"0.05","tas":"0.00","vic":"0.00"},{"ts":"2013-08-27T19:30:00Z","nsw":"0.04","qld":"0.05","sa":"0.05","tas":"0.00","vic":"0.00","wa":"0.02"},{"ts":"2013-08-27T19:40:00Z","nsw":"0.03","qld":"0.06","sa":"0.05","tas":"0.00","vic":"0.00"},{"ts":"2013-08-27T19:50:00Z","nsw":"0.03","qld":"0.05","sa":"0.03","tas":"0.00","vic":"0.00"},{"ts":"2013-08-27T20:00:00Z","nsw":"0.03","qld":"0.02","sa":"0.04","tas":"0.00","vic":"0.00","wa":"0.02"},{"ts":"2013-08-27T20:10:00Z","nsw":"0.03","qld":"0.06","sa":"0.04","tas":"0.00","vic":"0.00"},{"ts":"2013-08-27T20:20:00Z","nsw":"0.03","qld":"0.20","sa":"0.04","tas":"0.00","vic":"0.01"},{"ts":"2013-08-27T20:30:00Z","nsw":"0.06","qld":"0.37","sa":"0.04","tas":"0.00","vic":"0.00","wa":"0.02"},{"ts":"2013-08-27T20:40:00Z","nsw":"0.13","qld":"0.62","sa":"0.03","tas":"0.00","vic":"0.00"},{"ts":"2013-08-27T20:50:00Z","nsw":"0.17","qld":"0.97","sa":"0.03","tas":"0.00","vic":"0.01"},{"ts":"2013-08-27T21:00:00Z","nsw":"0.27","qld":"1.31","sa":"0.04","tas":"0.03","vic":"0.02","wa":"0.02"},{"ts":"2013-08-27T21:10:00Z","nsw":"0.38","qld":"1.71","sa":"0.04","tas":"0.06","vic":"0.06"},{"ts":"2013-08-27T21:20:00Z","nsw":"0.53","qld":"2.10","sa":"0.06","tas":"0.11","vic":"0.14"},{"ts":"2013-08-27T21:30:00Z","nsw":"0.66","qld":"2.49","sa":"0.22","tas":"0.17","vic":"0.22","wa":"0.08"},{"ts":"2013-08-27T21:40:00Z","nsw":"0.77","qld":"2.98","sa":"0.43","tas":"0.24","vic":"0.29"},{"ts":"2013-08-27T21:50:00Z","nsw":"0.94","qld":"3.40","sa":"0.81","tas":"0.26","vic":"0.36"},{"ts":"2013-08-27T22:00:00Z","nsw":"1.09","qld":"3.88","sa":"1.20","tas":"0.38","vic":"0.47","wa":"0.04"},{"ts":"2013-08-27T22:10:00Z","nsw":"1.35","qld":"4.27","sa":"1.87","tas":"0.42","vic":"0.59"},{"ts":"2013-08-27T22:20:00Z","nsw":"1.50","qld":"4.74","sa":"2.41","tas":"0.57","vic":"0.77"},{"ts":"2013-08-27T22:30:00Z","nsw":"1.77","qld":"5.28","sa":"3.14","tas":"0.55","vic":"0.97","wa":"0.02"},{"ts":"2013-08-27T22:40:00Z","nsw":"1.94","qld":"5.68","sa":"3.82","tas":"0.64","vic":"1.21"},{"ts":"2013-08-27T22:50:00Z","nsw":"2.08","qld":"6.08","sa":"4.77","tas":"0.66","vic":"1.36"},{"ts":"2013-08-27T23:00:00Z","nsw":"2.26","qld":"6.41","sa":"5.29","tas":"0.76","vic":"1.52","wa":"0.16"},{"ts":"2013-08-27T23:10:00Z","nsw":"2.23","qld":"6.82","sa":"5.81","tas":"0.84","vic":"1.49"},{"ts":"2013-08-27T23:20:00Z","nsw":"2.59","qld":"7.21","sa":"6.52","tas":"1.00","vic":"1.60"},{"ts":"2013-08-27T23:30:00Z","nsw":"2.78","qld":"7.49","sa":"7.63","tas":"0.95","vic":"1.63","wa":"1.09"},{"ts":"2013-08-27T23:40:00Z","nsw":"2.90","qld":"7.83","sa":"8.20","tas":"1.24","vic":"1.82"},{"ts":"2013-08-27T23:50:00Z","nsw":"3.01","qld":"8.01","sa":"8.91","tas":"1.27","vic":"1.78"},{"ts":"2013-08-28T00:00:00Z","nsw":"3.10","qld":"8.28","sa":"9.65","tas":"1.44","vic":"1.89","wa":"2.37"},{"ts":"2013-08-28T00:10:00Z","nsw":"3.21","qld":"8.49","sa":"10.26","tas":"1.26","vic":"1.94"},{"ts":"2013-08-28T00:20:00Z","nsw":"3.39","qld":"8.73","sa":"9.90","tas":"1.28","vic":"2.19"},{"ts":"2013-08-28T00:30:00Z","nsw":"3.49","qld":"8.62","sa":"11.20","tas":"1.19","vic":"2.33","wa":"3.58"},{"ts":"2013-08-28T00:40:00Z","nsw":"3.57","qld":"8.82","sa":"11.58","tas":"1.33","vic":"2.39"},{"ts":"2013-08-28T00:50:00Z","nsw":"3.50","qld":"9.02","sa":"12.37","tas":"1.35","vic":"2.38"},{"ts":"2013-08-28T01:00:00Z","nsw":"3.78","qld":"9.02","sa":"11.35","tas":"1.49","vic":"2.65","wa":"4.93"},{"ts":"2013-08-28T01:10:00Z","nsw":"3.77","qld":"9.18","sa":"12.22","tas":"1.45","vic":"2.62"},{"ts":"2013-08-28T01:20:00Z","nsw":"3.89","qld":"9.21","sa":"13.34","tas":"1.72","vic":"3.24"},{"ts":"2013-08-28T01:30:00Z","nsw":"3.99","qld":"9.23","sa":"13.37","tas":"1.47","vic":"3.36","wa":"5.90"},{"ts":"2013-08-28T01:40:00Z","nsw":"3.96","qld":"9.24","sa":"12.99","tas":"1.68","vic":"3.71"},{"ts":"2013-08-28T01:50:00Z","nsw":"3.94","qld":"9.21","sa":"13.93","tas":"1.67","vic":"3.80"},{"ts":"2013-08-28T02:00:00Z","nsw":"4.07","qld":"9.26","sa":"13.58","tas":"1.92","vic":"3.80","wa":"6.58"},{"ts":"2013-08-28T02:10:00Z","nsw":"3.98","qld":"9.24","sa":"13.86","tas":"1.64","vic":"3.75"},{"ts":"2013-08-28T02:20:00Z","nsw":"4.07","qld":"9.20","sa":"12.73","tas":"1.57","vic":"3.97"},{"ts":"2013-08-28T02:30:00Z","nsw":"4.03","qld":"9.10","sa":"13.28","tas":"1.46","vic":"3.98","wa":"7.30"},{"ts":"2013-08-28T02:40:00Z","nsw":"4.03","qld":"9.01","sa":"13.42","tas":"1.75","vic":"3.84"},{"ts":"2013-08-28T02:50:00Z","nsw":"3.98","qld":"8.80","sa":"13.50","tas":"1.64","vic":"3.74"},{"ts":"2013-08-28T03:00:00Z","nsw":"3.92","qld":"8.75","sa":"13.88","tas":"1.72","vic":"3.93","wa":"7.75"},{"ts":"2013-08-28T03:10:00Z","nsw":"3.79","qld":"8.68","sa":"14.44","tas":"1.47","vic":"3.37"},{"ts":"2013-08-28T03:20:00Z","nsw":"3.88","qld":"8.58","sa":"13.88","tas":"1.79","vic":"3.30"},{"ts":"2013-08-28T03:30:00Z","nsw":"3.74","qld":"8.33","sa":"14.88","tas":"1.72","vic":"2.84","wa":"7.36"},{"ts":"2013-08-28T03:40:00Z","nsw":"3.66","qld":"8.06","sa":"13.45","tas":"1.85","vic":"2.68"},{"ts":"2013-08-28T03:50:00Z","nsw":"3.56","qld":"7.79","sa":"14.04","tas":"1.65","vic":"2.69"},{"ts":"2013-08-28T04:00:00Z","nsw":"3.45","qld":"7.61","sa":"13.89","tas":"1.54","vic":"3.00","wa":"7.76"},{"ts":"2013-08-28T04:10:00Z","nsw":"3.07","qld":"7.30","sa":"13.68","tas":"1.28","vic":"2.57"},{"ts":"2013-08-28T04:20:00Z","nsw":"3.14","qld":"7.13","sa":"13.61","tas":"1.28","vic":"2.64"},{"ts":"2013-08-28T04:30:00Z","nsw":"3.02","qld":"6.85","sa":"12.84","tas":"1.16","vic":"2.95","wa":"7.83"},{"ts":"2013-08-28T04:40:00Z","nsw":"2.94","qld":"6.45","sa":"12.35","tas":"1.15","vic":"3.12"},{"ts":"2013-08-28T04:50:00Z","nsw":"2.78","qld":"6.11","sa":"12.23","tas":"0.96","vic":"2.99"},{"ts":"2013-08-28T05:00:00Z","nsw":"2.59","qld":"5.62","sa":"11.21","tas":"0.97","vic":"3.05","wa":"7.31"},{"ts":"2013-08-28T05:10:00Z","nsw":"2.39","qld":"5.32","sa":"9.96","tas":"0.82","vic":"2.48"},{"ts":"2013-08-28T05:20:00Z","nsw":"2.24","qld":"4.89","sa":"8.50","tas":"0.83","vic":"2.62"},{"ts":"2013-08-28T05:30:00Z","nsw":"1.91","qld":"4.47","sa":"9.33","tas":"0.71","vic":"2.41","wa":"6.57"},{"ts":"2013-08-28T05:40:00Z","nsw":"1.62","qld":"3.99","sa":"8.79","tas":"0.62","vic":"2.29"},{"ts":"2013-08-28T05:50:00Z","nsw":"1.45","qld":"3.44","sa":"7.81","tas":"0.54","vic":"2.04"},{"ts":"2013-08-28T06:00:00Z","nsw":"1.36","qld":"3.07","sa":"7.10","tas":"0.47","vic":"1.97","wa":"7.10"},{"ts":"2013-08-28T06:10:00Z","nsw":"1.16","qld":"2.59","sa":"7.09","tas":"0.37","vic":"1.46"},{"ts":"2013-08-28T06:20:00Z","nsw":"0.97","qld":"2.17","sa":"6.71","tas":"0.34","vic":"1.23"},{"ts":"2013-08-28T06:30:00Z","nsw":"0.84","qld":"1.74","sa":"6.30","tas":"0.29","vic":"1.02","wa":"6.34"},{"ts":"2013-08-28T06:40:00Z","nsw":"0.70","qld":"1.30","sa":"6.18","tas":"0.23","vic":"0.83"},{"ts":"2013-08-28T06:50:00Z","nsw":"0.50","qld":"0.97","sa":"5.02","tas":"0.15","vic":"0.76"},{"ts":"2013-08-28T07:00:00Z","nsw":"0.35","qld":"0.69","sa":"4.37","tas":"0.11","vic":"0.62","wa":"5.85"},{"ts":"2013-08-28T07:10:00Z","nsw":"0.23","qld":"0.40","sa":"3.36","tas":"0.07","vic":"0.39"},{"ts":"2013-08-28T07:20:00Z","nsw":"0.15","qld":"0.25","sa":"2.39","tas":"0.03","vic":"0.27"},{"ts":"2013-08-28T07:30:00Z","nsw":"0.10","qld":"0.13","sa":"1.75","tas":"0.02","vic":"0.18","wa":"5.15"},{"ts":"2013-08-28T07:40:00Z","nsw":"0.08","qld":"0.08","sa":"1.40","tas":"0.00","vic":"0.10"},{"ts":"2013-08-28T07:50:00Z","nsw":"0.06","qld":"0.07","sa":"1.24","tas":"0.00","vic":"0.05"},{"ts":"2013-08-28T08:00:00Z","nsw":"0.05","qld":"0.07","sa":"0.75","tas":"0.00","vic":"0.03","wa":"4.18"},{"ts":"2013-08-28T08:10:00Z","nsw":"0.05","qld":"0.04","sa":"0.25","tas":"0.00","vic":"0.03"},{"ts":"2013-08-28T08:20:00Z","nsw":"0.07","qld":"0.04","sa":"0.13","tas":"0.00","vic":"0.02"},{"ts":"2013-08-28T08:30:00Z","nsw":"0.08","qld":"0.04","sa":"0.09","tas":"0.00","vic":"0.01","wa":"2.13"},{"ts":"2013-08-28T08:40:00Z","nsw":"0.08","qld":"0.05","sa":"0.08","tas":"0.00","vic":"0.01"},{"ts":"2013-08-28T08:50:00Z","nsw":"0.07","qld":"0.04","sa":"0.06","tas":"0.00","vic":"0.01"},{"ts":"2013-08-28T09:00:00Z","nsw":"0.08","qld":"0.04","sa":"0.05","tas":"0.00","vic":"0.01","wa":"1.17"},{"ts":"2013-08-28T09:10:00Z","nsw":"0.05","qld":"0.04","sa":"0.05","tas":"0.00","vic":"0.01"},{"ts":"2013-08-28T09:20:00Z","nsw":"0.08","qld":"0.04","sa":"0.05","tas":"0.00","vic":"0.01"},{"ts":"2013-08-28T09:30:00Z","nsw":"0.04","qld":"0.04","sa":"0.04","tas":"0.00","vic":"0.01","wa":"0.40"},{"ts":"2013-08-28T09:40:00Z","nsw":"0.04","qld":"0.04","sa":"0.05","tas":"0.00","vic":"0.01"},{"ts":"2013-08-28T09:50:00Z","nsw":"0.04","qld":"0.04","sa":"0.03","tas":"0.00","vic":"0.01"},{"ts":"2013-08-28T10:00:00Z","nsw":"0.06","qld":"0.04","sa":"0.06","tas":"0.00","vic":"0.01","wa":"0.14"},{"ts":"2013-08-28T10:10:00Z","nsw":"0.10","qld":"0.05","sa":"0.07","tas":"0.00","vic":"0.01"},{"ts":"2013-08-28T10:20:00Z","nsw":"0.06","qld":"0.04","sa":"0.07","tas":"0.00","vic":"0.01"},{"ts":"2013-08-28T10:30:00Z","nsw":"0.03","qld":"0.04","sa":"0.09","tas":"0.00","vic":"0.01","wa":"0.31"},{"ts":"2013-08-28T10:40:00Z","nsw":"0.04","qld":"0.04","sa":"0.09","tas":"0.00","vic":"0.01"},{"ts":"2013-08-28T10:50:00Z","nsw":"0.04","qld":"0.05","sa":"0.08","tas":"0.00","vic":"0.01"},{"ts":"2013-08-28T11:00:00Z","nsw":"0.05","qld":"0.05","sa":"0.08","tas":"0.00","vic":"0.01","wa":"0.37"},{"ts":"2013-08-28T11:10:00Z","nsw":"0.04","qld":"0.05","sa":"0.08","tas":"0.00","vic":"0.01"},{"ts":"2013-08-28T11:20:00Z","nsw":"0.04","qld":"0.04","sa":"0.09","tas":"0.00","vic":"0.01"},{"ts":"2013-08-28T11:30:00Z","nsw":"0.03","qld":"0.04","sa":"0.12","tas":"0.00","vic":"0.01","wa":"0.03"},{"ts":"2013-08-28T11:40:00Z","nsw":"0.05","qld":"0.06","sa":"0.09","tas":"0.00","vic":"0.01"},{"ts":"2013-08-28T11:50:00Z","nsw":"0.05","qld":"0.05","sa":"0.08","tas":"0.00","vic":"0.01"},{"ts":"2013-08-28T12:00:00Z","nsw":"0.05","qld":"0.05","sa":"0.09","tas":"0.00","vic":"0.01","wa":"0.03"},{"ts":"2013-08-28T12:10:00Z","nsw":"0.05","qld":"0.07","sa":"0.08","tas":"0.00","vic":"0.01"},{"ts":"2013-08-28T12:20:00Z","nsw":"0.10","qld":"0.04","sa":"0.09","tas":"0.00","vic":"0.01"},{"ts":"2013-08-28T12:30:00Z","nsw":"0.11","qld":"0.05","sa":"0.09","tas":"0.00","vic":"0.01","wa":"0.04"},{"ts":"2013-08-28T12:40:00Z","nsw":"0.05","qld":"0.05","sa":"0.09","tas":"0.00","vic":"0.01"},{"ts":"2013-08-28T12:50:00Z","nsw":"0.05","qld":"0.05","sa":"0.09","tas":"0.00","vic":"0.01"}],"demand":[{"ts":"2013-08-27T18:00:00Z","nsw":6305,"qld":4343,"sa":1170,"tas":1023,"vic":4271,"wa":1627},{"ts":"2013-08-27T18:10:00Z","nsw":6327,"qld":4386,"sa":1159,"tas":1033,"vic":4279},{"ts":"2013-08-27T18:20:00Z","nsw":6339,"qld":4417,"sa":1165,"tas":1051,"vic":4251},{"ts":"2013-08-27T18:30:00Z","nsw":6351,"qld":4405,"sa":1158,"tas":1051,"vic":4285,"wa":1608},{"ts":"2013-08-27T18:40:00Z","nsw":6455,"qld":4460,"sa":1172,"tas":1053,"vic":4295},{"ts":"2013-08-27T18:50:00Z","nsw":6492,"qld":4524,"sa":1180,"tas":1061,"vic":4352},{"ts":"2013-08-27T19:00:00Z","nsw":6568,"qld":4604,"sa":1173,"tas":1070,"vic":4400,"wa":1597},{"ts":"2013-08-27T19:10:00Z","nsw":6710,"qld":4697,"sa":1200,"tas":1083,"vic":4475},{"ts":"2013-08-27T19:20:00Z","nsw":6788,"qld":4742,"sa":1209,"tas":1097,"vic":4546},{"ts":"2013-08-27T19:30:00Z","nsw":6898,"qld":4860,"sa":1216,"tas":1108,"vic":4603,"wa":1594},{"ts":"2013-08-27T19:40:00Z","nsw":7051,"qld":4873,"sa":1221,"tas":1127,"vic":4672},{"ts":"2013-08-27T19:50:00Z","nsw":7201,"qld":5023,"sa":1239,"tas":1147,"vic":4765},{"ts":"2013-08-27T20:00:00Z","nsw":7434,"qld":5130,"sa":1256,"tas":1174,"vic":4903,"wa":1606},{"ts":"2013-08-27T20:10:00Z","nsw":7821,"qld":5311,"sa":1286,"tas":1201,"vic":5151},{"ts":"2013-08-27T20:20:00Z","nsw":8059,"qld":5409,"sa":1326,"tas":1231,"vic":5268},{"ts":"2013-08-27T20:30:00Z","nsw":8239,"qld":5533,"sa":1370,"tas":1249,"vic":5448,"wa":1625},{"ts":"2013-08-27T20:40:00Z","nsw":8484,"qld":5592,"sa":1418,"tas":1282,"vic":5640},{"ts":"2013-08-27T20:50:00Z","nsw":8659,"qld":5596,"sa":1459,"tas":1312,"vic":5732},{"ts":"2013-08-27T21:00:00Z","nsw":8649,"qld":5732,"sa":1505,"tas":1333,"vic":5810,"wa":1590},{"ts":"2013-08-27T21:10:00Z","nsw":8729,"qld":5850,"sa":1535,"tas":1383,"vic":5823},{"ts":"2013-08-27T21:20:00Z","nsw":8812,"qld":5941,"sa":1563,"tas":1431,"vic":5975},{"ts":"2013-08-27T21:30:00Z","nsw":8897,"qld":5954,"sa":1604,"tas":1439,"vic":6051,"wa":1696},{"ts":"2013-08-27T21:40:00Z","nsw":8931,"qld":5905,"sa":1581,"tas":1462,"vic":6125},{"ts":"2013-08-27T21:50:00Z","nsw":8915,"qld":5909,"sa":1609,"tas":1476,"vic":6150},{"ts":"2013-08-27T22:00:00Z","nsw":8897,"qld":5830,"sa":1630,"tas":1465,"vic":6178,"wa":1837},{"ts":"2013-08-27T22:10:00Z","nsw":8904,"qld":5792,"sa":1646,"tas":1448,"vic":6246},{"ts":"2013-08-27T22:20:00Z","nsw":8844,"qld":5740,"sa":1625,"tas":1435,"vic":6223},{"ts":"2013-08-27T22:30:00Z","nsw":8832,"qld":5630,"sa":1605,"tas":1427,"vic":6178,"wa":2016},{"ts":"2013-08-27T22:40:00Z","nsw":8755,"qld":5621,"sa":1590,"tas":1414,"vic":6122},{"ts":"2013-08-27T22:50:00Z","nsw":8676,"qld":5621,"sa":1557,"tas":1406,"vic":6112},{"ts":"2013-08-27T23:00:00Z","nsw":8656,"qld":5601,"sa":1541,"tas":1397,"vic":6117,"wa":2166},{"ts":"2013-08-27T23:10:00Z","nsw":8639,"qld":5603,"sa":1544,"tas":1380,"vic":6115},{"ts":"2013-08-27T23:20:00Z","nsw":8580,"qld":5531,"sa":1531,"tas":1359,"vic":6101},{"ts":"2013-08-27T23:30:00Z","nsw":8583,"qld":5501,"sa":1513,"tas":1343,"vic":6050,"wa":2320},{"ts":"2013-08-27T23:40:00Z","nsw":8568,"qld":5447,"sa":1523,"tas":1322,"vic":6041},{"ts":"2013-08-27T23:50:00Z","nsw":8491,"qld":5458,"sa":1502,"tas":1293,"vic":6021},{"ts":"2013-08-28T00:00:00Z","nsw":8448,"qld":5429,"sa":1469,"tas":1275,"vic":6025,"wa":2424},{"ts":"2013-08-28T00:10:00Z","nsw":8477,"qld":5364,"sa":1462,"tas":1248,"vic":6022},{"ts":"2013-08-28T00:20:00Z","nsw":8426,"qld":5376,"sa":1432,"tas":1224,"vic":6016},{"ts":"2013-08-28T00:30:00Z","nsw":8427,"qld":5391,"sa":1435,"tas":1195,"vic":5950,"wa":2443},{"ts":"2013-08-28T00:40:00Z","nsw":8417,"qld":5403,"sa":1430,"tas":1175,"vic":5954},{"ts":"2013-08-28T00:50:00Z","nsw":8394,"qld":5340,"sa":1396,"tas":1170,"vic":5950},{"ts":"2013-08-28T01:00:00Z","nsw":8330,"qld":5396,"sa":1387,"tas":1155,"vic":5971,"wa":2358},{"ts":"2013-08-28T01:10:00Z","nsw":8292,"qld":5336,"sa":1387,"tas":1145,"vic":5921},{"ts":"2013-08-28T01:20:00Z","nsw":8253,"qld":5365,"sa":1363,"tas":1120,"vic":5916},{"ts":"2013-08-28T01:30:00Z","nsw":8225,"qld":5411,"sa":1381,"tas":1119,"vic":5857,"wa":2310},{"ts":"2013-08-28T01:40:00Z","nsw":8239,"qld":5427,"sa":1364,"tas":1115,"vic":5876},{"ts":"2013-08-28T01:50:00Z","nsw":8201,"qld":5435,"sa":1362,"tas":1122,"vic":5870},{"ts":"2013-08-28T02:00:00Z","nsw":8164,"qld":5416,"sa":1377,"tas":1127,"vic":5830,"wa":2237},{"ts":"2013-08-28T02:10:00Z","nsw":8197,"qld":5389,"sa":1365,"tas":1148,"vic":5807},{"ts":"2013-08-28T02:20:00Z","nsw":8168,"qld":5413,"sa":1388,"tas":1139,"vic":5789},{"ts":"2013-08-28T02:30:00Z","nsw":8139,"qld":5423,"sa":1380,"tas":1105,"vic":5768,"wa":2214},{"ts":"2013-08-28T02:40:00Z","nsw":8115,"qld":5446,"sa":1369,"tas":1090,"vic":5784},{"ts":"2013-08-28T02:50:00Z","nsw":8111,"qld":5473,"sa":1380,"tas":1084,"vic":5748},{"ts":"2013-08-28T03:00:00Z","nsw":8081,"qld":5477,"sa":1374,"tas":1102,"vic":5729,"wa":2187},{"ts":"2013-08-28T03:10:00Z","nsw":8144,"qld":5437,"sa":1351,"tas":1091,"vic":5761},{"ts":"2013-08-28T03:20:00Z","nsw":8096,"qld":5429,"sa":1348,"tas":1091,"vic":5769},{"ts":"2013-08-28T03:30:00Z","nsw":8092,"qld":5452,"sa":1351,"tas":1089,"vic":5771,"wa":2142},{"ts":"2013-08-28T03:40:00Z","nsw":8067,"qld":5489,"sa":1376,"tas":1084,"vic":5777},{"ts":"2013-08-28T03:50:00Z","nsw":8106,"qld":5492,"sa":1372,"tas":1085,"vic":5780},{"ts":"2013-08-28T04:00:00Z","nsw":8085,"qld":5510,"sa":1367,"tas":1089,"vic":5760,"wa":2137},{"ts":"2013-08-28T04:10:00Z","nsw":8115,"qld":5535,"sa":1371,"tas":1092,"vic":5730},{"ts":"2013-08-28T04:20:00Z","nsw":8109,"qld":5544,"sa":1380,"tas":1106,"vic":5715},{"ts":"2013-08-28T04:30:00Z","nsw":8091,"qld":5526,"sa":1379,"tas":1115,"vic":5666,"wa":2120},{"ts":"2013-08-28T04:40:00Z","nsw":8060,"qld":5579,"sa":1383,"tas":1111,"vic":5675},{"ts":"2013-08-28T04:50:00Z","nsw":8092,"qld":5552,"sa":1401,"tas":1111,"vic":5639},{"ts":"2013-08-28T05:00:00Z","nsw":8059,"qld":5604,"sa":1387,"tas":1108,"vic":5650,"wa":2120},{"ts":"2013-08-28T05:10:00Z","nsw":8131,"qld":5618,"sa":1433,"tas":1097,"vic":5608},{"ts":"2013-08-28T05:20:00Z","nsw":8114,"qld":5620,"sa":1442,"tas":1100,"vic":5670},{"ts":"2013-08-28T05:30:00Z","nsw":8153,"qld":5664,"sa":1414,"tas":1119,"vic":5666,"wa":2116},{"ts":"2013-08-28T05:40:00Z","nsw":8180,"qld":5729,"sa":1418,"tas":1123,"vic":5666},{"ts":"2013-08-28T05:50:00Z","nsw":8241,"qld":5764,"sa":1430,"tas":1139,"vic":5725},{"ts":"2013-08-28T06:00:00Z","nsw":8237,"qld":5829,"sa":1445,"tas":1145,"vic":5764,"wa":2096},{"ts":"2013-08-28T06:10:00Z","nsw":8229,"qld":5837,"sa":1456,"tas":1166,"vic":5800},{"ts":"2013-08-28T06:20:00Z","nsw":8218,"qld":5856,"sa":1444,"tas":1179,"vic":5813},{"ts":"2013-08-28T06:30:00Z","nsw":8218,"qld":5914,"sa":1453,"tas":1171,"vic":5847,"wa":2092},{"ts":"2013-08-28T06:40:00Z","nsw":8260,"qld":5964,"sa":1457,"tas":1187,"vic":5870},{"ts":"2013-08-28T06:50:00Z","nsw":8351,"qld":6027,"sa":1471,"tas":1197,"vic":5874},{"ts":"2013-08-28T07:00:00Z","nsw":8406,"qld":6034,"sa":1510,"tas":1211,"vic":5889,"wa":2112},{"ts":"2013-08-28T07:10:00Z","nsw":8475,"qld":6048,"sa":1533,"tas":1230,"vic":5914},{"ts":"2013-08-28T07:20:00Z","nsw":8567,"qld":6029,"sa":1545,"tas":1264,"vic":5961},{"ts":"2013-08-28T07:30:00Z","nsw":8726,"qld":6067,"sa":1564,"tas":1272,"vic":6019,"wa":2115},{"ts":"2013-08-28T07:40:00Z","nsw":8868,"qld":6149,"sa":1563,"tas":1296,"vic":6067},{"ts":"2013-08-28T07:50:00Z","nsw":9083,"qld":6206,"sa":1563,"tas":1304,"vic":6131},{"ts":"2013-08-28T08:00:00Z","nsw":9282,"qld":6233,"sa":1581,"tas":1309,"vic":6164,"wa":2152},{"ts":"2013-08-28T08:10:00Z","nsw":9282,"qld":6260,"sa":1592,"tas":1326,"vic":6210},{"ts":"2013-08-28T08:20:00Z","nsw":9296,"qld":6261,"sa":1625,"tas":1331,"vic":6277},{"ts":"2013-08-28T08:30:00Z","nsw":9297,"qld":6254,"sa":1649,"tas":1339,"vic":6348,"wa":2199},{"ts":"2013-08-28T08:40:00Z","nsw":9272,"qld":6342,"sa":1656,"tas":1336,"vic":6354},{"ts":"2013-08-28T08:50:00Z","nsw":9205,"qld":6282,"sa":1678,"tas":1344,"vic":6287},{"ts":"2013-08-28T09:00:00Z","nsw":9120,"qld":6236,"sa":1687,"tas":1337,"vic":6262,"wa":2252},{"ts":"2013-08-28T09:10:00Z","nsw":8994,"qld":6194,"sa":1671,"tas":1331,"vic":6223},{"ts":"2013-08-28T09:20:00Z","nsw":8888,"qld":6128,"sa":1682,"tas":1329,"vic":6147},{"ts":"2013-08-28T09:30:00Z","nsw":8836,"qld":6087,"sa":1673,"tas":1320,"vic":6085,"wa":2297},{"ts":"2013-08-28T09:40:00Z","nsw":8818,"qld":6104,"sa":1645,"tas":1307,"vic":6084},{"ts":"2013-08-28T09:50:00Z","nsw":8775,"qld":6153,"sa":1641,"tas":1300,"vic":6043},{"ts":"2013-08-28T10:00:00Z","nsw":8718,"qld":6154,"sa":1619,"tas":1309,"vic":6014,"wa":2412},{"ts":"2013-08-28T10:10:00Z","nsw":8672,"qld":6117,"sa":1612,"tas":1300,"vic":5957},{"ts":"2013-08-28T10:20:00Z","nsw":8588,"qld":6065,"sa":1593,"tas":1304,"vic":5901},{"ts":"2013-08-28T10:30:00Z","nsw":8555,"qld":6031,"sa":1578,"tas":1307,"vic":5887,"wa":2575},{"ts":"2013-08-28T10:40:00Z","nsw":8544,"qld":5991,"sa":1558,"tas":1284,"vic":5818},{"ts":"2013-08-28T10:50:00Z","nsw":8534,"qld":5995,"sa":1569,"tas":1282,"vic":5736},{"ts":"2013-08-28T11:00:00Z","nsw":8457,"qld":5883,"sa":1557,"tas":1280,"vic":5704,"wa":2683},{"ts":"2013-08-28T11:10:00Z","nsw":8391,"qld":5908,"sa":1544,"tas":1266,"vic":5630},{"ts":"2013-08-28T11:20:00Z","nsw":8301,"qld":5845,"sa":1540,"tas":1247,"vic":5583},{"ts":"2013-08-28T11:30:00Z","nsw":8210,"qld":5765,"sa":1508,"tas":1236,"vic":5524,"wa":2638},{"ts":"2013-08-28T11:40:00Z","nsw":8160,"qld":5769,"sa":1478,"tas":1212,"vic":5441},{"ts":"2013-08-28T11:50:00Z","nsw":8096,"qld":5676,"sa":1473,"tas":1214,"vic":5357},{"ts":"2013-08-28T12:00:00Z","nsw":8123,"qld":5571,"sa":1458,"tas":1189,"vic":5303,"wa":2603},{"ts":"2013-08-28T12:10:00Z","nsw":8203,"qld":5537,"sa":1403,"tas":1166,"vic":5261},{"ts":"2013-08-28T12:20:00Z","nsw":8157,"qld":5504,"sa":1390,"tas":1129,"vic":5254},{"ts":"2013-08-28T12:30:00Z","nsw":8117,"qld":5460,"sa":1402,"tas":1108,"vic":5226,"wa":2558},{"ts":"2013-08-28T12:40:00Z","nsw":7989,"qld":5459,"sa":1383,"tas":1090,"vic":5202},{"ts":"2013-08-28T12:50:00Z","nsw":7873,"qld":5435,"sa":1344,"tas":1080,"vic":5122}],"output":[{"ts":"2013-08-27T18:00:00Z","nsw":2,"qld":2,"sa":0,"tas":0,"vic":0,"wa":0},{"ts":"2013-08-27T18:10:00Z","nsw":1,"qld":2,"sa":0,"tas":0,"vic":0},{"ts":"2013-08-27T18:20:00Z","nsw":2,"qld":2,"sa":0,"tas":0,"vic":0},{"ts":"2013-08-27T18:30:00Z","nsw":2,"qld":2,"sa":0,"tas":0,"vic":0,"wa":0},{"ts":"2013-08-27T18:40:00Z","nsw":3,"qld":2,"sa":0,"tas":0,"vic":0},{"ts":"2013-08-27T18:50:00Z","nsw":2,"qld":2,"sa":0,"tas":0,"vic":0},{"ts":"2013-08-27T19:00:00Z","nsw":3,"qld":2,"sa":0,"tas":0,"vic":0,"wa":0},{"ts":"2013-08-27T19:10:00Z","nsw":2,"qld":2,"sa":0,"tas":0,"vic":0},{"ts":"2013-08-27T19:20:00Z","nsw":2,"qld":2,"sa":0,"tas":0,"vic":0},{"ts":"2013-08-27T19:30:00Z","nsw":2,"qld":2,"sa":0,"tas":0,"vic":0,"wa":0},{"ts":"2013-08-27T19:40:00Z","nsw":1,"qld":2,"sa":0,"tas":0,"vic":0},{"ts":"2013-08-27T19:50:00Z","nsw":2,"qld":2,"sa":0,"tas":0,"vic":0},{"ts":"2013-08-27T20:00:00Z","nsw":2,"qld":1,"sa":0,"tas":0,"vic":0,"wa":0},{"ts":"2013-08-27T20:10:00Z","nsw":2,"qld":2,"sa":0,"tas":0,"vic":0},{"ts":"2013-08-27T20:20:00Z","nsw":2,"qld":10,"sa":0,"tas":0,"vic":0},{"ts":"2013-08-27T20:30:00Z","nsw":5,"qld":20,"sa":0,"tas":0,"vic":0,"wa":0},{"ts":"2013-08-27T20:40:00Z","nsw":11,"qld":35,"sa":0,"tas":0,"vic":0},{"ts":"2013-08-27T20:50:00Z","nsw":14,"qld":54,"sa":0,"tas":0,"vic":0},{"ts":"2013-08-27T21:00:00Z","nsw":23,"qld":76,"sa":0,"tas":0,"vic":1,"wa":0},{"ts":"2013-08-27T21:10:00Z","nsw":33,"qld":101,"sa":0,"tas":0,"vic":3},{"ts":"2013-08-27T21:20:00Z","nsw":46,"qld":128,"sa":0,"tas":1,"vic":8},{"ts":"2013-08-27T21:30:00Z","nsw":58,"qld":151,"sa":3,"tas":2,"vic":13,"wa":1},{"ts":"2013-08-27T21:40:00Z","nsw":68,"qld":182,"sa":6,"tas":3,"vic":17},{"ts":"2013-08-27T21:50:00Z","nsw":84,"qld":207,"sa":13,"tas":3,"vic":22},{"ts":"2013-08-27T22:00:00Z","nsw":98,"qld":235,"sa":19,"tas":5,"vic":28,"wa":0},{"ts":"2013-08-27T22:10:00Z","nsw":122,"qld":259,"sa":31,"tas":6,"vic":36},{"ts":"2013-08-27T22:20:00Z","nsw":134,"qld":289,"sa":40,"tas":8,"vic":48},{"ts":"2013-08-27T22:30:00Z","nsw":158,"qld":313,"sa":52,"tas":7,"vic":60,"wa":0},{"ts":"2013-08-27T22:40:00Z","nsw":173,"qld":339,"sa":63,"tas":9,"vic":75},{"ts":"2013-08-27T22:50:00Z","nsw":184,"qld":363,"sa":78,"tas":9,"vic":84},{"ts":"2013-08-27T23:00:00Z","nsw":200,"qld":384,"sa":86,"tas":10,"vic":94,"wa":3},{"ts":"2013-08-27T23:10:00Z","nsw":197,"qld":410,"sa":95,"tas":11,"vic":92},{"ts":"2013-08-27T23:20:00Z","nsw":228,"qld":429,"sa":106,"tas":13,"vic":99},{"ts":"2013-08-27T23:30:00Z","nsw":244,"qld":447,"sa":125,"tas":13,"vic":100,"wa":25},{"ts":"2013-08-27T23:40:00Z","nsw":256,"qld":459,"sa":136,"tas":16,"vic":112},{"ts":"2013-08-27T23:50:00Z","nsw":264,"qld":474,"sa":147,"tas":16,"vic":108},{"ts":"2013-08-28T00:00:00Z","nsw":271,"qld":489,"sa":157,"tas":18,"vic":116,"wa":58},{"ts":"2013-08-28T00:10:00Z","nsw":281,"qld":499,"sa":167,"tas":16,"vic":118},{"ts":"2013-08-28T00:20:00Z","nsw":295,"qld":512,"sa":157,"tas":15,"vic":135},{"ts":"2013-08-28T00:30:00Z","nsw":304,"qld":510,"sa":181,"tas":14,"vic":141,"wa":90},{"ts":"2013-08-28T00:40:00Z","nsw":313,"qld":522,"sa":188,"tas":15,"vic":145},{"ts":"2013-08-28T00:50:00Z","nsw":304,"qld":531,"sa":198,"tas":16,"vic":144},{"ts":"2013-08-28T01:00:00Z","nsw":328,"qld":533,"sa":177,"tas":17,"vic":162,"wa":122},{"ts":"2013-08-28T01:10:00Z","nsw":325,"qld":539,"sa":193,"tas":16,"vic":160},{"ts":"2013-08-28T01:20:00Z","nsw":336,"qld":543,"sa":210,"tas":19,"vic":198},{"ts":"2013-08-28T01:30:00Z","nsw":342,"qld":550,"sa":213,"tas":16,"vic":203,"wa":144},{"ts":"2013-08-28T01:40:00Z","nsw":340,"qld":549,"sa":204,"tas":19,"vic":226},{"ts":"2013-08-28T01:50:00Z","nsw":337,"qld":552,"sa":221,"tas":18,"vic":231},{"ts":"2013-08-28T02:00:00Z","nsw":347,"qld":552,"sa":215,"tas":21,"vic":231,"wa":157},{"ts":"2013-08-28T02:10:00Z","nsw":339,"qld":547,"sa":219,"tas":19,"vic":226},{"ts":"2013-08-28T02:20:00Z","nsw":346,"qld":549,"sa":202,"tas":18,"vic":239},{"ts":"2013-08-28T02:30:00Z","nsw":342,"qld":543,"sa":211,"tas":16,"vic":239,"wa":174},{"ts":"2013-08-28T02:40:00Z","nsw":340,"qld":538,"sa":212,"tas":19,"vic":231},{"ts":"2013-08-28T02:50:00Z","nsw":335,"qld":529,"sa":217,"tas":17,"vic":224},{"ts":"2013-08-28T03:00:00Z","nsw":330,"qld":523,"sa":223,"tas":19,"vic":233,"wa":183},{"ts":"2013-08-28T03:10:00Z","nsw":321,"qld":515,"sa":228,"tas":16,"vic":200},{"ts":"2013-08-28T03:20:00Z","nsw":326,"qld":508,"sa":218,"tas":19,"vic":197},{"ts":"2013-08-28T03:30:00Z","nsw":314,"qld":494,"sa":235,"tas":19,"vic":168,"wa":170},{"ts":"2013-08-28T03:40:00Z","nsw":307,"qld":479,"sa":214,"tas":20,"vic":159},{"ts":"2013-08-28T03:50:00Z","nsw":298,"qld":465,"sa":225,"tas":18,"vic":159},{"ts":"2013-08-28T04:00:00Z","nsw":289,"qld":452,"sa":222,"tas":17,"vic":177,"wa":179},{"ts":"2013-08-28T04:10:00Z","nsw":257,"qld":436,"sa":216,"tas":14,"vic":151},{"ts":"2013-08-28T04:20:00Z","nsw":262,"qld":424,"sa":216,"tas":14,"vic":155},{"ts":"2013-08-28T04:30:00Z","nsw":252,"qld":405,"sa":203,"tas":13,"vic":172,"wa":180},{"ts":"2013-08-28T04:40:00Z","nsw":244,"qld":384,"sa":193,"tas":12,"vic":184},{"ts":"2013-08-28T04:50:00Z","nsw":231,"qld":361,"sa":195,"tas":10,"vic":173},{"ts":"2013-08-28T05:00:00Z","nsw":214,"qld":335,"sa":176,"tas":10,"vic":178,"wa":167},{"ts":"2013-08-28T05:10:00Z","nsw":197,"qld":314,"sa":157,"tas":9,"vic":143},{"ts":"2013-08-28T05:20:00Z","nsw":185,"qld":289,"sa":133,"tas":9,"vic":152},{"ts":"2013-08-28T05:30:00Z","nsw":158,"qld":264,"sa":145,"tas":7,"vic":139,"wa":148},{"ts":"2013-08-28T05:40:00Z","nsw":134,"qld":238,"sa":137,"tas":6,"vic":132},{"ts":"2013-08-28T05:50:00Z","nsw":120,"qld":204,"sa":121,"tas":6,"vic":119},{"ts":"2013-08-28T06:00:00Z","nsw":113,"qld":183,"sa":110,"tas":5,"vic":115,"wa":160},{"ts":"2013-08-28T06:10:00Z","nsw":96,"qld":154,"sa":111,"tas":4,"vic":85},{"ts":"2013-08-28T06:20:00Z","nsw":80,"qld":129,"sa":104,"tas":4,"vic":72},{"ts":"2013-08-28T06:30:00Z","nsw":69,"qld":104,"sa":97,"tas":3,"vic":59,"wa":141},{"ts":"2013-08-28T06:40:00Z","nsw":58,"qld":78,"sa":96,"tas":2,"vic":48},{"ts":"2013-08-28T06:50:00Z","nsw":41,"qld":59,"sa":77,"tas":1,"vic":45},{"ts":"2013-08-28T07:00:00Z","nsw":29,"qld":41,"sa":68,"tas":1,"vic":36,"wa":131},{"ts":"2013-08-28T07:10:00Z","nsw":19,"qld":24,"sa":53,"tas":0,"vic":22},{"ts":"2013-08-28T07:20:00Z","nsw":12,"qld":15,"sa":37,"tas":0,"vic":16},{"ts":"2013-08-28T07:30:00Z","nsw":8,"qld":8,"sa":27,"tas":0,"vic":10,"wa":114},{"ts":"2013-08-28T07:40:00Z","nsw":6,"qld":5,"sa":22,"tas":0,"vic":6},{"ts":"2013-08-28T07:50:00Z","nsw":5,"qld":4,"sa":19,"tas":0,"vic":2},{"ts":"2013-08-28T08:00:00Z","nsw":4,"qld":4,"sa":12,"tas":0,"vic":1,"wa":93},{"ts":"2013-08-28T08:10:00Z","nsw":4,"qld":2,"sa":3,"tas":0,"vic":1},{"ts":"2013-08-28T08:20:00Z","nsw":6,"qld":2,"sa":2,"tas":0,"vic":0},{"ts":"2013-08-28T08:30:00Z","nsw":7,"qld":2,"sa":1,"tas":0,"vic":0,"wa":47},{"ts":"2013-08-28T08:40:00Z","nsw":7,"qld":2,"sa":1,"tas":0,"vic":0},{"ts":"2013-08-28T08:50:00Z","nsw":6,"qld":2,"sa":0,"tas":0,"vic":0},{"ts":"2013-08-28T09:00:00Z","nsw":7,"qld":2,"sa":0,"tas":0,"vic":0,"wa":26},{"ts":"2013-08-28T09:10:00Z","nsw":4,"qld":2,"sa":0,"tas":0,"vic":0},{"ts":"2013-08-28T09:20:00Z","nsw":7,"qld":2,"sa":0,"tas":0,"vic":0},{"ts":"2013-08-28T09:30:00Z","nsw":3,"qld":2,"sa":0,"tas":0,"vic":0,"wa":9},{"ts":"2013-08-28T09:40:00Z","nsw":3,"qld":2,"sa":0,"tas":0,"vic":0},{"ts":"2013-08-28T09:50:00Z","nsw":3,"qld":2,"sa":0,"tas":0,"vic":0},{"ts":"2013-08-28T10:00:00Z","nsw":5,"qld":2,"sa":1,"tas":0,"vic":0,"wa":3},{"ts":"2013-08-28T10:10:00Z","nsw":8,"qld":2,"sa":1,"tas":0,"vic":0},{"ts":"2013-08-28T10:20:00Z","nsw":5,"qld":2,"sa":1,"tas":0,"vic":0},{"ts":"2013-08-28T10:30:00Z","nsw":2,"qld":2,"sa":1,"tas":0,"vic":0,"wa":8},{"ts":"2013-08-28T10:40:00Z","nsw":3,"qld":2,"sa":1,"tas":0,"vic":0},{"ts":"2013-08-28T10:50:00Z","nsw":3,"qld":2,"sa":1,"tas":0,"vic":0},{"ts":"2013-08-28T11:00:00Z","nsw":4,"qld":2,"sa":1,"tas":0,"vic":0,"wa":9},{"ts":"2013-08-28T11:10:00Z","nsw":3,"qld":2,"sa":1,"tas":0,"vic":0},{"ts":"2013-08-28T11:20:00Z","nsw":3,"qld":2,"sa":1,"tas":0,"vic":0},{"ts":"2013-08-28T11:30:00Z","nsw":2,"qld":2,"sa":1,"tas":0,"vic":0,"wa":0},{"ts":"2013-08-28T11:40:00Z","nsw":3,"qld":3,"sa":1,"tas":0,"vic":0},{"ts":"2013-08-28T11:50:00Z","nsw":3,"qld":3,"sa":1,"tas":0,"vic":0},{"ts":"2013-08-28T12:00:00Z","nsw":3,"qld":2,"sa":1,"tas":0,"vic":0,"wa":0},{"ts":"2013-08-28T12:10:00Z","nsw":3,"qld":3,"sa":1,"tas":0,"vic":0},{"ts":"2013-08-28T12:20:00Z","nsw":7,"qld":2,"sa":1,"tas":0,"vic":0},{"ts":"2013-08-28T12:30:00Z","nsw":9,"qld":2,"sa":1,"tas":0,"vic":0,"wa":1},{"ts":"2013-08-28T12:40:00Z","nsw":3,"qld":2,"sa":1,"tas":0,"vic":0},{"ts":"2013-08-28T12:50:00Z","nsw":3,"qld":2,"sa":1,"tas":0,"vic":0}]} 