{"performance":[{"ts":"2013-12-08T17:00:00Z","nsw":"0.30","nt":"0.00","qld":"0.32","sa":"0.19","tas":"0.00","vic":"0.18","wa":"0.17"},{"ts":"2013-12-08T17:10:00Z","nsw":"0.30","nt":"0.00","qld":"0.32","sa":"0.19","tas":"0.00","vic":"0.25","wa":"0.17"},{"ts":"2013-12-08T17:20:00Z","nsw":"0.30","nt":"0.00","qld":"0.32","sa":"0.19","tas":"0.00","vic":"0.19","wa":"0.17"},{"ts":"2013-12-08T17:30:00Z","nsw":"0.28","nt":"0.00","qld":"0.33","sa":"0.18","tas":"0.00","vic":"0.19","wa":"0.16"},{"ts":"2013-12-08T17:40:00Z","nsw":"0.28","nt":"0.00","qld":"0.34","sa":"0.19","tas":"0.00","vic":"0.30","wa":"0.15"},{"ts":"2013-12-08T17:50:00Z","nsw":"0.29","nt":"0.00","qld":"0.32","sa":"0.19","tas":"0.00","vic":"0.14","wa":"0.16"},{"ts":"2013-12-08T18:00:00Z","nsw":"0.26","nt":"0.00","qld":"0.32","sa":"0.22","tas":"0.00","vic":"0.19","wa":"0.15"},{"ts":"2013-12-08T18:10:00Z","nsw":"0.26","nt":"0.00","qld":"0.32","sa":"0.19","tas":"0.00","vic":"0.17","wa":"0.16"},{"ts":"2013-12-08T18:20:00Z","nsw":"0.28","nt":"0.00","qld":"0.31","sa":"0.19","tas":"0.00","vic":"0.32","wa":"0.15"},{"ts":"2013-12-08T18:30:00Z","nsw":"0.25","nt":"0.00","qld":"0.33","sa":"0.20","tas":"0.00","vic":"0.17","wa":"0.16"},{"ts":"2013-12-08T18:40:00Z","nsw":"0.28","nt":"0.00","qld":"0.13","sa":"0.19","tas":"0.06","vic":"0.20","wa":"0.15"},{"ts":"2013-12-08T18:50:00Z","nsw":"0.28","nt":"0.00","qld":"0.44","sa":"0.17","tas":"0.22","vic":"0.15","wa":"0.16"},{"ts":"2013-12-08T19:00:00Z","nsw":"0.69","nt":"0.00","qld":"1.16","sa":"0.17","tas":"0.58","vic":"0.15","wa":"0.15"},{"ts":"2013-12-08T19:10:00Z","nsw":"0.85","nt":"0.00","qld":"2.13","sa":"0.17","tas":"0.85","vic":"0.21","wa":"0.16"},{"ts":"2013-12-08T19:20:00Z","nsw":"1.28","nt":"0.00","qld":"3.34","sa":"0.16","tas":"1.63","vic":"0.40","wa":"0.16"},{"ts":"2013-12-08T19:30:00Z","nsw":"1.87","nt":"0.00","qld":"4.53","sa":"0.16","tas":"2.56","vic":"0.70","wa":"0.16"},{"ts":"2013-12-08T19:40:00Z","nsw":"2.87","nt":"0.00","qld":"5.95","sa":"0.18","tas":"4.29","vic":"1.31","wa":"0.15"},{"ts":"2013-12-08T19:50:00Z","nsw":"4.02","nt":"0.00","qld":"7.71","sa":"0.27","tas":"4.87","vic":"1.56","wa":"0.16"},{"ts":"2013-12-08T20:00:00Z","nsw":"5.36","nt":"0.00","qld":"9.64","sa":"0.60","tas":"6.37","vic":"1.69","wa":"0.15"},{"ts":"2013-12-08T20:10:00Z","nsw":"6.23","nt":"0.00","qld":"11.72","sa":"0.89","tas":"7.92","vic":"1.80","wa":"0.15"},{"ts":"2013-12-08T20:20:00Z","nsw":"8.25","nt":"0.00","qld":"14.61","sa":"1.27","tas":"9.34","vic":"1.99","wa":"0.14"},{"ts":"2013-12-08T20:30:00Z","nsw":"10.17","nt":"0.00","qld":"17.02","sa":"1.49","tas":"10.62","vic":"2.06","wa":"0.15"},{"ts":"2013-12-08T20:40:00Z","nsw":"13.09","nt":"0.00","qld":"20.02","sa":"1.16","tas":"13.91","vic":"2.16","wa":"0.14"},{"ts":"2013-12-08T20:50:00Z","nsw":"15.59","nt":"0.00","qld":"23.02","sa":"1.10","tas":"14.98","vic":"2.63","wa":"0.14"},{"ts":"2013-12-08T21:00:00Z","nsw":"18.77","nt":"0.00","qld":"25.70","sa":"1.14","tas":"19.90","vic":"3.02","wa":"0.12"},{"ts":"2013-12-08T21:10:00Z","nsw":"18.93","nt":"1.07","qld":"29.12","sa":"1.56","tas":"20.14","vic":"3.48","wa":"0.26"},{"ts":"2013-12-08T21:20:00Z","nsw":"19.54","nt":"1.93","qld":"32.48","sa":"1.66","tas":"28.10","vic":"4.87","wa":"1.09"},{"ts":"2013-12-08T21:30:00Z","nsw":"22.71","nt":"4.01","qld":"35.08","sa":"1.78","tas":"28.49","vic":"5.26","wa":"1.97"},{"ts":"2013-12-08T21:40:00Z","nsw":"25.76","nt":"6.34","qld":"38.73","sa":"1.92","tas":"35.93","vic":"6.60","wa":"2.75"},{"ts":"2013-12-08T21:50:00Z","nsw":"26.34","nt":"6.57","qld":"39.64","sa":"2.17","tas":"33.12","vic":"7.02","wa":"3.84"},{"ts":"2013-12-08T22:00:00Z","nsw":"28.48","nt":"8.05","qld":"41.69","sa":"2.21","tas":"38.16","vic":"7.45","wa":"5.65"},{"ts":"2013-12-08T22:10:00Z","nsw":"29.27","nt":"10.16","qld":"41.99","sa":"2.72","tas":"37.15","vic":"7.74","wa":"7.28"},{"ts":"2013-12-08T22:20:00Z","nsw":"32.43","nt":"9.63","qld":"47.13","sa":"2.50","tas":"39.97","vic":"8.89","wa":"8.93"},{"ts":"2013-12-08T22:30:00Z","nsw":"32.89","nt":"11.44","qld":"48.87","sa":"3.18","tas":"37.57","vic":"10.54","wa":"10.85"},{"ts":"2013-12-08T22:40:00Z","nsw":"32.83","nt":"13.40","qld":"53.08","sa":"4.76","tas":"43.39","vic":"10.36","wa":"12.75"},{"ts":"2013-12-08T22:50:00Z","nsw":"33.50","nt":"16.19","qld":"54.94","sa":"6.25","tas":"39.44","vic":"9.75","wa":"14.87"},{"ts":"2013-12-08T23:00:00Z","nsw":"33.43","nt":"16.05","qld":"56.85","sa":"6.65","tas":"43.11","vic":"10.46","wa":"17.08"},{"ts":"2013-12-08T23:10:00Z","nsw":"30.25","nt":"18.18","qld":"58.30","sa":"7.13","tas":"38.92","vic":"9.71","wa":"20.38"},{"ts":"2013-12-08T23:20:00Z","nsw":"33.75","nt":"23.96","qld":"60.76","sa":"7.79","tas":"49.09","vic":"11.08","wa":"23.46"},{"ts":"2013-12-08T23:30:00Z","nsw":"34.18","nt":"21.42","qld":"60.65","sa":"9.00","tas":"41.27","vic":"12.12","wa":"27.22"},{"ts":"2013-12-08T23:40:00Z","nsw":"37.21","nt":"26.75","qld":"61.56","sa":"11.38","tas":"45.87","vic":"13.59","wa":"31.16"},{"ts":"2013-12-08T23:50:00Z","nsw":"37.29","nt":"24.63","qld":"62.34","sa":"17.20","tas":"50.98","vic":"15.01","wa":"34.77"},{"ts":"2013-12-09T00:00:00Z","nsw":"38.77","nt":"24.28","qld":"66.21","sa":"18.21","tas":"55.60","vic":"14.67","wa":"37.89"},{"ts":"2013-12-09T00:10:00Z","nsw":"38.77","nt":"39.70","qld":"67.35","sa":"18.43","tas":"49.97","vic":"11.45","wa":"40.25"},{"ts":"2013-12-09T00:20:00Z","nsw":"39.12","nt":"48.22","qld":"70.75","sa":"15.52","tas":"51.58","vic":"13.19","wa":"43.87"},{"ts":"2013-12-09T00:30:00Z","nsw":"36.88","nt":"53.62","qld":"70.73","sa":"18.30","tas":"51.23","vic":"14.43","wa":"46.92"},{"ts":"2013-12-09T00:40:00Z","nsw":"37.51","nt":"48.08","qld":"72.84","sa":"21.00","tas":"65.80","vic":"15.25","wa":"51.02"},{"ts":"2013-12-09T00:50:00Z","nsw":"38.69","nt":"57.00","qld":"73.15","sa":"26.21","tas":"57.28","vic":"15.16","wa":"53.23"},{"ts":"2013-12-09T01:00:00Z","nsw":"37.41","nt":"45.46","qld":"73.21","sa":"27.40","tas":"64.83","vic":"15.46","wa":"56.77"},{"ts":"2013-12-09T01:10:00Z","nsw":"32.88","nt":"38.36","qld":"74.30","sa":"30.02","tas":"54.00","vic":"13.73","wa":"57.83"},{"ts":"2013-12-09T01:20:00Z","nsw":"34.61","nt":"26.24","qld":"74.52","sa":"29.48","tas":"63.33","vic":"14.80","wa":"60.93"},{"ts":"2013-12-09T01:30:00Z","nsw":"35.67","nt":"52.75","qld":"75.00","sa":"30.67","tas":"56.96","vic":"13.66","wa":"62.53"},{"ts":"2013-12-09T01:40:00Z","nsw":"33.28","nt":"51.79","qld":"74.95","sa":"27.75","tas":"65.63","vic":"11.81","wa":"64.20"},{"ts":"2013-12-09T01:50:00Z","nsw":"33.09","nt":"53.83","qld":"74.50","sa":"26.21","tas":"58.10","vic":"11.32","wa":"65.66"},{"ts":"2013-12-09T02:00:00Z","nsw":"32.31","nt":"53.25","qld":"74.86","sa":"22.31","tas":"62.44","vic":"9.86","wa":"67.60"},{"ts":"2013-12-09T02:10:00Z","nsw":"33.42","nt":"59.15","qld":"74.65","sa":"20.97","tas":"57.87","vic":"8.91","wa":"67.86"},{"ts":"2013-12-09T02:20:00Z","nsw":"39.68","nt":"33.07","qld":"74.25","sa":"21.96","tas":"63.31","vic":"8.11","wa":"69.17"},{"ts":"2013-12-09T02:30:00Z","nsw":"44.16","nt":"44.07","qld":"73.90","sa":"22.22","tas":"52.30","vic":"7.88","wa":"71.18"},{"ts":"2013-12-09T02:40:00Z","nsw":"49.21","nt":"53.44","qld":"73.76","sa":"20.05","tas":"58.24","vic":"7.57","wa":"71.27"},{"ts":"2013-12-09T02:50:00Z","nsw":"51.09","nt":"62.43","qld":"72.73","sa":"21.29","tas":"48.79","vic":"8.67","wa":"72.21"},{"ts":"2013-12-09T03:00:00Z","nsw":"49.53","nt":"68.57","qld":"72.53","sa":"22.22","tas":"61.27","vic":"9.94","wa":"74.26"},{"ts":"2013-12-09T03:10:00Z","nsw":"44.30","nt":"59.60","qld":"71.47","sa":"27.66","tas":"57.52","vic":"9.30","wa":"73.95"},{"ts":"2013-12-09T03:20:00Z","nsw":"44.29","nt":"63.76","qld":"70.31","sa":"28.14","tas":"61.90","vic":"10.32","wa":"74.43"},{"ts":"2013-12-09T03:30:00Z","nsw":"41.01","nt":"58.08","qld":"68.21","sa":"35.27","tas":"54.23","vic":"10.27","wa":"75.91"},{"ts":"2013-12-09T03:40:00Z","nsw":"43.52","nt":"58.55","qld":"67.55","sa":"35.68","tas":"57.85","vic":"9.92","wa":"75.33"},{"ts":"2013-12-09T03:50:00Z","nsw":"35.48","nt":"55.64","qld":"66.06","sa":"42.69","tas":"55.47","vic":"8.88","wa":"75.44"},{"ts":"2013-12-09T04:00:00Z","nsw":"32.88","nt":"69.88","qld":"64.50","sa":"41.96","tas":"58.52","vic":"8.92","wa":"76.67"},{"ts":"2013-12-09T04:10:00Z","nsw":"26.82","nt":"69.40","qld":"63.81","sa":"48.35","tas":"55.90","vic":"9.37","wa":"74.52"},{"ts":"2013-12-09T04:20:00Z","nsw":"25.69","nt":"63.33","qld":"60.57","sa":"39.10","tas":"54.16","vic":"11.05","wa":"75.96"},{"ts":"2013-12-09T04:30:00Z","nsw":"24.43","nt":"67.69","qld":"58.79","sa":"42.15","tas":"54.51","vic":"11.92","wa":"74.97"},{"ts":"2013-12-09T04:40:00Z","nsw":"26.44","nt":"56.06","qld":"57.29","sa":"40.08","tas":"66.44","vic":"12.44","wa":"76.15"},{"ts":"2013-12-09T04:50:00Z","nsw":"26.75","nt":"58.82","qld":"55.22","sa":"45.64","tas":"57.95","vic":"11.25","wa":"74.97"},{"ts":"2013-12-09T05:00:00Z","nsw":"24.46","nt":"60.91","qld":"53.41","sa":"46.94","tas":"56.44","vic":"12.01","wa":"74.80"},{"ts":"2013-12-09T05:10:00Z","nsw":"24.04","nt":"60.93","qld":"50.22","sa":"51.83","tas":"45.80","vic":"12.76","wa":"74.29"},{"ts":"2013-12-09T05:20:00Z","nsw":"23.37","nt":"56.81","qld":"47.13","sa":"51.45","tas":"54.15","vic":"15.13","wa":"72.97"},{"ts":"2013-12-09T05:30:00Z","nsw":"19.82","nt":"58.18","qld":"44.27","sa":"49.77","tas":"42.23","vic":"13.31","wa":"72.88"},{"ts":"2013-12-09T05:40:00Z","nsw":"18.75","nt":"59.37","qld":"40.87","sa":"45.51","tas":"43.20","vic":"14.88","wa":"71.51"},{"ts":"2013-12-09T05:50:00Z","nsw":"16.80","nt":"54.69","qld":"36.70","sa":"44.37","tas":"39.20","vic":"14.01","wa":"70.10"},{"ts":"2013-12-09T06:00:00Z","nsw":"13.91","nt":"54.06","qld":"34.59","sa":"38.38","tas":"36.70","vic":"14.14","wa":"70.22"},{"ts":"2013-12-09T06:10:00Z","nsw":"10.61","nt":"47.66","qld":"30.94","sa":"39.16","tas":"30.83","vic":"12.77","wa":"68.58"},{"ts":"2013-12-09T06:20:00Z","nsw":"8.47","nt":"47.55","qld":"28.17","sa":"37.18","tas":"29.71","vic":"14.27","wa":"68.31"},{"ts":"2013-12-09T06:30:00Z","nsw":"6.89","nt":"51.00","qld":"25.36","sa":"34.27","tas":"24.02","vic":"12.73","wa":"66.46"},{"ts":"2013-12-09T06:40:00Z","nsw":"7.15","nt":"44.98","qld":"22.50","sa":"28.91","tas":"21.95","vic":"15.21","wa":"65.27"},{"ts":"2013-12-09T06:50:00Z","nsw":"7.04","nt":"34.93","qld":"18.69","sa":"30.37","tas":"19.16","vic":"14.77","wa":"63.92"},{"ts":"2013-12-09T07:00:00Z","nsw":"6.23","nt":"33.30","qld":"15.71","sa":"30.00","tas":"15.29","vic":"14.74","wa":"61.21"},{"ts":"2013-12-09T07:10:00Z","nsw":"5.30","nt":"25.01","qld":"12.92","sa":"29.65","tas":"13.92","vic":"15.95","wa":"58.97"},{"ts":"2013-12-09T07:20:00Z","nsw":"5.15","nt":"20.66","qld":"10.81","sa":"25.35","tas":"11.32","vic":"15.76","wa":"56.98"},{"ts":"2013-12-09T07:30:00Z","nsw":"4.43","nt":"20.29","qld":"8.58","sa":"26.90","tas":"10.29","vic":"13.43","wa":"55.45"},{"ts":"2013-12-09T07:40:00Z","nsw":"3.81","nt":"18.91","qld":"7.09","sa":"23.40","tas":"8.48","vic":"13.73","wa":"53.29"},{"ts":"2013-12-09T07:50:00Z","nsw":"3.83","nt":"15.05","qld":"5.32","sa":"22.15","tas":"6.87","vic":"11.14","wa":"50.70"},{"ts":"2013-12-09T08:00:00Z","nsw":"2.81","nt":"13.05","qld":"3.73","sa":"20.32","tas":"5.37","vic":"9.15","wa":"48.49"},{"ts":"2013-12-09T08:10:00Z","nsw":"2.23","nt":"9.64","qld":"2.24","sa":"18.11","tas":"4.15","vic":"7.49","wa":"44.65"},{"ts":"2013-12-09T08:20:00Z","nsw":"1.79","nt":"7.93","qld":"1.27","sa":"14.31","tas":"4.05","vic":"6.45","wa":"41.83"},{"ts":"2013-12-09T08:30:00Z","nsw":"1.49","nt":"5.87","qld":"0.71","sa":"11.72","tas":"2.90","vic":"4.78","wa":"38.40"},{"ts":"2013-12-09T08:40:00Z","nsw":"1.36","nt":"4.92","qld":"0.53","sa":"9.61","tas":"2.12","vic":"3.88","wa":"35.16"},{"ts":"2013-12-09T08:50:00Z","nsw":"1.17","nt":"3.69","qld":"0.54","sa":"8.78","tas":"1.90","vic":"2.75","wa":"30.96"},{"ts":"2013-12-09T09:00:00Z","nsw":"1.11","nt":"3.19","qld":"0.28","sa":"6.57","tas":"1.41","vic":"1.74","wa":"27.27"},{"ts":"2013-12-09T09:10:00Z","nsw":"0.85","nt":"2.04","qld":"0.35","sa":"5.11","tas":"0.89","vic":"1.12","wa":"23.93"},{"ts":"2013-12-09T09:20:00Z","nsw":"0.82","nt":"1.43","qld":"0.34","sa":"3.40","tas":"0.71","vic":"0.72","wa":"20.92"},{"ts":"2013-12-09T09:30:00Z","nsw":"0.75","nt":"0.77","qld":"0.35","sa":"2.06","tas":"0.42","vic":"0.63","wa":"17.86"},{"ts":"2013-12-09T09:40:00Z","nsw":"0.58","nt":"0.47","qld":"0.35","sa":"1.10","tas":"0.15","vic":"0.75","wa":"14.70"},{"ts":"2013-12-09T09:50:00Z","nsw":"0.59","nt":"0.38","qld":"0.33","sa":"0.67","tas":"0.07","vic":"0.67","wa":"12.31"},{"ts":"2013-12-09T10:00:00Z","nsw":"0.75","nt":"0.51","qld":"0.36","sa":"0.87","tas":"0.08","vic":"0.41","wa":"9.79"},{"ts":"2013-12-09T10:10:00Z","nsw":"0.76","nt":"0.51","qld":"0.35","sa":"0.70","tas":"0.03","vic":"0.20","wa":"7.58"},{"ts":"2013-12-09T10:20:00Z","nsw":"0.70","nt":"0.53","qld":"0.37","sa":"0.74","tas":"0.03","vic":"0.22","wa":"6.04"},{"ts":"2013-12-09T10:30:00Z","nsw":"0.66","nt":"0.53","qld":"0.37","sa":"0.77","tas":"0.03","vic":"0.17","wa":"4.46"},{"ts":"2013-12-09T10:40:00Z","nsw":"0.65","nt":"0.53","qld":"0.36","sa":"0.71","tas":"0.03","vic":"0.71","wa":"3.31"},{"ts":"2013-12-09T10:50:00Z","nsw":"0.53","nt":"0.23","qld":"0.36","sa":"0.76","tas":"0.03","vic":"0.43","wa":"1.91"},{"ts":"2013-12-09T11:00:00Z","nsw":"0.57","nt":"0.23","qld":"0.36","sa":"0.72","tas":"0.03","vic":"0.21","wa":"1.03"},{"ts":"2013-12-09T11:10:00Z","nsw":"0.62","nt":"0.23","qld":"0.34","sa":"0.71","tas":"0.03","vic":"0.40","wa":"0.47"},{"ts":"2013-12-09T11:20:00Z","nsw":"0.63","nt":"0.23","qld":"0.34","sa":"0.71","tas":"0.03","vic":"0.43","wa":"0.27"},{"ts":"2013-12-09T11:30:00Z","nsw":"1.41","nt":"0.23","qld":"0.35","sa":"0.71","tas":"0.03","vic":"0.28","wa":"0.31"},{"ts":"2013-12-09T11:40:00Z","nsw":"1.25","nt":"0.23","qld":"0.35","sa":"0.74","tas":"0.03","vic":"0.27","wa":"0.23"},{"ts":"2013-12-09T11:50:00Z","nsw":"0.51","nt":"0.23","qld":"0.35","sa":"0.69","tas":"0.03","vic":"0.30","wa":"0.27"}],"contribution":[{"ts":"2013-12-08T17:00:00Z","nsw":"0.03","qld":"0.07","sa":"0.07","tas":"0.00","vic":"0.02","wa":"0.04"},{"ts":"2013-12-08T17:10:00Z","nsw":"0.03","qld":"0.07","sa":"0.07","tas":"0.00","vic":"0.03","wa":"0.04"},{"ts":"2013-12-08T17:20:00Z","nsw":"0.03","qld":"0.07","sa":"0.07","tas":"0.00","vic":"0.02","wa":"0.04"},{"ts":"2013-12-08T17:30:00Z","nsw":"0.03","qld":"0.07","sa":"0.07","tas":"0.00","vic":"0.02","wa":"0.03"},{"ts":"2013-12-08T17:40:00Z","nsw":"0.03","qld":"0.07","sa":"0.07","tas":"0.00","vic":"0.04","wa":"0.03"},{"ts":"2013-12-08T17:50:00Z","nsw":"0.03","qld":"0.07","sa":"0.07","tas":"0.00","vic":"0.02","wa":"0.03"},{"ts":"2013-12-08T18:00:00Z","nsw":"0.03","qld":"0.07","sa":"0.08","tas":"0.00","vic":"0.02","wa":"0.03"},{"ts":"2013-12-08T18:10:00Z","nsw":"0.03","qld":"0.07","sa":"0.07","tas":"0.00","vic":"0.02","wa":"0.03"},{"ts":"2013-12-08T18:20:00Z","nsw":"0.03","qld":"0.07","sa":"0.07","tas":"0.00","vic":"0.04","wa":"0.03"},{"ts":"2013-12-08T18:30:00Z","nsw":"0.03","qld":"0.07","sa":"0.07","tas":"0.00","vic":"0.02","wa":"0.04"},{"ts":"2013-12-08T18:40:00Z","nsw":"0.03","qld":"0.03","sa":"0.07","tas":"0.00","vic":"0.02","wa":"0.03"},{"ts":"2013-12-08T18:50:00Z","nsw":"0.03","qld":"0.09","sa":"0.06","tas":"0.01","vic":"0.02","wa":"0.04"},{"ts":"2013-12-08T19:00:00Z","nsw":"0.07","qld":"0.24","sa":"0.06","tas":"0.03","vic":"0.02","wa":"0.03"},{"ts":"2013-12-08T19:10:00Z","nsw":"0.08","qld":"0.44","sa":"0.06","tas":"0.04","vic":"0.02","wa":"0.04"},{"ts":"2013-12-08T19:20:00Z","nsw":"0.12","qld":"0.67","sa":"0.05","tas":"0.08","vic":"0.04","wa":"0.04"},{"ts":"2013-12-08T19:30:00Z","nsw":"0.17","qld":"0.89","sa":"0.05","tas":"0.12","vic":"0.07","wa":"0.04"},{"ts":"2013-12-08T19:40:00Z","nsw":"0.26","qld":"1.16","sa":"0.06","tas":"0.19","vic":"0.13","wa":"0.03"},{"ts":"2013-12-08T19:50:00Z","nsw":"0.35","qld":"1.48","sa":"0.09","tas":"0.21","vic":"0.16","wa":"0.04"},{"ts":"2013-12-08T20:00:00Z","nsw":"0.46","qld":"1.82","sa":"0.19","tas":"0.28","vic":"0.16","wa":"0.03"},{"ts":"2013-12-08T20:10:00Z","nsw":"0.54","qld":"2.13","sa":"0.28","tas":"0.33","vic":"0.17","wa":"0.04"},{"ts":"2013-12-08T20:20:00Z","nsw":"0.68","qld":"2.61","sa":"0.38","tas":"0.38","vic":"0.18","wa":"0.03"},{"ts":"2013-12-08T20:30:00Z","nsw":"0.83","qld":"3.03","sa":"0.45","tas":"0.43","vic":"0.18","wa":"0.03"},{"ts":"2013-12-08T20:40:00Z","nsw":"1.04","qld":"3.47","sa":"0.34","tas":"0.56","vic":"0.19","wa":"0.03"},{"ts":"2013-12-08T20:50:00Z","nsw":"1.21","qld":"3.88","sa":"0.31","tas":"0.59","vic":"0.22","wa":"0.03"},{"ts":"2013-12-08T21:00:00Z","nsw":"1.47","qld":"4.28","sa":"0.31","tas":"0.79","vic":"0.25"},{"ts":"2013-12-08T21:10:00Z","nsw":"1.46","qld":"4.65","sa":"0.42","tas":"0.81","vic":"0.30","wa":"0.06"},{"ts":"2013-12-08T21:20:00Z","nsw":"1.50","qld":"5.10","sa":"0.44","tas":"1.13","vic":"0.41","wa":"0.24"},{"ts":"2013-12-08T21:30:00Z","nsw":"1.73","qld":"5.49","sa":"0.47","tas":"1.16","vic":"0.44","wa":"0.43"},{"ts":"2013-12-08T21:40:00Z","nsw":"1.93","qld":"6.01","sa":"0.53","tas":"1.46","vic":"0.56","wa":"0.59"},{"ts":"2013-12-08T21:50:00Z","nsw":"1.96","qld":"6.08","sa":"0.60","tas":"1.37","vic":"0.59","wa":"0.81"},{"ts":"2013-12-08T22:00:00Z","nsw":"2.09","qld":"6.30","sa":"0.61","tas":"1.61","vic":"0.63","wa":"1.14"},{"ts":"2013-12-08T22:10:00Z","nsw":"2.13","qld":"6.26","sa":"0.76","tas":"1.58","vic":"0.65","wa":"1.46"},{"ts":"2013-12-08T22:20:00Z","nsw":"2.32","qld":"6.94","sa":"0.68","tas":"1.70","vic":"0.73","wa":"1.77"},{"ts":"2013-12-08T22:30:00Z","nsw":"2.35","qld":"7.15","sa":"0.85","tas":"1.57","vic":"0.88","wa":"2.05"},{"ts":"2013-12-08T22:40:00Z","nsw":"2.33","qld":"7.76","sa":"1.28","tas":"1.82","vic":"0.85","wa":"2.36"},{"ts":"2013-12-08T22:50:00Z","nsw":"2.37","qld":"8.01","sa":"1.67","tas":"1.66","vic":"0.81","wa":"2.73"},{"ts":"2013-12-08T23:00:00Z","nsw":"2.35","qld":"8.24","sa":"1.81","tas":"1.80","vic":"0.88","wa":"2.96"},{"ts":"2013-12-08T23:10:00Z","nsw":"2.12","qld":"8.42","sa":"1.94","tas":"1.63","vic":"0.81","wa":"3.47"},{"ts":"2013-12-08T23:20:00Z","nsw":"2.36","qld":"8.70","sa":"2.11","tas":"2.06","vic":"0.92","wa":"3.92"},{"ts":"2013-12-08T23:30:00Z","nsw":"2.39","qld":"8.82","sa":"2.46","tas":"1.73","vic":"1.00","wa":"4.46"},{"ts":"2013-12-08T23:40:00Z","nsw":"2.57","qld":"8.97","sa":"3.19","tas":"1.90","vic":"1.13","wa":"5.07"},{"ts":"2013-12-08T23:50:00Z","nsw":"2.60","qld":"9.06","sa":"4.59","tas":"2.13","vic":"1.24","wa":"5.62"},{"ts":"2013-12-09T00:00:00Z","nsw":"2.67","qld":"9.54","sa":"4.98","tas":"2.31","vic":"1.22","wa":"5.98"},{"ts":"2013-12-09T00:10:00Z","nsw":"2.69","qld":"9.72","sa":"5.14","tas":"2.08","vic":"0.94","wa":"6.31"},{"ts":"2013-12-09T00:20:00Z","nsw":"2.69","qld":"10.20","sa":"4.37","tas":"2.15","vic":"1.08","wa":"6.77"},{"ts":"2013-12-09T00:30:00Z","nsw":"2.52","qld":"10.09","sa":"5.18","tas":"2.11","vic":"1.19","wa":"7.23"},{"ts":"2013-12-09T00:40:00Z","nsw":"2.57","qld":"10.34","sa":"5.90","tas":"2.74","vic":"1.24","wa":"7.84"},{"ts":"2013-12-09T00:50:00Z","nsw":"2.63","qld":"10.29","sa":"7.36","tas":"2.37","vic":"1.24","wa":"8.13"},{"ts":"2013-12-09T01:00:00Z","nsw":"2.54","qld":"10.34","sa":"7.73","tas":"2.71","vic":"1.25","wa":"8.65"},{"ts":"2013-12-09T01:10:00Z","nsw":"2.25","qld":"10.52","sa":"8.41","tas":"2.26","vic":"1.12","wa":"8.90"},{"ts":"2013-12-09T01:20:00Z","nsw":"2.35","qld":"10.51","sa":"8.19","tas":"2.70","vic":"1.21","wa":"9.39"},{"ts":"2013-12-09T01:30:00Z","nsw":"2.43","qld":"10.50","sa":"8.70","tas":"2.49","vic":"1.11","wa":"9.55"},{"ts":"2013-12-09T01:40:00Z","nsw":"2.24","qld":"10.39","sa":"7.78","tas":"2.83","vic":"0.97","wa":"9.79"},{"ts":"2013-12-09T01:50:00Z","nsw":"2.24","qld":"10.36","sa":"7.38","tas":"2.52","vic":"0.93","wa":"9.98"},{"ts":"2013-12-09T02:00:00Z","nsw":"2.20","qld":"10.42","sa":"6.40","tas":"2.70","vic":"0.82","wa":"10.16"},{"ts":"2013-12-09T02:10:00Z","nsw":"2.26","qld":"10.34","sa":"6.08","tas":"2.54","vic":"0.73","wa":"10.27"},{"ts":"2013-12-09T02:20:00Z","nsw":"2.67","qld":"10.34","sa":"6.32","tas":"2.75","vic":"0.66","wa":"10.44"},{"ts":"2013-12-09T02:30:00Z","nsw":"2.97","qld":"10.17","sa":"6.55","tas":"2.28","vic":"0.65","wa":"10.60"},{"ts":"2013-12-09T02:40:00Z","nsw":"3.29","qld":"10.15","sa":"5.95","tas":"2.53","vic":"0.62","wa":"10.63"},{"ts":"2013-12-09T02:50:00Z","nsw":"3.41","qld":"9.96","sa":"6.26","tas":"2.15","vic":"0.72","wa":"10.75"},{"ts":"2013-12-09T03:00:00Z","nsw":"3.24","qld":"9.98","sa":"6.50","tas":"2.66","vic":"0.82","wa":"11.02"},{"ts":"2013-12-09T03:10:00Z","nsw":"2.90","qld":"9.79","sa":"7.79","tas":"2.55","vic":"0.78","wa":"10.92"},{"ts":"2013-12-09T03:20:00Z","nsw":"2.89","qld":"9.70","sa":"8.11","tas":"2.71","vic":"0.85","wa":"10.96"},{"ts":"2013-12-09T03:30:00Z","nsw":"2.65","qld":"9.36","sa":"10.38","tas":"2.41","vic":"0.85","wa":"11.20"},{"ts":"2013-12-09T03:40:00Z","nsw":"2.81","qld":"9.30","sa":"10.51","tas":"2.56","vic":"0.83","wa":"11.08"},{"ts":"2013-12-09T03:50:00Z","nsw":"2.28","qld":"9.03","sa":"12.71","tas":"2.49","vic":"0.74","wa":"11.06"},{"ts":"2013-12-09T04:00:00Z","nsw":"2.11","qld":"8.91","sa":"12.72","tas":"2.63","vic":"0.74","wa":"11.18"},{"ts":"2013-12-09T04:10:00Z","nsw":"1.72","qld":"8.82","sa":"14.64","tas":"2.54","vic":"0.78","wa":"10.84"},{"ts":"2013-12-09T04:20:00Z","nsw":"1.65","qld":"8.33","sa":"11.98","tas":"2.44","vic":"0.93","wa":"11.00"},{"ts":"2013-12-09T04:30:00Z","nsw":"1.59","qld":"8.15","sa":"12.77","tas":"2.43","vic":"1.02","wa":"10.87"},{"ts":"2013-12-09T04:40:00Z","nsw":"1.71","qld":"7.95","sa":"12.24","tas":"3.00","vic":"1.05","wa":"11.00"},{"ts":"2013-12-09T04:50:00Z","nsw":"1.72","qld":"7.60","sa":"14.12","tas":"2.69","vic":"0.94","wa":"10.85"},{"ts":"2013-12-09T05:00:00Z","nsw":"1.56","qld":"7.44","sa":"14.85","tas":"2.53","vic":"1.00","wa":"10.84"},{"ts":"2013-12-09T05:10:00Z","nsw":"1.53","qld":"6.97","sa":"16.41","tas":"2.07","vic":"1.09","wa":"10.71"},{"ts":"2013-12-09T05:20:00Z","nsw":"1.49","qld":"6.57","sa":"16.29","tas":"2.49","vic":"1.27","wa":"10.50"},{"ts":"2013-12-09T05:30:00Z","nsw":"1.26","qld":"6.14","sa":"15.52","tas":"1.95","vic":"1.12","wa":"10.50"},{"ts":"2013-12-09T05:40:00Z","nsw":"1.19","qld":"5.71","sa":"14.46","tas":"1.94","vic":"1.26","wa":"10.32"},{"ts":"2013-12-09T05:50:00Z","nsw":"1.06","qld":"5.14","sa":"14.16","tas":"1.72","vic":"1.18","wa":"10.10"},{"ts":"2013-12-09T06:00:00Z","nsw":"0.89","qld":"4.85","sa":"12.35","tas":"1.60","vic":"1.21","wa":"10.08"},{"ts":"2013-12-09T06:10:00Z","nsw":"0.69","qld":"4.32","sa":"12.32","tas":"1.33","vic":"1.08","wa":"9.83"},{"ts":"2013-12-09T06:20:00Z","nsw":"0.55","qld":"3.94","sa":"11.83","tas":"1.31","vic":"1.22","wa":"9.78"},{"ts":"2013-12-09T06:30:00Z","nsw":"0.44","qld":"3.58","sa":"10.85","tas":"1.03","vic":"1.08","wa":"9.47"},{"ts":"2013-12-09T06:40:00Z","nsw":"0.46","qld":"3.16","sa":"9.37","tas":"0.94","vic":"1.30","wa":"9.32"},{"ts":"2013-12-09T06:50:00Z","nsw":"0.46","qld":"2.62","sa":"9.62","tas":"0.81","vic":"1.28","wa":"9.14"},{"ts":"2013-12-09T07:00:00Z","nsw":"0.41","qld":"2.20","sa":"9.55","tas":"0.65","vic":"1.27","wa":"8.87"},{"ts":"2013-12-09T07:10:00Z","nsw":"0.36","qld":"1.83","sa":"9.55","tas":"0.60","vic":"1.40","wa":"8.55"},{"ts":"2013-12-09T07:20:00Z","nsw":"0.35","qld":"1.53","sa":"8.23","tas":"0.50","vic":"1.39","wa":"8.27"},{"ts":"2013-12-09T07:30:00Z","nsw":"0.30","qld":"1.22","sa":"8.62","tas":"0.45","vic":"1.19","wa":"8.01"},{"ts":"2013-12-09T07:40:00Z","nsw":"0.26","qld":"1.01","sa":"7.82","tas":"0.37","vic":"1.23","wa":"7.70"},{"ts":"2013-12-09T07:50:00Z","nsw":"0.26","qld":"0.77","sa":"7.40","tas":"0.30","vic":"1.00","wa":"7.33"},{"ts":"2013-12-09T08:00:00Z","nsw":"0.19","qld":"0.54","sa":"6.71","tas":"0.24","vic":"0.83","wa":"6.99"},{"ts":"2013-12-09T08:10:00Z","nsw":"0.16","qld":"0.33","sa":"6.08","tas":"0.18","vic":"0.69","wa":"6.48"},{"ts":"2013-12-09T08:20:00Z","nsw":"0.13","qld":"0.19","sa":"4.82","tas":"0.18","vic":"0.60","wa":"6.09"},{"ts":"2013-12-09T08:30:00Z","nsw":"0.10","qld":"0.10","sa":"4.01","tas":"0.13","vic":"0.45","wa":"5.61"},{"ts":"2013-12-09T08:40:00Z","nsw":"0.10","qld":"0.08","sa":"3.27","tas":"0.09","vic":"0.38","wa":"5.15"},{"ts":"2013-12-09T08:50:00Z","nsw":"0.08","qld":"0.08","sa":"2.99","tas":"0.08","vic":"0.26","wa":"4.55"},{"ts":"2013-12-09T09:00:00Z","nsw":"0.08","qld":"0.04","sa":"2.28","tas":"0.06","vic":"0.17","wa":"4.02"},{"ts":"2013-12-09T09:10:00Z","nsw":"0.06","qld":"0.05","sa":"1.78","tas":"0.04","vic":"0.11","wa":"3.53"},{"ts":"2013-12-09T09:20:00Z","nsw":"0.06","qld":"0.05","sa":"1.18","tas":"0.03","vic":"0.07","wa":"3.09"},{"ts":"2013-12-09T09:30:00Z","nsw":"0.05","qld":"0.05","sa":"0.72","tas":"0.02","vic":"0.06","wa":"2.63"},{"ts":"2013-12-09T09:40:00Z","nsw":"0.04","qld":"0.05","sa":"0.40","tas":"0.01","vic":"0.07","wa":"2.18"},{"ts":"2013-12-09T09:50:00Z","nsw":"0.04","qld":"0.05","sa":"0.24","tas":"0.00","vic":"0.06","wa":"1.82"},{"ts":"2013-12-09T10:00:00Z","nsw":"0.05","qld":"0.05","sa":"0.30","tas":"0.00","vic":"0.04","wa":"1.47"},{"ts":"2013-12-09T10:10:00Z","nsw":"0.06","qld":"0.05","sa":"0.24","tas":"0.00","vic":"0.02","wa":"1.14"},{"ts":"2013-12-09T10:20:00Z","nsw":"0.05","qld":"0.06","sa":"0.25","tas":"0.00","vic":"0.02","wa":"0.91"},{"ts":"2013-12-09T10:30:00Z","nsw":"0.05","qld":"0.06","sa":"0.26","tas":"0.00","vic":"0.02","wa":"0.68"},{"ts":"2013-12-09T10:40:00Z","nsw":"0.05","qld":"0.06","sa":"0.24","tas":"0.00","vic":"0.07","wa":"0.51"},{"ts":"2013-12-09T10:50:00Z","nsw":"0.04","qld":"0.06","sa":"0.26","tas":"0.00","vic":"0.04","wa":"0.29"},{"ts":"2013-12-09T11:00:00Z","nsw":"0.04","qld":"0.06","sa":"0.25","tas":"0.00","vic":"0.02","wa":"0.16"},{"ts":"2013-12-09T11:10:00Z","nsw":"0.05","qld":"0.05","sa":"0.25","tas":"0.00","vic":"0.04","wa":"0.07"},{"ts":"2013-12-09T11:20:00Z","nsw":"0.05","qld":"0.05","sa":"0.26","tas":"0.00","vic":"0.04","wa":"0.04"},{"ts":"2013-12-09T11:30:00Z","nsw":"0.11","qld":"0.05","sa":"0.25","tas":"0.00","vic":"0.03","wa":"0.05"},{"ts":"2013-12-09T11:40:00Z","nsw":"0.10","qld":"0.06","sa":"0.27","tas":"0.00","vic":"0.03","wa":"0.03"},{"ts":"2013-12-09T11:50:00Z","nsw":"0.04","qld":"0.06","sa":"0.26","tas":"0.00","vic":"0.03","wa":"0.04"}],"demand":[{"ts":"2013-12-08T17:00:00Z","nsw":5879,"qld":4574,"sa":1242,"tas":1022,"vic":4205,"wa":1619},{"ts":"2013-12-08T17:10:00Z","nsw":5938,"qld":4624,"sa":1245,"tas":1023,"vic":4285,"wa":1616},{"ts":"2013-12-08T17:20:00Z","nsw":5993,"qld":4612,"sa":1241,"tas":1029,"vic":4315,"wa":1614},{"ts":"2013-12-08T17:30:00Z","nsw":5985,"qld":4567,"sa":1232,"tas":1027,"vic":4259,"wa":1607},{"ts":"2013-12-08T17:40:00Z","nsw":5967,"qld":4601,"sa":1219,"tas":1024,"vic":4233,"wa":1609},{"ts":"2013-12-08T17:50:00Z","nsw":6042,"qld":4631,"sa":1226,"tas":1026,"vic":4266,"wa":1606},{"ts":"2013-12-08T18:00:00Z","nsw":6152,"qld":4672,"sa":1247,"tas":1034,"vic":4289,"wa":1607},{"ts":"2013-12-08T18:10:00Z","nsw":6230,"qld":4649,"sa":1236,"tas":1042,"vic":4395,"wa":1590},{"ts":"2013-12-08T18:20:00Z","nsw":6325,"qld":4670,"sa":1250,"tas":1046,"vic":4452,"wa":1581},{"ts":"2013-12-08T18:30:00Z","nsw":6309,"qld":4663,"sa":1248,"tas":1053,"vic":4470,"wa":1547},{"ts":"2013-12-08T18:40:00Z","nsw":6358,"qld":4729,"sa":1277,"tas":1063,"vic":4505,"wa":1534},{"ts":"2013-12-08T18:50:00Z","nsw":6442,"qld":4751,"sa":1294,"tas":1074,"vic":4617,"wa":1528},{"ts":"2013-12-08T19:00:00Z","nsw":6610,"qld":4790,"sa":1288,"tas":1094,"vic":4674,"wa":1524},{"ts":"2013-12-08T19:10:00Z","nsw":6889,"qld":4856,"sa":1332,"tas":1112,"vic":4893,"wa":1517},{"ts":"2013-12-08T19:20:00Z","nsw":7040,"qld":4909,"sa":1347,"tas":1122,"vic":4962,"wa":1514},{"ts":"2013-12-08T19:30:00Z","nsw":7186,"qld":4983,"sa":1338,"tas":1139,"vic":5118,"wa":1509},{"ts":"2013-12-08T19:40:00Z","nsw":7269,"qld":5022,"sa":1362,"tas":1170,"vic":5129,"wa":1510},{"ts":"2013-12-08T19:50:00Z","nsw":7465,"qld":5110,"sa":1384,"tas":1176,"vic":5154,"wa":1511},{"ts":"2013-12-08T20:00:00Z","nsw":7522,"qld":5194,"sa":1416,"tas":1208,"vic":5363,"wa":1515},{"ts":"2013-12-08T20:10:00Z","nsw":7585,"qld":5313,"sa":1418,"tas":1253,"vic":5628,"wa":1524},{"ts":"2013-12-08T20:20:00Z","nsw":7837,"qld":5401,"sa":1456,"tas":1282,"vic":5743,"wa":1525},{"ts":"2013-12-08T20:30:00Z","nsw":7976,"qld":5456,"sa":1482,"tas":1272,"vic":5885,"wa":1548},{"ts":"2013-12-08T20:40:00Z","nsw":8162,"qld":5573,"sa":1520,"tas":1290,"vic":6047,"wa":1553},{"ts":"2013-12-08T20:50:00Z","nsw":8190,"qld":5691,"sa":1588,"tas":1298,"vic":6100,"wa":1552},{"ts":"2013-12-08T21:00:00Z","nsw":8274,"qld":5765,"sa":1604,"tas":1283,"vic":6109},{"ts":"2013-12-08T21:10:00Z","nsw":8359,"qld":5960,"sa":1632,"tas":1278,"vic":6051,"wa":1558},{"ts":"2013-12-08T21:20:00Z","nsw":8379,"qld":5985,"sa":1673,"tas":1267,"vic":6056,"wa":1568},{"ts":"2013-12-08T21:30:00Z","nsw":8484,"qld":6018,"sa":1669,"tas":1253,"vic":6082,"wa":1606},{"ts":"2013-12-08T21:40:00Z","nsw":8538,"qld":6045,"sa":1599,"tas":1252,"vic":6075,"wa":1619},{"ts":"2013-12-08T21:50:00Z","nsw":8624,"qld":6097,"sa":1590,"tas":1225,"vic":6120,"wa":1633},{"ts":"2013-12-08T22:00:00Z","nsw":8733,"qld":6159,"sa":1589,"tas":1208,"vic":6087,"wa":1700},{"ts":"2013-12-08T22:10:00Z","nsw":8798,"qld":6221,"sa":1578,"tas":1193,"vic":6120,"wa":1711},{"ts":"2013-12-08T22:20:00Z","nsw":8917,"qld":6244,"sa":1626,"tas":1204,"vic":6182,"wa":1725},{"ts":"2013-12-08T22:30:00Z","nsw":8939,"qld":6274,"sa":1642,"tas":1220,"vic":6147,"wa":1804},{"ts":"2013-12-08T22:40:00Z","nsw":8963,"qld":6227,"sa":1625,"tas":1220,"vic":6195,"wa":1832},{"ts":"2013-12-08T22:50:00Z","nsw":9033,"qld":6270,"sa":1624,"tas":1210,"vic":6153,"wa":1846},{"ts":"2013-12-08T23:00:00Z","nsw":9098,"qld":6290,"sa":1615,"tas":1217,"vic":6109,"wa":1951},{"ts":"2013-12-08T23:10:00Z","nsw":9110,"qld":6272,"sa":1594,"tas":1221,"vic":6084,"wa":1975},{"ts":"2013-12-08T23:20:00Z","nsw":9113,"qld":6246,"sa":1586,"tas":1209,"vic":6159,"wa":2002},{"ts":"2013-12-08T23:30:00Z","nsw":9135,"qld":6220,"sa":1575,"tas":1209,"vic":6178,"wa":2030},{"ts":"2013-12-08T23:40:00Z","nsw":9193,"qld":6235,"sa":1554,"tas":1231,"vic":6144,"wa":2028},{"ts":"2013-12-08T23:50:00Z","nsw":9168,"qld":6244,"sa":1574,"tas":1214,"vic":6183,"wa":2033},{"ts":"2013-12-09T00:00:00Z","nsw":9195,"qld":6234,"sa":1535,"tas":1219,"vic":6146,"wa":2073},{"ts":"2013-12-09T00:10:00Z","nsw":9158,"qld":6229,"sa":1513,"tas":1209,"vic":6207,"wa":2081},{"ts":"2013-12-09T00:20:00Z","nsw":9274,"qld":6230,"sa":1503,"tas":1222,"vic":6230,"wa":2101},{"ts":"2013-12-09T00:30:00Z","nsw":9320,"qld":6265,"sa":1490,"tas":1221,"vic":6237,"wa":2095},{"ts":"2013-12-09T00:40:00Z","nsw":9315,"qld":6263,"sa":1477,"tas":1216,"vic":6237,"wa":2087},{"ts":"2013-12-09T00:50:00Z","nsw":9340,"qld":6305,"sa":1464,"tas":1221,"vic":6257,"wa":2093},{"ts":"2013-12-09T01:00:00Z","nsw":9427,"qld":6282,"sa":1454,"tas":1204,"vic":6273,"wa":2086},{"ts":"2013-12-09T01:10:00Z","nsw":9361,"qld":6292,"sa":1461,"tas":1203,"vic":6220,"wa":2059},{"ts":"2013-12-09T01:20:00Z","nsw":9375,"qld":6318,"sa":1461,"tas":1161,"vic":6203,"wa":2047},{"ts":"2013-12-09T01:30:00Z","nsw":9412,"qld":6343,"sa":1428,"tas":1150,"vic":6214,"wa":2061},{"ts":"2013-12-09T01:40:00Z","nsw":9460,"qld":6398,"sa":1459,"tas":1165,"vic":6215,"wa":2059},{"ts":"2013-12-09T01:50:00Z","nsw":9396,"qld":6409,"sa":1454,"tas":1165,"vic":6185,"wa":2060},{"ts":"2013-12-09T02:00:00Z","nsw":9378,"qld":6374,"sa":1445,"tas":1156,"vic":6173,"wa":2079},{"ts":"2013-12-09T02:10:00Z","nsw":9442,"qld":6401,"sa":1435,"tas":1152,"vic":6271,"wa":2064},{"ts":"2013-12-09T02:20:00Z","nsw":9414,"qld":6388,"sa":1432,"tas":1158,"vic":6277,"wa":2065},{"ts":"2013-12-09T02:30:00Z","nsw":9433,"qld":6471,"sa":1400,"tas":1159,"vic":6230,"wa":2089},{"ts":"2013-12-09T02:40:00Z","nsw":9473,"qld":6499,"sa":1418,"tas":1154,"vic":6254,"wa":2084},{"ts":"2013-12-09T02:50:00Z","nsw":9479,"qld":6479,"sa":1416,"tas":1152,"vic":6189,"wa":2086},{"ts":"2013-12-09T03:00:00Z","nsw":9710,"qld":6502,"sa":1438,"tas":1151,"vic":6188,"wa":2087},{"ts":"2013-12-09T03:10:00Z","nsw":9703,"qld":6532,"sa":1440,"tas":1134,"vic":6141,"wa":2099},{"ts":"2013-12-09T03:20:00Z","nsw":9776,"qld":6512,"sa":1393,"tas":1139,"vic":6179,"wa":2103},{"ts":"2013-12-09T03:30:00Z","nsw":9824,"qld":6517,"sa":1338,"tas":1139,"vic":6121,"wa":2095},{"ts":"2013-12-09T03:40:00Z","nsw":9846,"qld":6555,"sa":1335,"tas":1137,"vic":6119,"wa":2103},{"ts":"2013-12-09T03:50:00Z","nsw":9967,"qld":6574,"sa":1291,"tas":1118,"vic":6155,"wa":2111},{"ts":"2013-12-09T04:00:00Z","nsw":10007,"qld":6536,"sa":1270,"tas":1114,"vic":6141,"wa":2120},{"ts":"2013-12-09T04:10:00Z","nsw":9999,"qld":6559,"sa":1256,"tas":1118,"vic":6125,"wa":2133},{"ts":"2013-12-09T04:20:00Z","nsw":9943,"qld":6593,"sa":1276,"tas":1123,"vic":6043,"wa":2138},{"ts":"2013-12-09T04:30:00Z","nsw":9906,"qld":6579,"sa":1275,"tas":1127,"vic":6024,"wa":2139},{"ts":"2013-12-09T04:40:00Z","nsw":9983,"qld":6591,"sa":1268,"tas":1105,"vic":6062,"wa":2144},{"ts":"2013-12-09T04:50:00Z","nsw":10017,"qld":6626,"sa":1233,"tas":1104,"vic":6099,"wa":2142},{"ts":"2013-12-09T05:00:00Z","nsw":10092,"qld":6606,"sa":1198,"tas":1125,"vic":6103,"wa":2140},{"ts":"2013-12-09T05:10:00Z","nsw":10104,"qld":6675,"sa":1169,"tas":1115,"vic":6014,"wa":2155},{"ts":"2013-12-09T05:20:00Z","nsw":10127,"qld":6670,"sa":1191,"tas":1095,"vic":6064,"wa":2165},{"ts":"2013-12-09T05:30:00Z","nsw":10148,"qld":6719,"sa":1193,"tas":1100,"vic":6054,"wa":2162},{"ts":"2013-12-09T05:40:00Z","nsw":10126,"qld":6724,"sa":1199,"tas":1139,"vic":6039,"wa":2162},{"ts":"2013-12-09T05:50:00Z","nsw":10156,"qld":6729,"sa":1205,"tas":1156,"vic":6031,"wa":2170},{"ts":"2013-12-09T06:00:00Z","nsw":10076,"qld":6760,"sa":1201,"tas":1176,"vic":5954,"wa":2180},{"ts":"2013-12-09T06:10:00Z","nsw":9962,"qld":6808,"sa":1234,"tas":1182,"vic":5995,"wa":2189},{"ts":"2013-12-09T06:20:00Z","nsw":9990,"qld":6802,"sa":1231,"tas":1169,"vic":5971,"wa":2193},{"ts":"2013-12-09T06:30:00Z","nsw":10096,"qld":6817,"sa":1252,"tas":1192,"vic":5987,"wa":2211},{"ts":"2013-12-09T06:40:00Z","nsw":10009,"qld":6888,"sa":1245,"tas":1196,"vic":5918,"wa":2209},{"ts":"2013-12-09T06:50:00Z","nsw":9972,"qld":6925,"sa":1264,"tas":1216,"vic":5900,"wa":2212},{"ts":"2013-12-09T07:00:00Z","nsw":9854,"qld":6917,"sa":1261,"tas":1210,"vic":5890,"wa":2187},{"ts":"2013-12-09T07:10:00Z","nsw":9620,"qld":6881,"sa":1254,"tas":1196,"vic":5796,"wa":2195},{"ts":"2013-12-09T07:20:00Z","nsw":9657,"qld":6889,"sa":1266,"tas":1178,"vic":5764,"wa":2198},{"ts":"2013-12-09T07:30:00Z","nsw":9627,"qld":6915,"sa":1258,"tas":1179,"vic":5730,"wa":2215},{"ts":"2013-12-09T07:40:00Z","nsw":9526,"qld":6916,"sa":1234,"tas":1184,"vic":5683,"wa":2221},{"ts":"2013-12-09T07:50:00Z","nsw":9553,"qld":6850,"sa":1240,"tas":1169,"vic":5659,"wa":2229},{"ts":"2013-12-09T08:00:00Z","nsw":9466,"qld":6827,"sa":1250,"tas":1161,"vic":5609,"wa":2244},{"ts":"2013-12-09T08:10:00Z","nsw":9302,"qld":6750,"sa":1248,"tas":1169,"vic":5522,"wa":2242},{"ts":"2013-12-09T08:20:00Z","nsw":9296,"qld":6744,"sa":1258,"tas":1189,"vic":5445,"wa":2244},{"ts":"2013-12-09T08:30:00Z","nsw":9323,"qld":6765,"sa":1252,"tas":1192,"vic":5383,"wa":2249},{"ts":"2013-12-09T08:40:00Z","nsw":9298,"qld":6722,"sa":1262,"tas":1185,"vic":5329,"wa":2253},{"ts":"2013-12-09T08:50:00Z","nsw":9196,"qld":6807,"sa":1265,"tas":1192,"vic":5399,"wa":2259},{"ts":"2013-12-09T09:00:00Z","nsw":9189,"qld":6858,"sa":1253,"tas":1170,"vic":5400,"wa":2262},{"ts":"2013-12-09T09:10:00Z","nsw":9357,"qld":6847,"sa":1255,"tas":1161,"vic":5364,"wa":2274},{"ts":"2013-12-09T09:20:00Z","nsw":9271,"qld":6797,"sa":1254,"tas":1157,"vic":5324,"wa":2284},{"ts":"2013-12-09T09:30:00Z","nsw":9207,"qld":6726,"sa":1244,"tas":1151,"vic":5324,"wa":2304},{"ts":"2013-12-09T09:40:00Z","nsw":9162,"qld":6758,"sa":1245,"tas":1155,"vic":5316,"wa":2300},{"ts":"2013-12-09T09:50:00Z","nsw":9124,"qld":6697,"sa":1255,"tas":1156,"vic":5396,"wa":2307},{"ts":"2013-12-09T10:00:00Z","nsw":9021,"qld":6607,"sa":1282,"tas":1136,"vic":5463,"wa":2282},{"ts":"2013-12-09T10:10:00Z","nsw":8926,"qld":6576,"sa":1319,"tas":1153,"vic":5488,"wa":2293},{"ts":"2013-12-09T10:20:00Z","nsw":8860,"qld":6541,"sa":1341,"tas":1148,"vic":5367,"wa":2293},{"ts":"2013-12-09T10:30:00Z","nsw":8697,"qld":6504,"sa":1305,"tas":1144,"vic":5314,"wa":2277},{"ts":"2013-12-09T10:40:00Z","nsw":8584,"qld":6448,"sa":1291,"tas":1123,"vic":5263,"wa":2266},{"ts":"2013-12-09T10:50:00Z","nsw":8449,"qld":6432,"sa":1287,"tas":1102,"vic":5199,"wa":2266},{"ts":"2013-12-09T11:00:00Z","nsw":8463,"qld":6321,"sa":1280,"tas":1094,"vic":5108,"wa":2269},{"ts":"2013-12-09T11:10:00Z","nsw":8533,"qld":6496,"sa":1251,"tas":1089,"vic":5059,"wa":2271},{"ts":"2013-12-09T11:20:00Z","nsw":8505,"qld":6402,"sa":1236,"tas":1089,"vic":5038,"wa":2270},{"ts":"2013-12-09T11:30:00Z","nsw":8455,"qld":6324,"sa":1231,"tas":1069,"vic":5005,"wa":2268},{"ts":"2013-12-09T11:40:00Z","nsw":8340,"qld":6258,"sa":1208,"tas":1048,"vic":4928,"wa":2281},{"ts":"2013-12-09T11:50:00Z","nsw":8083,"qld":6160,"sa":1190,"tas":1036,"vic":4799,"wa":2288}],"output":[{"ts":"2013-12-08T17:00:00Z","nsw":1,"qld":3,"sa":0,"tas":0,"vic":0,"wa":0},{"ts":"2013-12-08T17:10:00Z","nsw":1,"qld":3,"sa":0,"tas":0,"vic":1,"wa":0},{"ts":"2013-12-08T17:20:00Z","nsw":1,"qld":3,"sa":0,"tas":0,"vic":0,"wa":0},{"ts":"2013-12-08T17:30:00Z","nsw":1,"qld":3,"sa":0,"tas":0,"vic":0,"wa":0},{"ts":"2013-12-08T17:40:00Z","nsw":1,"qld":3,"sa":0,"tas":0,"vic":1,"wa":0},{"ts":"2013-12-08T17:50:00Z","nsw":1,"qld":3,"sa":0,"tas":0,"vic":0,"wa":0},{"ts":"2013-12-08T18:00:00Z","nsw":1,"qld":3,"sa":0,"tas":0,"vic":1,"wa":0},{"ts":"2013-12-08T18:10:00Z","nsw":1,"qld":3,"sa":0,"tas":0,"vic":0,"wa":0},{"ts":"2013-12-08T18:20:00Z","nsw":1,"qld":3,"sa":0,"tas":0,"vic":1,"wa":0},{"ts":"2013-12-08T18:30:00Z","nsw":1,"qld":3,"sa":0,"tas":0,"vic":0,"wa":0},{"ts":"2013-12-08T18:40:00Z","nsw":1,"qld":1,"sa":0,"tas":0,"vic":1,"wa":0},{"ts":"2013-12-08T18:50:00Z","nsw":1,"qld":4,"sa":0,"tas":0,"vic":0,"wa":0},{"ts":"2013-12-08T19:00:00Z","nsw":4,"qld":11,"sa":0,"tas":0,"vic":0,"wa":0},{"ts":"2013-12-08T19:10:00Z","nsw":5,"qld":21,"sa":0,"tas":0,"vic":1,"wa":0},{"ts":"2013-12-08T19:20:00Z","nsw":8,"qld":33,"sa":0,"tas":0,"vic":2,"wa":0},{"ts":"2013-12-08T19:30:00Z","nsw":12,"qld":44,"sa":0,"tas":1,"vic":3,"wa":0},{"ts":"2013-12-08T19:40:00Z","nsw":18,"qld":58,"sa":0,"tas":2,"vic":6,"wa":0},{"ts":"2013-12-08T19:50:00Z","nsw":26,"qld":76,"sa":1,"tas":2,"vic":8,"wa":0},{"ts":"2013-12-08T20:00:00Z","nsw":34,"qld":95,"sa":2,"tas":3,"vic":8,"wa":0},{"ts":"2013-12-08T20:10:00Z","nsw":40,"qld":116,"sa":3,"tas":4,"vic":9,"wa":0},{"ts":"2013-12-08T20:20:00Z","nsw":53,"qld":144,"sa":5,"tas":4,"vic":10,"wa":0},{"ts":"2013-12-08T20:30:00Z","nsw":66,"qld":168,"sa":6,"tas":5,"vic":10,"wa":0},{"ts":"2013-12-08T20:40:00Z","nsw":85,"qld":198,"sa":5,"tas":7,"vic":11,"wa":0},{"ts":"2013-12-08T20:50:00Z","nsw":101,"qld":228,"sa":4,"tas":7,"vic":13,"wa":0},{"ts":"2013-12-08T21:00:00Z","nsw":122,"qld":254,"sa":5,"tas":10,"vic":15},{"ts":"2013-12-08T21:10:00Z","nsw":123,"qld":288,"sa":6,"tas":10,"vic":17,"wa":0},{"ts":"2013-12-08T21:20:00Z","nsw":127,"qld":322,"sa":7,"tas":14,"vic":25,"wa":3},{"ts":"2013-12-08T21:30:00Z","nsw":148,"qld":348,"sa":7,"tas":14,"vic":27,"wa":6},{"ts":"2013-12-08T21:40:00Z","nsw":168,"qld":384,"sa":8,"tas":18,"vic":34,"wa":9},{"ts":"2013-12-08T21:50:00Z","nsw":171,"qld":393,"sa":9,"tas":17,"vic":36,"wa":13},{"ts":"2013-12-08T22:00:00Z","nsw":185,"qld":413,"sa":9,"tas":19,"vic":38,"wa":19},{"ts":"2013-12-08T22:10:00Z","nsw":191,"qld":416,"sa":12,"tas":19,"vic":39,"wa":25},{"ts":"2013-12-08T22:20:00Z","nsw":211,"qld":467,"sa":11,"tas":20,"vic":45,"wa":31},{"ts":"2013-12-08T22:30:00Z","nsw":214,"qld":484,"sa":14,"tas":19,"vic":54,"wa":37},{"ts":"2013-12-08T22:40:00Z","nsw":214,"qld":526,"sa":21,"tas":22,"vic":53,"wa":44},{"ts":"2013-12-08T22:50:00Z","nsw":218,"qld":545,"sa":27,"tas":20,"vic":50,"wa":51},{"ts":"2013-12-08T23:00:00Z","nsw":218,"qld":563,"sa":29,"tas":22,"vic":53,"wa":59},{"ts":"2013-12-08T23:10:00Z","nsw":197,"qld":578,"sa":31,"tas":20,"vic":50,"wa":70},{"ts":"2013-12-08T23:20:00Z","nsw":220,"qld":602,"sa":34,"tas":25,"vic":57,"wa":81},{"ts":"2013-12-08T23:30:00Z","nsw":223,"qld":601,"sa":39,"tas":21,"vic":62,"wa":94},{"ts":"2013-12-08T23:40:00Z","nsw":242,"qld":610,"sa":50,"tas":23,"vic":70,"wa":108},{"ts":"2013-12-08T23:50:00Z","nsw":243,"qld":618,"sa":76,"tas":26,"vic":77,"wa":120},{"ts":"2013-12-09T00:00:00Z","nsw":253,"qld":656,"sa":80,"tas":28,"vic":75,"wa":131},{"ts":"2013-12-09T00:10:00Z","nsw":253,"qld":668,"sa":81,"tas":25,"vic":59,"wa":140},{"ts":"2013-12-09T00:20:00Z","nsw":255,"qld":701,"sa":68,"tas":26,"vic":68,"wa":152},{"ts":"2013-12-09T00:30:00Z","nsw":240,"qld":701,"sa":81,"tas":26,"vic":74,"wa":163},{"ts":"2013-12-09T00:40:00Z","nsw":244,"qld":722,"sa":93,"tas":34,"vic":78,"wa":177},{"ts":"2013-12-09T00:50:00Z","nsw":252,"qld":725,"sa":116,"tas":29,"vic":78,"wa":185},{"ts":"2013-12-09T01:00:00Z","nsw":244,"qld":726,"sa":121,"tas":33,"vic":79,"wa":197},{"ts":"2013-12-09T01:10:00Z","nsw":214,"qld":737,"sa":133,"tas":27,"vic":70,"wa":201},{"ts":"2013-12-09T01:20:00Z","nsw":225,"qld":739,"sa":130,"tas":32,"vic":76,"wa":212},{"ts":"2013-12-09T01:30:00Z","nsw":232,"qld":744,"sa":136,"tas":29,"vic":70,"wa":217},{"ts":"2013-12-09T01:40:00Z","nsw":217,"qld":743,"sa":123,"tas":33,"vic":60,"wa":223},{"ts":"2013-12-09T01:50:00Z","nsw":216,"qld":739,"sa":116,"tas":30,"vic":58,"wa":228},{"ts":"2013-12-09T02:00:00Z","nsw":210,"qld":742,"sa":99,"tas":32,"vic":50,"wa":235},{"ts":"2013-12-09T02:10:00Z","nsw":218,"qld":740,"sa":93,"tas":29,"vic":45,"wa":236},{"ts":"2013-12-09T02:20:00Z","nsw":259,"qld":736,"sa":97,"tas":32,"vic":41,"wa":240},{"ts":"2013-12-09T02:30:00Z","nsw":288,"qld":733,"sa":98,"tas":27,"vic":40,"wa":247},{"ts":"2013-12-09T02:40:00Z","nsw":321,"qld":731,"sa":88,"tas":30,"vic":39,"wa":247},{"ts":"2013-12-09T02:50:00Z","nsw":333,"qld":721,"sa":94,"tas":25,"vic":44,"wa":251},{"ts":"2013-12-09T03:00:00Z","nsw":323,"qld":719,"sa":98,"tas":31,"vic":51,"wa":258},{"ts":"2013-12-09T03:10:00Z","nsw":289,"qld":708,"sa":122,"tas":29,"vic":47,"wa":257},{"ts":"2013-12-09T03:20:00Z","nsw":289,"qld":697,"sa":124,"tas":32,"vic":53,"wa":259},{"ts":"2013-12-09T03:30:00Z","nsw":267,"qld":676,"sa":156,"tas":28,"vic":52,"wa":264},{"ts":"2013-12-09T03:40:00Z","nsw":284,"qld":670,"sa":158,"tas":29,"vic":51,"wa":262},{"ts":"2013-12-09T03:50:00Z","nsw":231,"qld":655,"sa":189,"tas":28,"vic":45,"wa":262},{"ts":"2013-12-09T04:00:00Z","nsw":214,"qld":639,"sa":186,"tas":30,"vic":45,"wa":266},{"ts":"2013-12-09T04:10:00Z","nsw":175,"qld":632,"sa":214,"tas":28,"vic":48,"wa":259},{"ts":"2013-12-09T04:20:00Z","nsw":167,"qld":600,"sa":173,"tas":28,"vic":56,"wa":264},{"ts":"2013-12-09T04:30:00Z","nsw":159,"qld":583,"sa":187,"tas":28,"vic":61,"wa":260},{"ts":"2013-12-09T04:40:00Z","nsw":172,"qld":568,"sa":177,"tas":34,"vic":64,"wa":264},{"ts":"2013-12-09T04:50:00Z","nsw":174,"qld":547,"sa":202,"tas":29,"vic":58,"wa":260},{"ts":"2013-12-09T05:00:00Z","nsw":159,"qld":529,"sa":208,"tas":29,"vic":61,"wa":260},{"ts":"2013-12-09T05:10:00Z","nsw":156,"qld":498,"sa":230,"tas":23,"vic":65,"wa":258},{"ts":"2013-12-09T05:20:00Z","nsw":152,"qld":467,"sa":228,"tas":28,"vic":78,"wa":253},{"ts":"2013-12-09T05:30:00Z","nsw":129,"qld":439,"sa":220,"tas":21,"vic":68,"wa":253},{"ts":"2013-12-09T05:40:00Z","nsw":122,"qld":405,"sa":202,"tas":22,"vic":76,"wa":248},{"ts":"2013-12-09T05:50:00Z","nsw":109,"qld":364,"sa":196,"tas":20,"vic":72,"wa":243},{"ts":"2013-12-09T06:00:00Z","nsw":90,"qld":343,"sa":170,"tas":19,"vic":72,"wa":244},{"ts":"2013-12-09T06:10:00Z","nsw":69,"qld":306,"sa":173,"tas":15,"vic":65,"wa":238},{"ts":"2013-12-09T06:20:00Z","nsw":55,"qld":279,"sa":165,"tas":15,"vic":73,"wa":237},{"ts":"2013-12-09T06:30:00Z","nsw":44,"qld":251,"sa":152,"tas":12,"vic":65,"wa":231},{"ts":"2013-12-09T06:40:00Z","nsw":46,"qld":223,"sa":128,"tas":11,"vic":78,"wa":227},{"ts":"2013-12-09T06:50:00Z","nsw":45,"qld":185,"sa":134,"tas":9,"vic":76,"wa":222},{"ts":"2013-12-09T07:00:00Z","nsw":40,"qld":155,"sa":133,"tas":7,"vic":76,"wa":212},{"ts":"2013-12-09T07:10:00Z","nsw":34,"qld":128,"sa":131,"tas":7,"vic":82,"wa":205},{"ts":"2013-12-09T07:20:00Z","nsw":33,"qld":107,"sa":112,"tas":5,"vic":81,"wa":198},{"ts":"2013-12-09T07:30:00Z","nsw":28,"qld":85,"sa":119,"tas":5,"vic":69,"wa":192},{"ts":"2013-12-09T07:40:00Z","nsw":24,"qld":70,"sa":103,"tas":4,"vic":70,"wa":185},{"ts":"2013-12-09T07:50:00Z","nsw":25,"qld":52,"sa":98,"tas":3,"vic":57,"wa":176},{"ts":"2013-12-09T08:00:00Z","nsw":18,"qld":37,"sa":90,"tas":2,"vic":47,"wa":168},{"ts":"2013-12-09T08:10:00Z","nsw":14,"qld":22,"sa":80,"tas":2,"vic":38,"wa":155},{"ts":"2013-12-09T08:20:00Z","nsw":11,"qld":12,"sa":63,"tas":2,"vic":33,"wa":145},{"ts":"2013-12-09T08:30:00Z","nsw":9,"qld":7,"sa":52,"tas":1,"vic":24,"wa":133},{"ts":"2013-12-09T08:40:00Z","nsw":8,"qld":5,"sa":42,"tas":1,"vic":20,"wa":122},{"ts":"2013-12-09T08:50:00Z","nsw":7,"qld":5,"sa":38,"tas":0,"vic":14,"wa":107},{"ts":"2013-12-09T09:00:00Z","nsw":7,"qld":2,"sa":29,"tas":0,"vic":8,"wa":94},{"ts":"2013-12-09T09:10:00Z","nsw":5,"qld":3,"sa":22,"tas":0,"vic":5,"wa":83},{"ts":"2013-12-09T09:20:00Z","nsw":5,"qld":3,"sa":15,"tas":0,"vic":3,"wa":72},{"ts":"2013-12-09T09:30:00Z","nsw":4,"qld":3,"sa":9,"tas":0,"vic":3,"wa":62},{"ts":"2013-12-09T09:40:00Z","nsw":3,"qld":3,"sa":4,"tas":0,"vic":3,"wa":51},{"ts":"2013-12-09T09:50:00Z","nsw":3,"qld":3,"sa":2,"tas":0,"vic":3,"wa":42},{"ts":"2013-12-09T10:00:00Z","nsw":4,"qld":3,"sa":3,"tas":0,"vic":2,"wa":34},{"ts":"2013-12-09T10:10:00Z","nsw":4,"qld":3,"sa":3,"tas":0,"vic":1,"wa":26},{"ts":"2013-12-09T10:20:00Z","nsw":4,"qld":3,"sa":3,"tas":0,"vic":1,"wa":21},{"ts":"2013-12-09T10:30:00Z","nsw":4,"qld":3,"sa":3,"tas":0,"vic":0,"wa":15},{"ts":"2013-12-09T10:40:00Z","nsw":4,"qld":3,"sa":3,"tas":0,"vic":3,"wa":11},{"ts":"2013-12-09T10:50:00Z","nsw":3,"qld":3,"sa":3,"tas":0,"vic":2,"wa":6},{"ts":"2013-12-09T11:00:00Z","nsw":3,"qld":3,"sa":3,"tas":0,"vic":1,"wa":3},{"ts":"2013-12-09T11:10:00Z","nsw":4,"qld":3,"sa":3,"tas":0,"vic":2,"wa":1},{"ts":"2013-12-09T11:20:00Z","nsw":4,"qld":3,"sa":3,"tas":0,"vic":2,"wa":0},{"ts":"2013-12-09T11:30:00Z","nsw":9,"qld":3,"sa":3,"tas":0,"vic":1,"wa":1},{"ts":"2013-12-09T11:40:00Z","nsw":8,"qld":3,"sa":3,"tas":0,"vic":1,"wa":0},{"ts":"2013-12-09T11:50:00Z","nsw":3,"qld":3,"sa":3,"tas":0,"vic":1,"wa":0}]}