{"performance":[{"ts":"2013-05-12T18:00:00Z","nsw":"0.16","nt":"0.00","qld":"0.44","sa":"0.12","tas":"0.00","vic":"0.06","wa":"0.10"},{"ts":"2013-05-12T18:10:00Z","nsw":"0.42","nt":"0.00","qld":"0.43","sa":"0.11","tas":"0.00","vic":"0.05","wa":"0.11"},{"ts":"2013-05-12T18:20:00Z","nsw":"0.19","nt":"0.00","qld":"0.43","sa":"0.11","tas":"0.00","vic":"0.05","wa":"0.10"},{"ts":"2013-05-12T18:30:00Z","nsw":"0.17","nt":"0.00","sa":"0.11","tas":"0.00","vic":"0.06","wa":"0.11"},{"ts":"2013-05-12T18:40:00Z","nsw":"0.18","nt":"0.00","qld":"0.44","sa":"0.11","tas":"0.00","vic":"0.06","wa":"0.10"},{"ts":"2013-05-12T18:50:00Z","nsw":"0.17","nt":"0.00","qld":"0.46","sa":"0.11","tas":"0.00","vic":"0.05","wa":"0.11"},{"ts":"2013-05-12T19:00:00Z","nsw":"0.18","nt":"0.00","qld":"0.45","sa":"0.11","tas":"0.00","vic":"0.05","wa":"0.10"},{"ts":"2013-05-12T19:10:00Z","nsw":"0.43","nt":"0.00","qld":"0.49","sa":"0.11","tas":"0.00","vic":"0.04","wa":"0.11"},{"ts":"2013-05-12T19:20:00Z","nsw":"0.47","nt":"0.00","qld":"0.49","sa":"0.11","tas":"0.00","vic":"0.04","wa":"0.11"},{"ts":"2013-05-12T19:30:00Z","nsw":"0.45","nt":"0.00","qld":"0.47","sa":"0.11","tas":"0.00","vic":"0.04","wa":"0.11"},{"ts":"2013-05-12T19:40:00Z","nsw":"0.45","nt":"0.00","qld":"0.47","sa":"0.11","tas":"0.00","vic":"0.04","wa":"0.10"},{"ts":"2013-05-12T19:50:00Z","nsw":"0.38","nt":"0.00","qld":"0.47","sa":"0.11","tas":"0.00","vic":"0.04","wa":"0.11"},{"ts":"2013-05-12T20:00:00Z","nsw":"0.36","nt":"0.00","qld":"0.45","sa":"0.11","tas":"0.00","vic":"0.05","wa":"0.10"},{"ts":"2013-05-12T20:10:00Z","nsw":"0.33","nt":"0.00","qld":"0.41","sa":"0.11","tas":"0.00","vic":"0.05","wa":"0.11"},{"ts":"2013-05-12T20:20:00Z","nsw":"0.36","nt":"0.00","qld":"0.27","sa":"0.11","tas":"0.00","vic":"0.06","wa":"0.10"},{"ts":"2013-05-12T20:30:00Z","nsw":"0.59","nt":"0.00","qld":"1.15","sa":"0.13","tas":"0.00","vic":"0.04","wa":"0.11"},{"ts":"2013-05-12T20:40:00Z","nsw":"0.43","nt":"0.00","qld":"2.21","sa":"0.13","tas":"0.00","vic":"0.04","wa":"0.10"},{"ts":"2013-05-12T20:50:00Z","nsw":"0.56","nt":"0.00","qld":"3.01","sa":"0.13","tas":"0.00","vic":"0.04","wa":"0.10"},{"ts":"2013-05-12T21:00:00Z","nsw":"1.27","nt":"0.00","qld":"4.31","sa":"0.13","tas":"0.00","vic":"0.04","wa":"0.10"},{"ts":"2013-05-12T21:10:00Z","nsw":"2.23","nt":"0.00","qld":"5.57","sa":"0.13","tas":"0.00","vic":"0.04","wa":"0.12"},{"ts":"2013-05-12T21:20:00Z","nsw":"2.96","nt":"0.08","qld":"6.77","sa":"0.13","tas":"0.00","vic":"0.08","wa":"0.12"},{"ts":"2013-05-12T21:30:00Z","nsw":"3.93","nt":"0.41","qld":"8.52","sa":"0.28","tas":"0.10","vic":"0.20","wa":"0.11"},{"ts":"2013-05-12T21:40:00Z","nsw":"4.45","nt":"0.21","qld":"11.36","sa":"0.99","tas":"0.68","vic":"0.85","wa":"0.11"},{"ts":"2013-05-12T21:50:00Z","nsw":"4.89","nt":"0.76","qld":"13.94","sa":"1.68","tas":"0.88","vic":"1.41","wa":"0.12"},{"ts":"2013-05-12T22:00:00Z","nsw":"5.46","nt":"1.47","qld":"15.69","sa":"2.68","tas":"1.34","vic":"2.32","wa":"0.10"},{"ts":"2013-05-12T22:10:00Z","nsw":"6.16","nt":"2.52","qld":"18.36","sa":"3.65","tas":"1.78","vic":"3.63","wa":"0.12"},{"ts":"2013-05-12T22:20:00Z","nsw":"7.05","nt":"3.32","qld":"17.68","sa":"5.25","tas":"2.66","vic":"4.75","wa":"0.11"},{"ts":"2013-05-12T22:30:00Z","nsw":"8.38","nt":"4.83","qld":"15.28","sa":"6.45","tas":"2.96","vic":"5.25","wa":"0.10"},{"ts":"2013-05-12T22:40:00Z","nsw":"10.19","nt":"6.02","qld":"14.89","sa":"7.29","tas":"4.09","vic":"6.90","wa":"0.11"},{"ts":"2013-05-12T22:50:00Z","nsw":"10.64","nt":"9.61","qld":"17.81","sa":"9.45","tas":"5.00","vic":"7.63","wa":"0.12"},{"ts":"2013-05-12T23:00:00Z","nsw":"14.88","nt":"8.55","qld":"23.83","sa":"12.88","tas":"6.09","vic":"8.68","wa":"0.24"},{"ts":"2013-05-12T23:10:00Z","nsw":"14.49","nt":"15.55","qld":"23.75","sa":"12.49","tas":"6.84","vic":"11.14","wa":"0.92"},{"ts":"2013-05-12T23:20:00Z","nsw":"16.92","nt":"20.25","qld":"27.58","sa":"14.36","tas":"10.01","vic":"12.30","wa":"2.11"},{"ts":"2013-05-12T23:30:00Z","nsw":"19.10","nt":"21.76","qld":"30.47","sa":"23.37","tas":"11.58","vic":"13.34","wa":"3.72"},{"ts":"2013-05-12T23:40:00Z","nsw":"18.43","nt":"25.80","qld":"32.56","sa":"27.05","tas":"14.33","vic":"14.72","wa":"6.24"},{"ts":"2013-05-12T23:50:00Z","nsw":"18.65","nt":"30.14","qld":"32.10","sa":"31.73","tas":"13.36","vic":"13.59","wa":"9.54"},{"ts":"2013-05-13T00:00:00Z","nsw":"19.98","nt":"34.12","qld":"29.68","sa":"27.55","tas":"15.37","vic":"15.65","wa":"12.95"},{"ts":"2013-05-13T00:10:00Z","nsw":"19.14","nt":"39.67","qld":"31.83","sa":"31.15","tas":"16.53","vic":"17.39","wa":"16.26"},{"ts":"2013-05-13T00:20:00Z","nsw":"25.23","nt":"41.95","qld":"33.16","sa":"32.02","tas":"17.58","vic":"18.80","wa":"19.67"},{"ts":"2013-05-13T00:30:00Z","nsw":"28.74","nt":"45.23","qld":"29.78","sa":"37.06","tas":"14.14","vic":"18.82","wa":"22.52"},{"ts":"2013-05-13T00:40:00Z","nsw":"33.83","nt":"47.63","qld":"27.92","sa":"40.47","tas":"15.23","vic":"20.67","wa":"26.73"},{"ts":"2013-05-13T00:50:00Z","nsw":"36.00","nt":"50.76","qld":"28.22","sa":"43.50","tas":"16.88","vic":"19.77","wa":"29.16"},{"ts":"2013-05-13T01:00:00Z","nsw":"30.68","nt":"53.55","qld":"30.77","sa":"42.61","tas":"26.39","vic":"21.07","wa":"31.95"},{"ts":"2013-05-13T01:10:00Z","nsw":"27.26","nt":"56.54","qld":"30.07","sa":"46.49","tas":"26.22","vic":"24.13","wa":"35.67"},{"ts":"2013-05-13T01:20:00Z","nsw":"31.18","nt":"60.30","qld":"31.43","sa":"41.66","tas":"30.23","vic":"24.88","wa":"37.89"},{"ts":"2013-05-13T01:30:00Z","nsw":"32.27","nt":"54.05","qld":"31.07","sa":"45.39","tas":"27.25","vic":"25.24","wa":"40.81"},{"ts":"2013-05-13T01:40:00Z","nsw":"33.10","nt":"56.84","qld":"30.20","sa":"40.86","tas":"27.02","vic":"27.70","wa":"41.99"},{"ts":"2013-05-13T01:50:00Z","nsw":"32.24","nt":"45.76","qld":"29.00","sa":"47.03","tas":"31.39","vic":"28.04","wa":"44.83"},{"ts":"2013-05-13T02:00:00Z","nsw":"37.51","nt":"64.42","qld":"32.16","sa":"44.78","tas":"37.47","vic":"33.35","wa":"46.44"},{"ts":"2013-05-13T02:10:00Z","nsw":"32.40","nt":"49.14","qld":"39.73","sa":"46.63","tas":"35.22","vic":"34.83","wa":"48.17"},{"ts":"2013-05-13T02:20:00Z","nsw":"29.92","nt":"72.63","qld":"43.77","sa":"43.85","tas":"45.31","vic":"34.91","wa":"49.27"},{"ts":"2013-05-13T02:30:00Z","nsw":"35.30","nt":"68.12","qld":"37.54","sa":"47.23","tas":"37.50","vic":"33.08","wa":"51.85"},{"ts":"2013-05-13T02:40:00Z","nsw":"34.14","nt":"58.01","qld":"31.13","sa":"48.07","tas":"33.80","vic":"35.63","wa":"54.12"},{"ts":"2013-05-13T02:50:00Z","nsw":"28.88","nt":"68.45","qld":"27.11","sa":"47.05","tas":"39.46","vic":"37.04","wa":"54.66"},{"ts":"2013-05-13T03:00:00Z","nsw":"22.18","nt":"50.35","qld":"27.61","sa":"45.92","tas":"48.23","vic":"40.40","wa":"56.35"},{"ts":"2013-05-13T03:10:00Z","nsw":"21.05","nt":"44.92","qld":"26.86","sa":"49.50","tas":"36.02","vic":"36.32","wa":"56.20"},{"ts":"2013-05-13T03:20:00Z","nsw":"19.54","nt":"60.50","qld":"26.68","sa":"49.03","tas":"42.35","vic":"32.67","wa":"56.76"},{"ts":"2013-05-13T03:30:00Z","nsw":"17.01","nt":"54.23","qld":"25.78","sa":"46.58","tas":"33.46","vic":"27.31","wa":"56.12"},{"ts":"2013-05-13T03:40:00Z","nsw":"19.10","nt":"48.88","qld":"27.73","sa":"42.23","tas":"45.73","vic":"28.92","wa":"56.59"},{"ts":"2013-05-13T03:50:00Z","nsw":"17.98","nt":"50.93","qld":"27.40","sa":"43.62","tas":"32.60","vic":"28.24","wa":"53.08"},{"ts":"2013-05-13T04:00:00Z","nsw":"14.50","nt":"38.21","qld":"25.75","sa":"41.97","tas":"32.32","vic":"30.14","wa":"51.50"},{"ts":"2013-05-13T04:10:00Z","nsw":"15.14","nt":"36.49","qld":"23.14","sa":"39.98","tas":"26.90","vic":"24.26","wa":"51.88"},{"ts":"2013-05-13T04:20:00Z","nsw":"12.77","nt":"58.22","qld":"28.29","sa":"37.22","tas":"26.43","vic":"22.27","wa":"48.08"},{"ts":"2013-05-13T04:30:00Z","nsw":"15.53","nt":"54.41","qld":"25.50","sa":"39.26","tas":"22.48","vic":"18.54","wa":"44.99"},{"ts":"2013-05-13T04:40:00Z","nsw":"14.66","nt":"56.94","qld":"20.77","sa":"38.50","tas":"23.17","vic":"15.67","wa":"42.98"},{"ts":"2013-05-13T04:50:00Z","nsw":"15.01","nt":"61.16","qld":"20.02","sa":"34.37","tas":"18.54","vic":"13.07","wa":"41.43"},{"ts":"2013-05-13T05:00:00Z","nsw":"14.59","nt":"61.60","qld":"25.36","sa":"33.29","tas":"20.24","vic":"11.66","wa":"39.77"},{"ts":"2013-05-13T05:10:00Z","nsw":"10.89","nt":"53.53","qld":"25.58","sa":"31.66","tas":"18.59","vic":"10.51","wa":"39.45"},{"ts":"2013-05-13T05:20:00Z","nsw":"9.75","nt":"60.40","qld":"21.57","sa":"26.59","tas":"13.88","vic":"10.57","wa":"35.47"},{"ts":"2013-05-13T05:30:00Z","nsw":"8.91","nt":"47.57","qld":"17.45","sa":"24.71","tas":"12.98","vic":"9.81","wa":"37.70"},{"ts":"2013-05-13T05:40:00Z","nsw":"6.80","nt":"50.24","qld":"18.35","sa":"23.07","tas":"7.61","vic":"11.29","wa":"33.95"},{"ts":"2013-05-13T05:50:00Z","nsw":"5.59","nt":"38.87","qld":"15.39","sa":"24.07","tas":"9.46","vic":"11.25","wa":"32.15"},{"ts":"2013-05-13T06:00:00Z","nsw":"4.88","nt":"39.59","qld":"11.14","sa":"21.82","tas":"9.58","vic":"11.00","wa":"30.66"},{"ts":"2013-05-13T06:10:00Z","nsw":"3.67","nt":"42.36","qld":"7.64","sa":"14.50","tas":"5.64","vic":"9.39","wa":"26.17"},{"ts":"2013-05-13T06:20:00Z","nsw":"3.14","nt":"45.22","qld":"7.10","sa":"12.81","tas":"3.44","vic":"8.76","wa":"30.46"},{"ts":"2013-05-13T06:30:00Z","nsw":"2.80","nt":"42.69","qld":"5.26","sa":"9.59","tas":"2.30","vic":"5.82","wa":"28.82"},{"ts":"2013-05-13T06:40:00Z","nsw":"1.79","nt":"35.56","qld":"3.75","sa":"7.87","tas":"1.55","vic":"3.78","wa":"28.61"},{"ts":"2013-05-13T06:50:00Z","nsw":"1.33","nt":"23.55","qld":"2.33","sa":"6.52","tas":"0.93","vic":"2.75","wa":"25.96"},{"ts":"2013-05-13T07:00:00Z","nsw":"1.19","nt":"24.23","qld":"1.83","sa":"6.59","tas":"0.36","vic":"1.95","wa":"30.36"},{"ts":"2013-05-13T07:10:00Z","nsw":"0.93","nt":"23.68","qld":"1.10","sa":"4.23","tas":"0.09","vic":"1.09","wa":"25.97"},{"ts":"2013-05-13T07:20:00Z","nsw":"0.58","nt":"21.34","qld":"1.09","sa":"2.87","tas":"0.09","vic":"0.75","wa":"24.83"},{"ts":"2013-05-13T07:30:00Z","nsw":"0.49","nt":"15.13","qld":"0.80","sa":"1.93","tas":"0.09","vic":"0.60","wa":"24.57"},{"ts":"2013-05-13T07:40:00Z","nsw":"1.11","nt":"12.11","qld":"0.51","sa":"1.03","tas":"0.07","vic":"0.51","wa":"19.64"},{"ts":"2013-05-13T07:50:00Z","nsw":"0.82","nt":"9.03","qld":"0.43","sa":"0.46","tas":"0.00","vic":"0.23","wa":"16.86"},{"ts":"2013-05-13T08:00:00Z","nsw":"1.08","nt":"7.39","qld":"0.34","sa":"0.37","tas":"0.00","vic":"0.27","wa":"14.90"},{"ts":"2013-05-13T08:10:00Z","nsw":"0.70","nt":"6.46","qld":"0.40","sa":"0.32","tas":"0.00","vic":"0.23","wa":"11.21"},{"ts":"2013-05-13T08:20:00Z","nsw":"1.24","nt":"3.91","qld":"0.43","sa":"0.31","tas":"0.00","vic":"0.25","wa":"8.20"},{"ts":"2013-05-13T08:30:00Z","nsw":"2.63","nt":"2.80","qld":"0.44","sa":"0.17","tas":"0.00","vic":"0.23","wa":"5.98"},{"ts":"2013-05-13T08:40:00Z","nsw":"1.35","nt":"1.46","qld":"0.42","sa":"0.17","tas":"0.00","vic":"0.26","wa":"3.63"},{"ts":"2013-05-13T08:50:00Z","nsw":"1.62","nt":"0.71","qld":"0.42","sa":"0.17","tas":"0.00","vic":"0.23","wa":"2.70"},{"ts":"2013-05-13T09:00:00Z","nsw":"1.29","nt":"0.37","qld":"0.47","sa":"0.16","tas":"0.00","vic":"0.13","wa":"1.94"},{"ts":"2013-05-13T09:10:00Z","nsw":"1.25","nt":"0.36","qld":"0.44","sa":"0.16","tas":"0.00","vic":"0.12","wa":"1.07"},{"ts":"2013-05-13T09:20:00Z","nsw":"0.98","nt":"0.36","qld":"0.46","sa":"0.17","tas":"0.00","vic":"0.16","wa":"0.38"},{"ts":"2013-05-13T09:30:00Z","nsw":"1.29","nt":"0.36","qld":"0.48","sa":"0.15","tas":"0.00","vic":"0.18","wa":"0.20"},{"ts":"2013-05-13T09:40:00Z","nsw":"1.04","nt":"0.33","qld":"0.46","sa":"0.15","tas":"0.00","vic":"0.19","wa":"0.18"},{"ts":"2013-05-13T09:50:00Z","nsw":"1.03","nt":"0.33","qld":"0.50","sa":"0.14","tas":"0.00","vic":"0.18","wa":"0.19"},{"ts":"2013-05-13T10:00:00Z","nsw":"1.68","nt":"0.52","qld":"0.49","sa":"0.16","tas":"0.00","vic":"0.15","wa":"0.20"},{"ts":"2013-05-13T10:10:00Z","nsw":"1.75","nt":"0.52","qld":"0.45","sa":"0.15","tas":"0.00","vic":"0.33","wa":"0.20"},{"ts":"2013-05-13T10:20:00Z","nsw":"1.71","nt":"0.52","qld":"0.44","sa":"0.15","tas":"0.00","vic":"0.20","wa":"0.11"},{"ts":"2013-05-13T10:30:00Z","nsw":"1.62","nt":"0.52","qld":"0.49","sa":"0.16","tas":"0.00","vic":"0.07","wa":"0.23"},{"ts":"2013-05-13T10:40:00Z","nsw":"1.58","nt":"0.52","qld":"0.49","sa":"0.16","tas":"0.00","vic":"0.41","wa":"0.21"},{"ts":"2013-05-13T10:50:00Z","nsw":"1.49","nt":"0.52","qld":"0.49","sa":"0.16","tas":"0.00","vic":"0.28","wa":"0.23"},{"ts":"2013-05-13T11:00:00Z","nsw":"1.67","nt":"0.52","qld":"0.46","sa":"0.16","tas":"0.00","vic":"0.16","wa":"0.22"},{"ts":"2013-05-13T11:10:00Z","nsw":"1.55","nt":"0.52","qld":"0.47","sa":"0.15","tas":"0.00","vic":"0.66","wa":"0.23"},{"ts":"2013-05-13T11:20:00Z","nsw":"1.83","nt":"0.52","qld":"0.48","sa":"0.16","tas":"0.00","vic":"0.64","wa":"0.21"},{"ts":"2013-05-13T11:30:00Z","nsw":"1.67","nt":"0.52","qld":"0.46","sa":"0.16","tas":"0.00","vic":"0.71","wa":"0.23"},{"ts":"2013-05-13T11:40:00Z","nsw":"1.38","nt":"0.52","qld":"0.50","sa":"0.11","tas":"0.00","vic":"0.77","wa":"0.22"},{"ts":"2013-05-13T11:50:00Z","nsw":"1.26","nt":"0.52","qld":"0.49","sa":"0.12","tas":"0.00","vic":"0.38","wa":"0.12"},{"ts":"2013-05-13T12:00:00Z","nsw":"0.82","nt":"0.52","qld":"0.50","sa":"0.12","tas":"0.00","vic":"0.55","wa":"0.21"},{"ts":"2013-05-13T12:10:00Z","nsw":"0.75","nt":"0.52","qld":"0.45","sa":"0.13","tas":"0.00","vic":"0.59","wa":"0.24"},{"ts":"2013-05-13T12:20:00Z","nsw":"0.82","nt":"0.52","qld":"0.45","sa":"0.12","tas":"0.00","vic":"0.64","wa":"0.21"},{"ts":"2013-05-13T12:30:00Z","nsw":"0.47","nt":"0.52","qld":"0.46","sa":"0.12","tas":"0.00","vic":"0.31","wa":"0.23"},{"ts":"2013-05-13T12:40:00Z","nsw":"0.48","nt":"0.52","qld":"0.46","sa":"0.12","tas":"0.00","vic":"0.35","wa":"0.22"},{"ts":"2013-05-13T12:50:00Z","nsw":"0.44","nt":"0.52","qld":"0.46","sa":"0.12","tas":"0.00","vic":"0.29","wa":"0.23"}],"contribution":[{"ts":"2013-05-12T18:00:00Z","nsw":"0.02","qld":"0.08","sa":"0.05","tas":"0.00","vic":"0.01","wa":"0.02"},{"ts":"2013-05-12T18:10:00Z","nsw":"0.04","qld":"0.08","sa":"0.05","tas":"0.00","vic":"0.01"},{"ts":"2013-05-12T18:20:00Z","nsw":"0.02","qld":"0.08","sa":"0.05","tas":"0.00","vic":"0.00"},{"ts":"2013-05-12T18:30:00Z","nsw":"0.02","sa":"0.05","tas":"0.00","vic":"0.01","wa":"0.02"},{"ts":"2013-05-12T18:40:00Z","nsw":"0.02","qld":"0.08","sa":"0.05","tas":"0.00","vic":"0.01"},{"ts":"2013-05-12T18:50:00Z","nsw":"0.02","qld":"0.08","sa":"0.05","tas":"0.00","vic":"0.01"},{"ts":"2013-05-12T19:00:00Z","nsw":"0.02","qld":"0.08","sa":"0.05","tas":"0.00","vic":"0.01","wa":"0.02"},{"ts":"2013-05-12T19:10:00Z","nsw":"0.04","qld":"0.09","sa":"0.05","tas":"0.00","vic":"0.00"},{"ts":"2013-05-12T19:20:00Z","nsw":"0.04","qld":"0.08","sa":"0.04","tas":"0.00","vic":"0.00"},{"ts":"2013-05-12T19:30:00Z","nsw":"0.04","qld":"0.08","sa":"0.04","tas":"0.00","vic":"0.00","wa":"0.02"},{"ts":"2013-05-12T19:40:00Z","nsw":"0.04","qld":"0.08","sa":"0.04","tas":"0.00","vic":"0.00"},{"ts":"2013-05-12T19:50:00Z","nsw":"0.03","qld":"0.07","sa":"0.04","tas":"0.00","vic":"0.00"},{"ts":"2013-05-12T20:00:00Z","nsw":"0.03","qld":"0.07","sa":"0.04","tas":"0.00","vic":"0.00","wa":"0.02"},{"ts":"2013-05-12T20:10:00Z","nsw":"0.03","qld":"0.06","sa":"0.04","tas":"0.00","vic":"0.00"},{"ts":"2013-05-12T20:20:00Z","nsw":"0.03","qld":"0.04","sa":"0.04","tas":"0.00","vic":"0.01"},{"ts":"2013-05-12T20:30:00Z","nsw":"0.04","qld":"0.17","sa":"0.04","tas":"0.00","vic":"0.00","wa":"0.02"},{"ts":"2013-05-12T20:40:00Z","nsw":"0.03","qld":"0.31","sa":"0.04","tas":"0.00","vic":"0.00"},{"ts":"2013-05-12T20:50:00Z","nsw":"0.04","qld":"0.42","sa":"0.04","tas":"0.00","vic":"0.00"},{"ts":"2013-05-12T21:00:00Z","nsw":"0.09","qld":"0.59","sa":"0.04","tas":"0.00","vic":"0.00","wa":"0.02"},{"ts":"2013-05-12T21:10:00Z","nsw":"0.15","qld":"0.75","sa":"0.04","tas":"0.00","vic":"0.00"},{"ts":"2013-05-12T21:20:00Z","nsw":"0.20","qld":"0.89","sa":"0.04","tas":"0.00","vic":"0.01"},{"ts":"2013-05-12T21:30:00Z","nsw":"0.26","qld":"1.10","sa":"0.08","tas":"0.00","vic":"0.01","wa":"0.02"},{"ts":"2013-05-12T21:40:00Z","nsw":"0.29","qld":"1.46","sa":"0.27","tas":"0.02","vic":"0.06"},{"ts":"2013-05-12T21:50:00Z","nsw":"0.32","qld":"1.78","sa":"0.46","tas":"0.02","vic":"0.10"},{"ts":"2013-05-12T22:00:00Z","nsw":"0.35","qld":"2.03","sa":"0.70","tas":"0.04","vic":"0.17","wa":"0.02"},{"ts":"2013-05-12T22:10:00Z","nsw":"0.39","qld":"2.36","sa":"0.96","tas":"0.05","vic":"0.26"},{"ts":"2013-05-12T22:20:00Z","nsw":"0.45","qld":"2.29","sa":"1.38","tas":"0.07","vic":"0.34"},{"ts":"2013-05-12T22:30:00Z","nsw":"0.53","qld":"1.97","sa":"1.66","tas":"0.08","vic":"0.38","wa":"0.02"},{"ts":"2013-05-12T22:40:00Z","nsw":"0.65","qld":"1.94","sa":"1.86","tas":"0.11","vic":"0.49"},{"ts":"2013-05-12T22:50:00Z","nsw":"0.68","qld":"2.31","sa":"2.39","tas":"0.14","vic":"0.55"},{"ts":"2013-05-12T23:00:00Z","nsw":"0.94","qld":"3.06","sa":"3.24","tas":"0.17","vic":"0.62","wa":"0.04"},{"ts":"2013-05-12T23:10:00Z","nsw":"0.91","qld":"3.07","sa":"3.18","tas":"0.19","vic":"0.79"},{"ts":"2013-05-12T23:20:00Z","nsw":"1.07","qld":"3.52","sa":"3.61","tas":"0.28","vic":"0.87"},{"ts":"2013-05-12T23:30:00Z","nsw":"1.20","qld":"3.92","sa":"5.73","tas":"0.32","vic":"0.95","wa":"0.56"},{"ts":"2013-05-12T23:40:00Z","nsw":"1.15","qld":"4.16","sa":"6.62","tas":"0.40","vic":"1.05"},{"ts":"2013-05-12T23:50:00Z","nsw":"1.17","qld":"4.10","sa":"7.87","tas":"0.38","vic":"0.96"},{"ts":"2013-05-13T00:00:00Z","nsw":"1.26","qld":"3.79","sa":"6.65","tas":"0.44","vic":"1.12","wa":"1.82"},{"ts":"2013-05-13T00:10:00Z","nsw":"1.20","qld":"4.07","sa":"7.27","tas":"0.48","vic":"1.24"},{"ts":"2013-05-13T00:20:00Z","nsw":"1.59","qld":"4.24","sa":"7.88","tas":"0.50","vic":"1.35"},{"ts":"2013-05-13T00:30:00Z","nsw":"1.80","qld":"3.83","sa":"8.94","tas":"0.40","vic":"1.35","wa":"3.10"},{"ts":"2013-05-13T00:40:00Z","nsw":"2.13","qld":"3.56","sa":"9.69","tas":"0.44","vic":"1.47"},{"ts":"2013-05-13T00:50:00Z","nsw":"2.26","qld":"3.60","sa":"10.52","tas":"0.49","vic":"1.40"},{"ts":"2013-05-13T01:00:00Z","nsw":"1.93","qld":"3.89","sa":"10.41","tas":"0.76","vic":"1.49","wa":"4.45"},{"ts":"2013-05-13T01:10:00Z","nsw":"1.71","qld":"3.84","sa":"11.22","tas":"0.76","vic":"1.73"},{"ts":"2013-05-13T01:20:00Z","nsw":"1.97","qld":"4.01","sa":"10.07","tas":"0.89","vic":"1.79"},{"ts":"2013-05-13T01:30:00Z","nsw":"2.04","qld":"3.98","sa":"11.03","tas":"0.81","vic":"1.80","wa":"5.72"},{"ts":"2013-05-13T01:40:00Z","nsw":"2.10","qld":"3.86","sa":"10.04","tas":"0.82","vic":"2.01"},{"ts":"2013-05-13T01:50:00Z","nsw":"2.03","qld":"3.66","sa":"11.62","tas":"0.98","vic":"2.02"},{"ts":"2013-05-13T02:00:00Z","nsw":"2.35","qld":"4.08","sa":"11.08","tas":"1.20","vic":"2.42","wa":"6.58"},{"ts":"2013-05-13T02:10:00Z","nsw":"2.06","qld":"4.98","sa":"11.45","tas":"1.10","vic":"2.48"},{"ts":"2013-05-13T02:20:00Z","nsw":"1.90","qld":"5.43","sa":"10.71","tas":"1.38","vic":"2.53"},{"ts":"2013-05-13T02:30:00Z","nsw":"2.26","qld":"4.76","sa":"11.30","tas":"1.12","vic":"2.38","wa":"7.45"},{"ts":"2013-05-13T02:40:00Z","nsw":"2.16","qld":"3.96","sa":"11.50","tas":"0.99","vic":"2.59"},{"ts":"2013-05-13T02:50:00Z","nsw":"1.83","qld":"3.47","sa":"11.61","tas":"1.21","vic":"2.68"},{"ts":"2013-05-13T03:00:00Z","nsw":"1.42","qld":"3.51","sa":"11.45","tas":"1.47","vic":"2.93","wa":"8.13"},{"ts":"2013-05-13T03:10:00Z","nsw":"1.36","qld":"3.41","sa":"12.28","tas":"1.10","vic":"2.63"},{"ts":"2013-05-13T03:20:00Z","nsw":"1.26","qld":"3.38","sa":"12.41","tas":"1.29","vic":"2.36"},{"ts":"2013-05-13T03:30:00Z","nsw":"1.10","qld":"3.26","sa":"11.88","tas":"1.03","vic":"1.99","wa":"8.24"},{"ts":"2013-05-13T03:40:00Z","nsw":"1.23","qld":"3.52","sa":"10.60","tas":"1.42","vic":"2.10"},{"ts":"2013-05-13T03:50:00Z","nsw":"1.17","qld":"3.46","sa":"10.79","tas":"1.02","vic":"2.07"},{"ts":"2013-05-13T04:00:00Z","nsw":"0.94","qld":"3.25","sa":"10.24","tas":"1.01","vic":"2.20","wa":"7.62"},{"ts":"2013-05-13T04:10:00Z","nsw":"0.98","qld":"2.91","sa":"9.82","tas":"0.80","vic":"1.77"},{"ts":"2013-05-13T04:20:00Z","nsw":"0.82","qld":"3.57","sa":"9.06","tas":"0.79","vic":"1.65"},{"ts":"2013-05-13T04:30:00Z","nsw":"1.00","qld":"3.24","sa":"9.58","tas":"0.67","vic":"1.39","wa":"6.70"},{"ts":"2013-05-13T04:40:00Z","nsw":"0.95","qld":"2.67","sa":"9.57","tas":"0.69","vic":"1.18"},{"ts":"2013-05-13T04:50:00Z","nsw":"0.99","qld":"2.57","sa":"8.49","tas":"0.56","vic":"0.97"},{"ts":"2013-05-13T05:00:00Z","nsw":"0.97","qld":"3.25","sa":"8.75","tas":"0.60","vic":"0.86","wa":"5.92"},{"ts":"2013-05-13T05:10:00Z","nsw":"0.72","qld":"3.27","sa":"7.99","tas":"0.56","vic":"0.76"},{"ts":"2013-05-13T05:20:00Z","nsw":"0.64","qld":"2.77","sa":"6.67","tas":"0.42","vic":"0.77"},{"ts":"2013-05-13T05:30:00Z","nsw":"0.58","qld":"2.24","sa":"6.27","tas":"0.39","vic":"0.71","wa":"5.57"},{"ts":"2013-05-13T05:40:00Z","nsw":"0.44","qld":"2.36","sa":"6.05","tas":"0.23","vic":"0.83"},{"ts":"2013-05-13T05:50:00Z","nsw":"0.36","qld":"1.95","sa":"6.45","tas":"0.28","vic":"0.81"},{"ts":"2013-05-13T06:00:00Z","nsw":"0.32","qld":"1.42","sa":"5.73","tas":"0.29","vic":"0.79","wa":"4.53"},{"ts":"2013-05-13T06:10:00Z","nsw":"0.24","qld":"0.97","sa":"3.76","tas":"0.17","vic":"0.68"},{"ts":"2013-05-13T06:20:00Z","nsw":"0.20","qld":"0.90","sa":"3.25","tas":"0.10","vic":"0.63"},{"ts":"2013-05-13T06:30:00Z","nsw":"0.18","qld":"0.66","sa":"2.45","tas":"0.07","vic":"0.42","wa":"4.27"},{"ts":"2013-05-13T06:40:00Z","nsw":"0.11","qld":"0.47","sa":"1.96","tas":"0.04","vic":"0.27"},{"ts":"2013-05-13T06:50:00Z","nsw":"0.08","qld":"0.29","sa":"1.60","tas":"0.03","vic":"0.19"},{"ts":"2013-05-13T07:00:00Z","nsw":"0.07","qld":"0.22","sa":"1.60","tas":"0.01","vic":"0.13","wa":"4.49"},{"ts":"2013-05-13T07:10:00Z","nsw":"0.06","qld":"0.13","sa":"1.03","tas":"0.00","vic":"0.08"},{"ts":"2013-05-13T07:20:00Z","nsw":"0.03","qld":"0.13","sa":"0.70","tas":"0.00","vic":"0.05"},{"ts":"2013-05-13T07:30:00Z","nsw":"0.03","qld":"0.10","sa":"0.47","tas":"0.00","vic":"0.04","wa":"3.66"},{"ts":"2013-05-13T07:40:00Z","nsw":"0.06","qld":"0.06","sa":"0.25","tas":"0.00","vic":"0.03"},{"ts":"2013-05-13T07:50:00Z","nsw":"0.05","qld":"0.05","sa":"0.10","tas":"0.00","vic":"0.01"},{"ts":"2013-05-13T08:00:00Z","nsw":"0.06","qld":"0.04","sa":"0.08","tas":"0.00","vic":"0.02","wa":"2.21"},{"ts":"2013-05-13T08:10:00Z","nsw":"0.04","qld":"0.05","sa":"0.07","tas":"0.00","vic":"0.01"},{"ts":"2013-05-13T08:20:00Z","nsw":"0.07","qld":"0.05","sa":"0.07","tas":"0.00","vic":"0.02"},{"ts":"2013-05-13T08:30:00Z","nsw":"0.15","qld":"0.05","sa":"0.04","tas":"0.00","vic":"0.01","wa":"0.89"},{"ts":"2013-05-13T08:40:00Z","nsw":"0.08","qld":"0.05","sa":"0.04","tas":"0.00","vic":"0.02"},{"ts":"2013-05-13T08:50:00Z","nsw":"0.10","qld":"0.05","sa":"0.04","tas":"0.00","vic":"0.02"},{"ts":"2013-05-13T09:00:00Z","nsw":"0.08","qld":"0.06","sa":"0.04","tas":"0.00","vic":"0.01","wa":"0.28"},{"ts":"2013-05-13T09:10:00Z","nsw":"0.08","qld":"0.05","sa":"0.03","tas":"0.00","vic":"0.01"},{"ts":"2013-05-13T09:20:00Z","nsw":"0.06","qld":"0.06","sa":"0.04","tas":"0.00","vic":"0.01"},{"ts":"2013-05-13T09:30:00Z","nsw":"0.08","qld":"0.06","sa":"0.03","tas":"0.00","vic":"0.01","wa":"0.03"},{"ts":"2013-05-13T09:40:00Z","nsw":"0.07","qld":"0.06","sa":"0.03","tas":"0.00","vic":"0.01"},{"ts":"2013-05-13T09:50:00Z","nsw":"0.07","qld":"0.06","sa":"0.03","tas":"0.00","vic":"0.01"},{"ts":"2013-05-13T10:00:00Z","nsw":"0.11","qld":"0.06","sa":"0.04","tas":"0.00","vic":"0.01","wa":"0.03"},{"ts":"2013-05-13T10:10:00Z","nsw":"0.11","qld":"0.06","sa":"0.04","tas":"0.00","vic":"0.02"},{"ts":"2013-05-13T10:20:00Z","nsw":"0.11","qld":"0.06","sa":"0.04","tas":"0.00","vic":"0.01"},{"ts":"2013-05-13T10:30:00Z","nsw":"0.11","qld":"0.06","sa":"0.04","tas":"0.00","vic":"0.01","wa":"0.03"},{"ts":"2013-05-13T10:40:00Z","nsw":"0.10","qld":"0.06","sa":"0.04","tas":"0.00","vic":"0.03"},{"ts":"2013-05-13T10:50:00Z","nsw":"0.10","qld":"0.06","sa":"0.04","tas":"0.00","vic":"0.02"},{"ts":"2013-05-13T11:00:00Z","nsw":"0.11","qld":"0.06","sa":"0.04","tas":"0.00","vic":"0.01","wa":"0.03"},{"ts":"2013-05-13T11:10:00Z","nsw":"0.10","qld":"0.06","sa":"0.04","tas":"0.00","vic":"0.05"},{"ts":"2013-05-13T11:20:00Z","nsw":"0.13","qld":"0.06","sa":"0.04","tas":"0.00","vic":"0.05"},{"ts":"2013-05-13T11:30:00Z","nsw":"0.12","qld":"0.06","sa":"0.04","tas":"0.00","vic":"0.05","wa":"0.03"},{"ts":"2013-05-13T11:40:00Z","nsw":"0.10","qld":"0.07","sa":"0.03","tas":"0.00","vic":"0.06"},{"ts":"2013-05-13T11:50:00Z","nsw":"0.09","qld":"0.07","sa":"0.03","tas":"0.00","vic":"0.03"},{"ts":"2013-05-13T12:00:00Z","nsw":"0.06","qld":"0.07","sa":"0.03","tas":"0.00","vic":"0.04","wa":"0.03"},{"ts":"2013-05-13T12:10:00Z","nsw":"0.05","qld":"0.06","sa":"0.03","tas":"0.00","vic":"0.05"},{"ts":"2013-05-13T12:20:00Z","nsw":"0.06","qld":"0.06","sa":"0.03","tas":"0.00","vic":"0.05"},{"ts":"2013-05-13T12:30:00Z","nsw":"0.03","qld":"0.07","sa":"0.03","tas":"0.00","vic":"0.03","wa":"0.03"},{"ts":"2013-05-13T12:40:00Z","nsw":"0.03","qld":"0.07","sa":"0.03","tas":"0.00","vic":"0.03"},{"ts":"2013-05-13T12:50:00Z","nsw":"0.03","qld":"0.07","sa":"0.03","tas":"0.00","vic":"0.02"}],"demand":[{"ts":"2013-05-12T18:00:00Z","nsw":5963,"qld":4442,"sa":950,"tas":982,"vic":4093,"wa":1371},{"ts":"2013-05-12T18:10:00Z","nsw":5995,"qld":4428,"sa":929,"tas":998,"vic":4071},{"ts":"2013-05-12T18:20:00Z","nsw":6059,"qld":4479,"sa":928,"tas":1001,"vic":4112},{"ts":"2013-05-12T18:30:00Z","nsw":6082,"qld":4555,"sa":924,"tas":1002,"vic":4139,"wa":1362},{"ts":"2013-05-12T18:40:00Z","nsw":6112,"qld":4596,"sa":908,"tas":998,"vic":4138},{"ts":"2013-05-12T18:50:00Z","nsw":6202,"qld":4625,"sa":924,"tas":1002,"vic":4123},{"ts":"2013-05-12T19:00:00Z","nsw":6265,"qld":4648,"sa":910,"tas":1016,"vic":4153,"wa":1344},{"ts":"2013-05-12T19:10:00Z","nsw":6401,"qld":4714,"sa":935,"tas":1040,"vic":4316},{"ts":"2013-05-12T19:20:00Z","nsw":6516,"qld":4801,"sa":954,"tas":1060,"vic":4383},{"ts":"2013-05-12T19:30:00Z","nsw":6594,"qld":4904,"sa":961,"tas":1068,"vic":4457,"wa":1354},{"ts":"2013-05-12T19:40:00Z","nsw":6747,"qld":4991,"sa":1007,"tas":1083,"vic":4483},{"ts":"2013-05-12T19:50:00Z","nsw":6772,"qld":5101,"sa":1053,"tas":1084,"vic":4511},{"ts":"2013-05-12T20:00:00Z","nsw":7113,"qld":5190,"sa":1096,"tas":1096,"vic":4637,"wa":1343},{"ts":"2013-05-12T20:10:00Z","nsw":7409,"qld":5412,"sa":1086,"tas":1120,"vic":4862},{"ts":"2013-05-12T20:20:00Z","nsw":7619,"qld":5522,"sa":1079,"tas":1138,"vic":4970},{"ts":"2013-05-12T20:30:00Z","nsw":7832,"qld":5620,"sa":1111,"tas":1171,"vic":5129,"wa":1365},{"ts":"2013-05-12T20:40:00Z","nsw":7999,"qld":5733,"sa":1184,"tas":1196,"vic":5267},{"ts":"2013-05-12T20:50:00Z","nsw":8225,"qld":5847,"sa":1242,"tas":1217,"vic":5468},{"ts":"2013-05-12T21:00:00Z","nsw":8265,"qld":5948,"sa":1284,"tas":1237,"vic":5581,"wa":1396},{"ts":"2013-05-12T21:10:00Z","nsw":8295,"qld":6048,"sa":1299,"tas":1263,"vic":5663},{"ts":"2013-05-12T21:20:00Z","nsw":8451,"qld":6131,"sa":1334,"tas":1298,"vic":5812},{"ts":"2013-05-12T21:30:00Z","nsw":8595,"qld":6210,"sa":1341,"tas":1332,"vic":5901,"wa":1410},{"ts":"2013-05-12T21:40:00Z","nsw":8723,"qld":6238,"sa":1394,"tas":1332,"vic":5976},{"ts":"2013-05-12T21:50:00Z","nsw":8771,"qld":6197,"sa":1377,"tas":1344,"vic":6053},{"ts":"2013-05-12T22:00:00Z","nsw":8825,"qld":6114,"sa":1432,"tas":1352,"vic":6035,"wa":1541},{"ts":"2013-05-12T22:10:00Z","nsw":8958,"qld":6134,"sa":1417,"tas":1354,"vic":6036},{"ts":"2013-05-12T22:20:00Z","nsw":8888,"qld":6132,"sa":1413,"tas":1355,"vic":6071},{"ts":"2013-05-12T22:30:00Z","nsw":8913,"qld":6127,"sa":1438,"tas":1354,"vic":6065,"wa":1692},{"ts":"2013-05-12T22:40:00Z","nsw":8942,"qld":6112,"sa":1440,"tas":1330,"vic":6126},{"ts":"2013-05-12T22:50:00Z","nsw":8903,"qld":6139,"sa":1441,"tas":1331,"vic":6147},{"ts":"2013-05-12T23:00:00Z","nsw":8911,"qld":6123,"sa":1446,"tas":1339,"vic":6175,"wa":1904},{"ts":"2013-05-12T23:10:00Z","nsw":8962,"qld":6076,"sa":1432,"tas":1319,"vic":6206},{"ts":"2013-05-12T23:20:00Z","nsw":9006,"qld":6117,"sa":1433,"tas":1313,"vic":6201},{"ts":"2013-05-12T23:30:00Z","nsw":9000,"qld":6087,"sa":1443,"tas":1313,"vic":6127,"wa":2035},{"ts":"2013-05-12T23:40:00Z","nsw":9038,"qld":6081,"sa":1412,"tas":1307,"vic":6151},{"ts":"2013-05-12T23:50:00Z","nsw":8971,"qld":6094,"sa":1392,"tas":1277,"vic":6124},{"ts":"2013-05-13T00:00:00Z","nsw":8947,"qld":6128,"sa":1460,"tas":1259,"vic":6115,"wa":2154},{"ts":"2013-05-13T00:10:00Z","nsw":8969,"qld":6087,"sa":1476,"tas":1262,"vic":6066},{"ts":"2013-05-13T00:20:00Z","nsw":8941,"qld":6077,"sa":1406,"tas":1281,"vic":6063},{"ts":"2013-05-13T00:30:00Z","nsw":8931,"qld":6092,"sa":1409,"tas":1277,"vic":6074,"wa":2165},{"ts":"2013-05-13T00:40:00Z","nsw":8853,"qld":6126,"sa":1408,"tas":1264,"vic":6109},{"ts":"2013-05-13T00:50:00Z","nsw":8904,"qld":6113,"sa":1388,"tas":1265,"vic":6127},{"ts":"2013-05-13T01:00:00Z","nsw":8847,"qld":6149,"sa":1364,"tas":1257,"vic":6101,"wa":2111},{"ts":"2013-05-13T01:10:00Z","nsw":8898,"qld":6090,"sa":1389,"tas":1246,"vic":6027},{"ts":"2013-05-13T01:20:00Z","nsw":8869,"qld":6084,"sa":1375,"tas":1232,"vic":6041},{"ts":"2013-05-13T01:30:00Z","nsw":8807,"qld":6096,"sa":1365,"tas":1211,"vic":6025,"wa":2071},{"ts":"2013-05-13T01:40:00Z","nsw":8830,"qld":6106,"sa":1369,"tas":1194,"vic":5920},{"ts":"2013-05-13T01:50:00Z","nsw":8877,"qld":6164,"sa":1346,"tas":1156,"vic":5964},{"ts":"2013-05-13T02:00:00Z","nsw":8862,"qld":6129,"sa":1348,"tas":1135,"vic":5924,"wa":2027},{"ts":"2013-05-13T02:10:00Z","nsw":8778,"qld":6150,"sa":1364,"tas":1168,"vic":6024},{"ts":"2013-05-13T02:20:00Z","nsw":8826,"qld":6151,"sa":1353,"tas":1194,"vic":5975},{"ts":"2013-05-13T02:30:00Z","nsw":8746,"qld":6091,"sa":1399,"tas":1202,"vic":5942,"wa":1983},{"ts":"2013-05-13T02:40:00Z","nsw":8834,"qld":6095,"sa":1374,"tas":1218,"vic":5923},{"ts":"2013-05-13T02:50:00Z","nsw":8841,"qld":6126,"sa":1338,"tas":1192,"vic":5920},{"ts":"2013-05-13T03:00:00Z","nsw":8749,"qld":6159,"sa":1330,"tas":1190,"vic":5901,"wa":1958},{"ts":"2013-05-13T03:10:00Z","nsw":8743,"qld":6161,"sa":1322,"tas":1193,"vic":5926},{"ts":"2013-05-13T03:20:00Z","nsw":8776,"qld":6171,"sa":1301,"tas":1187,"vic":5943},{"ts":"2013-05-13T03:30:00Z","nsw":8743,"qld":6215,"sa":1302,"tas":1185,"vic":5956,"wa":1922},{"ts":"2013-05-13T03:40:00Z","nsw":8745,"qld":6189,"sa":1338,"tas":1147,"vic":5963},{"ts":"2013-05-13T03:50:00Z","nsw":8695,"qld":6206,"sa":1358,"tas":1165,"vic":5902},{"ts":"2013-05-13T04:00:00Z","nsw":8719,"qld":6201,"sa":1377,"tas":1190,"vic":5902,"wa":1921},{"ts":"2013-05-13T04:10:00Z","nsw":8718,"qld":6262,"sa":1382,"tas":1209,"vic":5921},{"ts":"2013-05-13T04:20:00Z","nsw":8772,"qld":6178,"sa":1384,"tas":1220,"vic":5856},{"ts":"2013-05-13T04:30:00Z","nsw":8764,"qld":6182,"sa":1373,"tas":1232,"vic":5825,"wa":1927},{"ts":"2013-05-13T04:40:00Z","nsw":8670,"qld":6146,"sa":1366,"tas":1217,"vic":5837},{"ts":"2013-05-13T04:50:00Z","nsw":8596,"qld":6156,"sa":1372,"tas":1225,"vic":5900},{"ts":"2013-05-13T05:00:00Z","nsw":8570,"qld":6108,"sa":1324,"tas":1226,"vic":5937,"wa":1944},{"ts":"2013-05-13T05:10:00Z","nsw":8626,"qld":6137,"sa":1380,"tas":1210,"vic":6008},{"ts":"2013-05-13T05:20:00Z","nsw":8708,"qld":6154,"sa":1394,"tas":1225,"vic":5984},{"ts":"2013-05-13T05:30:00Z","nsw":8709,"qld":6188,"sa":1380,"tas":1229,"vic":6001,"wa":1968},{"ts":"2013-05-13T05:40:00Z","nsw":8733,"qld":6212,"sa":1321,"tas":1236,"vic":5990},{"ts":"2013-05-13T05:50:00Z","nsw":8731,"qld":6271,"sa":1312,"tas":1221,"vic":6086},{"ts":"2013-05-13T06:00:00Z","nsw":8791,"qld":6295,"sa":1355,"tas":1215,"vic":6073,"wa":1987},{"ts":"2013-05-13T06:10:00Z","nsw":8779,"qld":6352,"sa":1412,"tas":1242,"vic":6105},{"ts":"2013-05-13T06:20:00Z","nsw":8880,"qld":6349,"sa":1434,"tas":1267,"vic":6115},{"ts":"2013-05-13T06:30:00Z","nsw":8883,"qld":6419,"sa":1447,"tas":1261,"vic":6163,"wa":1988},{"ts":"2013-05-13T06:40:00Z","nsw":8964,"qld":6462,"sa":1480,"tas":1263,"vic":6206},{"ts":"2013-05-13T06:50:00Z","nsw":9107,"qld":6560,"sa":1507,"tas":1263,"vic":6311},{"ts":"2013-05-13T07:00:00Z","nsw":9228,"qld":6604,"sa":1518,"tas":1329,"vic":6412,"wa":1987},{"ts":"2013-05-13T07:10:00Z","nsw":9346,"qld":6711,"sa":1518,"tas":1348,"vic":6354},{"ts":"2013-05-13T07:20:00Z","nsw":9671,"qld":6757,"sa":1512,"tas":1378,"vic":6532},{"ts":"2013-05-13T07:30:00Z","nsw":9804,"qld":6810,"sa":1523,"tas":1392,"vic":6678,"wa":1988},{"ts":"2013-05-13T07:40:00Z","nsw":9865,"qld":6829,"sa":1539,"tas":1402,"vic":6845},{"ts":"2013-05-13T07:50:00Z","nsw":9950,"qld":6855,"sa":1642,"tas":1365,"vic":7018},{"ts":"2013-05-13T08:00:00Z","nsw":9835,"qld":6795,"sa":1670,"tas":1384,"vic":6970,"wa":2024},{"ts":"2013-05-13T08:10:00Z","nsw":9754,"qld":6677,"sa":1704,"tas":1346,"vic":6963},{"ts":"2013-05-13T08:20:00Z","nsw":9728,"qld":6731,"sa":1774,"tas":1377,"vic":6879},{"ts":"2013-05-13T08:30:00Z","nsw":9669,"qld":6717,"sa":1796,"tas":1371,"vic":6882,"wa":2058},{"ts":"2013-05-13T08:40:00Z","nsw":9565,"qld":6694,"sa":1757,"tas":1363,"vic":6794},{"ts":"2013-05-13T08:50:00Z","nsw":9494,"qld":6651,"sa":1777,"tas":1335,"vic":6724},{"ts":"2013-05-13T09:00:00Z","nsw":9423,"qld":6568,"sa":1727,"tas":1319,"vic":6685,"wa":2122},{"ts":"2013-05-13T09:10:00Z","nsw":9258,"qld":6606,"sa":1721,"tas":1316,"vic":6561},{"ts":"2013-05-13T09:20:00Z","nsw":9228,"qld":6489,"sa":1714,"tas":1318,"vic":6469},{"ts":"2013-05-13T09:30:00Z","nsw":9066,"qld":6448,"sa":1665,"tas":1329,"vic":6441,"wa":2207},{"ts":"2013-05-13T09:40:00Z","nsw":9060,"qld":6441,"sa":1648,"tas":1322,"vic":6411},{"ts":"2013-05-13T09:50:00Z","nsw":9013,"qld":6497,"sa":1638,"tas":1324,"vic":6377},{"ts":"2013-05-13T10:00:00Z","nsw":8955,"qld":6455,"sa":1656,"tas":1307,"vic":6306,"wa":2351},{"ts":"2013-05-13T10:10:00Z","nsw":8848,"qld":6469,"sa":1614,"tas":1293,"vic":6214},{"ts":"2013-05-13T10:20:00Z","nsw":8756,"qld":6380,"sa":1623,"tas":1286,"vic":6103},{"ts":"2013-05-13T10:30:00Z","nsw":8694,"qld":6320,"sa":1619,"tas":1283,"vic":6070,"wa":2463},{"ts":"2013-05-13T10:40:00Z","nsw":8629,"qld":6272,"sa":1581,"tas":1272,"vic":6073},{"ts":"2013-05-13T10:50:00Z","nsw":8611,"qld":6198,"sa":1577,"tas":1273,"vic":6057},{"ts":"2013-05-13T11:00:00Z","nsw":8538,"qld":6129,"sa":1523,"tas":1262,"vic":6022,"wa":2463},{"ts":"2013-05-13T11:10:00Z","nsw":8390,"qld":6054,"sa":1519,"tas":1249,"vic":5878},{"ts":"2013-05-13T11:20:00Z","nsw":8323,"qld":6019,"sa":1566,"tas":1223,"vic":5749},{"ts":"2013-05-13T11:30:00Z","nsw":8222,"qld":5940,"sa":1566,"tas":1205,"vic":5695,"wa":2388},{"ts":"2013-05-13T11:40:00Z","nsw":8177,"qld":5918,"sa":1527,"tas":1193,"vic":5661},{"ts":"2013-05-13T11:50:00Z","nsw":8080,"qld":5848,"sa":1478,"tas":1189,"vic":5494},{"ts":"2013-05-13T12:00:00Z","nsw":8033,"qld":5782,"sa":1446,"tas":1172,"vic":5424,"wa":2307},{"ts":"2013-05-13T12:10:00Z","nsw":8186,"qld":5701,"sa":1415,"tas":1119,"vic":5452},{"ts":"2013-05-13T12:20:00Z","nsw":8155,"qld":5661,"sa":1407,"tas":1093,"vic":5383},{"ts":"2013-05-13T12:30:00Z","nsw":8145,"qld":5688,"sa":1392,"tas":1098,"vic":5373,"wa":2254},{"ts":"2013-05-13T12:40:00Z","nsw":8084,"qld":5623,"sa":1380,"tas":1081,"vic":5310},{"ts":"2013-05-13T12:50:00Z","nsw":7860,"qld":5530,"sa":1353,"tas":1072,"vic":5290}],"output":[{"ts":"2013-05-12T18:00:00Z","nsw":0,"qld":3,"sa":0,"tas":0,"vic":0,"wa":0},{"ts":"2013-05-12T18:10:00Z","nsw":2,"qld":3,"sa":0,"tas":0,"vic":0},{"ts":"2013-05-12T18:20:00Z","nsw":1,"qld":3,"sa":0,"tas":0,"vic":0},{"ts":"2013-05-12T18:30:00Z","nsw":0,"sa":0,"tas":0,"vic":0,"wa":0},{"ts":"2013-05-12T18:40:00Z","nsw":1,"qld":3,"sa":0,"tas":0,"vic":0},{"ts":"2013-05-12T18:50:00Z","nsw":0,"qld":3,"sa":0,"tas":0,"vic":0},{"ts":"2013-05-12T19:00:00Z","nsw":1,"qld":3,"sa":0,"tas":0,"vic":0,"wa":0},{"ts":"2013-05-12T19:10:00Z","nsw":2,"qld":3,"sa":0,"tas":0,"vic":0},{"ts":"2013-05-12T19:20:00Z","nsw":2,"qld":3,"sa":0,"tas":0,"vic":0},{"ts":"2013-05-12T19:30:00Z","nsw":2,"qld":3,"sa":0,"tas":0,"vic":0,"wa":0},{"ts":"2013-05-12T19:40:00Z","nsw":2,"qld":3,"sa":0,"tas":0,"vic":0},{"ts":"2013-05-12T19:50:00Z","nsw":2,"qld":3,"sa":0,"tas":0,"vic":0},{"ts":"2013-05-12T20:00:00Z","nsw":2,"qld":3,"sa":0,"tas":0,"vic":0,"wa":0},{"ts":"2013-05-12T20:10:00Z","nsw":1,"qld":3,"sa":0,"tas":0,"vic":0},{"ts":"2013-05-12T20:20:00Z","nsw":2,"qld":2,"sa":0,"tas":0,"vic":0},{"ts":"2013-05-12T20:30:00Z","nsw":3,"qld":9,"sa":0,"tas":0,"vic":0,"wa":0},{"ts":"2013-05-12T20:40:00Z","nsw":2,"qld":17,"sa":0,"tas":0,"vic":0},{"ts":"2013-05-12T20:50:00Z","nsw":3,"qld":24,"sa":0,"tas":0,"vic":0},{"ts":"2013-05-12T21:00:00Z","nsw":7,"qld":34,"sa":0,"tas":0,"vic":0,"wa":0},{"ts":"2013-05-12T21:10:00Z","nsw":12,"qld":45,"sa":0,"tas":0,"vic":0},{"ts":"2013-05-12T21:20:00Z","nsw":16,"qld":54,"sa":0,"tas":0,"vic":0},{"ts":"2013-05-12T21:30:00Z","nsw":22,"qld":69,"sa":1,"tas":0,"vic":0,"wa":0},{"ts":"2013-05-12T21:40:00Z","nsw":25,"qld":92,"sa":3,"tas":0,"vic":3},{"ts":"2013-05-12T21:50:00Z","nsw":27,"qld":113,"sa":6,"tas":0,"vic":6},{"ts":"2013-05-12T22:00:00Z","nsw":31,"qld":127,"sa":10,"tas":0,"vic":10,"wa":0},{"ts":"2013-05-12T22:10:00Z","nsw":35,"qld":148,"sa":13,"tas":0,"vic":16},{"ts":"2013-05-12T22:20:00Z","nsw":40,"qld":143,"sa":19,"tas":0,"vic":20},{"ts":"2013-05-12T22:30:00Z","nsw":47,"qld":123,"sa":24,"tas":1,"vic":23,"wa":0},{"ts":"2013-05-12T22:40:00Z","nsw":58,"qld":120,"sa":27,"tas":1,"vic":30},{"ts":"2013-05-12T22:50:00Z","nsw":60,"qld":144,"sa":35,"tas":1,"vic":33},{"ts":"2013-05-12T23:00:00Z","nsw":84,"qld":193,"sa":48,"tas":2,"vic":38,"wa":0},{"ts":"2013-05-12T23:10:00Z","nsw":82,"qld":192,"sa":46,"tas":2,"vic":49},{"ts":"2013-05-12T23:20:00Z","nsw":96,"qld":223,"sa":53,"tas":3,"vic":54},{"ts":"2013-05-12T23:30:00Z","nsw":108,"qld":247,"sa":87,"tas":4,"vic":58,"wa":11},{"ts":"2013-05-12T23:40:00Z","nsw":105,"qld":264,"sa":101,"tas":5,"vic":64},{"ts":"2013-05-12T23:50:00Z","nsw":106,"qld":260,"sa":118,"tas":4,"vic":59},{"ts":"2013-05-13T00:00:00Z","nsw":114,"qld":240,"sa":103,"tas":5,"vic":68,"wa":39},{"ts":"2013-05-13T00:10:00Z","nsw":109,"qld":258,"sa":116,"tas":6,"vic":76},{"ts":"2013-05-13T00:20:00Z","nsw":144,"qld":269,"sa":120,"tas":6,"vic":82},{"ts":"2013-05-13T00:30:00Z","nsw":164,"qld":241,"sa":138,"tas":5,"vic":82,"wa":69},{"ts":"2013-05-13T00:40:00Z","nsw":193,"qld":226,"sa":151,"tas":5,"vic":91},{"ts":"2013-05-13T00:50:00Z","nsw":205,"qld":228,"sa":163,"tas":6,"vic":87},{"ts":"2013-05-13T01:00:00Z","nsw":175,"qld":249,"sa":159,"tas":9,"vic":92,"wa":98},{"ts":"2013-05-13T01:10:00Z","nsw":155,"qld":243,"sa":174,"tas":9,"vic":106},{"ts":"2013-05-13T01:20:00Z","nsw":177,"qld":254,"sa":156,"tas":11,"vic":109},{"ts":"2013-05-13T01:30:00Z","nsw":184,"qld":252,"sa":170,"tas":10,"vic":111,"wa":125},{"ts":"2013-05-13T01:40:00Z","nsw":188,"qld":244,"sa":153,"tas":9,"vic":122},{"ts":"2013-05-13T01:50:00Z","nsw":184,"qld":235,"sa":176,"tas":11,"vic":123},{"ts":"2013-05-13T02:00:00Z","nsw":214,"qld":260,"sa":167,"tas":13,"vic":147,"wa":142},{"ts":"2013-05-13T02:10:00Z","nsw":184,"qld":322,"sa":174,"tas":12,"vic":153},{"ts":"2013-05-13T02:20:00Z","nsw":170,"qld":355,"sa":164,"tas":16,"vic":153},{"ts":"2013-05-13T02:30:00Z","nsw":201,"qld":304,"sa":177,"tas":13,"vic":145,"wa":159},{"ts":"2013-05-13T02:40:00Z","nsw":194,"qld":252,"sa":180,"tas":12,"vic":157},{"ts":"2013-05-13T02:50:00Z","nsw":164,"qld":219,"sa":176,"tas":14,"vic":163},{"ts":"2013-05-13T03:00:00Z","nsw":126,"qld":223,"sa":172,"tas":17,"vic":178,"wa":173},{"ts":"2013-05-13T03:10:00Z","nsw":120,"qld":217,"sa":185,"tas":13,"vic":160},{"ts":"2013-05-13T03:20:00Z","nsw":111,"qld":216,"sa":183,"tas":15,"vic":144},{"ts":"2013-05-13T03:30:00Z","nsw":97,"qld":209,"sa":174,"tas":12,"vic":120,"wa":172},{"ts":"2013-05-13T03:40:00Z","nsw":109,"qld":224,"sa":158,"tas":16,"vic":127},{"ts":"2013-05-13T03:50:00Z","nsw":102,"qld":222,"sa":163,"tas":11,"vic":124},{"ts":"2013-05-13T04:00:00Z","nsw":82,"qld":208,"sa":157,"tas":11,"vic":132,"wa":158},{"ts":"2013-05-13T04:10:00Z","nsw":86,"qld":187,"sa":149,"tas":9,"vic":106},{"ts":"2013-05-13T04:20:00Z","nsw":72,"qld":229,"sa":139,"tas":9,"vic":98},{"ts":"2013-05-13T04:30:00Z","nsw":88,"qld":206,"sa":147,"tas":8,"vic":81,"wa":138},{"ts":"2013-05-13T04:40:00Z","nsw":83,"qld":168,"sa":144,"tas":8,"vic":69},{"ts":"2013-05-13T04:50:00Z","nsw":85,"qld":162,"sa":128,"tas":6,"vic":57},{"ts":"2013-05-13T05:00:00Z","nsw":83,"qld":205,"sa":124,"tas":7,"vic":51,"wa":122},{"ts":"2013-05-13T05:10:00Z","nsw":62,"qld":207,"sa":118,"tas":6,"vic":46},{"ts":"2013-05-13T05:20:00Z","nsw":55,"qld":174,"sa":99,"tas":5,"vic":46},{"ts":"2013-05-13T05:30:00Z","nsw":50,"qld":141,"sa":92,"tas":4,"vic":43,"wa":116},{"ts":"2013-05-13T05:40:00Z","nsw":38,"qld":148,"sa":86,"tas":2,"vic":49},{"ts":"2013-05-13T05:50:00Z","nsw":31,"qld":124,"sa":90,"tas":3,"vic":49},{"ts":"2013-05-13T06:00:00Z","nsw":27,"qld":90,"sa":81,"tas":3,"vic":48,"wa":94},{"ts":"2013-05-13T06:10:00Z","nsw":20,"qld":62,"sa":54,"tas":2,"vic":41},{"ts":"2013-05-13T06:20:00Z","nsw":17,"qld":57,"sa":48,"tas":1,"vic":38},{"ts":"2013-05-13T06:30:00Z","nsw":15,"qld":42,"sa":35,"tas":0,"vic":25,"wa":88},{"ts":"2013-05-13T06:40:00Z","nsw":10,"qld":30,"sa":29,"tas":0,"vic":16},{"ts":"2013-05-13T06:50:00Z","nsw":7,"qld":18,"sa":24,"tas":0,"vic":12},{"ts":"2013-05-13T07:00:00Z","nsw":6,"qld":14,"sa":24,"tas":0,"vic":8,"wa":93},{"ts":"2013-05-13T07:10:00Z","nsw":5,"qld":8,"sa":15,"tas":0,"vic":4},{"ts":"2013-05-13T07:20:00Z","nsw":3,"qld":8,"sa":10,"tas":0,"vic":3},{"ts":"2013-05-13T07:30:00Z","nsw":2,"qld":6,"sa":7,"tas":0,"vic":2,"wa":75},{"ts":"2013-05-13T07:40:00Z","nsw":6,"qld":4,"sa":3,"tas":0,"vic":2},{"ts":"2013-05-13T07:50:00Z","nsw":4,"qld":3,"sa":1,"tas":0,"vic":1},{"ts":"2013-05-13T08:00:00Z","nsw":6,"qld":2,"sa":1,"tas":0,"vic":1,"wa":45},{"ts":"2013-05-13T08:10:00Z","nsw":3,"qld":3,"sa":1,"tas":0,"vic":1},{"ts":"2013-05-13T08:20:00Z","nsw":7,"qld":3,"sa":1,"tas":0,"vic":1},{"ts":"2013-05-13T08:30:00Z","nsw":15,"qld":3,"sa":0,"tas":0,"vic":1,"wa":18},{"ts":"2013-05-13T08:40:00Z","nsw":7,"qld":3,"sa":0,"tas":0,"vic":1},{"ts":"2013-05-13T08:50:00Z","nsw":9,"qld":3,"sa":0,"tas":0,"vic":1},{"ts":"2013-05-13T09:00:00Z","nsw":7,"qld":3,"sa":0,"tas":0,"vic":0,"wa":5},{"ts":"2013-05-13T09:10:00Z","nsw":7,"qld":3,"sa":0,"tas":0,"vic":0},{"ts":"2013-05-13T09:20:00Z","nsw":5,"qld":3,"sa":0,"tas":0,"vic":0},{"ts":"2013-05-13T09:30:00Z","nsw":7,"qld":3,"sa":0,"tas":0,"vic":0,"wa":0},{"ts":"2013-05-13T09:40:00Z","nsw":5,"qld":3,"sa":0,"tas":0,"vic":0},{"ts":"2013-05-13T09:50:00Z","nsw":5,"qld":4,"sa":0,"tas":0,"vic":0},{"ts":"2013-05-13T10:00:00Z","nsw":9,"qld":3,"sa":0,"tas":0,"vic":0,"wa":0},{"ts":"2013-05-13T10:10:00Z","nsw":10,"qld":3,"sa":0,"tas":0,"vic":1},{"ts":"2013-05-13T10:20:00Z","nsw":9,"qld":3,"sa":0,"tas":0,"vic":0},{"ts":"2013-05-13T10:30:00Z","nsw":9,"qld":3,"sa":0,"tas":0,"vic":0,"wa":0},{"ts":"2013-05-13T10:40:00Z","nsw":9,"qld":3,"sa":0,"tas":0,"vic":1},{"ts":"2013-05-13T10:50:00Z","nsw":8,"qld":3,"sa":0,"tas":0,"vic":1},{"ts":"2013-05-13T11:00:00Z","nsw":9,"qld":3,"sa":0,"tas":0,"vic":0,"wa":0},{"ts":"2013-05-13T11:10:00Z","nsw":8,"qld":3,"sa":0,"tas":0,"vic":2},{"ts":"2013-05-13T11:20:00Z","nsw":10,"qld":3,"sa":0,"tas":0,"vic":2},{"ts":"2013-05-13T11:30:00Z","nsw":9,"qld":3,"sa":0,"tas":0,"vic":3,"wa":0},{"ts":"2013-05-13T11:40:00Z","nsw":7,"qld":4,"sa":0,"tas":0,"vic":3},{"ts":"2013-05-13T11:50:00Z","nsw":7,"qld":3,"sa":0,"tas":0,"vic":1},{"ts":"2013-05-13T12:00:00Z","nsw":4,"qld":4,"sa":0,"tas":0,"vic":2,"wa":0},{"ts":"2013-05-13T12:10:00Z","nsw":4,"qld":3,"sa":0,"tas":0,"vic":2},{"ts":"2013-05-13T12:20:00Z","nsw":4,"qld":3,"sa":0,"tas":0,"vic":2},{"ts":"2013-05-13T12:30:00Z","nsw":2,"qld":3,"sa":0,"tas":0,"vic":1,"wa":0},{"ts":"2013-05-13T12:40:00Z","nsw":2,"qld":3,"sa":0,"tas":0,"vic":1},{"ts":"2013-05-13T12:50:00Z","nsw":2,"qld":3,"sa":0,"tas":0,"vic":1}]} 