{"performance":[{"ts":"2013-07-18T18:00:00Z","nsw":"0.23","nt":"0.00","qld":"0.34","sa":"0.10","tas":"0.00","vic":"0.11","wa":"0.10"},{"ts":"2013-07-18T18:10:00Z","nsw":"0.24","nt":"0.00","qld":"0.33","sa":"0.10","tas":"0.00","vic":"0.09","wa":"0.11"},{"ts":"2013-07-18T18:20:00Z","nsw":"0.26","nt":"0.00","qld":"0.29","sa":"0.10","tas":"0.00","vic":"0.10","wa":"0.10"},{"ts":"2013-07-18T18:30:00Z","nsw":"0.25","nt":"0.00","qld":"0.30","sa":"0.10","tas":"0.00","vic":"0.10","wa":"0.11"},{"ts":"2013-07-18T18:40:00Z","nsw":"0.23","nt":"0.00","qld":"0.30","sa":"0.10","tas":"0.00","vic":"0.12","wa":"0.10"},{"ts":"2013-07-18T18:50:00Z","nsw":"0.28","nt":"0.00","qld":"0.31","sa":"0.12","tas":"0.00","vic":"0.12","wa":"0.12"},{"ts":"2013-07-18T19:00:00Z","nsw":"0.28","nt":"0.00","qld":"0.30","sa":"0.10","tas":"0.00","vic":"0.11","wa":"0.11"},{"ts":"2013-07-18T19:10:00Z","nsw":"0.23","nt":"0.00","qld":"0.30","sa":"0.10","tas":"0.00","vic":"0.11","wa":"0.11"},{"ts":"2013-07-18T19:20:00Z","nsw":"0.22","nt":"0.00","qld":"0.29","sa":"0.10","tas":"0.00","vic":"0.11","wa":"0.11"},{"ts":"2013-07-18T19:30:00Z","nsw":"0.25","nt":"0.00","qld":"0.30","sa":"0.10","tas":"0.00","vic":"0.11","wa":"0.11"},{"ts":"2013-07-18T19:40:00Z","nsw":"0.24","nt":"0.00","qld":"0.33","sa":"0.10","tas":"0.00","vic":"0.12","wa":"0.10"},{"ts":"2013-07-18T19:50:00Z","nsw":"0.23","nt":"0.00","qld":"0.35","sa":"0.10","tas":"0.00","vic":"0.12","wa":"0.11"},{"ts":"2013-07-18T20:00:00Z","nsw":"0.26","nt":"0.00","qld":"0.31","sa":"0.10","tas":"0.00","vic":"0.12","wa":"0.10"},{"ts":"2013-07-18T20:10:00Z","nsw":"0.19","qld":"0.14","sa":"0.01","tas":"0.00","vic":"0.10","wa":"0.12"},{"ts":"2013-07-18T20:20:00Z","nsw":"0.29","nt":"0.00","qld":"0.27","sa":"0.10","tas":"0.00","vic":"0.11","wa":"0.10"},{"ts":"2013-07-18T20:30:00Z","nsw":"0.28","nt":"0.00","qld":"0.38","sa":"0.10","tas":"0.00","vic":"0.11","wa":"0.11"},{"ts":"2013-07-18T20:40:00Z","nsw":"0.43","nt":"0.00","qld":"0.45","sa":"0.10","tas":"0.00","vic":"0.11","wa":"0.10"},{"ts":"2013-07-18T20:50:00Z","nsw":"0.32","nt":"0.00","qld":"0.71","sa":"0.10","tas":"0.00","vic":"0.11","wa":"0.11"},{"ts":"2013-07-18T21:00:00Z","nsw":"0.35","nt":"0.00","qld":"1.49","sa":"0.07","tas":"0.00","vic":"0.12","wa":"0.10"},{"ts":"2013-07-18T21:10:00Z","nsw":"0.79","nt":"0.00","qld":"2.50","sa":"0.11","tas":"0.00","vic":"0.12","wa":"0.12"},{"ts":"2013-07-18T21:20:00Z","nsw":"1.59","nt":"0.09","qld":"3.62","sa":"0.11","tas":"0.00","vic":"0.09","wa":"0.13"},{"ts":"2013-07-18T21:30:00Z","nsw":"2.12","nt":"0.06","qld":"4.60","sa":"0.12","tas":"0.00","vic":"0.11","wa":"0.13"},{"ts":"2013-07-18T21:40:00Z","nsw":"3.33","nt":"0.05","qld":"6.21","sa":"0.12","tas":"0.00","vic":"0.22","wa":"0.12"},{"ts":"2013-07-18T21:50:00Z","nsw":"4.55","nt":"0.26","qld":"7.80","sa":"0.11","tas":"0.05","vic":"0.66","wa":"0.12"},{"ts":"2013-07-18T22:00:00Z","nsw":"5.41","nt":"0.95","qld":"10.53","sa":"0.20","tas":"0.14","vic":"1.71","wa":"0.12"},{"ts":"2013-07-18T22:10:00Z","nsw":"6.95","nt":"1.49","qld":"11.26","sa":"0.72","tas":"0.59","vic":"3.42","wa":"0.13"},{"ts":"2013-07-18T22:20:00Z","nsw":"9.83","nt":"2.69","qld":"16.81","sa":"1.25","tas":"2.92","vic":"5.08","wa":"0.12"},{"ts":"2013-07-18T22:30:00Z","nsw":"12.12","nt":"3.40","qld":"22.51","sa":"2.16","tas":"4.66","vic":"6.07","wa":"0.12"},{"ts":"2013-07-18T22:40:00Z","nsw":"13.95","nt":"4.33","qld":"26.07","sa":"2.70","tas":"5.29","vic":"9.64","wa":"0.10"},{"ts":"2013-07-18T22:50:00Z","nsw":"15.34","nt":"7.52","qld":"25.44","sa":"3.58","tas":"6.88","vic":"10.42","wa":"0.13"},{"ts":"2013-07-18T23:00:00Z","nsw":"16.98","nt":"8.96","qld":"28.92","sa":"3.85","tas":"6.18","vic":"11.66","wa":"0.10"},{"ts":"2013-07-18T23:10:00Z","nsw":"15.31","nt":"12.79","qld":"29.46","sa":"5.69","tas":"9.02","vic":"12.17","wa":"0.18"},{"ts":"2013-07-18T23:20:00Z","nsw":"18.16","nt":"12.86","qld":"30.53","sa":"7.06","tas":"8.14","vic":"14.49","wa":"0.31"},{"ts":"2013-07-18T23:30:00Z","nsw":"19.18","nt":"16.82","qld":"31.27","sa":"8.60","tas":"10.14","vic":"16.15","wa":"1.17"},{"ts":"2013-07-18T23:40:00Z","nsw":"18.88","nt":"22.17","qld":"31.41","sa":"9.13","tas":"10.41","vic":"17.40","wa":"2.55"},{"ts":"2013-07-18T23:50:00Z","nsw":"19.48","nt":"21.91","qld":"30.91","sa":"8.84","tas":"11.34","vic":"16.03","wa":"4.23"},{"ts":"2013-07-19T00:00:00Z","nsw":"21.43","nt":"26.30","qld":"34.93","sa":"10.27","tas":"14.68","vic":"17.57","wa":"6.99"},{"ts":"2013-07-19T00:10:00Z","nsw":"22.45","nt":"30.08","qld":"35.78","sa":"11.64","tas":"14.59","vic":"17.42","wa":"9.29"},{"ts":"2013-07-19T00:20:00Z","nsw":"25.35","nt":"38.76","qld":"37.81","sa":"11.20","tas":"17.26","vic":"19.41","wa":"11.87"},{"ts":"2013-07-19T00:30:00Z","nsw":"25.48","nt":"41.14","qld":"36.60","sa":"14.25","tas":"15.33","vic":"18.42","wa":"15.31"},{"ts":"2013-07-19T00:40:00Z","nsw":"24.02","nt":"42.24","qld":"37.30","sa":"14.89","tas":"16.83","vic":"20.90","wa":"18.43"},{"ts":"2013-07-19T00:50:00Z","nsw":"20.85","nt":"45.35","qld":"39.50","sa":"15.51","tas":"16.09","vic":"24.30","wa":"22.18"},{"ts":"2013-07-19T01:00:00Z","nsw":"18.65","nt":"47.50","qld":"42.66","sa":"16.55","tas":"18.14","vic":"26.53","wa":"26.44"},{"ts":"2013-07-19T01:10:00Z","nsw":"15.52","nt":"50.84","qld":"40.74","sa":"17.64","tas":"14.70","vic":"24.01","wa":"28.18"},{"ts":"2013-07-19T01:20:00Z","nsw":"17.79","nt":"51.66","qld":"42.88","sa":"17.94","tas":"18.28","vic":"24.03","wa":"30.98"},{"ts":"2013-07-19T01:30:00Z","nsw":"16.68","nt":"54.84","qld":"38.43","sa":"18.97","tas":"15.98","vic":"23.58","wa":"34.34"},{"ts":"2013-07-19T01:40:00Z","nsw":"16.45","nt":"55.95","qld":"39.93","sa":"19.45","tas":"21.90","vic":"26.86","wa":"35.86"},{"ts":"2013-07-19T01:50:00Z","nsw":"17.25","nt":"56.17","qld":"38.34","sa":"19.09","tas":"21.08","vic":"30.05","wa":"38.30"},{"ts":"2013-07-19T02:00:00Z","nsw":"16.09","nt":"59.60","qld":"40.47","sa":"22.77","tas":"22.03","vic":"35.84","wa":"42.47"},{"ts":"2013-07-19T02:10:00Z","nsw":"15.54","nt":"61.23","qld":"38.65","sa":"21.00","tas":"19.02","vic":"36.60","wa":"44.92"},{"ts":"2013-07-19T02:20:00Z","nsw":"14.39","nt":"61.17","qld":"36.97","sa":"22.05","tas":"26.12","vic":"38.13","wa":"47.07"},{"ts":"2013-07-19T02:30:00Z","nsw":"13.60","nt":"62.72","qld":"35.66","sa":"22.86","tas":"24.34","vic":"35.06","wa":"50.13"},{"ts":"2013-07-19T02:40:00Z","nsw":"13.22","nt":"62.48","qld":"33.44","sa":"20.04","tas":"26.35","vic":"36.28","wa":"50.30"},{"ts":"2013-07-19T02:50:00Z","nsw":"14.09","nt":"63.61","qld":"31.52","sa":"20.47","tas":"20.67","vic":"30.61","wa":"53.26"},{"ts":"2013-07-19T03:00:00Z","nsw":"14.31","nt":"62.87","qld":"29.06","sa":"20.94","tas":"23.19","vic":"36.40","wa":"54.37"},{"ts":"2013-07-19T03:10:00Z","nsw":"12.63","nt":"63.47","qld":"25.23","sa":"20.92","tas":"26.40","vic":"33.87","wa":"52.77"},{"ts":"2013-07-19T03:20:00Z","nsw":"11.49","nt":"64.68","qld":"26.29","sa":"15.12","tas":"25.64","vic":"37.15","wa":"52.34"},{"ts":"2013-07-19T03:30:00Z","nsw":"12.87","nt":"62.88","qld":"24.99","sa":"15.12","tas":"18.15","vic":"33.81","wa":"50.41"},{"ts":"2013-07-19T03:40:00Z","nsw":"16.51","nt":"68.55","qld":"24.89","sa":"16.61","tas":"14.93","vic":"39.73","wa":"53.20"},{"ts":"2013-07-19T03:50:00Z","nsw":"13.92","nt":"63.67","qld":"25.62","sa":"16.36","tas":"11.13","vic":"36.37","wa":"46.90"},{"ts":"2013-07-19T04:00:00Z","nsw":"14.00","nt":"48.18","qld":"27.62","sa":"18.38","tas":"21.16","vic":"37.47","wa":"50.24"},{"ts":"2013-07-19T04:10:00Z","nsw":"12.67","nt":"63.47","qld":"27.31","sa":"23.60","tas":"17.49","vic":"36.37","wa":"43.00"},{"ts":"2013-07-19T04:20:00Z","nsw":"12.11","nt":"62.65","qld":"27.74","sa":"22.81","tas":"17.49","vic":"36.42","wa":"49.89"},{"ts":"2013-07-19T04:30:00Z","nsw":"11.80","nt":"61.55","qld":"23.75","sa":"22.36","tas":"13.80","vic":"32.01","wa":"45.76"},{"ts":"2013-07-19T04:40:00Z","nsw":"12.33","nt":"61.60","qld":"22.82","sa":"16.02","tas":"15.52","vic":"33.18","wa":"43.66"},{"ts":"2013-07-19T04:50:00Z","nsw":"10.62","nt":"61.21","qld":"20.77","sa":"21.08","tas":"12.48","vic":"26.20","wa":"45.65"},{"ts":"2013-07-19T05:00:00Z","nsw":"8.45","nt":"46.63","qld":"20.91","sa":"23.62","tas":"11.28","vic":"24.75","wa":"41.99"},{"ts":"2013-07-19T05:10:00Z","nsw":"8.61","nt":"46.50","qld":"18.39","sa":"32.69","tas":"11.24","vic":"21.13","wa":"45.35"},{"ts":"2013-07-19T05:20:00Z","nsw":"8.07","nt":"56.90","qld":"16.33","sa":"31.98","tas":"14.10","vic":"20.57","wa":"42.49"},{"ts":"2013-07-19T05:30:00Z","nsw":"7.10","nt":"58.22","qld":"12.75","sa":"30.77","tas":"11.29","vic":"16.98","wa":"42.02"},{"ts":"2013-07-19T05:40:00Z","nsw":"6.74","nt":"59.14","qld":"9.51","sa":"22.53","tas":"9.89","vic":"14.10","wa":"36.43"},{"ts":"2013-07-19T05:50:00Z","nsw":"6.14","nt":"57.55","qld":"7.76","sa":"23.52","tas":"9.84","vic":"12.15","wa":"35.86"},{"ts":"2013-07-19T06:00:00Z","nsw":"5.43","nt":"47.88","qld":"6.82","sa":"20.09","tas":"6.40","vic":"8.30","wa":"35.78"},{"ts":"2013-07-19T06:10:00Z","nsw":"5.55","nt":"38.02","qld":"5.05","sa":"15.45","tas":"5.35","vic":"6.34","wa":"32.30"},{"ts":"2013-07-19T06:20:00Z","nsw":"4.77","nt":"45.24","qld":"4.71","sa":"7.33","tas":"3.94","vic":"5.17","wa":"36.62"},{"ts":"2013-07-19T06:30:00Z","nsw":"3.27","nt":"43.26","qld":"3.78","sa":"8.32","tas":"3.40","vic":"4.05","wa":"31.84"},{"ts":"2013-07-19T06:40:00Z","nsw":"2.55","nt":"38.47","qld":"2.40","sa":"8.50","tas":"2.87","vic":"2.43","wa":"34.83"},{"ts":"2013-07-19T06:50:00Z","nsw":"2.06","nt":"35.05","qld":"1.80","sa":"9.07","tas":"0.67","vic":"1.60","wa":"28.45"},{"ts":"2013-07-19T07:00:00Z","nsw":"1.08","nt":"32.82","qld":"1.42","sa":"6.71","tas":"0.36","vic":"1.02","wa":"32.67"},{"ts":"2013-07-19T07:10:00Z","nsw":"0.61","nt":"24.66","qld":"0.73","sa":"6.54","tas":"0.20","vic":"0.66","wa":"24.93"},{"ts":"2013-07-19T07:20:00Z","nsw":"0.53","nt":"22.74","qld":"0.98","sa":"5.29","tas":"0.16","vic":"0.54","wa":"25.02"},{"ts":"2013-07-19T07:30:00Z","nsw":"0.23","nt":"14.93","qld":"0.84","sa":"3.18","tas":"0.19","vic":"0.46","wa":"22.79"},{"ts":"2013-07-19T07:40:00Z","nsw":"0.41","nt":"16.31","qld":"0.61","sa":"1.40","tas":"0.05","vic":"0.32","wa":"20.25"},{"ts":"2013-07-19T07:50:00Z","nsw":"0.46","nt":"13.70","qld":"0.82","sa":"0.66","tas":"0.02","vic":"0.15","wa":"18.79"},{"ts":"2013-07-19T08:00:00Z","nsw":"0.68","nt":"10.98","qld":"0.38","sa":"0.46","tas":"0.02","vic":"0.15","wa":"15.25"},{"ts":"2013-07-19T08:10:00Z","nsw":"0.84","nt":"8.45","qld":"0.29","sa":"0.41","tas":"0.02","vic":"0.14","wa":"12.45"},{"ts":"2013-07-19T08:20:00Z","nsw":"0.70","nt":"6.59","qld":"0.28","sa":"0.29","tas":"0.03","vic":"0.13","wa":"12.92"},{"ts":"2013-07-19T08:30:00Z","nsw":"0.63","nt":"4.33","qld":"0.35","sa":"0.22","tas":"0.11","vic":"0.15","wa":"9.19"},{"ts":"2013-07-19T08:40:00Z","nsw":"0.72","nt":"2.98","qld":"0.36","sa":"0.21","tas":"0.03","vic":"0.13","wa":"6.92"},{"ts":"2013-07-19T08:50:00Z","nsw":"0.93","nt":"1.59","qld":"0.33","sa":"0.20","tas":"0.03","vic":"0.14","wa":"4.48"},{"ts":"2013-07-19T09:00:00Z","nsw":"0.68","nt":"0.63","qld":"0.32","sa":"0.20","tas":"0.03","vic":"0.14","wa":"3.45"},{"ts":"2013-07-19T09:10:00Z","nsw":"0.69","nt":"0.40","qld":"0.33","sa":"0.26","tas":"0.03","vic":"0.12","wa":"1.79"},{"ts":"2013-07-19T09:20:00Z","nsw":"0.63","nt":"0.28","qld":"0.33","sa":"0.26","tas":"0.03","vic":"0.12","wa":"0.95"},{"ts":"2013-07-19T09:30:00Z","nsw":"0.67","nt":"0.28","qld":"0.36","sa":"0.24","tas":"0.03","vic":"0.12","wa":"0.33"},{"ts":"2013-07-19T09:40:00Z","nsw":"0.69","nt":"0.28","qld":"0.34","sa":"0.25","tas":"0.03","vic":"0.44","wa":"0.24"},{"ts":"2013-07-19T09:50:00Z","nsw":"0.76","nt":"0.28","qld":"0.32","sa":"0.24","tas":"0.03","vic":"0.10","wa":"0.20"},{"ts":"2013-07-19T10:00:00Z","nsw":"0.74","nt":"0.48","qld":"0.33","sa":"0.24","tas":"0.03","vic":"0.11","wa":"0.34"},{"ts":"2013-07-19T10:10:00Z","nsw":"0.66","nt":"0.48","qld":"0.33","sa":"0.24","tas":"0.03","vic":"0.10","wa":"0.23"},{"ts":"2013-07-19T10:20:00Z","nsw":"0.52","qld":"0.37","sa":"0.23","tas":"0.03","vic":"0.12","wa":"0.20"},{"ts":"2013-07-19T10:30:00Z","nsw":"0.76","nt":"0.48","qld":"0.36","sa":"0.19","tas":"0.03","vic":"0.12","wa":"0.17"},{"ts":"2013-07-19T10:40:00Z","nsw":"0.79","nt":"0.48","qld":"0.33","sa":"0.18","tas":"0.03","vic":"0.12","wa":"0.26"},{"ts":"2013-07-19T10:50:00Z","nsw":"0.72","nt":"0.48","qld":"0.37","sa":"0.18","tas":"0.03","vic":"0.12","wa":"0.27"},{"ts":"2013-07-19T11:00:00Z","nsw":"0.80","nt":"0.48","qld":"0.33","sa":"0.18","tas":"0.03","vic":"0.13","wa":"0.28"},{"ts":"2013-07-19T11:10:00Z","nsw":"0.79","nt":"0.48","qld":"0.34","sa":"0.20","tas":"0.03","vic":"0.12","wa":"0.29"},{"ts":"2013-07-19T11:20:00Z","nsw":"0.81","nt":"0.48","qld":"0.32","sa":"0.19","tas":"0.03","vic":"0.12","wa":"0.27"},{"ts":"2013-07-19T11:30:00Z","nsw":"0.77","nt":"0.48","qld":"0.36","sa":"0.18","tas":"0.03","vic":"0.10","wa":"0.29"},{"ts":"2013-07-19T11:40:00Z","nsw":"0.76","nt":"0.48","qld":"0.32","sa":"0.12","tas":"0.03","vic":"0.11","wa":"0.25"},{"ts":"2013-07-19T11:50:00Z","nsw":"0.64","nt":"0.48","qld":"0.32","sa":"0.12","tas":"0.03","vic":"0.12","wa":"0.26"},{"ts":"2013-07-19T12:00:00Z","nsw":"0.81","nt":"0.48","qld":"0.37","sa":"0.14","tas":"0.03","vic":"0.13","wa":"0.25"},{"ts":"2013-07-19T12:10:00Z","nsw":"0.75","nt":"0.48","qld":"0.34","sa":"0.12","tas":"0.03","vic":"0.12","wa":"0.26"},{"ts":"2013-07-19T12:20:00Z","nsw":"0.72","nt":"0.48","qld":"0.32","sa":"0.12","tas":"0.03","vic":"0.13","wa":"0.25"},{"ts":"2013-07-19T12:30:00Z","nsw":"0.80","nt":"0.48","qld":"0.39","sa":"0.12","tas":"0.03","vic":"0.11","wa":"0.26"},{"ts":"2013-07-19T12:40:00Z","nsw":"1.76","nt":"0.48","qld":"0.32","sa":"0.12","tas":"0.03","vic":"0.12","wa":"0.24"},{"ts":"2013-07-19T12:50:00Z","nsw":"1.96","nt":"0.48","qld":"0.32","sa":"0.15","tas":"0.03","vic":"0.13","wa":"0.26"}],"contribution":[{"ts":"2013-07-18T18:00:00Z","nsw":"0.02","qld":"0.06","sa":"0.04","tas":"0.00","vic":"0.01","wa":"0.02"},{"ts":"2013-07-18T18:10:00Z","nsw":"0.02","qld":"0.06","sa":"0.04","tas":"0.00","vic":"0.01"},{"ts":"2013-07-18T18:20:00Z","nsw":"0.02","qld":"0.05","sa":"0.04","tas":"0.00","vic":"0.01"},{"ts":"2013-07-18T18:30:00Z","nsw":"0.02","qld":"0.05","sa":"0.04","tas":"0.00","vic":"0.01","wa":"0.02"},{"ts":"2013-07-18T18:40:00Z","nsw":"0.02","qld":"0.05","sa":"0.04","tas":"0.00","vic":"0.01"},{"ts":"2013-07-18T18:50:00Z","nsw":"0.03","qld":"0.06","sa":"0.05","tas":"0.00","vic":"0.01"},{"ts":"2013-07-18T19:00:00Z","nsw":"0.03","qld":"0.05","sa":"0.04","tas":"0.00","vic":"0.01","wa":"0.02"},{"ts":"2013-07-18T19:10:00Z","nsw":"0.02","qld":"0.05","sa":"0.04","tas":"0.00","vic":"0.01"},{"ts":"2013-07-18T19:20:00Z","nsw":"0.02","qld":"0.05","sa":"0.04","tas":"0.00","vic":"0.01"},{"ts":"2013-07-18T19:30:00Z","nsw":"0.02","qld":"0.05","sa":"0.04","tas":"0.00","vic":"0.01","wa":"0.02"},{"ts":"2013-07-18T19:40:00Z","nsw":"0.02","qld":"0.05","sa":"0.04","tas":"0.00","vic":"0.01"},{"ts":"2013-07-18T19:50:00Z","nsw":"0.02","qld":"0.06","sa":"0.04","tas":"0.00","vic":"0.01"},{"ts":"2013-07-18T20:00:00Z","nsw":"0.02","qld":"0.05","sa":"0.04","tas":"0.00","vic":"0.01","wa":"0.02"},{"ts":"2013-07-18T20:10:00Z","nsw":"0.01","qld":"0.02","sa":"0.00","tas":"0.00","vic":"0.01"},{"ts":"2013-07-18T20:20:00Z","nsw":"0.02","qld":"0.04","sa":"0.03","tas":"0.00","vic":"0.01"},{"ts":"2013-07-18T20:30:00Z","nsw":"0.02","qld":"0.05","sa":"0.03","tas":"0.00","vic":"0.01","wa":"0.02"},{"ts":"2013-07-18T20:40:00Z","nsw":"0.03","qld":"0.06","sa":"0.03","tas":"0.00","vic":"0.01"},{"ts":"2013-07-18T20:50:00Z","nsw":"0.02","qld":"0.10","sa":"0.03","tas":"0.00","vic":"0.01"},{"ts":"2013-07-18T21:00:00Z","nsw":"0.02","qld":"0.20","sa":"0.02","tas":"0.00","vic":"0.01","wa":"0.02"},{"ts":"2013-07-18T21:10:00Z","nsw":"0.05","qld":"0.33","sa":"0.03","tas":"0.00","vic":"0.01"},{"ts":"2013-07-18T21:20:00Z","nsw":"0.10","qld":"0.47","sa":"0.03","tas":"0.00","vic":"0.01"},{"ts":"2013-07-18T21:30:00Z","nsw":"0.14","qld":"0.59","sa":"0.03","tas":"0.00","vic":"0.01","wa":"0.02"},{"ts":"2013-07-18T21:40:00Z","nsw":"0.21","qld":"0.80","sa":"0.03","tas":"0.00","vic":"0.02"},{"ts":"2013-07-18T21:50:00Z","nsw":"0.29","qld":"0.98","sa":"0.03","tas":"0.00","vic":"0.05"},{"ts":"2013-07-18T22:00:00Z","nsw":"0.34","qld":"1.33","sa":"0.05","tas":"0.00","vic":"0.12","wa":"0.02"},{"ts":"2013-07-18T22:10:00Z","nsw":"0.43","qld":"1.43","sa":"0.19","tas":"0.02","vic":"0.25"},{"ts":"2013-07-18T22:20:00Z","nsw":"0.62","qld":"2.16","sa":"0.31","tas":"0.09","vic":"0.37"},{"ts":"2013-07-18T22:30:00Z","nsw":"0.76","qld":"2.89","sa":"0.53","tas":"0.14","vic":"0.44","wa":"0.02"},{"ts":"2013-07-18T22:40:00Z","nsw":"0.88","qld":"3.37","sa":"0.65","tas":"0.16","vic":"0.70"},{"ts":"2013-07-18T22:50:00Z","nsw":"0.98","qld":"3.30","sa":"0.85","tas":"0.20","vic":"0.75"},{"ts":"2013-07-18T23:00:00Z","nsw":"1.09","qld":"3.78","sa":"0.94","tas":"0.18","vic":"0.84","wa":"0.01"},{"ts":"2013-07-18T23:10:00Z","nsw":"0.97","qld":"3.84","sa":"1.36","tas":"0.27","vic":"0.88"},{"ts":"2013-07-18T23:20:00Z","nsw":"1.15","qld":"4.01","sa":"1.69","tas":"0.25","vic":"1.05"},{"ts":"2013-07-18T23:30:00Z","nsw":"1.21","qld":"4.12","sa":"2.00","tas":"0.30","vic":"1.16","wa":"0.15"},{"ts":"2013-07-18T23:40:00Z","nsw":"1.20","qld":"4.13","sa":"2.13","tas":"0.33","vic":"1.26"},{"ts":"2013-07-18T23:50:00Z","nsw":"1.23","qld":"4.08","sa":"2.03","tas":"0.36","vic":"1.16"},{"ts":"2013-07-19T00:00:00Z","nsw":"1.35","qld":"4.63","sa":"2.41","tas":"0.47","vic":"1.26","wa":"0.82"},{"ts":"2013-07-19T00:10:00Z","nsw":"1.42","qld":"4.75","sa":"2.74","tas":"0.47","vic":"1.27"},{"ts":"2013-07-19T00:20:00Z","nsw":"1.59","qld":"5.02","sa":"2.68","tas":"0.55","vic":"1.41"},{"ts":"2013-07-19T00:30:00Z","nsw":"1.60","qld":"4.91","sa":"3.42","tas":"0.49","vic":"1.34","wa":"1.73"},{"ts":"2013-07-19T00:40:00Z","nsw":"1.52","qld":"4.93","sa":"3.63","tas":"0.54","vic":"1.53"},{"ts":"2013-07-19T00:50:00Z","nsw":"1.32","qld":"5.23","sa":"3.68","tas":"0.50","vic":"1.78"},{"ts":"2013-07-19T01:00:00Z","nsw":"1.18","qld":"5.61","sa":"3.96","tas":"0.57","vic":"1.95","wa":"2.94"},{"ts":"2013-07-19T01:10:00Z","nsw":"0.98","qld":"5.42","sa":"4.19","tas":"0.46","vic":"1.75"},{"ts":"2013-07-19T01:20:00Z","nsw":"1.12","qld":"5.65","sa":"4.18","tas":"0.57","vic":"1.76"},{"ts":"2013-07-19T01:30:00Z","nsw":"1.06","qld":"5.14","sa":"4.49","tas":"0.52","vic":"1.70","wa":"3.85"},{"ts":"2013-07-19T01:40:00Z","nsw":"1.05","qld":"5.34","sa":"4.48","tas":"0.69","vic":"1.95"},{"ts":"2013-07-19T01:50:00Z","nsw":"1.09","qld":"5.17","sa":"4.49","tas":"0.67","vic":"2.18"},{"ts":"2013-07-19T02:00:00Z","nsw":"1.01","qld":"5.43","sa":"5.43","tas":"0.70","vic":"2.62","wa":"4.85"},{"ts":"2013-07-19T02:10:00Z","nsw":"0.98","qld":"5.20","sa":"5.15","tas":"0.60","vic":"2.68"},{"ts":"2013-07-19T02:20:00Z","nsw":"0.91","qld":"4.94","sa":"5.55","tas":"0.83","vic":"2.80"},{"ts":"2013-07-19T02:30:00Z","nsw":"0.87","qld":"4.78","sa":"5.61","tas":"0.77","vic":"2.58","wa":"5.92"},{"ts":"2013-07-19T02:40:00Z","nsw":"0.85","qld":"4.48","sa":"4.97","tas":"0.84","vic":"2.66"},{"ts":"2013-07-19T02:50:00Z","nsw":"0.89","qld":"4.23","sa":"5.00","tas":"0.65","vic":"2.27"},{"ts":"2013-07-19T03:00:00Z","nsw":"0.91","qld":"3.95","sa":"5.20","tas":"0.73","vic":"2.70","wa":"6.43"},{"ts":"2013-07-19T03:10:00Z","nsw":"0.81","qld":"3.41","sa":"5.19","tas":"0.84","vic":"2.50"},{"ts":"2013-07-19T03:20:00Z","nsw":"0.74","qld":"3.59","sa":"3.78","tas":"0.85","vic":"2.75"},{"ts":"2013-07-19T03:30:00Z","nsw":"0.83","qld":"3.43","sa":"3.72","tas":"0.58","vic":"2.52","wa":"6.21"},{"ts":"2013-07-19T03:40:00Z","nsw":"1.06","qld":"3.37","sa":"3.97","tas":"0.49","vic":"2.97"},{"ts":"2013-07-19T03:50:00Z","nsw":"0.89","qld":"3.49","sa":"4.01","tas":"0.36","vic":"2.72"},{"ts":"2013-07-19T04:00:00Z","nsw":"0.90","qld":"3.76","sa":"4.50","tas":"0.69","vic":"2.80","wa":"6.26"},{"ts":"2013-07-19T04:10:00Z","nsw":"0.82","qld":"3.70","sa":"5.71","tas":"0.56","vic":"2.76"},{"ts":"2013-07-19T04:20:00Z","nsw":"0.79","qld":"3.78","sa":"5.61","tas":"0.56","vic":"2.75"},{"ts":"2013-07-19T04:30:00Z","nsw":"0.78","qld":"3.28","sa":"5.56","tas":"0.44","vic":"2.43","wa":"5.76"},{"ts":"2013-07-19T04:40:00Z","nsw":"0.81","qld":"3.15","sa":"4.00","tas":"0.50","vic":"2.52"},{"ts":"2013-07-19T04:50:00Z","nsw":"0.70","qld":"2.86","sa":"5.25","tas":"0.40","vic":"2.01"},{"ts":"2013-07-19T05:00:00Z","nsw":"0.56","qld":"2.89","sa":"5.96","tas":"0.36","vic":"1.91","wa":"5.34"},{"ts":"2013-07-19T05:10:00Z","nsw":"0.57","qld":"2.55","sa":"8.33","tas":"0.36","vic":"1.62"},{"ts":"2013-07-19T05:20:00Z","nsw":"0.54","qld":"2.27","sa":"8.34","tas":"0.45","vic":"1.60"},{"ts":"2013-07-19T05:30:00Z","nsw":"0.47","qld":"1.77","sa":"7.95","tas":"0.35","vic":"1.31","wa":"5.39"},{"ts":"2013-07-19T05:40:00Z","nsw":"0.44","qld":"1.33","sa":"5.78","tas":"0.31","vic":"1.08"},{"ts":"2013-07-19T05:50:00Z","nsw":"0.40","qld":"1.07","sa":"5.86","tas":"0.32","vic":"0.94"},{"ts":"2013-07-19T06:00:00Z","nsw":"0.35","qld":"0.94","sa":"5.16","tas":"0.21","vic":"0.63","wa":"4.65"},{"ts":"2013-07-19T06:10:00Z","nsw":"0.36","qld":"0.70","sa":"3.77","tas":"0.17","vic":"0.48"},{"ts":"2013-07-19T06:20:00Z","nsw":"0.30","qld":"0.65","sa":"1.78","tas":"0.12","vic":"0.39"},{"ts":"2013-07-19T06:30:00Z","nsw":"0.21","qld":"0.51","sa":"2.01","tas":"0.11","vic":"0.30","wa":"4.17"},{"ts":"2013-07-19T06:40:00Z","nsw":"0.16","qld":"0.32","sa":"2.06","tas":"0.09","vic":"0.18"},{"ts":"2013-07-19T06:50:00Z","nsw":"0.13","qld":"0.24","sa":"2.18","tas":"0.02","vic":"0.12"},{"ts":"2013-07-19T07:00:00Z","nsw":"0.07","qld":"0.19","sa":"1.56","tas":"0.01","vic":"0.07","wa":"4.27"},{"ts":"2013-07-19T07:10:00Z","nsw":"0.04","qld":"0.10","sa":"1.54","tas":"0.01","vic":"0.05"},{"ts":"2013-07-19T07:20:00Z","nsw":"0.03","qld":"0.13","sa":"1.26","tas":"0.00","vic":"0.04"},{"ts":"2013-07-19T07:30:00Z","nsw":"0.01","qld":"0.11","sa":"0.72","tas":"0.01","vic":"0.03","wa":"2.98"},{"ts":"2013-07-19T07:40:00Z","nsw":"0.02","qld":"0.08","sa":"0.32","tas":"0.00","vic":"0.02"},{"ts":"2013-07-19T07:50:00Z","nsw":"0.03","qld":"0.11","sa":"0.15","tas":"0.00","vic":"0.01"},{"ts":"2013-07-19T08:00:00Z","nsw":"0.04","qld":"0.05","sa":"0.10","tas":"0.00","vic":"0.01","wa":"2.02"},{"ts":"2013-07-19T08:10:00Z","nsw":"0.05","qld":"0.04","sa":"0.09","tas":"0.00","vic":"0.01"},{"ts":"2013-07-19T08:20:00Z","nsw":"0.04","qld":"0.04","sa":"0.06","tas":"0.00","vic":"0.01"},{"ts":"2013-07-19T08:30:00Z","nsw":"0.04","qld":"0.05","sa":"0.04","tas":"0.00","vic":"0.01","wa":"1.19"},{"ts":"2013-07-19T08:40:00Z","nsw":"0.04","qld":"0.05","sa":"0.04","tas":"0.00","vic":"0.01"},{"ts":"2013-07-19T08:50:00Z","nsw":"0.06","qld":"0.04","sa":"0.04","tas":"0.00","vic":"0.01"},{"ts":"2013-07-19T09:00:00Z","nsw":"0.04","qld":"0.04","sa":"0.04","tas":"0.00","vic":"0.01","wa":"0.43"},{"ts":"2013-07-19T09:10:00Z","nsw":"0.04","qld":"0.04","sa":"0.05","tas":"0.00","vic":"0.01"},{"ts":"2013-07-19T09:20:00Z","nsw":"0.04","qld":"0.04","sa":"0.05","tas":"0.00","vic":"0.01"},{"ts":"2013-07-19T09:30:00Z","nsw":"0.04","qld":"0.05","sa":"0.05","tas":"0.00","vic":"0.01","wa":"0.04"},{"ts":"2013-07-19T09:40:00Z","nsw":"0.04","qld":"0.05","sa":"0.05","tas":"0.00","vic":"0.03"},{"ts":"2013-07-19T09:50:00Z","nsw":"0.05","qld":"0.04","sa":"0.05","tas":"0.00","vic":"0.01"},{"ts":"2013-07-19T10:00:00Z","nsw":"0.05","qld":"0.04","sa":"0.05","tas":"0.00","vic":"0.01","wa":"0.04"},{"ts":"2013-07-19T10:10:00Z","nsw":"0.04","qld":"0.04","sa":"0.05","tas":"0.00","vic":"0.01"},{"ts":"2013-07-19T10:20:00Z","nsw":"0.03","qld":"0.05","sa":"0.05","tas":"0.00","vic":"0.01"},{"ts":"2013-07-19T10:30:00Z","nsw":"0.05","qld":"0.05","sa":"0.04","tas":"0.00","vic":"0.01","wa":"0.02"},{"ts":"2013-07-19T10:40:00Z","nsw":"0.05","qld":"0.04","sa":"0.04","tas":"0.00","vic":"0.01"},{"ts":"2013-07-19T10:50:00Z","nsw":"0.05","qld":"0.05","sa":"0.04","tas":"0.00","vic":"0.01"},{"ts":"2013-07-19T11:00:00Z","nsw":"0.05","qld":"0.04","sa":"0.04","tas":"0.00","vic":"0.01","wa":"0.03"},{"ts":"2013-07-19T11:10:00Z","nsw":"0.05","qld":"0.05","sa":"0.04","tas":"0.00","vic":"0.01"},{"ts":"2013-07-19T11:20:00Z","nsw":"0.05","qld":"0.04","sa":"0.04","tas":"0.00","vic":"0.01"},{"ts":"2013-07-19T11:30:00Z","nsw":"0.05","qld":"0.05","sa":"0.04","tas":"0.00","vic":"0.01","wa":"0.03"},{"ts":"2013-07-19T11:40:00Z","nsw":"0.05","qld":"0.04","sa":"0.03","tas":"0.00","vic":"0.01"},{"ts":"2013-07-19T11:50:00Z","nsw":"0.04","qld":"0.05","sa":"0.03","tas":"0.00","vic":"0.01"},{"ts":"2013-07-19T12:00:00Z","nsw":"0.06","qld":"0.05","sa":"0.03","tas":"0.00","vic":"0.01","wa":"0.03"},{"ts":"2013-07-19T12:10:00Z","nsw":"0.05","qld":"0.05","sa":"0.03","tas":"0.00","vic":"0.01"},{"ts":"2013-07-19T12:20:00Z","nsw":"0.05","qld":"0.05","sa":"0.03","tas":"0.00","vic":"0.01"},{"ts":"2013-07-19T12:30:00Z","nsw":"0.05","qld":"0.06","sa":"0.03","tas":"0.00","vic":"0.01","wa":"0.03"},{"ts":"2013-07-19T12:40:00Z","nsw":"0.12","qld":"0.05","sa":"0.03","tas":"0.00","vic":"0.01"},{"ts":"2013-07-19T12:50:00Z","nsw":"0.13","qld":"0.05","sa":"0.04","tas":"0.00","vic":"0.01"}],"demand":[{"ts":"2013-07-18T18:00:00Z","nsw":6183,"qld":4413,"sa":995,"tas":887,"vic":4012,"wa":1724},{"ts":"2013-07-18T18:10:00Z","nsw":6224,"qld":4428,"sa":995,"tas":877,"vic":4014},{"ts":"2013-07-18T18:20:00Z","nsw":6250,"qld":4472,"sa":989,"tas":864,"vic":3994},{"ts":"2013-07-18T18:30:00Z","nsw":6212,"qld":4558,"sa":995,"tas":865,"vic":4009,"wa":1699},{"ts":"2013-07-18T18:40:00Z","nsw":6244,"qld":4586,"sa":989,"tas":852,"vic":4040},{"ts":"2013-07-18T18:50:00Z","nsw":6330,"qld":4640,"sa":983,"tas":864,"vic":4063},{"ts":"2013-07-18T19:00:00Z","nsw":6412,"qld":4701,"sa":949,"tas":867,"vic":4112,"wa":1692},{"ts":"2013-07-18T19:10:00Z","nsw":6482,"qld":4804,"sa":929,"tas":875,"vic":4202},{"ts":"2013-07-18T19:20:00Z","nsw":6626,"qld":4819,"sa":952,"tas":883,"vic":4271},{"ts":"2013-07-18T19:30:00Z","nsw":6680,"qld":4886,"sa":972,"tas":891,"vic":4328,"wa":1689},{"ts":"2013-07-18T19:40:00Z","nsw":6872,"qld":5001,"sa":1018,"tas":919,"vic":4394},{"ts":"2013-07-18T19:50:00Z","nsw":7038,"qld":5080,"sa":1055,"tas":923,"vic":4513},{"ts":"2013-07-18T20:00:00Z","nsw":7268,"qld":5231,"sa":1041,"tas":908,"vic":4620,"wa":1682},{"ts":"2013-07-18T20:10:00Z","nsw":7634,"qld":5439,"sa":1059,"tas":945,"vic":4835},{"ts":"2013-07-18T20:20:00Z","nsw":7719,"qld":5556,"sa":1110,"tas":927,"vic":4996},{"ts":"2013-07-18T20:30:00Z","nsw":7932,"qld":5628,"sa":1112,"tas":1041,"vic":5109,"wa":1713},{"ts":"2013-07-18T20:40:00Z","nsw":8220,"qld":5781,"sa":1189,"tas":1096,"vic":5284},{"ts":"2013-07-18T20:50:00Z","nsw":8321,"qld":5933,"sa":1243,"tas":1117,"vic":5409},{"ts":"2013-07-18T21:00:00Z","nsw":8388,"qld":6051,"sa":1260,"tas":1138,"vic":5501,"wa":1742},{"ts":"2013-07-18T21:10:00Z","nsw":8578,"qld":6192,"sa":1272,"tas":1176,"vic":5554},{"ts":"2013-07-18T21:20:00Z","nsw":8674,"qld":6189,"sa":1314,"tas":1189,"vic":5728},{"ts":"2013-07-18T21:30:00Z","nsw":8773,"qld":6256,"sa":1384,"tas":1185,"vic":5815,"wa":1820},{"ts":"2013-07-18T21:40:00Z","nsw":8877,"qld":6327,"sa":1381,"tas":1219,"vic":5948},{"ts":"2013-07-18T21:50:00Z","nsw":8995,"qld":6352,"sa":1411,"tas":1221,"vic":5988},{"ts":"2013-07-18T22:00:00Z","nsw":8996,"qld":6290,"sa":1431,"tas":1244,"vic":6047,"wa":1920},{"ts":"2013-07-18T22:10:00Z","nsw":9055,"qld":6291,"sa":1426,"tas":1262,"vic":6073},{"ts":"2013-07-18T22:20:00Z","nsw":9000,"qld":6175,"sa":1509,"tas":1247,"vic":6111},{"ts":"2013-07-18T22:30:00Z","nsw":8979,"qld":6094,"sa":1506,"tas":1236,"vic":6042,"wa":2104},{"ts":"2013-07-18T22:40:00Z","nsw":8931,"qld":6044,"sa":1553,"tas":1236,"vic":6045},{"ts":"2013-07-18T22:50:00Z","nsw":8848,"qld":6017,"sa":1540,"tas":1239,"vic":6062},{"ts":"2013-07-18T23:00:00Z","nsw":8815,"qld":6006,"sa":1528,"tas":1232,"vic":6069,"wa":2268},{"ts":"2013-07-18T23:10:00Z","nsw":8954,"qld":5997,"sa":1551,"tas":1229,"vic":6020},{"ts":"2013-07-18T23:20:00Z","nsw":8837,"qld":5922,"sa":1556,"tas":1218,"vic":6047},{"ts":"2013-07-18T23:30:00Z","nsw":8877,"qld":5904,"sa":1575,"tas":1198,"vic":6046,"wa":2432},{"ts":"2013-07-18T23:40:00Z","nsw":8848,"qld":5917,"sa":1587,"tas":1145,"vic":6012},{"ts":"2013-07-18T23:50:00Z","nsw":8946,"qld":5860,"sa":1598,"tas":1144,"vic":6021},{"ts":"2013-07-19T00:00:00Z","nsw":8892,"qld":5837,"sa":1561,"tas":1141,"vic":6052,"wa":2594},{"ts":"2013-07-19T00:10:00Z","nsw":8914,"qld":5807,"sa":1534,"tas":1137,"vic":5958},{"ts":"2013-07-19T00:20:00Z","nsw":8939,"qld":5803,"sa":1522,"tas":1132,"vic":5972},{"ts":"2013-07-19T00:30:00Z","nsw":8907,"qld":5787,"sa":1517,"tas":1127,"vic":5968,"wa":2681},{"ts":"2013-07-19T00:40:00Z","nsw":8862,"qld":5811,"sa":1495,"tas":1145,"vic":5906},{"ts":"2013-07-19T00:50:00Z","nsw":8900,"qld":5804,"sa":1519,"tas":1168,"vic":5905},{"ts":"2013-07-19T01:00:00Z","nsw":8904,"qld":5803,"sa":1506,"tas":1163,"vic":5882,"wa":2683},{"ts":"2013-07-19T01:10:00Z","nsw":8928,"qld":5774,"sa":1520,"tas":1166,"vic":5944},{"ts":"2013-07-19T01:20:00Z","nsw":8927,"qld":5774,"sa":1535,"tas":1152,"vic":5950},{"ts":"2013-07-19T01:30:00Z","nsw":8863,"qld":5735,"sa":1528,"tas":1140,"vic":5965,"wa":2642},{"ts":"2013-07-19T01:40:00Z","nsw":8883,"qld":5727,"sa":1539,"tas":1151,"vic":5936},{"ts":"2013-07-19T01:50:00Z","nsw":8961,"qld":5716,"sa":1521,"tas":1156,"vic":5932},{"ts":"2013-07-19T02:00:00Z","nsw":8939,"qld":5708,"sa":1469,"tas":1154,"vic":5856,"wa":2562},{"ts":"2013-07-19T02:10:00Z","nsw":8937,"qld":5731,"sa":1437,"tas":1152,"vic":5835},{"ts":"2013-07-19T02:20:00Z","nsw":8936,"qld":5755,"sa":1421,"tas":1155,"vic":5846},{"ts":"2013-07-19T02:30:00Z","nsw":8895,"qld":5753,"sa":1448,"tas":1154,"vic":5845,"wa":2450},{"ts":"2013-07-19T02:40:00Z","nsw":8882,"qld":5780,"sa":1444,"tas":1150,"vic":5851},{"ts":"2013-07-19T02:50:00Z","nsw":8909,"qld":5734,"sa":1457,"tas":1155,"vic":5791},{"ts":"2013-07-19T03:00:00Z","nsw":8821,"qld":5726,"sa":1439,"tas":1150,"vic":5784,"wa":2432},{"ts":"2013-07-19T03:10:00Z","nsw":8840,"qld":5776,"sa":1428,"tas":1137,"vic":5813},{"ts":"2013-07-19T03:20:00Z","nsw":8762,"qld":5765,"sa":1455,"tas":1119,"vic":5792},{"ts":"2013-07-19T03:30:00Z","nsw":8740,"qld":5752,"sa":1467,"tas":1132,"vic":5755,"wa":2342},{"ts":"2013-07-19T03:40:00Z","nsw":8801,"qld":5799,"sa":1489,"tas":1116,"vic":5705},{"ts":"2013-07-19T03:50:00Z","nsw":8756,"qld":5735,"sa":1474,"tas":1135,"vic":5727},{"ts":"2013-07-19T04:00:00Z","nsw":8771,"qld":5714,"sa":1465,"tas":1132,"vic":5726,"wa":2316},{"ts":"2013-07-19T04:10:00Z","nsw":8718,"qld":5770,"sa":1459,"tas":1146,"vic":5649},{"ts":"2013-07-19T04:20:00Z","nsw":8647,"qld":5704,"sa":1432,"tas":1129,"vic":5690},{"ts":"2013-07-19T04:30:00Z","nsw":8632,"qld":5696,"sa":1425,"tas":1136,"vic":5647,"wa":2303},{"ts":"2013-07-19T04:40:00Z","nsw":8636,"qld":5683,"sa":1439,"tas":1139,"vic":5654},{"ts":"2013-07-19T04:50:00Z","nsw":8646,"qld":5728,"sa":1415,"tas":1139,"vic":5652},{"ts":"2013-07-19T05:00:00Z","nsw":8624,"qld":5689,"sa":1385,"tas":1151,"vic":5602,"wa":2292},{"ts":"2013-07-19T05:10:00Z","nsw":8527,"qld":5698,"sa":1334,"tas":1146,"vic":5649},{"ts":"2013-07-19T05:20:00Z","nsw":8577,"qld":5679,"sa":1324,"tas":1149,"vic":5615},{"ts":"2013-07-19T05:30:00Z","nsw":8638,"qld":5724,"sa":1345,"tas":1167,"vic":5654,"wa":2271},{"ts":"2013-07-19T05:40:00Z","nsw":8715,"qld":5733,"sa":1380,"tas":1139,"vic":5711},{"ts":"2013-07-19T05:50:00Z","nsw":8786,"qld":5781,"sa":1405,"tas":1105,"vic":5708},{"ts":"2013-07-19T06:00:00Z","nsw":8800,"qld":5795,"sa":1405,"tas":1117,"vic":5766,"wa":2257},{"ts":"2013-07-19T06:10:00Z","nsw":8882,"qld":5852,"sa":1478,"tas":1158,"vic":5804},{"ts":"2013-07-19T06:20:00Z","nsw":8914,"qld":5899,"sa":1523,"tas":1150,"vic":5871},{"ts":"2013-07-19T06:30:00Z","nsw":8958,"qld":6025,"sa":1524,"tas":1166,"vic":5890,"wa":2249},{"ts":"2013-07-19T06:40:00Z","nsw":8991,"qld":6101,"sa":1513,"tas":1188,"vic":6030},{"ts":"2013-07-19T06:50:00Z","nsw":9088,"qld":6153,"sa":1553,"tas":1213,"vic":6091},{"ts":"2013-07-19T07:00:00Z","nsw":9210,"qld":6189,"sa":1597,"tas":1228,"vic":6195,"wa":2254},{"ts":"2013-07-19T07:10:00Z","nsw":9323,"qld":6182,"sa":1566,"tas":1246,"vic":6331},{"ts":"2013-07-19T07:20:00Z","nsw":9542,"qld":6212,"sa":1583,"tas":1280,"vic":6428},{"ts":"2013-07-19T07:30:00Z","nsw":9732,"qld":6217,"sa":1618,"tas":1269,"vic":6572,"wa":2282},{"ts":"2013-07-19T07:40:00Z","nsw":9879,"qld":6345,"sa":1642,"tas":1262,"vic":6681},{"ts":"2013-07-19T07:50:00Z","nsw":9855,"qld":6308,"sa":1672,"tas":1294,"vic":6724},{"ts":"2013-07-19T08:00:00Z","nsw":9847,"qld":6333,"sa":1710,"tas":1312,"vic":6702,"wa":2276},{"ts":"2013-07-19T08:10:00Z","nsw":9778,"qld":6328,"sa":1760,"tas":1289,"vic":6706},{"ts":"2013-07-19T08:20:00Z","nsw":9717,"qld":6291,"sa":1810,"tas":1325,"vic":6670},{"ts":"2013-07-19T08:30:00Z","nsw":9629,"qld":6273,"sa":1887,"tas":1311,"vic":6677,"wa":2341},{"ts":"2013-07-19T08:40:00Z","nsw":9513,"qld":6292,"sa":1906,"tas":1316,"vic":6640},{"ts":"2013-07-19T08:50:00Z","nsw":9542,"qld":6208,"sa":1945,"tas":1277,"vic":6571},{"ts":"2013-07-19T09:00:00Z","nsw":9434,"qld":6225,"sa":1917,"tas":1268,"vic":6581,"wa":2433},{"ts":"2013-07-19T09:10:00Z","nsw":9331,"qld":6170,"sa":1901,"tas":1245,"vic":6467},{"ts":"2013-07-19T09:20:00Z","nsw":9265,"qld":6095,"sa":1875,"tas":1258,"vic":6359},{"ts":"2013-07-19T09:30:00Z","nsw":9118,"qld":6061,"sa":1888,"tas":1273,"vic":6318,"wa":2586},{"ts":"2013-07-19T09:40:00Z","nsw":9095,"qld":6109,"sa":1850,"tas":1266,"vic":6272},{"ts":"2013-07-19T09:50:00Z","nsw":9078,"qld":6137,"sa":1790,"tas":1236,"vic":6270},{"ts":"2013-07-19T10:00:00Z","nsw":9012,"qld":6151,"sa":1783,"tas":1215,"vic":6256,"wa":2808},{"ts":"2013-07-19T10:10:00Z","nsw":8960,"qld":6110,"sa":1828,"tas":1223,"vic":6218},{"ts":"2013-07-19T10:20:00Z","nsw":8915,"qld":6100,"sa":1817,"tas":1218,"vic":6147},{"ts":"2013-07-19T10:30:00Z","nsw":8889,"qld":6097,"sa":1782,"tas":1171,"vic":6148,"wa":2952},{"ts":"2013-07-19T10:40:00Z","nsw":8859,"qld":6049,"sa":1785,"tas":1187,"vic":6100},{"ts":"2013-07-19T10:50:00Z","nsw":8798,"qld":6029,"sa":1770,"tas":1201,"vic":6086},{"ts":"2013-07-19T11:00:00Z","nsw":8720,"qld":5945,"sa":1714,"tas":1213,"vic":6026,"wa":2936},{"ts":"2013-07-19T11:10:00Z","nsw":8677,"qld":5921,"sa":1685,"tas":1205,"vic":5887},{"ts":"2013-07-19T11:20:00Z","nsw":8545,"qld":5905,"sa":1674,"tas":1169,"vic":5858},{"ts":"2013-07-19T11:30:00Z","nsw":8482,"qld":5879,"sa":1696,"tas":1192,"vic":5761,"wa":2891},{"ts":"2013-07-19T11:40:00Z","nsw":8396,"qld":5831,"sa":1652,"tas":1180,"vic":5715},{"ts":"2013-07-19T11:50:00Z","nsw":8273,"qld":5760,"sa":1659,"tas":1161,"vic":5680},{"ts":"2013-07-19T12:00:00Z","nsw":8426,"qld":5716,"sa":1670,"tas":1131,"vic":5587,"wa":2813},{"ts":"2013-07-19T12:10:00Z","nsw":8504,"qld":5708,"sa":1603,"tas":1148,"vic":5551},{"ts":"2013-07-19T12:20:00Z","nsw":8520,"qld":5591,"sa":1526,"tas":1144,"vic":5521},{"ts":"2013-07-19T12:30:00Z","nsw":8506,"qld":5592,"sa":1578,"tas":1128,"vic":5480,"wa":2758},{"ts":"2013-07-19T12:40:00Z","nsw":8442,"qld":5578,"sa":1616,"tas":1125,"vic":5471},{"ts":"2013-07-19T12:50:00Z","nsw":8348,"qld":5500,"sa":1580,"tas":1104,"vic":5461}],"output":[{"ts":"2013-07-18T18:00:00Z","nsw":1,"qld":2,"sa":0,"tas":0,"vic":0,"wa":0},{"ts":"2013-07-18T18:10:00Z","nsw":1,"qld":2,"sa":0,"tas":0,"vic":0},{"ts":"2013-07-18T18:20:00Z","nsw":1,"qld":2,"sa":0,"tas":0,"vic":0},{"ts":"2013-07-18T18:30:00Z","nsw":1,"qld":2,"sa":0,"tas":0,"vic":0,"wa":0},{"ts":"2013-07-18T18:40:00Z","nsw":1,"qld":2,"sa":0,"tas":0,"vic":0},{"ts":"2013-07-18T18:50:00Z","nsw":1,"qld":2,"sa":0,"tas":0,"vic":0},{"ts":"2013-07-18T19:00:00Z","nsw":1,"qld":2,"sa":0,"tas":0,"vic":0,"wa":0},{"ts":"2013-07-18T19:10:00Z","nsw":1,"qld":2,"sa":0,"tas":0,"vic":0},{"ts":"2013-07-18T19:20:00Z","nsw":1,"qld":2,"sa":0,"tas":0,"vic":0},{"ts":"2013-07-18T19:30:00Z","nsw":1,"qld":2,"sa":0,"tas":0,"vic":0,"wa":0},{"ts":"2013-07-18T19:40:00Z","nsw":1,"qld":2,"sa":0,"tas":0,"vic":0},{"ts":"2013-07-18T19:50:00Z","nsw":1,"qld":2,"sa":0,"tas":0,"vic":0},{"ts":"2013-07-18T20:00:00Z","nsw":1,"qld":2,"sa":0,"tas":0,"vic":0,"wa":0},{"ts":"2013-07-18T20:10:00Z","nsw":1,"qld":1,"sa":0,"tas":0,"vic":0},{"ts":"2013-07-18T20:20:00Z","nsw":1,"qld":2,"sa":0,"tas":0,"vic":0},{"ts":"2013-07-18T20:30:00Z","nsw":1,"qld":3,"sa":0,"tas":0,"vic":0,"wa":0},{"ts":"2013-07-18T20:40:00Z","nsw":2,"qld":3,"sa":0,"tas":0,"vic":0},{"ts":"2013-07-18T20:50:00Z","nsw":1,"qld":5,"sa":0,"tas":0,"vic":0},{"ts":"2013-07-18T21:00:00Z","nsw":1,"qld":12,"sa":0,"tas":0,"vic":0,"wa":0},{"ts":"2013-07-18T21:10:00Z","nsw":4,"qld":20,"sa":0,"tas":0,"vic":0},{"ts":"2013-07-18T21:20:00Z","nsw":9,"qld":29,"sa":0,"tas":0,"vic":0},{"ts":"2013-07-18T21:30:00Z","nsw":12,"qld":37,"sa":0,"tas":0,"vic":0,"wa":0},{"ts":"2013-07-18T21:40:00Z","nsw":18,"qld":50,"sa":0,"tas":0,"vic":0},{"ts":"2013-07-18T21:50:00Z","nsw":25,"qld":63,"sa":0,"tas":0,"vic":2},{"ts":"2013-07-18T22:00:00Z","nsw":30,"qld":85,"sa":0,"tas":0,"vic":7,"wa":0},{"ts":"2013-07-18T22:10:00Z","nsw":39,"qld":91,"sa":2,"tas":0,"vic":15},{"ts":"2013-07-18T22:20:00Z","nsw":56,"qld":136,"sa":4,"tas":1,"vic":22},{"ts":"2013-07-18T22:30:00Z","nsw":69,"qld":182,"sa":8,"tas":1,"vic":26,"wa":0},{"ts":"2013-07-18T22:40:00Z","nsw":79,"qld":211,"sa":10,"tas":1,"vic":42},{"ts":"2013-07-18T22:50:00Z","nsw":87,"qld":206,"sa":13,"tas":2,"vic":45},{"ts":"2013-07-18T23:00:00Z","nsw":96,"qld":234,"sa":14,"tas":2,"vic":51,"wa":0},{"ts":"2013-07-18T23:10:00Z","nsw":87,"qld":238,"sa":21,"tas":3,"vic":53},{"ts":"2013-07-18T23:20:00Z","nsw":103,"qld":247,"sa":26,"tas":2,"vic":63},{"ts":"2013-07-18T23:30:00Z","nsw":109,"qld":253,"sa":32,"tas":3,"vic":71,"wa":3},{"ts":"2013-07-18T23:40:00Z","nsw":107,"qld":254,"sa":34,"tas":3,"vic":76},{"ts":"2013-07-18T23:50:00Z","nsw":111,"qld":250,"sa":33,"tas":4,"vic":70},{"ts":"2013-07-19T00:00:00Z","nsw":122,"qld":283,"sa":38,"tas":5,"vic":77,"wa":21},{"ts":"2013-07-19T00:10:00Z","nsw":128,"qld":290,"sa":43,"tas":5,"vic":76},{"ts":"2013-07-19T00:20:00Z","nsw":144,"qld":306,"sa":41,"tas":6,"vic":85},{"ts":"2013-07-19T00:30:00Z","nsw":145,"qld":296,"sa":53,"tas":5,"vic":81,"wa":47},{"ts":"2013-07-19T00:40:00Z","nsw":137,"qld":302,"sa":55,"tas":6,"vic":92},{"ts":"2013-07-19T00:50:00Z","nsw":119,"qld":320,"sa":58,"tas":5,"vic":107},{"ts":"2013-07-19T01:00:00Z","nsw":106,"qld":346,"sa":62,"tas":6,"vic":116,"wa":81},{"ts":"2013-07-19T01:10:00Z","nsw":88,"qld":330,"sa":66,"tas":5,"vic":105},{"ts":"2013-07-19T01:20:00Z","nsw":101,"qld":347,"sa":67,"tas":6,"vic":105},{"ts":"2013-07-19T01:30:00Z","nsw":95,"qld":311,"sa":71,"tas":5,"vic":103,"wa":105},{"ts":"2013-07-19T01:40:00Z","nsw":93,"qld":323,"sa":72,"tas":8,"vic":118},{"ts":"2013-07-19T01:50:00Z","nsw":98,"qld":310,"sa":71,"tas":7,"vic":132},{"ts":"2013-07-19T02:00:00Z","nsw":91,"qld":328,"sa":85,"tas":8,"vic":158,"wa":130},{"ts":"2013-07-19T02:10:00Z","nsw":88,"qld":313,"sa":78,"tas":6,"vic":161},{"ts":"2013-07-19T02:20:00Z","nsw":82,"qld":299,"sa":82,"tas":9,"vic":168},{"ts":"2013-07-19T02:30:00Z","nsw":77,"qld":289,"sa":85,"tas":8,"vic":154,"wa":154},{"ts":"2013-07-19T02:40:00Z","nsw":75,"qld":271,"sa":75,"tas":9,"vic":159},{"ts":"2013-07-19T02:50:00Z","nsw":80,"qld":255,"sa":76,"tas":7,"vic":134},{"ts":"2013-07-19T03:00:00Z","nsw":81,"qld":235,"sa":78,"tas":8,"vic":160,"wa":167},{"ts":"2013-07-19T03:10:00Z","nsw":72,"qld":204,"sa":78,"tas":9,"vic":149},{"ts":"2013-07-19T03:20:00Z","nsw":65,"qld":213,"sa":56,"tas":9,"vic":163},{"ts":"2013-07-19T03:30:00Z","nsw":73,"qld":202,"sa":56,"tas":6,"vic":149,"wa":155},{"ts":"2013-07-19T03:40:00Z","nsw":94,"qld":201,"sa":62,"tas":5,"vic":175},{"ts":"2013-07-19T03:50:00Z","nsw":79,"qld":207,"sa":61,"tas":4,"vic":160},{"ts":"2013-07-19T04:00:00Z","nsw":79,"qld":224,"sa":68,"tas":7,"vic":165,"wa":154},{"ts":"2013-07-19T04:10:00Z","nsw":72,"qld":221,"sa":88,"tas":6,"vic":160},{"ts":"2013-07-19T04:20:00Z","nsw":69,"qld":225,"sa":85,"tas":6,"vic":160},{"ts":"2013-07-19T04:30:00Z","nsw":67,"qld":192,"sa":83,"tas":5,"vic":141,"wa":140},{"ts":"2013-07-19T04:40:00Z","nsw":70,"qld":185,"sa":60,"tas":5,"vic":146},{"ts":"2013-07-19T04:50:00Z","nsw":60,"qld":168,"sa":79,"tas":4,"vic":115},{"ts":"2013-07-19T05:00:00Z","nsw":48,"qld":169,"sa":88,"tas":4,"vic":109,"wa":129},{"ts":"2013-07-19T05:10:00Z","nsw":49,"qld":149,"sa":122,"tas":4,"vic":93},{"ts":"2013-07-19T05:20:00Z","nsw":46,"qld":132,"sa":119,"tas":5,"vic":90},{"ts":"2013-07-19T05:30:00Z","nsw":40,"qld":103,"sa":115,"tas":4,"vic":74,"wa":129},{"ts":"2013-07-19T05:40:00Z","nsw":38,"qld":77,"sa":84,"tas":3,"vic":62},{"ts":"2013-07-19T05:50:00Z","nsw":35,"qld":62,"sa":88,"tas":3,"vic":53},{"ts":"2013-07-19T06:00:00Z","nsw":30,"qld":55,"sa":75,"tas":2,"vic":36,"wa":110},{"ts":"2013-07-19T06:10:00Z","nsw":31,"qld":40,"sa":57,"tas":1,"vic":27},{"ts":"2013-07-19T06:20:00Z","nsw":27,"qld":38,"sa":27,"tas":1,"vic":22},{"ts":"2013-07-19T06:30:00Z","nsw":18,"qld":30,"sa":31,"tas":1,"vic":17,"wa":97},{"ts":"2013-07-19T06:40:00Z","nsw":14,"qld":19,"sa":31,"tas":1,"vic":10},{"ts":"2013-07-19T06:50:00Z","nsw":11,"qld":14,"sa":33,"tas":0,"vic":7},{"ts":"2013-07-19T07:00:00Z","nsw":6,"qld":11,"sa":25,"tas":0,"vic":4,"wa":100},{"ts":"2013-07-19T07:10:00Z","nsw":3,"qld":5,"sa":24,"tas":0,"vic":2},{"ts":"2013-07-19T07:20:00Z","nsw":3,"qld":7,"sa":19,"tas":0,"vic":2},{"ts":"2013-07-19T07:30:00Z","nsw":1,"qld":6,"sa":11,"tas":0,"vic":2,"wa":70},{"ts":"2013-07-19T07:40:00Z","nsw":2,"qld":4,"sa":5,"tas":0,"vic":1},{"ts":"2013-07-19T07:50:00Z","nsw":2,"qld":6,"sa":2,"tas":0,"vic":0},{"ts":"2013-07-19T08:00:00Z","nsw":3,"qld":3,"sa":1,"tas":0,"vic":0,"wa":46},{"ts":"2013-07-19T08:10:00Z","nsw":4,"qld":2,"sa":1,"tas":0,"vic":0},{"ts":"2013-07-19T08:20:00Z","nsw":3,"qld":2,"sa":1,"tas":0,"vic":0},{"ts":"2013-07-19T08:30:00Z","nsw":3,"qld":2,"sa":0,"tas":0,"vic":0,"wa":28},{"ts":"2013-07-19T08:40:00Z","nsw":4,"qld":2,"sa":0,"tas":0,"vic":0},{"ts":"2013-07-19T08:50:00Z","nsw":5,"qld":2,"sa":0,"tas":0,"vic":0},{"ts":"2013-07-19T09:00:00Z","nsw":3,"qld":2,"sa":0,"tas":0,"vic":0,"wa":10},{"ts":"2013-07-19T09:10:00Z","nsw":3,"qld":2,"sa":0,"tas":0,"vic":0},{"ts":"2013-07-19T09:20:00Z","nsw":3,"qld":2,"sa":0,"tas":0,"vic":0},{"ts":"2013-07-19T09:30:00Z","nsw":3,"qld":2,"sa":0,"tas":0,"vic":0,"wa":1},{"ts":"2013-07-19T09:40:00Z","nsw":3,"qld":2,"sa":0,"tas":0,"vic":1},{"ts":"2013-07-19T09:50:00Z","nsw":4,"qld":2,"sa":0,"tas":0,"vic":0},{"ts":"2013-07-19T10:00:00Z","nsw":4,"qld":2,"sa":0,"tas":0,"vic":0,"wa":1},{"ts":"2013-07-19T10:10:00Z","nsw":3,"qld":2,"sa":0,"tas":0,"vic":0},{"ts":"2013-07-19T10:20:00Z","nsw":2,"qld":2,"sa":0,"tas":0,"vic":0},{"ts":"2013-07-19T10:30:00Z","nsw":4,"qld":2,"sa":0,"tas":0,"vic":0,"wa":0},{"ts":"2013-07-19T10:40:00Z","nsw":4,"qld":2,"sa":0,"tas":0,"vic":0},{"ts":"2013-07-19T10:50:00Z","nsw":4,"qld":2,"sa":0,"tas":0,"vic":0},{"ts":"2013-07-19T11:00:00Z","nsw":4,"qld":2,"sa":0,"tas":0,"vic":0,"wa":0},{"ts":"2013-07-19T11:10:00Z","nsw":4,"qld":2,"sa":0,"tas":0,"vic":0},{"ts":"2013-07-19T11:20:00Z","nsw":4,"qld":2,"sa":0,"tas":0,"vic":0},{"ts":"2013-07-19T11:30:00Z","nsw":4,"qld":2,"sa":0,"tas":0,"vic":0,"wa":0},{"ts":"2013-07-19T11:40:00Z","nsw":4,"qld":2,"sa":0,"tas":0,"vic":0},{"ts":"2013-07-19T11:50:00Z","nsw":3,"qld":2,"sa":0,"tas":0,"vic":0},{"ts":"2013-07-19T12:00:00Z","nsw":4,"qld":3,"sa":0,"tas":0,"vic":0,"wa":0},{"ts":"2013-07-19T12:10:00Z","nsw":4,"qld":2,"sa":0,"tas":0,"vic":0},{"ts":"2013-07-19T12:20:00Z","nsw":4,"qld":2,"sa":0,"tas":0,"vic":0},{"ts":"2013-07-19T12:30:00Z","nsw":4,"qld":3,"sa":0,"tas":0,"vic":0,"wa":0},{"ts":"2013-07-19T12:40:00Z","nsw":10,"qld":2,"sa":0,"tas":0,"vic":0},{"ts":"2013-07-19T12:50:00Z","nsw":11,"qld":2,"sa":0,"tas":0,"vic":0}]} 