{"performance":[{"ts":"2013-11-15T17:00:00Z","nsw":"0.29","nt":"0.00","qld":"0.33","sa":"0.25","tas":"0.00","vic":"0.24","wa":"0.16"},{"ts":"2013-11-15T17:10:00Z","nsw":"0.29","nt":"0.00","qld":"0.33","sa":"0.24","tas":"0.00","vic":"0.17","wa":"0.16"},{"ts":"2013-11-15T17:20:00Z","nsw":"0.28","nt":"0.00","qld":"0.33","sa":"0.24","tas":"0.00","vic":"0.07","wa":"0.16"},{"ts":"2013-11-15T17:30:00Z","nsw":"0.27","nt":"0.00","qld":"0.34","sa":"0.25","tas":"0.00","vic":"0.15","wa":"0.15"},{"ts":"2013-11-15T17:40:00Z","nsw":"0.29","nt":"0.00","qld":"0.35","sa":"0.25","tas":"0.00","vic":"0.11","wa":"0.15"},{"ts":"2013-11-15T17:50:00Z","nsw":"0.27","nt":"0.00","qld":"0.34","sa":"0.24","tas":"0.00","vic":"0.09","wa":"0.16"},{"ts":"2013-11-15T18:00:00Z","nsw":"0.29","nt":"0.00","qld":"0.32","sa":"0.25","tas":"0.00","vic":"0.16","wa":"0.15"},{"ts":"2013-11-15T18:10:00Z","nsw":"0.29","nt":"0.00","qld":"0.33","sa":"0.25","tas":"0.00","vic":"0.18","wa":"0.16"},{"ts":"2013-11-15T18:20:00Z","nsw":"0.27","nt":"0.00","qld":"0.33","sa":"0.25","tas":"0.00","vic":"0.11","wa":"0.15"},{"ts":"2013-11-15T18:30:00Z","nsw":"0.28","nt":"0.00","qld":"0.34","sa":"0.25","tas":"0.00","vic":"0.16","wa":"0.16"},{"ts":"2013-11-15T18:40:00Z","nsw":"0.27","nt":"0.00","qld":"0.33","sa":"0.25","tas":"0.06","vic":"0.05","wa":"0.15"},{"ts":"2013-11-15T18:50:00Z","nsw":"0.30","nt":"0.00","qld":"0.11","sa":"0.22","tas":"0.26","vic":"0.05","wa":"0.16"},{"ts":"2013-11-15T19:00:00Z","nsw":"0.51","nt":"0.00","qld":"0.81","sa":"0.22","tas":"0.55","vic":"0.13","wa":"0.15"},{"ts":"2013-11-15T19:10:00Z","nsw":"0.84","nt":"0.00","qld":"1.35","sa":"0.22","tas":"1.21","vic":"0.38","wa":"0.16"},{"ts":"2013-11-15T19:20:00Z","nsw":"1.37","nt":"0.00","qld":"1.99","sa":"0.22","tas":"2.21","vic":"1.17","wa":"0.15"},{"ts":"2013-11-15T19:30:00Z","nsw":"1.97","nt":"0.00","qld":"2.47","sa":"0.19","tas":"3.81","vic":"1.86","wa":"0.16"},{"ts":"2013-11-15T19:40:00Z","nsw":"2.90","nt":"0.00","qld":"3.15","sa":"0.38","tas":"5.43","vic":"2.82","wa":"0.16"},{"ts":"2013-11-15T19:50:00Z","nsw":"3.86","nt":"0.00","qld":"4.12","sa":"1.04","tas":"5.91","vic":"3.66","wa":"0.16"},{"ts":"2013-11-15T20:00:00Z","nsw":"5.77","nt":"0.00","qld":"5.03","sa":"1.75","tas":"8.39","vic":"4.83","wa":"0.15"},{"ts":"2013-11-15T20:10:00Z","nsw":"7.02","nt":"0.00","qld":"6.66","sa":"2.69","tas":"8.72","vic":"6.44","wa":"0.15"},{"ts":"2013-11-15T20:20:00Z","nsw":"8.11","nt":"0.00","qld":"8.43","sa":"3.51","tas":"11.44","vic":"8.69","wa":"0.15"},{"ts":"2013-11-15T20:30:00Z","nsw":"10.43","nt":"0.00","qld":"10.53","sa":"5.07","tas":"12.56","vic":"10.54","wa":"0.16"},{"ts":"2013-11-15T20:40:00Z","nsw":"12.34","nt":"0.00","qld":"13.85","sa":"6.56","tas":"15.49","vic":"13.11","wa":"0.17"},{"ts":"2013-11-15T20:50:00Z","nsw":"13.96","nt":"0.00","qld":"16.99","sa":"8.43","tas":"16.72","vic":"14.83","wa":"0.20"},{"ts":"2013-11-15T21:00:00Z","nsw":"15.95","nt":"1.03","qld":"18.50","sa":"10.14","tas":"21.23","vic":"16.88","wa":"0.20"},{"ts":"2013-11-15T21:10:00Z","nsw":"16.73","nt":"1.46","qld":"20.50","sa":"13.94","tas":"21.29","vic":"19.21","wa":"0.18"},{"ts":"2013-11-15T21:20:00Z","nsw":"19.52","nt":"1.74","qld":"21.44","sa":"15.04","tas":"27.06","vic":"22.16","wa":"0.57"},{"ts":"2013-11-15T21:30:00Z","nsw":"20.77","nt":"3.29","qld":"22.14","sa":"19.64","tas":"30.00","vic":"23.94","wa":"1.24"},{"ts":"2013-11-15T21:40:00Z","nsw":"21.51","nt":"5.40","qld":"23.92","sa":"20.37","tas":"33.47","vic":"28.39","wa":"2.10"},{"ts":"2013-11-15T21:50:00Z","nsw":"21.77","nt":"5.92","qld":"26.73","sa":"24.98","tas":"37.85","vic":"28.68","wa":"3.32"},{"ts":"2013-11-15T22:00:00Z","nsw":"24.01","nt":"6.79","qld":"30.12","sa":"26.49","tas":"41.93","vic":"31.20","wa":"4.77"},{"ts":"2013-11-15T22:10:00Z","nsw":"25.85","nt":"7.39","qld":"29.92","sa":"31.63","tas":"39.52","vic":"30.74","wa":"6.26"},{"ts":"2013-11-15T22:20:00Z","nsw":"25.76","nt":"10.27","qld":"32.27","sa":"33.32","tas":"44.74","vic":"32.99","wa":"7.93"},{"ts":"2013-11-15T22:30:00Z","nsw":"26.90","nt":"12.78","qld":"31.20","sa":"38.17","tas":"42.31","vic":"33.58","wa":"9.61"},{"ts":"2013-11-15T22:40:00Z","nsw":"27.82","nt":"18.91","qld":"31.43","sa":"41.91","tas":"46.77","vic":"35.75","wa":"11.06"},{"ts":"2013-11-15T22:50:00Z","nsw":"27.85","nt":"13.76","qld":"30.91","sa":"45.20","tas":"48.04","vic":"33.92","wa":"13.91"},{"ts":"2013-11-15T23:00:00Z","nsw":"31.75","nt":"20.85","qld":"34.47","sa":"47.34","tas":"52.12","vic":"35.64","wa":"16.96"},{"ts":"2013-11-15T23:10:00Z","nsw":"31.51","nt":"28.34","qld":"31.58","sa":"50.54","tas":"47.75","vic":"33.12","wa":"18.61"},{"ts":"2013-11-15T23:20:00Z","nsw":"36.20","nt":"30.23","qld":"34.10","sa":"49.77","tas":"53.74","vic":"34.46","wa":"21.70"},{"ts":"2013-11-15T23:30:00Z","nsw":"37.36","nt":"35.59","qld":"36.56","sa":"54.85","tas":"53.08","vic":"34.40","wa":"24.54"},{"ts":"2013-11-15T23:40:00Z","nsw":"38.67","nt":"36.47","qld":"37.05","sa":"57.88","tas":"57.04","vic":"34.83","wa":"29.24"},{"ts":"2013-11-15T23:50:00Z","nsw":"42.80","nt":"38.93","qld":"40.95","sa":"60.12","tas":"56.88","vic":"31.71","wa":"32.06"},{"ts":"2013-11-16T00:00:00Z","nsw":"45.02","nt":"32.45","qld":"43.56","sa":"60.34","tas":"60.99","vic":"35.05","wa":"34.70"},{"ts":"2013-11-16T00:10:00Z","nsw":"41.62","nt":"39.50","qld":"46.27","sa":"64.62","tas":"55.28","vic":"32.68","wa":"36.15"},{"ts":"2013-11-16T00:20:00Z","nsw":"43.23","nt":"41.22","qld":"53.97","sa":"65.79","tas":"66.26","vic":"35.17","wa":"39.56"},{"ts":"2013-11-16T00:30:00Z","nsw":"46.94","nt":"54.25","qld":"53.92","sa":"68.52","tas":"61.13","vic":"35.88","wa":"43.77"},{"ts":"2013-11-16T00:40:00Z","nsw":"50.60","nt":"48.70","qld":"55.58","sa":"67.45","tas":"73.40","vic":"37.30","wa":"46.18"},{"ts":"2013-11-16T00:50:00Z","nsw":"52.15","nt":"50.36","qld":"52.98","sa":"70.95","tas":"69.82","vic":"39.90","wa":"47.78"},{"ts":"2013-11-16T01:00:00Z","nsw":"47.78","nt":"43.02","qld":"54.69","sa":"69.31","tas":"78.06","vic":"41.72","wa":"50.50"},{"ts":"2013-11-16T01:10:00Z","nsw":"48.20","nt":"46.51","qld":"53.47","sa":"72.67","tas":"71.86","vic":"39.94","wa":"52.16"},{"ts":"2013-11-16T01:20:00Z","nsw":"51.37","nt":"61.99","qld":"53.27","sa":"70.02","tas":"79.77","vic":"43.32","wa":"55.59"},{"ts":"2013-11-16T01:30:00Z","nsw":"50.19","nt":"70.86","qld":"51.12","sa":"74.45","tas":"70.05","vic":"42.10","wa":"57.91"},{"ts":"2013-11-16T01:40:00Z","nsw":"53.92","nt":"73.07","qld":"51.80","sa":"75.30","tas":"78.84","vic":"46.87","wa":"57.65"},{"ts":"2013-11-16T01:50:00Z","nsw":"47.80","nt":"72.53","qld":"52.72","sa":"74.36","tas":"82.55","vic":"44.36","wa":"61.36"},{"ts":"2013-11-16T02:00:00Z","nsw":"45.77","nt":"68.73","qld":"54.94","sa":"72.65","tas":"78.72","vic":"48.48","wa":"63.48"},{"ts":"2013-11-16T02:10:00Z","nsw":"47.09","nt":"66.89","qld":"55.33","sa":"75.81","tas":"77.05","vic":"47.72","wa":"63.58"},{"ts":"2013-11-16T02:20:00Z","nsw":"46.39","nt":"61.59","qld":"54.14","sa":"75.92","tas":"83.13","vic":"50.00","wa":"64.72"},{"ts":"2013-11-16T02:30:00Z","nsw":"46.17","nt":"60.41","qld":"52.03","sa":"76.14","tas":"81.64","vic":"48.08","wa":"65.35"},{"ts":"2013-11-16T02:40:00Z","nsw":"47.21","nt":"70.62","qld":"41.70","sa":"75.69","tas":"82.79","vic":"52.90","wa":"67.58"},{"ts":"2013-11-16T02:50:00Z","nsw":"45.81","nt":"75.17","qld":"34.05","sa":"75.89","tas":"77.60","vic":"50.68","wa":"66.18"},{"ts":"2013-11-16T03:00:00Z","nsw":"45.16","nt":"75.59","qld":"27.14","sa":"73.77","tas":"78.56","vic":"54.90","wa":"65.80"},{"ts":"2013-11-16T03:10:00Z","nsw":"39.24","nt":"77.28","qld":"21.76","sa":"76.60","tas":"75.82","vic":"51.09","wa":"68.03"},{"ts":"2013-11-16T03:20:00Z","nsw":"42.52","nt":"69.18","qld":"20.65","sa":"73.47","tas":"77.42","vic":"54.42","wa":"67.69"},{"ts":"2013-11-16T03:30:00Z","nsw":"37.88","nt":"65.53","qld":"24.91","sa":"76.02","tas":"69.01","vic":"49.40","wa":"68.90"},{"ts":"2013-11-16T03:40:00Z","nsw":"40.05","nt":"65.96","qld":"35.66","sa":"71.75","tas":"75.40","vic":"52.06","wa":"68.77"},{"ts":"2013-11-16T03:50:00Z","nsw":"37.62","nt":"72.36","qld":"41.53","sa":"73.59","tas":"72.87","vic":"52.28","wa":"70.06"},{"ts":"2013-11-16T04:00:00Z","nsw":"38.81","nt":"72.63","qld":"46.01","sa":"70.91","tas":"73.02","vic":"53.53","wa":"72.01"},{"ts":"2013-11-16T04:10:00Z","nsw":"33.73","nt":"64.23","qld":"42.37","sa":"72.10","tas":"66.87","vic":"51.62","wa":"69.03"},{"ts":"2013-11-16T04:20:00Z","nsw":"36.15","nt":"73.22","qld":"35.35","sa":"68.94","tas":"71.08","vic":"52.11","wa":"69.86"},{"ts":"2013-11-16T04:30:00Z","nsw":"35.07","nt":"69.20","qld":"32.22","sa":"71.38","tas":"64.24","vic":"49.48","wa":"70.33"},{"ts":"2013-11-16T04:40:00Z","nsw":"34.63","nt":"71.50","qld":"35.29","sa":"66.35","tas":"66.10","vic":"50.73","wa":"69.28"},{"ts":"2013-11-16T04:50:00Z","nsw":"30.94","nt":"69.76","qld":"37.13","sa":"67.80","tas":"59.47","vic":"45.82","wa":"68.88"},{"ts":"2013-11-16T05:00:00Z","nsw":"28.39","nt":"65.53","qld":"39.49","sa":"63.61","tas":"60.07","vic":"44.75","wa":"69.61"},{"ts":"2013-11-16T05:10:00Z","nsw":"24.20","nt":"66.13","qld":"37.63","sa":"63.35","tas":"49.92","vic":"42.34","wa":"69.34"},{"ts":"2013-11-16T05:20:00Z","nsw":"24.93","nt":"64.25","qld":"37.52","sa":"60.51","tas":"53.73","vic":"43.44","wa":"70.03"},{"ts":"2013-11-16T05:30:00Z","nsw":"20.99","nt":"62.06","qld":"35.58","sa":"59.70","tas":"50.71","vic":"41.32","wa":"67.20"},{"ts":"2013-11-16T05:40:00Z","nsw":"19.74","nt":"60.80","qld":"33.46","sa":"56.69","tas":"48.76","vic":"38.85","wa":"68.49"},{"ts":"2013-11-16T05:50:00Z","nsw":"18.38","nt":"58.03","qld":"30.00","sa":"53.52","tas":"39.93","vic":"34.10","wa":"67.33"},{"ts":"2013-11-16T06:00:00Z","nsw":"17.60","nt":"49.35","qld":"26.44","sa":"50.47","tas":"42.28","vic":"32.11","wa":"65.69"},{"ts":"2013-11-16T06:10:00Z","nsw":"15.51","nt":"51.39","qld":"23.64","sa":"48.39","tas":"37.83","vic":"28.95","wa":"64.00"},{"ts":"2013-11-16T06:20:00Z","nsw":"14.69","nt":"49.71","qld":"20.87","sa":"45.12","tas":"35.93","vic":"27.77","wa":"63.14"},{"ts":"2013-11-16T06:30:00Z","nsw":"12.97","nt":"45.66","qld":"17.73","sa":"43.06","tas":"28.89","vic":"25.53","wa":"62.14"},{"ts":"2013-11-16T06:40:00Z","nsw":"12.21","nt":"35.33","qld":"14.99","sa":"40.13","tas":"26.20","vic":"23.28","wa":"59.62"},{"ts":"2013-11-16T06:50:00Z","nsw":"11.23","nt":"34.50","qld":"12.87","sa":"37.06","tas":"19.95","vic":"20.65","wa":"57.22"},{"ts":"2013-11-16T07:00:00Z","nsw":"9.73","nt":"23.48","qld":"11.42","sa":"33.89","tas":"18.92","vic":"18.41","wa":"56.52"},{"ts":"2013-11-16T07:10:00Z","nsw":"8.69","nt":"13.64","qld":"8.68","sa":"30.65","tas":"14.87","vic":"15.44","wa":"52.14"},{"ts":"2013-11-16T07:20:00Z","nsw":"7.44","nt":"15.03","qld":"6.36","sa":"27.77","tas":"13.60","vic":"14.86","wa":"49.58"},{"ts":"2013-11-16T07:30:00Z","nsw":"6.71","nt":"12.95","qld":"4.30","sa":"24.67","tas":"12.30","vic":"12.34","wa":"46.50"},{"ts":"2013-11-16T07:40:00Z","nsw":"5.79","nt":"12.96","qld":"2.60","sa":"22.18","tas":"11.89","vic":"10.13","wa":"44.59"},{"ts":"2013-11-16T07:50:00Z","nsw":"4.95","nt":"13.25","qld":"1.73","sa":"18.92","tas":"9.97","vic":"8.70","wa":"40.66"},{"ts":"2013-11-16T08:00:00Z","nsw":"3.92","nt":"14.46","qld":"1.22","sa":"15.85","tas":"8.45","vic":"6.74","wa":"37.99"},{"ts":"2013-11-16T08:10:00Z","nsw":"2.90","nt":"5.38","qld":"0.75","sa":"13.15","tas":"5.86","vic":"5.15","wa":"38.40"},{"ts":"2013-11-16T08:20:00Z","nsw":"2.05","nt":"4.83","qld":"0.52","sa":"10.64","tas":"4.65","vic":"4.26","wa":"35.02"},{"ts":"2013-11-16T08:30:00Z","nsw":"1.47","nt":"1.31","qld":"0.49","sa":"8.69","tas":"2.98","vic":"2.74","wa":"29.38"},{"ts":"2013-11-16T08:40:00Z","nsw":"1.18","nt":"1.53","qld":"0.34","sa":"6.99","tas":"2.04","vic":"2.03","wa":"27.57"},{"ts":"2013-11-16T08:50:00Z","nsw":"0.80","nt":"1.42","qld":"0.34","sa":"4.91","tas":"1.07","vic":"1.21","wa":"24.92"},{"ts":"2013-11-16T09:00:00Z","nsw":"0.57","nt":"1.09","qld":"0.38","sa":"3.34","tas":"0.53","vic":"0.73","wa":"21.97"},{"ts":"2013-11-16T09:10:00Z","nsw":"0.49","nt":"0.54","qld":"0.38","sa":"1.97","tas":"0.17","vic":"0.58","wa":"19.49"},{"ts":"2013-11-16T09:20:00Z","nsw":"0.44","nt":"0.51","qld":"0.35","sa":"1.03","tas":"0.16","vic":"0.60","wa":"17.67"},{"ts":"2013-11-16T09:30:00Z","nsw":"0.43","nt":"0.27","qld":"0.39","sa":"0.58","tas":"0.13","vic":"0.57","wa":"16.08"},{"ts":"2013-11-16T09:40:00Z","nsw":"0.53","nt":"0.34","qld":"0.41","sa":"0.48","tas":"0.08","vic":"0.44","wa":"14.39"},{"ts":"2013-11-16T09:50:00Z","nsw":"0.55","nt":"0.34","qld":"0.39","sa":"0.43","tas":"0.09","vic":"0.13","wa":"10.84"},{"ts":"2013-11-16T10:00:00Z","nsw":"0.54","nt":"0.39","qld":"0.40","sa":"0.47","tas":"0.06","vic":"0.17","wa":"8.34"},{"ts":"2013-11-16T10:10:00Z","nsw":"0.52","nt":"0.39","qld":"0.38","sa":"0.50","tas":"0.06","vic":"0.09","wa":"5.96"},{"ts":"2013-11-16T10:20:00Z","nsw":"0.57","nt":"0.39","qld":"0.38","sa":"0.49","tas":"0.06","vic":"0.10","wa":"4.67"},{"ts":"2013-11-16T10:30:00Z","nsw":"0.53","nt":"0.39","qld":"0.37","sa":"0.48","tas":"0.06","vic":"0.14","wa":"3.80"},{"ts":"2013-11-16T10:40:00Z","nsw":"0.59","nt":"0.39","qld":"0.41","sa":"0.25","tas":"0.06","vic":"0.11","wa":"2.86"},{"ts":"2013-11-16T10:50:00Z","nsw":"0.73","nt":"0.39","qld":"0.39","sa":"0.25","tas":"0.06","vic":"0.15","wa":"1.42"},{"ts":"2013-11-16T11:00:00Z","nsw":"0.71","nt":"0.39","qld":"0.40","sa":"0.22","tas":"0.06","vic":"0.19","wa":"1.05"},{"ts":"2013-11-16T11:10:00Z","nsw":"0.70","nt":"0.39","qld":"0.38","sa":"0.25","tas":"0.06","vic":"0.39","wa":"1.27"},{"ts":"2013-11-16T11:20:00Z","nsw":"0.75","nt":"0.39","qld":"0.38","sa":"0.21","tas":"0.06","vic":"0.10","wa":"2.01"},{"ts":"2013-11-16T11:30:00Z","nsw":"0.63","nt":"0.39","qld":"0.37","sa":"0.21","tas":"0.06","vic":"0.08","wa":"2.25"},{"ts":"2013-11-16T11:40:00Z","nsw":"0.71","nt":"0.39","qld":"0.37","sa":"0.26","tas":"0.06","vic":"0.07","wa":"2.41"},{"ts":"2013-11-16T11:50:00Z","nsw":"0.65","nt":"0.39","qld":"0.39","sa":"0.21","tas":"0.06","vic":"0.09","wa":"0.45"}],"contribution":[{"ts":"2013-11-15T17:00:00Z","nsw":"0.03","qld":"0.07","sa":"0.10","tas":"0.00","vic":"0.03","wa":"0.03"},{"ts":"2013-11-15T17:10:00Z","nsw":"0.03","qld":"0.07","sa":"0.10","tas":"0.00","vic":"0.02"},{"ts":"2013-11-15T17:20:00Z","nsw":"0.03","qld":"0.07","sa":"0.10","tas":"0.00","vic":"0.01"},{"ts":"2013-11-15T17:30:00Z","nsw":"0.03","qld":"0.07","sa":"0.10","tas":"0.00","vic":"0.02","wa":"0.03"},{"ts":"2013-11-15T17:40:00Z","nsw":"0.03","qld":"0.07","sa":"0.11","tas":"0.00","vic":"0.01"},{"ts":"2013-11-15T17:50:00Z","nsw":"0.03","qld":"0.07","sa":"0.10","tas":"0.00","vic":"0.01"},{"ts":"2013-11-15T18:00:00Z","nsw":"0.03","qld":"0.07","sa":"0.10","tas":"0.00","vic":"0.02","wa":"0.03"},{"ts":"2013-11-15T18:10:00Z","nsw":"0.03","qld":"0.07","sa":"0.10","tas":"0.00","vic":"0.02"},{"ts":"2013-11-15T18:20:00Z","nsw":"0.03","qld":"0.07","sa":"0.10","tas":"0.00","vic":"0.01"},{"ts":"2013-11-15T18:30:00Z","nsw":"0.03","qld":"0.07","sa":"0.10","tas":"0.00","vic":"0.02","wa":"0.03"},{"ts":"2013-11-15T18:40:00Z","nsw":"0.03","qld":"0.07","sa":"0.11","tas":"0.00","vic":"0.01"},{"ts":"2013-11-15T18:50:00Z","nsw":"0.03","qld":"0.02","sa":"0.09","tas":"0.01","vic":"0.01"},{"ts":"2013-11-15T19:00:00Z","nsw":"0.06","qld":"0.17","sa":"0.09","tas":"0.03","vic":"0.02","wa":"0.03"},{"ts":"2013-11-15T19:10:00Z","nsw":"0.09","qld":"0.28","sa":"0.09","tas":"0.06","vic":"0.05"},{"ts":"2013-11-15T19:20:00Z","nsw":"0.14","qld":"0.41","sa":"0.09","tas":"0.11","vic":"0.14"},{"ts":"2013-11-15T19:30:00Z","nsw":"0.21","qld":"0.51","sa":"0.08","tas":"0.19","vic":"0.22","wa":"0.03"},{"ts":"2013-11-15T19:40:00Z","nsw":"0.30","qld":"0.66","sa":"0.16","tas":"0.27","vic":"0.32"},{"ts":"2013-11-15T19:50:00Z","nsw":"0.39","qld":"0.85","sa":"0.42","tas":"0.29","vic":"0.41"},{"ts":"2013-11-15T20:00:00Z","nsw":"0.59","qld":"1.03","sa":"0.70","tas":"0.41","vic":"0.54","wa":"0.03"},{"ts":"2013-11-15T20:10:00Z","nsw":"0.70","qld":"1.33","sa":"1.06","tas":"0.42","vic":"0.71"},{"ts":"2013-11-15T20:20:00Z","nsw":"0.80","qld":"1.68","sa":"1.36","tas":"0.55","vic":"0.92"},{"ts":"2013-11-15T20:30:00Z","nsw":"1.01","qld":"2.05","sa":"1.97","tas":"0.60","vic":"1.09","wa":"0.03"},{"ts":"2013-11-15T20:40:00Z","nsw":"1.18","qld":"2.64","sa":"2.45","tas":"0.72","vic":"1.35"},{"ts":"2013-11-15T20:50:00Z","nsw":"1.31","qld":"3.23","sa":"3.08","tas":"0.77","vic":"1.52"},{"ts":"2013-11-15T21:00:00Z","nsw":"1.46","qld":"3.46","sa":"3.69","tas":"0.95","vic":"1.68","wa":"0.04"},{"ts":"2013-11-15T21:10:00Z","nsw":"1.52","qld":"3.73","sa":"4.90","tas":"0.95","vic":"1.94"},{"ts":"2013-11-15T21:20:00Z","nsw":"1.76","qld":"3.92","sa":"5.41","tas":"1.19","vic":"2.23"},{"ts":"2013-11-15T21:30:00Z","nsw":"1.83","qld":"3.94","sa":"6.93","tas":"1.32","vic":"2.40","wa":"0.26"},{"ts":"2013-11-15T21:40:00Z","nsw":"1.89","qld":"4.17","sa":"7.30","tas":"1.46","vic":"2.89"},{"ts":"2013-11-15T21:50:00Z","nsw":"1.89","qld":"4.62","sa":"8.85","tas":"1.65","vic":"2.86"},{"ts":"2013-11-15T22:00:00Z","nsw":"2.07","qld":"5.17","sa":"9.35","tas":"1.81","vic":"3.10","wa":"0.96"},{"ts":"2013-11-15T22:10:00Z","nsw":"2.17","qld":"5.06","sa":"10.89","tas":"1.71","vic":"3.03"},{"ts":"2013-11-15T22:20:00Z","nsw":"2.17","qld":"5.46","sa":"11.46","tas":"1.98","vic":"3.23"},{"ts":"2013-11-15T22:30:00Z","nsw":"2.24","qld":"5.20","sa":"13.06","tas":"1.87","vic":"3.31","wa":"1.89"},{"ts":"2013-11-15T22:40:00Z","nsw":"2.31","qld":"5.19","sa":"14.38","tas":"2.09","vic":"3.48"},{"ts":"2013-11-15T22:50:00Z","nsw":"2.32","qld":"5.11","sa":"15.51","tas":"2.12","vic":"3.27"},{"ts":"2013-11-15T23:00:00Z","nsw":"2.61","qld":"5.59","sa":"16.03","tas":"2.28","vic":"3.45","wa":"3.14"},{"ts":"2013-11-15T23:10:00Z","nsw":"2.57","qld":"5.16","sa":"16.57","tas":"2.10","vic":"3.23"},{"ts":"2013-11-15T23:20:00Z","nsw":"2.97","qld":"5.56","sa":"16.72","tas":"2.38","vic":"3.33"},{"ts":"2013-11-15T23:30:00Z","nsw":"3.08","qld":"5.91","sa":"18.35","tas":"2.37","vic":"3.30","wa":"4.45"},{"ts":"2013-11-15T23:40:00Z","nsw":"3.15","qld":"6.03","sa":"19.15","tas":"2.57","vic":"3.40"},{"ts":"2013-11-15T23:50:00Z","nsw":"3.51","qld":"6.60","sa":"19.72","tas":"2.57","vic":"3.04"},{"ts":"2013-11-16T00:00:00Z","nsw":"3.68","qld":"7.01","sa":"20.00","tas":"2.76","vic":"3.37","wa":"5.87"},{"ts":"2013-11-16T00:10:00Z","nsw":"3.42","qld":"7.43","sa":"21.25","tas":"2.54","vic":"3.17"},{"ts":"2013-11-16T00:20:00Z","nsw":"3.59","qld":"8.52","sa":"22.05","tas":"3.02","vic":"3.39"},{"ts":"2013-11-16T00:30:00Z","nsw":"3.91","qld":"8.57","sa":"22.67","tas":"2.82","vic":"3.48","wa":"6.98"},{"ts":"2013-11-16T00:40:00Z","nsw":"4.15","qld":"8.83","sa":"22.39","tas":"3.53","vic":"3.59"},{"ts":"2013-11-16T00:50:00Z","nsw":"4.28","qld":"8.41","sa":"23.55","tas":"3.23","vic":"3.85"},{"ts":"2013-11-16T01:00:00Z","nsw":"3.98","qld":"8.74","sa":"22.92","tas":"3.73","vic":"4.05","wa":"7.70"},{"ts":"2013-11-16T01:10:00Z","nsw":"4.01","qld":"8.48","sa":"24.41","tas":"3.38","vic":"3.83"},{"ts":"2013-11-16T01:20:00Z","nsw":"4.29","qld":"8.45","sa":"23.97","tas":"3.76","vic":"4.15"},{"ts":"2013-11-16T01:30:00Z","nsw":"4.19","qld":"8.13","sa":"25.15","tas":"3.34","vic":"4.08","wa":"8.53"},{"ts":"2013-11-16T01:40:00Z","nsw":"4.47","qld":"8.24","sa":"25.15","tas":"3.87","vic":"4.61"},{"ts":"2013-11-16T01:50:00Z","nsw":"3.98","qld":"8.27","sa":"24.68","tas":"3.94","vic":"4.36"},{"ts":"2013-11-16T02:00:00Z","nsw":"3.84","qld":"8.64","sa":"24.79","tas":"3.75","vic":"4.77","wa":"8.99"},{"ts":"2013-11-16T02:10:00Z","nsw":"3.96","qld":"8.79","sa":"25.40","tas":"3.81","vic":"4.68"},{"ts":"2013-11-16T02:20:00Z","nsw":"3.91","qld":"8.60","sa":"25.35","tas":"3.99","vic":"4.94"},{"ts":"2013-11-16T02:30:00Z","nsw":"3.97","qld":"8.29","sa":"25.73","tas":"3.94","vic":"4.84","wa":"8.99"},{"ts":"2013-11-16T02:40:00Z","nsw":"4.02","qld":"6.74","sa":"25.54","tas":"4.04","vic":"5.33"},{"ts":"2013-11-16T02:50:00Z","nsw":"3.91","qld":"5.55","sa":"25.94","tas":"3.81","vic":"5.12"},{"ts":"2013-11-16T03:00:00Z","nsw":"3.82","qld":"4.44","sa":"24.99","tas":"3.88","vic":"5.50","wa":"8.89"},{"ts":"2013-11-16T03:10:00Z","nsw":"3.39","qld":"3.50","sa":"26.10","tas":"3.71","vic":"5.13"},{"ts":"2013-11-16T03:20:00Z","nsw":"3.66","qld":"3.34","sa":"25.42","tas":"3.79","vic":"5.50"},{"ts":"2013-11-16T03:30:00Z","nsw":"3.26","qld":"3.94","sa":"26.32","tas":"3.40","vic":"4.99","wa":"9.04"},{"ts":"2013-11-16T03:40:00Z","nsw":"3.49","qld":"5.59","sa":"25.45","tas":"3.69","vic":"5.24"},{"ts":"2013-11-16T03:50:00Z","nsw":"3.25","qld":"6.54","sa":"26.05","tas":"3.56","vic":"5.29"},{"ts":"2013-11-16T04:00:00Z","nsw":"3.40","qld":"7.27","sa":"25.57","tas":"3.56","vic":"5.40","wa":"9.31"},{"ts":"2013-11-16T04:10:00Z","nsw":"2.94","qld":"6.75","sa":"25.87","tas":"3.24","vic":"5.23"},{"ts":"2013-11-16T04:20:00Z","nsw":"3.14","qld":"5.77","sa":"25.14","tas":"3.48","vic":"5.31"},{"ts":"2013-11-16T04:30:00Z","nsw":"3.13","qld":"5.23","sa":"25.54","tas":"3.14","vic":"5.01","wa":"8.89"},{"ts":"2013-11-16T04:40:00Z","nsw":"3.03","qld":"5.73","sa":"23.97","tas":"3.21","vic":"5.18"},{"ts":"2013-11-16T04:50:00Z","nsw":"2.73","qld":"6.04","sa":"24.38","tas":"2.92","vic":"4.72"},{"ts":"2013-11-16T05:00:00Z","nsw":"2.50","qld":"6.42","sa":"22.90","tas":"2.90","vic":"4.57","wa":"8.72"},{"ts":"2013-11-16T05:10:00Z","nsw":"2.16","qld":"6.07","sa":"22.89","tas":"2.43","vic":"4.37"},{"ts":"2013-11-16T05:20:00Z","nsw":"2.22","qld":"6.09","sa":"21.39","tas":"2.61","vic":"4.38"},{"ts":"2013-11-16T05:30:00Z","nsw":"1.85","qld":"5.71","sa":"21.53","tas":"2.44","vic":"4.18","wa":"8.39"},{"ts":"2013-11-16T05:40:00Z","nsw":"1.74","qld":"5.42","sa":"21.10","tas":"2.36","vic":"3.96"},{"ts":"2013-11-16T05:50:00Z","nsw":"1.61","qld":"4.87","sa":"19.43","tas":"1.92","vic":"3.52"},{"ts":"2013-11-16T06:00:00Z","nsw":"1.54","qld":"4.28","sa":"18.53","tas":"2.03","vic":"3.28","wa":"8.12"},{"ts":"2013-11-16T06:10:00Z","nsw":"1.36","qld":"3.81","sa":"18.03","tas":"1.81","vic":"2.91"},{"ts":"2013-11-16T06:20:00Z","nsw":"1.29","qld":"3.39","sa":"16.84","tas":"1.72","vic":"2.82"},{"ts":"2013-11-16T06:30:00Z","nsw":"1.14","qld":"2.86","sa":"15.84","tas":"1.38","vic":"2.59","wa":"7.65"},{"ts":"2013-11-16T06:40:00Z","nsw":"1.08","qld":"2.41","sa":"14.86","tas":"1.23","vic":"2.34"},{"ts":"2013-11-16T06:50:00Z","nsw":"0.99","qld":"2.07","sa":"13.58","tas":"0.94","vic":"2.06"},{"ts":"2013-11-16T07:00:00Z","nsw":"0.84","qld":"1.85","sa":"12.39","tas":"0.89","vic":"1.84","wa":"6.94"},{"ts":"2013-11-16T07:10:00Z","nsw":"0.76","qld":"1.40","sa":"11.16","tas":"0.70","vic":"1.58"},{"ts":"2013-11-16T07:20:00Z","nsw":"0.65","qld":"1.03","sa":"10.30","tas":"0.64","vic":"1.51"},{"ts":"2013-11-16T07:30:00Z","nsw":"0.59","qld":"0.70","sa":"9.16","tas":"0.57","vic":"1.24","wa":"5.74"},{"ts":"2013-11-16T07:40:00Z","nsw":"0.51","qld":"0.42","sa":"8.20","tas":"0.56","vic":"1.02"},{"ts":"2013-11-16T07:50:00Z","nsw":"0.44","qld":"0.28","sa":"6.96","tas":"0.47","vic":"0.88"},{"ts":"2013-11-16T08:00:00Z","nsw":"0.34","qld":"0.20","sa":"5.88","tas":"0.40","vic":"0.68","wa":"4.72"},{"ts":"2013-11-16T08:10:00Z","nsw":"0.26","qld":"0.12","sa":"4.89","tas":"0.27","vic":"0.53"},{"ts":"2013-11-16T08:20:00Z","nsw":"0.18","qld":"0.09","sa":"3.97","tas":"0.22","vic":"0.44"},{"ts":"2013-11-16T08:30:00Z","nsw":"0.13","qld":"0.08","sa":"3.15","tas":"0.14","vic":"0.28","wa":"3.65"},{"ts":"2013-11-16T08:40:00Z","nsw":"0.10","qld":"0.05","sa":"2.49","tas":"0.10","vic":"0.21"},{"ts":"2013-11-16T08:50:00Z","nsw":"0.07","qld":"0.06","sa":"1.79","tas":"0.05","vic":"0.12"},{"ts":"2013-11-16T09:00:00Z","nsw":"0.05","qld":"0.06","sa":"1.21","tas":"0.02","vic":"0.08","wa":"2.78"},{"ts":"2013-11-16T09:10:00Z","nsw":"0.04","qld":"0.06","sa":"0.73","tas":"0.01","vic":"0.06"},{"ts":"2013-11-16T09:20:00Z","nsw":"0.04","qld":"0.06","sa":"0.37","tas":"0.01","vic":"0.06"},{"ts":"2013-11-16T09:30:00Z","nsw":"0.04","qld":"0.06","sa":"0.21","tas":"0.01","vic":"0.06","wa":"2.06"},{"ts":"2013-11-16T09:40:00Z","nsw":"0.05","qld":"0.07","sa":"0.17","tas":"0.00","vic":"0.05"},{"ts":"2013-11-16T09:50:00Z","nsw":"0.05","qld":"0.06","sa":"0.15","tas":"0.00","vic":"0.01"},{"ts":"2013-11-16T10:00:00Z","nsw":"0.05","qld":"0.07","sa":"0.17","tas":"0.00","vic":"0.02","wa":"1.09"},{"ts":"2013-11-16T10:10:00Z","nsw":"0.05","qld":"0.07","sa":"0.18","tas":"0.00","vic":"0.01"},{"ts":"2013-11-16T10:20:00Z","nsw":"0.05","qld":"0.06","sa":"0.17","tas":"0.00","vic":"0.01"},{"ts":"2013-11-16T10:30:00Z","nsw":"0.05","qld":"0.06","sa":"0.17","tas":"0.00","vic":"0.01","wa":"0.51"},{"ts":"2013-11-16T10:40:00Z","nsw":"0.05","qld":"0.07","sa":"0.09","tas":"0.00","vic":"0.01"},{"ts":"2013-11-16T10:50:00Z","nsw":"0.07","qld":"0.07","sa":"0.09","tas":"0.00","vic":"0.02"},{"ts":"2013-11-16T11:00:00Z","nsw":"0.07","qld":"0.07","sa":"0.08","tas":"0.00","vic":"0.02","wa":"0.14"},{"ts":"2013-11-16T11:10:00Z","nsw":"0.06","qld":"0.06","sa":"0.09","tas":"0.00","vic":"0.04"},{"ts":"2013-11-16T11:20:00Z","nsw":"0.07","qld":"0.06","sa":"0.08","tas":"0.00","vic":"0.01"},{"ts":"2013-11-16T11:30:00Z","nsw":"0.06","qld":"0.06","sa":"0.08","tas":"0.00","vic":"0.01","wa":"0.30"},{"ts":"2013-11-16T11:40:00Z","nsw":"0.06","qld":"0.06","sa":"0.10","tas":"0.00","vic":"0.01"},{"ts":"2013-11-16T11:50:00Z","nsw":"0.06","qld":"0.07","sa":"0.08","tas":"0.00","vic":"0.01"}],"demand":[{"ts":"2013-11-15T17:00:00Z","nsw":5749,"qld":4695,"sa":1093,"tas":944,"vic":4180,"wa":1752},{"ts":"2013-11-15T17:10:00Z","nsw":5766,"qld":4672,"sa":1111,"tas":962,"vic":4152},{"ts":"2013-11-15T17:20:00Z","nsw":5732,"qld":4678,"sa":1089,"tas":966,"vic":4192},{"ts":"2013-11-15T17:30:00Z","nsw":5770,"qld":4684,"sa":1081,"tas":995,"vic":4173,"wa":1721},{"ts":"2013-11-15T17:40:00Z","nsw":5753,"qld":4680,"sa":1067,"tas":994,"vic":4100},{"ts":"2013-11-15T17:50:00Z","nsw":5784,"qld":4678,"sa":1074,"tas":991,"vic":4187},{"ts":"2013-11-15T18:00:00Z","nsw":5809,"qld":4679,"sa":1082,"tas":997,"vic":4215,"wa":1666},{"ts":"2013-11-15T18:10:00Z","nsw":5867,"qld":4709,"sa":1060,"tas":1012,"vic":4254},{"ts":"2013-11-15T18:20:00Z","nsw":5948,"qld":4721,"sa":1053,"tas":1008,"vic":4268},{"ts":"2013-11-15T18:30:00Z","nsw":5852,"qld":4668,"sa":1048,"tas":1010,"vic":4222,"wa":1679},{"ts":"2013-11-15T18:40:00Z","nsw":5958,"qld":4692,"sa":1031,"tas":1012,"vic":4298},{"ts":"2013-11-15T18:50:00Z","nsw":5935,"qld":4631,"sa":1055,"tas":1024,"vic":4255},{"ts":"2013-11-15T19:00:00Z","nsw":5936,"qld":4701,"sa":1075,"tas":1038,"vic":4286,"wa":1679},{"ts":"2013-11-15T19:10:00Z","nsw":6048,"qld":4799,"sa":1077,"tas":1046,"vic":4333},{"ts":"2013-11-15T19:20:00Z","nsw":6177,"qld":4756,"sa":1074,"tas":1046,"vic":4424},{"ts":"2013-11-15T19:30:00Z","nsw":6170,"qld":4765,"sa":1090,"tas":1050,"vic":4441,"wa":1697},{"ts":"2013-11-15T19:40:00Z","nsw":6265,"qld":4756,"sa":1087,"tas":1057,"vic":4498},{"ts":"2013-11-15T19:50:00Z","nsw":6405,"qld":4797,"sa":1093,"tas":1061,"vic":4568},{"ts":"2013-11-15T20:00:00Z","nsw":6389,"qld":4802,"sa":1099,"tas":1068,"vic":4599,"wa":1672},{"ts":"2013-11-15T20:10:00Z","nsw":6516,"qld":4858,"sa":1123,"tas":1066,"vic":4733},{"ts":"2013-11-15T20:20:00Z","nsw":6589,"qld":4907,"sa":1131,"tas":1080,"vic":4826},{"ts":"2013-11-15T20:30:00Z","nsw":6674,"qld":5032,"sa":1129,"tas":1089,"vic":4950,"wa":1676},{"ts":"2013-11-15T20:40:00Z","nsw":6802,"qld":5065,"sa":1162,"tas":1112,"vic":4976},{"ts":"2013-11-15T20:50:00Z","nsw":6892,"qld":5069,"sa":1169,"tas":1129,"vic":4974},{"ts":"2013-11-15T21:00:00Z","nsw":7068,"qld":5161,"sa":1172,"tas":1145,"vic":5050,"wa":1664},{"ts":"2013-11-15T21:10:00Z","nsw":7125,"qld":5238,"sa":1186,"tas":1150,"vic":4995},{"ts":"2013-11-15T21:20:00Z","nsw":7174,"qld":5288,"sa":1172,"tas":1159,"vic":5008},{"ts":"2013-11-15T21:30:00Z","nsw":7288,"qld":5358,"sa":1168,"tas":1163,"vic":4989,"wa":1666},{"ts":"2013-11-15T21:40:00Z","nsw":7330,"qld":5476,"sa":1145,"tas":1169,"vic":4946},{"ts":"2013-11-15T21:50:00Z","nsw":7363,"qld":5457,"sa":1139,"tas":1169,"vic":5021},{"ts":"2013-11-15T22:00:00Z","nsw":7459,"qld":5465,"sa":1139,"tas":1173,"vic":5052,"wa":1713},{"ts":"2013-11-15T22:10:00Z","nsw":7633,"qld":5556,"sa":1139,"tas":1172,"vic":5102},{"ts":"2013-11-15T22:20:00Z","nsw":7622,"qld":5562,"sa":1148,"tas":1152,"vic":5076},{"ts":"2013-11-15T22:30:00Z","nsw":7656,"qld":5635,"sa":1125,"tas":1149,"vic":5086,"wa":1732},{"ts":"2013-11-15T22:40:00Z","nsw":7671,"qld":5739,"sa":1110,"tas":1135,"vic":5117},{"ts":"2013-11-15T22:50:00Z","nsw":7662,"qld":5715,"sa":1096,"tas":1153,"vic":5158},{"ts":"2013-11-15T23:00:00Z","nsw":7750,"qld":5774,"sa":1101,"tas":1154,"vic":5145,"wa":1820},{"ts":"2013-11-15T23:10:00Z","nsw":7798,"qld":5757,"sa":1113,"tas":1151,"vic":5129},{"ts":"2013-11-15T23:20:00Z","nsw":7696,"qld":5761,"sa":1099,"tas":1138,"vic":5145},{"ts":"2013-11-15T23:30:00Z","nsw":7729,"qld":5749,"sa":1083,"tas":1130,"vic":5193,"wa":1833},{"ts":"2013-11-15T23:40:00Z","nsw":7763,"qld":5744,"sa":1088,"tas":1118,"vic":5136},{"ts":"2013-11-15T23:50:00Z","nsw":7653,"qld":5741,"sa":1089,"tas":1114,"vic":5208},{"ts":"2013-11-16T00:00:00Z","nsw":7673,"qld":5728,"sa":1074,"tas":1106,"vic":5155,"wa":1936},{"ts":"2013-11-16T00:10:00Z","nsw":7635,"qld":5725,"sa":1052,"tas":1097,"vic":5141},{"ts":"2013-11-16T00:20:00Z","nsw":7612,"qld":5722,"sa":1037,"tas":1101,"vic":5162},{"ts":"2013-11-16T00:30:00Z","nsw":7551,"qld":5694,"sa":1053,"tas":1086,"vic":5144,"wa":2030},{"ts":"2013-11-16T00:40:00Z","nsw":7639,"qld":5685,"sa":1045,"tas":1044,"vic":5146},{"ts":"2013-11-16T00:50:00Z","nsw":7621,"qld":5709,"sa":1035,"tas":1064,"vic":5107},{"ts":"2013-11-16T01:00:00Z","nsw":7529,"qld":5678,"sa":1024,"tas":1056,"vic":5121,"wa":2105},{"ts":"2013-11-16T01:10:00Z","nsw":7528,"qld":5705,"sa":1001,"tas":1061,"vic":5148},{"ts":"2013-11-16T01:20:00Z","nsw":7522,"qld":5719,"sa":988,"tas":1056,"vic":5128},{"ts":"2013-11-16T01:30:00Z","nsw":7500,"qld":5749,"sa":981,"tas":1045,"vic":5097,"wa":2160},{"ts":"2013-11-16T01:40:00Z","nsw":7536,"qld":5752,"sa":1001,"tas":1021,"vic":4989},{"ts":"2013-11-16T01:50:00Z","nsw":7483,"qld":5779,"sa":1008,"tas":1038,"vic":5043},{"ts":"2013-11-16T02:00:00Z","nsw":7434,"qld":5749,"sa":978,"tas":1043,"vic":4978,"wa":2235},{"ts":"2013-11-16T02:10:00Z","nsw":7417,"qld":5706,"sa":986,"tas":1019,"vic":5001},{"ts":"2013-11-16T02:20:00Z","nsw":7396,"qld":5708,"sa":979,"tas":1032,"vic":4971},{"ts":"2013-11-16T02:30:00Z","nsw":7317,"qld":5710,"sa":973,"tas":1028,"vic":4865,"wa":2300},{"ts":"2013-11-16T02:40:00Z","nsw":7376,"qld":5747,"sa":966,"tas":1017,"vic":4873},{"ts":"2013-11-16T02:50:00Z","nsw":7349,"qld":5785,"sa":962,"tas":1009,"vic":4860},{"ts":"2013-11-16T03:00:00Z","nsw":7385,"qld":5822,"sa":967,"tas":1012,"vic":4864,"wa":2346},{"ts":"2013-11-16T03:10:00Z","nsw":7269,"qld":5967,"sa":955,"tas":1019,"vic":4881},{"ts":"2013-11-16T03:20:00Z","nsw":7309,"qld":5956,"sa":952,"tas":1018,"vic":4847},{"ts":"2013-11-16T03:30:00Z","nsw":7332,"qld":5990,"sa":943,"tas":1014,"vic":4849,"wa":2411},{"ts":"2013-11-16T03:40:00Z","nsw":7243,"qld":5947,"sa":937,"tas":1019,"vic":4840},{"ts":"2013-11-16T03:50:00Z","nsw":7269,"qld":5904,"sa":918,"tas":1020,"vic":4840},{"ts":"2013-11-16T04:00:00Z","nsw":7163,"qld":5868,"sa":925,"tas":1024,"vic":4806,"wa":2440},{"ts":"2013-11-16T04:10:00Z","nsw":7288,"qld":5804,"sa":923,"tas":1025,"vic":4803},{"ts":"2013-11-16T04:20:00Z","nsw":7233,"qld":5741,"sa":915,"tas":1024,"vic":4809},{"ts":"2013-11-16T04:30:00Z","nsw":7130,"qld":5778,"sa":926,"tas":1027,"vic":4796,"wa":2509},{"ts":"2013-11-16T04:40:00Z","nsw":7231,"qld":5746,"sa":934,"tas":1030,"vic":4792},{"ts":"2013-11-16T04:50:00Z","nsw":7193,"qld":5723,"sa":932,"tas":1029,"vic":4758},{"ts":"2013-11-16T05:00:00Z","nsw":7196,"qld":5745,"sa":949,"tas":1036,"vic":4832,"wa":2534},{"ts":"2013-11-16T05:10:00Z","nsw":7135,"qld":5790,"sa":956,"tas":1038,"vic":4806},{"ts":"2013-11-16T05:20:00Z","nsw":7218,"qld":5759,"sa":971,"tas":1039,"vic":4879},{"ts":"2013-11-16T05:30:00Z","nsw":7312,"qld":5807,"sa":960,"tas":1046,"vic":4848,"wa":2552},{"ts":"2013-11-16T05:40:00Z","nsw":7285,"qld":5809,"sa":959,"tas":1047,"vic":4864},{"ts":"2013-11-16T05:50:00Z","nsw":7348,"qld":5848,"sa":977,"tas":1058,"vic":4838},{"ts":"2013-11-16T06:00:00Z","nsw":7339,"qld":5874,"sa":982,"tas":1060,"vic":4932,"wa":2587},{"ts":"2013-11-16T06:10:00Z","nsw":7339,"qld":5915,"sa":982,"tas":1063,"vic":4986},{"ts":"2013-11-16T06:20:00Z","nsw":7351,"qld":5919,"sa":996,"tas":1066,"vic":4940},{"ts":"2013-11-16T06:30:00Z","nsw":7358,"qld":5950,"sa":1011,"tas":1073,"vic":4973,"wa":2611},{"ts":"2013-11-16T06:40:00Z","nsw":7313,"qld":5998,"sa":1033,"tas":1087,"vic":4986},{"ts":"2013-11-16T06:50:00Z","nsw":7358,"qld":6024,"sa":1050,"tas":1082,"vic":5070},{"ts":"2013-11-16T07:00:00Z","nsw":7485,"qld":6056,"sa":1071,"tas":1090,"vic":5068,"wa":2635},{"ts":"2013-11-16T07:10:00Z","nsw":7406,"qld":6055,"sa":1081,"tas":1094,"vic":4978},{"ts":"2013-11-16T07:20:00Z","nsw":7390,"qld":6071,"sa":1079,"tas":1100,"vic":5044},{"ts":"2013-11-16T07:30:00Z","nsw":7362,"qld":6061,"sa":1086,"tas":1103,"vic":5073,"wa":2656},{"ts":"2013-11-16T07:40:00Z","nsw":7365,"qld":6049,"sa":1108,"tas":1097,"vic":5059},{"ts":"2013-11-16T07:50:00Z","nsw":7365,"qld":6119,"sa":1130,"tas":1093,"vic":5028},{"ts":"2013-11-16T08:00:00Z","nsw":7416,"qld":6132,"sa":1136,"tas":1096,"vic":5035,"wa":2667},{"ts":"2013-11-16T08:10:00Z","nsw":7397,"qld":6061,"sa":1142,"tas":1105,"vic":5049},{"ts":"2013-11-16T08:20:00Z","nsw":7398,"qld":6073,"sa":1152,"tas":1102,"vic":5040},{"ts":"2013-11-16T08:30:00Z","nsw":7431,"qld":6136,"sa":1183,"tas":1108,"vic":5007,"wa":2695},{"ts":"2013-11-16T08:40:00Z","nsw":7503,"qld":6191,"sa":1201,"tas":1102,"vic":5058},{"ts":"2013-11-16T08:50:00Z","nsw":7529,"qld":6164,"sa":1195,"tas":1107,"vic":5018},{"ts":"2013-11-16T09:00:00Z","nsw":7508,"qld":6209,"sa":1205,"tas":1111,"vic":4973,"wa":2673},{"ts":"2013-11-16T09:10:00Z","nsw":7569,"qld":6126,"sa":1199,"tas":1104,"vic":5040},{"ts":"2013-11-16T09:20:00Z","nsw":7530,"qld":6112,"sa":1217,"tas":1093,"vic":5062},{"ts":"2013-11-16T09:30:00Z","nsw":7496,"qld":6025,"sa":1221,"tas":1109,"vic":5098,"wa":2654},{"ts":"2013-11-16T09:40:00Z","nsw":7418,"qld":6043,"sa":1254,"tas":1126,"vic":5065},{"ts":"2013-11-16T09:50:00Z","nsw":7378,"qld":5964,"sa":1240,"tas":1134,"vic":5086},{"ts":"2013-11-16T10:00:00Z","nsw":7426,"qld":5915,"sa":1250,"tas":1139,"vic":5071,"wa":2628},{"ts":"2013-11-16T10:10:00Z","nsw":7358,"qld":5858,"sa":1243,"tas":1135,"vic":5111},{"ts":"2013-11-16T10:20:00Z","nsw":7304,"qld":5832,"sa":1237,"tas":1135,"vic":5065},{"ts":"2013-11-16T10:30:00Z","nsw":7202,"qld":5788,"sa":1220,"tas":1138,"vic":5038,"wa":2577},{"ts":"2013-11-16T10:40:00Z","nsw":7138,"qld":5819,"sa":1234,"tas":1115,"vic":4971},{"ts":"2013-11-16T10:50:00Z","nsw":7165,"qld":5843,"sa":1245,"tas":1107,"vic":4940},{"ts":"2013-11-16T11:00:00Z","nsw":7115,"qld":5791,"sa":1261,"tas":1107,"vic":4950,"wa":2554},{"ts":"2013-11-16T11:10:00Z","nsw":7178,"qld":5875,"sa":1230,"tas":1095,"vic":4905},{"ts":"2013-11-16T11:20:00Z","nsw":7138,"qld":5851,"sa":1215,"tas":1094,"vic":4884},{"ts":"2013-11-16T11:30:00Z","nsw":7150,"qld":5813,"sa":1203,"tas":1092,"vic":4844,"wa":2571},{"ts":"2013-11-16T11:40:00Z","nsw":7152,"qld":5750,"sa":1210,"tas":1079,"vic":4755},{"ts":"2013-11-16T11:50:00Z","nsw":7021,"qld":5708,"sa":1193,"tas":1076,"vic":4735}],"output":[{"ts":"2013-11-15T17:00:00Z","nsw":1,"qld":3,"sa":1,"tas":0,"vic":1,"wa":0},{"ts":"2013-11-15T17:10:00Z","nsw":1,"qld":3,"sa":1,"tas":0,"vic":0},{"ts":"2013-11-15T17:20:00Z","nsw":1,"qld":3,"sa":1,"tas":0,"vic":0},{"ts":"2013-11-15T17:30:00Z","nsw":1,"qld":3,"sa":1,"tas":0,"vic":0,"wa":0},{"ts":"2013-11-15T17:40:00Z","nsw":1,"qld":3,"sa":1,"tas":0,"vic":0},{"ts":"2013-11-15T17:50:00Z","nsw":1,"qld":3,"sa":1,"tas":0,"vic":0},{"ts":"2013-11-15T18:00:00Z","nsw":1,"qld":3,"sa":1,"tas":0,"vic":0,"wa":0},{"ts":"2013-11-15T18:10:00Z","nsw":1,"qld":3,"sa":1,"tas":0,"vic":0},{"ts":"2013-11-15T18:20:00Z","nsw":1,"qld":3,"sa":1,"tas":0,"vic":0},{"ts":"2013-11-15T18:30:00Z","nsw":1,"qld":3,"sa":1,"tas":0,"vic":0,"wa":0},{"ts":"2013-11-15T18:40:00Z","nsw":1,"qld":3,"sa":1,"tas":0,"vic":0},{"ts":"2013-11-15T18:50:00Z","nsw":1,"qld":1,"sa":0,"tas":0,"vic":0},{"ts":"2013-11-15T19:00:00Z","nsw":3,"qld":8,"sa":0,"tas":0,"vic":0,"wa":0},{"ts":"2013-11-15T19:10:00Z","nsw":5,"qld":13,"sa":0,"tas":0,"vic":1},{"ts":"2013-11-15T19:20:00Z","nsw":8,"qld":19,"sa":0,"tas":1,"vic":6},{"ts":"2013-11-15T19:30:00Z","nsw":12,"qld":24,"sa":0,"tas":1,"vic":9,"wa":0},{"ts":"2013-11-15T19:40:00Z","nsw":18,"qld":31,"sa":1,"tas":2,"vic":14},{"ts":"2013-11-15T19:50:00Z","nsw":25,"qld":40,"sa":4,"tas":3,"vic":18},{"ts":"2013-11-15T20:00:00Z","nsw":37,"qld":49,"sa":7,"tas":4,"vic":24,"wa":0},{"ts":"2013-11-15T20:10:00Z","nsw":45,"qld":66,"sa":11,"tas":4,"vic":33},{"ts":"2013-11-15T20:20:00Z","nsw":52,"qld":83,"sa":15,"tas":5,"vic":44},{"ts":"2013-11-15T20:30:00Z","nsw":68,"qld":104,"sa":22,"tas":6,"vic":54,"wa":0},{"ts":"2013-11-15T20:40:00Z","nsw":80,"qld":137,"sa":29,"tas":8,"vic":67},{"ts":"2013-11-15T20:50:00Z","nsw":91,"qld":168,"sa":37,"tas":8,"vic":76},{"ts":"2013-11-15T21:00:00Z","nsw":104,"qld":183,"sa":45,"tas":10,"vic":87,"wa":0},{"ts":"2013-11-15T21:10:00Z","nsw":109,"qld":203,"sa":61,"tas":11,"vic":99},{"ts":"2013-11-15T21:20:00Z","nsw":127,"qld":212,"sa":66,"tas":14,"vic":114},{"ts":"2013-11-15T21:30:00Z","nsw":135,"qld":219,"sa":87,"tas":15,"vic":123,"wa":4},{"ts":"2013-11-15T21:40:00Z","nsw":140,"qld":237,"sa":90,"tas":17,"vic":146},{"ts":"2013-11-15T21:50:00Z","nsw":142,"qld":265,"sa":110,"tas":19,"vic":147},{"ts":"2013-11-15T22:00:00Z","nsw":156,"qld":298,"sa":117,"tas":21,"vic":160,"wa":16},{"ts":"2013-11-15T22:10:00Z","nsw":168,"qld":296,"sa":140,"tas":20,"vic":158},{"ts":"2013-11-15T22:20:00Z","nsw":168,"qld":320,"sa":147,"tas":23,"vic":170},{"ts":"2013-11-15T22:30:00Z","nsw":175,"qld":309,"sa":169,"tas":21,"vic":173,"wa":33},{"ts":"2013-11-15T22:40:00Z","nsw":181,"qld":311,"sa":186,"tas":24,"vic":184},{"ts":"2013-11-15T22:50:00Z","nsw":181,"qld":306,"sa":200,"tas":24,"vic":174},{"ts":"2013-11-15T23:00:00Z","nsw":207,"qld":341,"sa":210,"tas":26,"vic":183,"wa":59},{"ts":"2013-11-15T23:10:00Z","nsw":205,"qld":313,"sa":224,"tas":24,"vic":170},{"ts":"2013-11-15T23:20:00Z","nsw":236,"qld":338,"sa":220,"tas":27,"vic":177},{"ts":"2013-11-15T23:30:00Z","nsw":243,"qld":362,"sa":243,"tas":27,"vic":177,"wa":85},{"ts":"2013-11-15T23:40:00Z","nsw":252,"qld":367,"sa":256,"tas":29,"vic":179},{"ts":"2013-11-15T23:50:00Z","nsw":279,"qld":406,"sa":266,"tas":29,"vic":163},{"ts":"2013-11-16T00:00:00Z","nsw":293,"qld":432,"sa":267,"tas":31,"vic":180,"wa":120},{"ts":"2013-11-16T00:10:00Z","nsw":271,"qld":459,"sa":286,"tas":28,"vic":168},{"ts":"2013-11-16T00:20:00Z","nsw":282,"qld":535,"sa":292,"tas":34,"vic":181},{"ts":"2013-11-16T00:30:00Z","nsw":306,"qld":534,"sa":304,"tas":31,"vic":185,"wa":152},{"ts":"2013-11-16T00:40:00Z","nsw":330,"qld":551,"sa":299,"tas":37,"vic":192},{"ts":"2013-11-16T00:50:00Z","nsw":340,"qld":525,"sa":314,"tas":36,"vic":205},{"ts":"2013-11-16T01:00:00Z","nsw":311,"qld":542,"sa":307,"tas":40,"vic":215,"wa":175},{"ts":"2013-11-16T01:10:00Z","nsw":314,"qld":530,"sa":322,"tas":37,"vic":206},{"ts":"2013-11-16T01:20:00Z","nsw":335,"qld":528,"sa":310,"tas":41,"vic":223},{"ts":"2013-11-16T01:30:00Z","nsw":327,"qld":507,"sa":330,"tas":36,"vic":217,"wa":201},{"ts":"2013-11-16T01:40:00Z","nsw":352,"qld":513,"sa":334,"tas":40,"vic":241},{"ts":"2013-11-16T01:50:00Z","nsw":312,"qld":523,"sa":330,"tas":42,"vic":228},{"ts":"2013-11-16T02:00:00Z","nsw":298,"qld":545,"sa":322,"tas":40,"vic":250,"wa":220},{"ts":"2013-11-16T02:10:00Z","nsw":307,"qld":548,"sa":336,"tas":39,"vic":246},{"ts":"2013-11-16T02:20:00Z","nsw":302,"qld":537,"sa":337,"tas":43,"vic":257},{"ts":"2013-11-16T02:30:00Z","nsw":301,"qld":516,"sa":337,"tas":42,"vic":248,"wa":227},{"ts":"2013-11-16T02:40:00Z","nsw":308,"qld":413,"sa":335,"tas":42,"vic":272},{"ts":"2013-11-16T02:50:00Z","nsw":299,"qld":337,"sa":336,"tas":40,"vic":261},{"ts":"2013-11-16T03:00:00Z","nsw":294,"qld":269,"sa":327,"tas":40,"vic":283,"wa":228},{"ts":"2013-11-16T03:10:00Z","nsw":256,"qld":215,"sa":340,"tas":39,"vic":263},{"ts":"2013-11-16T03:20:00Z","nsw":277,"qld":204,"sa":326,"tas":40,"vic":280},{"ts":"2013-11-16T03:30:00Z","nsw":247,"qld":247,"sa":337,"tas":35,"vic":254,"wa":239},{"ts":"2013-11-16T03:40:00Z","nsw":261,"qld":353,"sa":318,"tas":39,"vic":268},{"ts":"2013-11-16T03:50:00Z","nsw":245,"qld":412,"sa":326,"tas":37,"vic":269},{"ts":"2013-11-16T04:00:00Z","nsw":253,"qld":456,"sa":314,"tas":37,"vic":276,"wa":250},{"ts":"2013-11-16T04:10:00Z","nsw":220,"qld":420,"sa":320,"tas":34,"vic":266},{"ts":"2013-11-16T04:20:00Z","nsw":235,"qld":350,"sa":306,"tas":36,"vic":268},{"ts":"2013-11-16T04:30:00Z","nsw":228,"qld":319,"sa":316,"tas":33,"vic":255,"wa":244},{"ts":"2013-11-16T04:40:00Z","nsw":226,"qld":350,"sa":294,"tas":34,"vic":261},{"ts":"2013-11-16T04:50:00Z","nsw":202,"qld":368,"sa":300,"tas":30,"vic":236},{"ts":"2013-11-16T05:00:00Z","nsw":185,"qld":391,"sa":282,"tas":31,"vic":230,"wa":242},{"ts":"2013-11-16T05:10:00Z","nsw":157,"qld":373,"sa":281,"tas":25,"vic":218},{"ts":"2013-11-16T05:20:00Z","nsw":162,"qld":372,"sa":268,"tas":27,"vic":224},{"ts":"2013-11-16T05:30:00Z","nsw":137,"qld":353,"sa":265,"tas":26,"vic":213,"wa":233},{"ts":"2013-11-16T05:40:00Z","nsw":128,"qld":331,"sa":251,"tas":25,"vic":200},{"ts":"2013-11-16T05:50:00Z","nsw":120,"qld":297,"sa":237,"tas":20,"vic":175},{"ts":"2013-11-16T06:00:00Z","nsw":114,"qld":262,"sa":224,"tas":21,"vic":165,"wa":228},{"ts":"2013-11-16T06:10:00Z","nsw":101,"qld":234,"sa":214,"tas":19,"vic":149},{"ts":"2013-11-16T06:20:00Z","nsw":95,"qld":207,"sa":200,"tas":18,"vic":143},{"ts":"2013-11-16T06:30:00Z","nsw":84,"qld":175,"sa":191,"tas":14,"vic":131,"wa":216},{"ts":"2013-11-16T06:40:00Z","nsw":79,"qld":148,"sa":178,"tas":13,"vic":120},{"ts":"2013-11-16T06:50:00Z","nsw":73,"qld":127,"sa":164,"tas":10,"vic":106},{"ts":"2013-11-16T07:00:00Z","nsw":63,"qld":113,"sa":150,"tas":9,"vic":94,"wa":196},{"ts":"2013-11-16T07:10:00Z","nsw":56,"qld":86,"sa":136,"tas":7,"vic":79},{"ts":"2013-11-16T07:20:00Z","nsw":48,"qld":63,"sa":123,"tas":7,"vic":76},{"ts":"2013-11-16T07:30:00Z","nsw":43,"qld":42,"sa":109,"tas":6,"vic":63,"wa":161},{"ts":"2013-11-16T07:40:00Z","nsw":37,"qld":25,"sa":98,"tas":6,"vic":52},{"ts":"2013-11-16T07:50:00Z","nsw":32,"qld":17,"sa":83,"tas":5,"vic":44},{"ts":"2013-11-16T08:00:00Z","nsw":25,"qld":12,"sa":70,"tas":4,"vic":34,"wa":132},{"ts":"2013-11-16T08:10:00Z","nsw":18,"qld":7,"sa":58,"tas":3,"vic":26},{"ts":"2013-11-16T08:20:00Z","nsw":13,"qld":5,"sa":47,"tas":2,"vic":22},{"ts":"2013-11-16T08:30:00Z","nsw":9,"qld":4,"sa":38,"tas":1,"vic":14,"wa":102},{"ts":"2013-11-16T08:40:00Z","nsw":7,"qld":3,"sa":31,"tas":1,"vic":10},{"ts":"2013-11-16T08:50:00Z","nsw":5,"qld":3,"sa":21,"tas":0,"vic":6},{"ts":"2013-11-16T09:00:00Z","nsw":3,"qld":3,"sa":14,"tas":0,"vic":3,"wa":76},{"ts":"2013-11-16T09:10:00Z","nsw":3,"qld":3,"sa":8,"tas":0,"vic":2},{"ts":"2013-11-16T09:20:00Z","nsw":2,"qld":3,"sa":4,"tas":0,"vic":3},{"ts":"2013-11-16T09:30:00Z","nsw":2,"qld":3,"sa":2,"tas":0,"vic":2,"wa":55},{"ts":"2013-11-16T09:40:00Z","nsw":3,"qld":4,"sa":2,"tas":0,"vic":2},{"ts":"2013-11-16T09:50:00Z","nsw":3,"qld":3,"sa":1,"tas":0,"vic":0},{"ts":"2013-11-16T10:00:00Z","nsw":3,"qld":3,"sa":2,"tas":0,"vic":0,"wa":29},{"ts":"2013-11-16T10:10:00Z","nsw":3,"qld":3,"sa":2,"tas":0,"vic":0},{"ts":"2013-11-16T10:20:00Z","nsw":3,"qld":3,"sa":2,"tas":0,"vic":0},{"ts":"2013-11-16T10:30:00Z","nsw":3,"qld":3,"sa":2,"tas":0,"vic":0,"wa":13},{"ts":"2013-11-16T10:40:00Z","nsw":3,"qld":4,"sa":1,"tas":0,"vic":0},{"ts":"2013-11-16T10:50:00Z","nsw":4,"qld":3,"sa":1,"tas":0,"vic":0},{"ts":"2013-11-16T11:00:00Z","nsw":4,"qld":4,"sa":0,"tas":0,"vic":0,"wa":3},{"ts":"2013-11-16T11:10:00Z","nsw":4,"qld":3,"sa":1,"tas":0,"vic":2},{"ts":"2013-11-16T11:20:00Z","nsw":4,"qld":3,"sa":0,"tas":0,"vic":0},{"ts":"2013-11-16T11:30:00Z","nsw":4,"qld":3,"sa":0,"tas":0,"vic":0,"wa":7},{"ts":"2013-11-16T11:40:00Z","nsw":4,"qld":3,"sa":1,"tas":0,"vic":0},{"ts":"2013-11-16T11:50:00Z","nsw":4,"qld":3,"sa":0,"tas":0,"vic":0}]} 