{"performance":[{"ts":"2013-11-22T17:00:00Z","nsw":"0.28","nt":"0.00","qld":"0.33","sa":"0.20","tas":"0.00","vic":"0.05","wa":"0.15"},{"ts":"2013-11-22T17:10:00Z","nsw":"0.31","nt":"0.00","qld":"0.33","sa":"0.24","tas":"0.00","vic":"0.05","wa":"0.15"},{"ts":"2013-11-22T17:20:00Z","nsw":"0.32","nt":"0.00","qld":"0.36","sa":"0.24","tas":"0.00","vic":"0.06","wa":"0.15"},{"ts":"2013-11-22T17:30:00Z","nsw":"0.31","nt":"0.00","qld":"0.36","sa":"0.24","tas":"0.00","vic":"0.09","wa":"0.15"},{"ts":"2013-11-22T17:40:00Z","nsw":"0.30","nt":"0.00","qld":"0.36","sa":"0.20","tas":"0.00","vic":"0.08","wa":"0.16"},{"ts":"2013-11-22T17:50:00Z","nsw":"0.35","nt":"0.00","qld":"0.33","sa":"0.20","tas":"0.00","vic":"0.08","wa":"0.16"},{"ts":"2013-11-22T18:00:00Z","nsw":"0.34","nt":"0.00","qld":"0.33","sa":"0.24","tas":"0.00","vic":"0.07","wa":"0.15"},{"ts":"2013-11-22T18:10:00Z","nsw":"0.38","nt":"0.00","qld":"0.33","sa":"0.24","tas":"0.00","vic":"0.05","wa":"0.16"},{"ts":"2013-11-22T18:20:00Z","nsw":"0.38","nt":"0.00","qld":"0.35","sa":"0.24","tas":"0.00","vic":"0.07","wa":"0.16"},{"ts":"2013-11-22T18:30:00Z","nsw":"0.35","nt":"0.00","qld":"0.35","sa":"0.20","tas":"0.00","vic":"0.09","wa":"0.16"},{"ts":"2013-11-22T18:40:00Z","nsw":"0.37","nt":"0.00","qld":"0.34","sa":"0.20","tas":"0.00","vic":"0.08","wa":"0.15"},{"ts":"2013-11-22T18:50:00Z","nsw":"0.46","nt":"0.00","qld":"0.19","sa":"0.22","tas":"0.03","vic":"0.08","wa":"0.16"},{"ts":"2013-11-22T19:00:00Z","nsw":"0.84","nt":"0.00","qld":"0.53","sa":"0.18","tas":"0.34","vic":"0.21","wa":"0.15"},{"ts":"2013-11-22T19:10:00Z","nsw":"1.62","nt":"0.00","qld":"0.86","sa":"0.21","tas":"0.90","vic":"0.30","wa":"0.15"},{"ts":"2013-11-22T19:20:00Z","nsw":"2.21","nt":"0.00","qld":"1.41","sa":"0.21","tas":"1.96","vic":"0.91","wa":"0.15"},{"ts":"2013-11-22T19:30:00Z","nsw":"3.11","nt":"0.00","qld":"2.04","sa":"0.16","tas":"3.26","vic":"1.63","wa":"0.16"},{"ts":"2013-11-22T19:40:00Z","nsw":"4.01","nt":"0.00","qld":"3.13","sa":"0.64","tas":"4.37","vic":"2.14","wa":"0.15"},{"ts":"2013-11-22T19:50:00Z","nsw":"5.44","nt":"0.00","qld":"4.92","sa":"1.16","tas":"5.47","vic":"2.56","wa":"0.16"},{"ts":"2013-11-22T20:00:00Z","nsw":"7.35","nt":"0.00","qld":"5.80","sa":"1.60","tas":"6.87","vic":"3.20","wa":"0.14"},{"ts":"2013-11-22T20:10:00Z","nsw":"8.12","nt":"0.00","qld":"6.96","sa":"2.58","tas":"6.62","vic":"3.62","wa":"0.15"},{"ts":"2013-11-22T20:20:00Z","nsw":"10.05","nt":"0.00","qld":"8.67","sa":"3.29","tas":"9.33","vic":"4.52","wa":"0.14"},{"ts":"2013-11-22T20:30:00Z","nsw":"11.79","nt":"0.00","qld":"9.88","sa":"4.87","tas":"9.82","vic":"5.06","wa":"0.15"},{"ts":"2013-11-22T20:40:00Z","nsw":"13.27","nt":"0.00","qld":"11.57","sa":"5.88","tas":"14.01","vic":"6.18","wa":"0.14"},{"ts":"2013-11-22T20:50:00Z","nsw":"14.12","nt":"0.00","qld":"12.93","sa":"8.47","tas":"13.61","vic":"7.62","wa":"0.18"},{"ts":"2013-11-22T21:00:00Z","nsw":"15.29","nt":"0.63","qld":"14.96","sa":"9.49","tas":"16.09","vic":"9.01","wa":"0.16"},{"ts":"2013-11-22T21:10:00Z","nsw":"16.75","nt":"1.48","qld":"16.73","sa":"11.27","tas":"18.05","vic":"9.54","wa":"0.23"},{"ts":"2013-11-22T21:20:00Z","nsw":"20.24","nt":"1.65","qld":"19.11","sa":"13.33","tas":"20.96","vic":"11.41","wa":"0.65"},{"ts":"2013-11-22T21:30:00Z","nsw":"22.94","nt":"2.95","qld":"22.12","sa":"16.20","tas":"18.99","vic":"12.95","wa":"1.39"},{"ts":"2013-11-22T21:40:00Z","nsw":"26.53","nt":"4.48","qld":"26.08","sa":"19.24","tas":"23.64","vic":"14.54","wa":"2.37"},{"ts":"2013-11-22T21:50:00Z","nsw":"27.11","nt":"5.08","qld":"28.16","sa":"20.88","tas":"22.56","vic":"17.11","wa":"3.33"},{"ts":"2013-11-22T22:00:00Z","nsw":"30.24","nt":"7.38","qld":"29.63","sa":"22.62","tas":"31.73","vic":"18.53","wa":"5.08"},{"ts":"2013-11-22T22:10:00Z","nsw":"30.08","nt":"11.83","qld":"32.22","sa":"27.30","tas":"29.58","vic":"19.31","wa":"6.61"},{"ts":"2013-11-22T22:20:00Z","nsw":"34.02","nt":"12.47","qld":"35.99","sa":"25.67","tas":"34.89","vic":"25.43","wa":"8.30"},{"ts":"2013-11-22T22:30:00Z","nsw":"37.61","nt":"14.65","qld":"37.53","sa":"30.71","tas":"29.78","vic":"27.23","wa":"10.33"},{"ts":"2013-11-22T22:40:00Z","nsw":"35.91","nt":"19.31","qld":"42.72","sa":"29.75","tas":"36.42","vic":"29.56","wa":"12.29"},{"ts":"2013-11-22T22:50:00Z","nsw":"37.71","nt":"18.53","qld":"43.87","sa":"32.72","tas":"34.23","vic":"31.20","wa":"14.06"},{"ts":"2013-11-22T23:00:00Z","nsw":"38.56","nt":"20.45","qld":"45.96","sa":"35.56","tas":"41.31","vic":"34.87","wa":"16.86"},{"ts":"2013-11-22T23:10:00Z","nsw":"36.57","nt":"26.57","qld":"44.05","sa":"37.64","tas":"34.99","vic":"35.29","wa":"19.71"},{"ts":"2013-11-22T23:20:00Z","nsw":"36.77","nt":"26.00","qld":"43.50","sa":"35.46","tas":"40.15","vic":"39.55","wa":"23.27"},{"ts":"2013-11-22T23:30:00Z","nsw":"38.77","nt":"27.52","qld":"41.70","sa":"40.37","tas":"37.11","vic":"39.04","wa":"25.80"},{"ts":"2013-11-22T23:40:00Z","nsw":"41.28","nt":"38.40","qld":"43.11","sa":"37.59","tas":"46.83","vic":"44.91","wa":"29.40"},{"ts":"2013-11-22T23:50:00Z","nsw":"36.71","nt":"25.57","qld":"41.84","sa":"38.45","tas":"41.45","vic":"43.26","wa":"31.68"},{"ts":"2013-11-23T00:00:00Z","nsw":"32.49","nt":"25.36","qld":"44.92","sa":"38.24","tas":"47.54","vic":"42.76","wa":"33.68"},{"ts":"2013-11-23T00:10:00Z","nsw":"28.51","nt":"40.91","qld":"44.49","sa":"42.53","tas":"54.41","vic":"40.67","wa":"37.68"},{"ts":"2013-11-23T00:20:00Z","nsw":"26.45","nt":"34.54","qld":"42.07","sa":"43.61","tas":"49.87","vic":"45.53","wa":"40.77"},{"ts":"2013-11-23T00:30:00Z","nsw":"28.05","nt":"37.76","qld":"41.42","sa":"46.73","tas":"39.98","vic":"43.25","wa":"42.93"},{"ts":"2013-11-23T00:40:00Z","nsw":"26.36","nt":"24.10","qld":"44.26","sa":"47.51","tas":"48.01","vic":"44.91","wa":"45.88"},{"ts":"2013-11-23T00:50:00Z","nsw":"25.42","nt":"31.59","qld":"42.16","sa":"52.27","tas":"41.52","vic":"46.71","wa":"47.81"},{"ts":"2013-11-23T01:00:00Z","nsw":"26.77","nt":"16.44","qld":"42.53","sa":"50.83","tas":"47.56","vic":"48.03","wa":"49.45"},{"ts":"2013-11-23T01:10:00Z","nsw":"27.50","nt":"16.89","qld":"42.23","sa":"52.22","tas":"43.29","vic":"44.84","wa":"50.90"},{"ts":"2013-11-23T01:20:00Z","nsw":"26.92","nt":"17.57","qld":"46.90","sa":"54.64","tas":"45.60","vic":"44.82","wa":"53.41"},{"ts":"2013-11-23T01:30:00Z","nsw":"25.51","nt":"20.32","qld":"46.64","sa":"57.20","tas":"44.97","vic":"40.90","wa":"54.75"},{"ts":"2013-11-23T01:40:00Z","nsw":"27.76","nt":"29.82","qld":"47.86","sa":"54.92","tas":"45.26","vic":"47.79","wa":"57.93"},{"ts":"2013-11-23T01:50:00Z","nsw":"24.30","nt":"11.15","qld":"48.75","sa":"58.63","tas":"37.23","vic":"45.91","wa":"56.03"},{"ts":"2013-11-23T02:00:00Z","nsw":"33.52","nt":"6.99","qld":"51.59","sa":"56.67","tas":"38.43","vic":"48.36","wa":"59.66"},{"ts":"2013-11-23T02:10:00Z","nsw":"34.61","nt":"7.69","qld":"52.65","sa":"57.41","tas":"33.72","vic":"42.23","wa":"59.06"},{"ts":"2013-11-23T02:20:00Z","nsw":"41.50","nt":"4.51","qld":"57.44","sa":"53.26","tas":"32.17","vic":"48.28","wa":"64.51"},{"ts":"2013-11-23T02:30:00Z","nsw":"45.02","nt":"2.79","qld":"60.54","sa":"49.54","tas":"29.55","vic":"41.74","wa":"62.02"},{"ts":"2013-11-23T02:40:00Z","nsw":"39.80","nt":"1.20","qld":"62.11","sa":"42.53","tas":"28.25","vic":"46.41","wa":"64.99"},{"ts":"2013-11-23T02:50:00Z","nsw":"42.06","nt":"1.86","qld":"60.68","sa":"47.05","tas":"23.22","vic":"46.51","wa":"65.29"},{"ts":"2013-11-23T03:00:00Z","nsw":"44.71","nt":"0.75","qld":"58.77","sa":"42.05","tas":"25.39","vic":"46.75","wa":"68.80"},{"ts":"2013-11-23T03:10:00Z","nsw":"48.20","nt":"1.03","qld":"58.62","sa":"45.57","tas":"22.25","vic":"46.93","wa":"68.45"},{"ts":"2013-11-23T03:20:00Z","nsw":"47.42","nt":"1.21","qld":"59.04","sa":"45.77","tas":"28.48","vic":"46.97","wa":"65.84"},{"ts":"2013-11-23T03:30:00Z","nsw":"44.45","nt":"0.84","qld":"58.44","sa":"47.79","tas":"26.02","vic":"41.97","wa":"66.96"},{"ts":"2013-11-23T03:40:00Z","nsw":"48.30","nt":"0.76","qld":"54.70","sa":"48.70","tas":"29.27","vic":"42.19","wa":"69.92"},{"ts":"2013-11-23T03:50:00Z","nsw":"45.44","nt":"0.83","qld":"53.10","sa":"50.46","tas":"24.76","vic":"38.12","wa":"68.93"},{"ts":"2013-11-23T04:00:00Z","nsw":"46.57","nt":"0.84","qld":"52.24","sa":"49.77","tas":"26.37","vic":"39.06","wa":"67.47"},{"ts":"2013-11-23T04:10:00Z","nsw":"43.33","nt":"0.79","qld":"51.15","sa":"48.33","tas":"22.57","vic":"38.08","wa":"68.54"},{"ts":"2013-11-23T04:20:00Z","nsw":"43.51","nt":"0.82","qld":"49.28","sa":"43.79","tas":"21.10","vic":"43.34","wa":"67.04"},{"ts":"2013-11-23T04:30:00Z","nsw":"47.09","nt":"0.84","qld":"48.42","sa":"44.00","tas":"20.11","vic":"39.88","wa":"65.76"},{"ts":"2013-11-23T04:40:00Z","nsw":"43.39","nt":"1.06","qld":"49.31","sa":"41.37","tas":"18.57","vic":"46.48","wa":"70.67"},{"ts":"2013-11-23T04:50:00Z","nsw":"41.65","nt":"1.26","qld":"46.32","sa":"36.83","tas":"18.45","vic":"43.15","wa":"70.75"},{"ts":"2013-11-23T05:00:00Z","nsw":"39.16","nt":"1.59","qld":"43.96","sa":"36.22","tas":"18.14","vic":"44.57","wa":"69.47"},{"ts":"2013-11-23T05:10:00Z","nsw":"37.75","nt":"2.05","qld":"40.23","sa":"34.91","tas":"16.38","vic":"40.38","wa":"68.06"},{"ts":"2013-11-23T05:20:00Z","nsw":"33.85","nt":"2.22","qld":"38.40","sa":"32.72","tas":"16.75","vic":"41.28","wa":"71.27"},{"ts":"2013-11-23T05:30:00Z","nsw":"31.42","nt":"2.44","qld":"34.76","sa":"34.04","tas":"15.01","vic":"36.44","wa":"66.96"},{"ts":"2013-11-23T05:40:00Z","nsw":"33.01","nt":"2.58","qld":"33.23","sa":"32.18","tas":"14.93","vic":"35.60","wa":"67.80"},{"ts":"2013-11-23T05:50:00Z","nsw":"26.59","nt":"3.12","qld":"28.84","sa":"36.67","tas":"14.20","vic":"32.37","wa":"66.92"},{"ts":"2013-11-23T06:00:00Z","nsw":"27.09","nt":"3.81","qld":"26.40","sa":"30.70","tas":"14.31","vic":"31.84","wa":"68.08"},{"ts":"2013-11-23T06:10:00Z","nsw":"25.64","nt":"4.31","qld":"22.99","sa":"30.84","tas":"11.44","vic":"24.61","wa":"64.53"},{"ts":"2013-11-23T06:20:00Z","nsw":"24.22","nt":"4.59","qld":"17.02","sa":"27.53","tas":"11.04","vic":"25.51","wa":"66.03"},{"ts":"2013-11-23T06:30:00Z","nsw":"21.52","nt":"5.71","qld":"13.04","sa":"24.52","tas":"10.07","vic":"20.06","wa":"64.25"},{"ts":"2013-11-23T06:40:00Z","nsw":"19.24","nt":"7.64","qld":"11.77","sa":"22.43","tas":"10.26","vic":"18.95","wa":"63.01"},{"ts":"2013-11-23T06:50:00Z","nsw":"16.57","nt":"9.23","qld":"10.46","sa":"19.35","tas":"8.49","vic":"15.73","wa":"61.10"},{"ts":"2013-11-23T07:00:00Z","nsw":"13.41","nt":"12.44","qld":"9.56","sa":"18.84","tas":"7.13","vic":"15.58","wa":"57.17"},{"ts":"2013-11-23T07:10:00Z","nsw":"12.33","nt":"12.11","qld":"7.08","sa":"15.84","tas":"5.83","vic":"12.40","wa":"55.98"},{"ts":"2013-11-23T07:20:00Z","nsw":"10.98","nt":"11.83","qld":"5.38","sa":"12.85","tas":"5.85","vic":"11.97","wa":"53.25"},{"ts":"2013-11-23T07:30:00Z","nsw":"7.73","nt":"11.02","qld":"3.89","sa":"11.27","tas":"4.45","vic":"10.59","wa":"48.00"},{"ts":"2013-11-23T07:40:00Z","nsw":"6.22","nt":"10.64","qld":"2.77","sa":"9.01","tas":"5.59","vic":"9.40","wa":"47.43"},{"ts":"2013-11-23T07:50:00Z","nsw":"4.88","nt":"10.61","qld":"1.71","sa":"8.72","tas":"5.29","vic":"7.94","wa":"42.67"},{"ts":"2013-11-23T08:00:00Z","nsw":"4.12","nt":"9.85","qld":"1.03","sa":"6.90","tas":"4.37","vic":"6.70","wa":"43.10"},{"ts":"2013-11-23T08:10:00Z","nsw":"3.17","nt":"8.16","qld":"0.62","sa":"5.79","tas":"3.15","vic":"4.68","wa":"37.51"},{"ts":"2013-11-23T08:20:00Z","nsw":"2.27","nt":"7.36","qld":"0.43","sa":"5.09","tas":"1.81","vic":"4.19","wa":"35.48"},{"ts":"2013-11-23T08:30:00Z","nsw":"1.52","nt":"5.75","qld":"0.38","sa":"4.18","tas":"1.28","vic":"2.60","wa":"32.54"},{"ts":"2013-11-23T08:40:00Z","nsw":"1.11","nt":"3.81","qld":"0.28","sa":"3.19","tas":"1.50","vic":"1.87","wa":"29.40"},{"ts":"2013-11-23T08:50:00Z","nsw":"0.91","nt":"2.78","qld":"0.35","sa":"2.62","tas":"1.01","vic":"1.25","wa":"24.82"},{"ts":"2013-11-23T09:00:00Z","nsw":"0.75","nt":"1.46","qld":"0.37","sa":"1.83","tas":"0.57","vic":"0.87","wa":"23.44"},{"ts":"2013-11-23T09:10:00Z","nsw":"0.46","nt":"0.55","qld":"0.38","sa":"1.14","tas":"0.29","vic":"1.02","wa":"19.20"},{"ts":"2013-11-23T09:20:00Z","nsw":"0.45","nt":"0.50","qld":"0.38","sa":"0.67","tas":"0.09","vic":"0.58","wa":"16.64"},{"ts":"2013-11-23T09:30:00Z","nsw":"0.41","nt":"0.34","qld":"0.37","sa":"0.36","tas":"0.09","vic":"1.12","wa":"11.93"},{"ts":"2013-11-23T09:40:00Z","nsw":"0.50","nt":"0.46","qld":"0.39","sa":"0.32","tas":"0.07","vic":"0.49","wa":"10.47"},{"ts":"2013-11-23T09:50:00Z","nsw":"0.54","nt":"0.46","qld":"0.38","sa":"0.30","tas":"0.09","vic":"0.26","wa":"8.61"},{"ts":"2013-11-23T10:00:00Z","nsw":"0.57","nt":"0.43","qld":"0.36","sa":"0.28","tas":"0.08","vic":"0.37","wa":"7.66"},{"ts":"2013-11-23T10:10:00Z","nsw":"0.60","nt":"0.43","qld":"0.39","sa":"0.30","tas":"0.08","vic":"0.16","wa":"5.65"},{"ts":"2013-11-23T10:20:00Z","nsw":"0.61","nt":"0.43","qld":"0.38","sa":"0.26","tas":"0.08","vic":"0.22","wa":"4.46"},{"ts":"2013-11-23T10:30:00Z","nsw":"0.43","nt":"0.23","qld":"0.38","sa":"0.27","tas":"0.08","vic":"0.25","wa":"2.90"},{"ts":"2013-11-23T10:40:00Z","nsw":"0.49","nt":"0.23","qld":"0.41","sa":"0.30","tas":"0.08","vic":"0.11","wa":"2.36"},{"ts":"2013-11-23T10:50:00Z","nsw":"0.47","nt":"0.23","qld":"0.39","sa":"0.29","tas":"0.08","vic":"0.64","wa":"1.91"},{"ts":"2013-11-23T11:00:00Z","nsw":"0.40","nt":"0.23","qld":"0.35","sa":"0.23","tas":"0.08","vic":"0.09","wa":"1.16"},{"ts":"2013-11-23T11:10:00Z","nsw":"0.46","nt":"0.23","qld":"0.38","sa":"0.27","tas":"0.08","vic":"0.24","wa":"1.56"},{"ts":"2013-11-23T11:20:00Z","nsw":"0.40","nt":"0.23","qld":"0.37","sa":"0.27","tas":"0.08","vic":"0.11","wa":"2.09"},{"ts":"2013-11-23T11:30:00Z","nsw":"1.26","nt":"0.23","qld":"0.37","sa":"0.27","tas":"0.08","vic":"0.08","wa":"0.31"},{"ts":"2013-11-23T11:40:00Z","nsw":"0.47","nt":"0.23","qld":"0.33","sa":"0.27","tas":"0.08","vic":"1.15","wa":"0.32"},{"ts":"2013-11-23T11:50:00Z","nsw":"1.16","nt":"0.23","qld":"0.38","sa":"0.27","tas":"0.08","vic":"0.30","wa":"0.31"}],"contribution":[{"ts":"2013-11-22T17:00:00Z","nsw":"0.03","qld":"0.07","sa":"0.08","tas":"0.00","vic":"0.01","wa":"0.03"},{"ts":"2013-11-22T17:10:00Z","nsw":"0.03","qld":"0.07","sa":"0.10","tas":"0.00","vic":"0.01"},{"ts":"2013-11-22T17:20:00Z","nsw":"0.04","qld":"0.08","sa":"0.10","tas":"0.00","vic":"0.01"},{"ts":"2013-11-22T17:30:00Z","nsw":"0.03","qld":"0.08","sa":"0.10","tas":"0.00","vic":"0.01","wa":"0.03"},{"ts":"2013-11-22T17:40:00Z","nsw":"0.03","qld":"0.08","sa":"0.08","tas":"0.00","vic":"0.01"},{"ts":"2013-11-22T17:50:00Z","nsw":"0.04","qld":"0.07","sa":"0.09","tas":"0.00","vic":"0.01"},{"ts":"2013-11-22T18:00:00Z","nsw":"0.04","qld":"0.07","sa":"0.10","tas":"0.00","vic":"0.01","wa":"0.03"},{"ts":"2013-11-22T18:10:00Z","nsw":"0.04","qld":"0.07","sa":"0.10","tas":"0.00","vic":"0.01"},{"ts":"2013-11-22T18:20:00Z","nsw":"0.04","qld":"0.07","sa":"0.10","tas":"0.00","vic":"0.01"},{"ts":"2013-11-22T18:30:00Z","nsw":"0.04","qld":"0.07","sa":"0.08","tas":"0.00","vic":"0.01","wa":"0.04"},{"ts":"2013-11-22T18:40:00Z","nsw":"0.04","qld":"0.07","sa":"0.09","tas":"0.00","vic":"0.01"},{"ts":"2013-11-22T18:50:00Z","nsw":"0.05","qld":"0.04","sa":"0.09","tas":"0.00","vic":"0.01"},{"ts":"2013-11-22T19:00:00Z","nsw":"0.09","qld":"0.11","sa":"0.08","tas":"0.02","vic":"0.03","wa":"0.03"},{"ts":"2013-11-22T19:10:00Z","nsw":"0.18","qld":"0.18","sa":"0.09","tas":"0.05","vic":"0.04"},{"ts":"2013-11-22T19:20:00Z","nsw":"0.24","qld":"0.30","sa":"0.09","tas":"0.10","vic":"0.11"},{"ts":"2013-11-22T19:30:00Z","nsw":"0.33","qld":"0.43","sa":"0.07","tas":"0.17","vic":"0.20","wa":"0.04"},{"ts":"2013-11-22T19:40:00Z","nsw":"0.42","qld":"0.64","sa":"0.26","tas":"0.22","vic":"0.26"},{"ts":"2013-11-22T19:50:00Z","nsw":"0.56","qld":"1.01","sa":"0.47","tas":"0.27","vic":"0.30"},{"ts":"2013-11-22T20:00:00Z","nsw":"0.74","qld":"1.19","sa":"0.65","tas":"0.34","vic":"0.37","wa":"0.03"},{"ts":"2013-11-22T20:10:00Z","nsw":"0.81","qld":"1.42","sa":"1.03","tas":"0.33","vic":"0.41"},{"ts":"2013-11-22T20:20:00Z","nsw":"0.97","qld":"1.73","sa":"1.31","tas":"0.46","vic":"0.50"},{"ts":"2013-11-22T20:30:00Z","nsw":"1.12","qld":"1.94","sa":"1.92","tas":"0.48","vic":"0.56","wa":"0.03"},{"ts":"2013-11-22T20:40:00Z","nsw":"1.22","qld":"2.24","sa":"2.25","tas":"0.66","vic":"0.67"},{"ts":"2013-11-22T20:50:00Z","nsw":"1.30","qld":"2.51","sa":"3.16","tas":"0.64","vic":"0.83"},{"ts":"2013-11-22T21:00:00Z","nsw":"1.38","qld":"2.86","sa":"3.61","tas":"0.74","vic":"0.95","wa":"0.04"},{"ts":"2013-11-22T21:10:00Z","nsw":"1.48","qld":"3.10","sa":"4.17","tas":"0.82","vic":"1.03"},{"ts":"2013-11-22T21:20:00Z","nsw":"1.78","qld":"3.47","sa":"4.95","tas":"0.95","vic":"1.21"},{"ts":"2013-11-22T21:30:00Z","nsw":"1.99","qld":"3.96","sa":"5.96","tas":"0.85","vic":"1.37","wa":"0.32"},{"ts":"2013-11-22T21:40:00Z","nsw":"2.27","qld":"4.58","sa":"7.03","tas":"1.04","vic":"1.53"},{"ts":"2013-11-22T21:50:00Z","nsw":"2.29","qld":"4.91","sa":"7.67","tas":"0.99","vic":"1.76"},{"ts":"2013-11-22T22:00:00Z","nsw":"2.49","qld":"5.09","sa":"8.18","tas":"1.38","vic":"1.89","wa":"1.12"},{"ts":"2013-11-22T22:10:00Z","nsw":"2.44","qld":"5.38","sa":"9.82","tas":"1.28","vic":"1.94"},{"ts":"2013-11-22T22:20:00Z","nsw":"2.74","qld":"5.93","sa":"9.07","tas":"1.50","vic":"2.57"},{"ts":"2013-11-22T22:30:00Z","nsw":"3.01","qld":"6.19","sa":"10.70","tas":"1.31","vic":"2.74","wa":"2.17"},{"ts":"2013-11-22T22:40:00Z","nsw":"2.89","qld":"6.94","sa":"10.54","tas":"1.61","vic":"2.97","wa":"2.56"},{"ts":"2013-11-22T22:50:00Z","nsw":"3.00","qld":"7.12","sa":"11.27","tas":"1.52","vic":"3.09"},{"ts":"2013-11-22T23:00:00Z","nsw":"3.05","qld":"7.29","sa":"12.00","tas":"1.83","vic":"3.46","wa":"3.36"},{"ts":"2013-11-22T23:10:00Z","nsw":"2.88","qld":"6.98","sa":"12.88","tas":"1.56","vic":"3.54","wa":"3.91"},{"ts":"2013-11-22T23:20:00Z","nsw":"2.92","qld":"6.96","sa":"12.58","tas":"1.84","vic":"3.96"},{"ts":"2013-11-22T23:30:00Z","nsw":"3.07","qld":"6.72","sa":"14.30","tas":"1.68","vic":"3.87","wa":"4.85"},{"ts":"2013-11-22T23:40:00Z","nsw":"3.29","qld":"6.87","sa":"12.91","tas":"2.13","vic":"4.40","wa":"5.48"},{"ts":"2013-11-22T23:50:00Z","nsw":"2.95","qld":"6.61","sa":"13.13","tas":"1.90","vic":"4.24"},{"ts":"2013-11-23T00:00:00Z","nsw":"2.62","qld":"7.11","sa":"13.03","tas":"2.21","vic":"4.22","wa":"6.01"},{"ts":"2013-11-23T00:10:00Z","nsw":"2.32","qld":"7.06","sa":"14.77","tas":"2.49","vic":"4.01","wa":"6.65"},{"ts":"2013-11-23T00:20:00Z","nsw":"2.15","qld":"6.74","sa":"15.49","tas":"2.28","vic":"4.42","wa":"7.17"},{"ts":"2013-11-23T00:30:00Z","nsw":"2.29","qld":"6.51","sa":"16.60","tas":"1.86","vic":"4.28","wa":"7.39"},{"ts":"2013-11-23T00:40:00Z","nsw":"2.14","qld":"6.99","sa":"16.66","tas":"2.25","vic":"4.43","wa":"7.85"},{"ts":"2013-11-23T00:50:00Z","nsw":"2.09","qld":"6.61","sa":"18.15","tas":"1.97","vic":"4.57","wa":"8.18"},{"ts":"2013-11-23T01:00:00Z","nsw":"2.20","qld":"6.70","sa":"17.54","tas":"2.30","vic":"4.73","wa":"8.28"},{"ts":"2013-11-23T01:10:00Z","nsw":"2.27","qld":"6.64","sa":"18.42","tas":"2.11","vic":"4.41","wa":"8.49"},{"ts":"2013-11-23T01:20:00Z","nsw":"2.24","qld":"7.38","sa":"19.30","tas":"2.26","vic":"4.49","wa":"8.89"},{"ts":"2013-11-23T01:30:00Z","nsw":"2.16","qld":"7.28","sa":"20.37","tas":"2.19","vic":"4.13","wa":"8.93"},{"ts":"2013-11-23T01:40:00Z","nsw":"2.35","qld":"7.41","sa":"19.69","tas":"2.23","vic":"4.75","wa":"9.41"},{"ts":"2013-11-23T01:50:00Z","nsw":"2.06","qld":"7.63","sa":"20.97","tas":"1.87","vic":"4.64","wa":"9.10"},{"ts":"2013-11-23T02:00:00Z","nsw":"2.83","qld":"8.03","sa":"20.27","tas":"1.92","vic":"4.91","wa":"9.59"},{"ts":"2013-11-23T02:10:00Z","nsw":"2.92","qld":"8.23","sa":"20.00","tas":"1.67","vic":"4.31","wa":"9.50"},{"ts":"2013-11-23T02:20:00Z","nsw":"3.52","qld":"8.87","sa":"18.96","tas":"1.60","vic":"4.87","wa":"10.28"},{"ts":"2013-11-23T02:30:00Z","nsw":"3.84","qld":"9.28","sa":"17.68","tas":"1.51","vic":"4.30","wa":"9.94"},{"ts":"2013-11-23T02:40:00Z","nsw":"3.43","qld":"9.39","sa":"15.91","tas":"1.43","vic":"4.77","wa":"10.37"},{"ts":"2013-11-23T02:50:00Z","nsw":"3.64","qld":"9.40","sa":"17.11","tas":"1.22","vic":"4.77","wa":"10.40"},{"ts":"2013-11-23T03:00:00Z","nsw":"3.87","qld":"8.98","sa":"15.45","tas":"1.30","vic":"4.81","wa":"10.77"},{"ts":"2013-11-23T03:10:00Z","nsw":"4.15","qld":"9.01","sa":"16.40","tas":"1.14","vic":"4.86","wa":"10.71"},{"ts":"2013-11-23T03:20:00Z","nsw":"4.12","qld":"9.01","sa":"17.16","tas":"1.45","vic":"4.89","wa":"10.35"},{"ts":"2013-11-23T03:30:00Z","nsw":"3.87","qld":"8.92","sa":"17.82","tas":"1.32","vic":"4.37","wa":"10.48"},{"ts":"2013-11-23T03:40:00Z","nsw":"4.17","qld":"8.34","sa":"17.95","tas":"1.46","vic":"4.44","wa":"10.94"},{"ts":"2013-11-23T03:50:00Z","nsw":"3.96","qld":"8.08","sa":"18.46","tas":"1.23","vic":"4.05","wa":"10.74"},{"ts":"2013-11-23T04:00:00Z","nsw":"4.08","qld":"8.04","sa":"18.68","tas":"1.31","vic":"4.16","wa":"10.51"},{"ts":"2013-11-23T04:10:00Z","nsw":"3.75","qld":"7.76","sa":"17.87","tas":"1.13","vic":"4.03","wa":"10.66"},{"ts":"2013-11-23T04:20:00Z","nsw":"3.78","qld":"7.55","sa":"16.44","tas":"1.04","vic":"4.66","wa":"10.44"},{"ts":"2013-11-23T04:30:00Z","nsw":"4.04","qld":"7.34","sa":"16.43","tas":"0.99","vic":"4.27","wa":"10.10"},{"ts":"2013-11-23T04:40:00Z","nsw":"3.75","qld":"7.47","sa":"15.80","tas":"0.90","vic":"4.89","wa":"10.74"},{"ts":"2013-11-23T04:50:00Z","nsw":"3.58","qld":"7.05","sa":"13.68","tas":"0.92","vic":"4.61","wa":"10.77"},{"ts":"2013-11-23T05:00:00Z","nsw":"3.34","qld":"6.67","sa":"13.83","tas":"0.93","vic":"4.69","wa":"10.62"},{"ts":"2013-11-23T05:10:00Z","nsw":"3.22","qld":"6.16","sa":"12.99","tas":"0.83","vic":"4.29","wa":"10.45"},{"ts":"2013-11-23T05:20:00Z","nsw":"2.89","qld":"5.88","sa":"12.24","tas":"0.85","vic":"4.33","wa":"10.83"},{"ts":"2013-11-23T05:30:00Z","nsw":"2.69","qld":"5.33","sa":"12.50","tas":"0.74","vic":"3.88","wa":"10.34"},{"ts":"2013-11-23T05:40:00Z","nsw":"2.81","qld":"5.15","sa":"12.11","tas":"0.73","vic":"3.73","wa":"10.46"},{"ts":"2013-11-23T05:50:00Z","nsw":"2.27","qld":"4.42","sa":"13.85","tas":"0.70","vic":"3.42","wa":"10.36"},{"ts":"2013-11-23T06:00:00Z","nsw":"2.31","qld":"4.05","sa":"11.30","tas":"0.70","vic":"3.32","wa":"10.34"},{"ts":"2013-11-23T06:10:00Z","nsw":"2.20","qld":"3.54","sa":"11.36","tas":"0.56","vic":"2.57","wa":"9.84"},{"ts":"2013-11-23T06:20:00Z","nsw":"2.09","qld":"2.63","sa":"9.98","tas":"0.54","vic":"2.64","wa":"10.03"},{"ts":"2013-11-23T06:30:00Z","nsw":"1.86","qld":"2.02","sa":"9.00","tas":"0.49","vic":"2.07","wa":"9.76"},{"ts":"2013-11-23T06:40:00Z","nsw":"1.65","qld":"1.81","sa":"8.12","tas":"0.49","vic":"1.98","wa":"9.58"},{"ts":"2013-11-23T06:50:00Z","nsw":"1.42","qld":"1.60","sa":"7.15","tas":"0.41","vic":"1.61","wa":"9.33"},{"ts":"2013-11-23T07:00:00Z","nsw":"1.14","qld":"1.46","sa":"6.64","tas":"0.35","vic":"1.62","wa":"8.69"},{"ts":"2013-11-23T07:10:00Z","nsw":"1.05","qld":"1.10","sa":"5.64","tas":"0.28","vic":"1.29","wa":"8.52"},{"ts":"2013-11-23T07:20:00Z","nsw":"0.95","qld":"0.84","sa":"4.61","tas":"0.28","vic":"1.23","wa":"8.14"},{"ts":"2013-11-23T07:30:00Z","nsw":"0.67","qld":"0.60","sa":"4.09","tas":"0.21","vic":"1.11","wa":"7.31"},{"ts":"2013-11-23T07:40:00Z","nsw":"0.53","qld":"0.43","sa":"3.14","tas":"0.27","vic":"0.99","wa":"7.23"},{"ts":"2013-11-23T07:50:00Z","nsw":"0.42","qld":"0.27","sa":"3.07","tas":"0.25","vic":"0.83","wa":"6.54"},{"ts":"2013-11-23T08:00:00Z","nsw":"0.36","qld":"0.16","sa":"2.38","tas":"0.21","vic":"0.71","wa":"6.54"},{"ts":"2013-11-23T08:10:00Z","nsw":"0.28","qld":"0.10","sa":"2.03","tas":"0.15","vic":"0.50","wa":"5.74"},{"ts":"2013-11-23T08:20:00Z","nsw":"0.20","qld":"0.07","sa":"1.83","tas":"0.09","vic":"0.44","wa":"5.44"},{"ts":"2013-11-23T08:30:00Z","nsw":"0.13","qld":"0.06","sa":"1.42","tas":"0.06","vic":"0.28","wa":"4.97"},{"ts":"2013-11-23T08:40:00Z","nsw":"0.10","qld":"0.04","sa":"1.09","tas":"0.07","vic":"0.20","wa":"4.50"},{"ts":"2013-11-23T08:50:00Z","nsw":"0.08","qld":"0.06","sa":"0.89","tas":"0.05","vic":"0.13","wa":"3.81"},{"ts":"2013-11-23T09:00:00Z","nsw":"0.07","qld":"0.06","sa":"0.61","tas":"0.03","vic":"0.09","wa":"3.61"},{"ts":"2013-11-23T09:10:00Z","nsw":"0.04","qld":"0.06","sa":"0.39","tas":"0.01","vic":"0.11","wa":"2.98"},{"ts":"2013-11-23T09:20:00Z","nsw":"0.04","qld":"0.06","sa":"0.23","tas":"0.00","vic":"0.06","wa":"2.59"},{"ts":"2013-11-23T09:30:00Z","nsw":"0.04","qld":"0.06","sa":"0.12","tas":"0.00","vic":"0.12","wa":"1.88"},{"ts":"2013-11-23T09:40:00Z","nsw":"0.04","qld":"0.06","sa":"0.11","tas":"0.00","vic":"0.05","wa":"1.65"},{"ts":"2013-11-23T09:50:00Z","nsw":"0.05","qld":"0.06","sa":"0.10","tas":"0.00","vic":"0.03","wa":"1.36"},{"ts":"2013-11-23T10:00:00Z","nsw":"0.05","qld":"0.06","sa":"0.10","tas":"0.00","vic":"0.04","wa":"1.22"},{"ts":"2013-11-23T10:10:00Z","nsw":"0.05","qld":"0.07","sa":"0.10","tas":"0.00","vic":"0.02","wa":"0.90"},{"ts":"2013-11-23T10:20:00Z","nsw":"0.05","qld":"0.06","sa":"0.09","tas":"0.00","vic":"0.02","wa":"0.72"},{"ts":"2013-11-23T10:30:00Z","nsw":"0.04","qld":"0.06","sa":"0.09","tas":"0.00","vic":"0.03","wa":"0.47"},{"ts":"2013-11-23T10:40:00Z","nsw":"0.04","qld":"0.07","sa":"0.10","tas":"0.00","vic":"0.01","wa":"0.38"},{"ts":"2013-11-23T10:50:00Z","nsw":"0.04","qld":"0.07","sa":"0.10","tas":"0.00","vic":"0.07","wa":"0.31"},{"ts":"2013-11-23T11:00:00Z","nsw":"0.04","qld":"0.06","sa":"0.08","tas":"0.00","vic":"0.01","wa":"0.19"},{"ts":"2013-11-23T11:10:00Z","nsw":"0.04","qld":"0.06","sa":"0.09","tas":"0.00","vic":"0.03","wa":"0.25"},{"ts":"2013-11-23T11:20:00Z","nsw":"0.04","qld":"0.06","sa":"0.10","tas":"0.00","vic":"0.01","wa":"0.34"},{"ts":"2013-11-23T11:30:00Z","nsw":"0.11","qld":"0.06","sa":"0.10","tas":"0.00","vic":"0.01","wa":"0.05"},{"ts":"2013-11-23T11:40:00Z","nsw":"0.04","qld":"0.06","sa":"0.10","tas":"0.00","vic":"0.13","wa":"0.05"},{"ts":"2013-11-23T11:50:00Z","nsw":"0.11","qld":"0.07","sa":"0.10","tas":"0.00","vic":"0.04","wa":"0.05"}],"demand":[{"ts":"2013-11-22T17:00:00Z","nsw":5799,"qld":4610,"sa":1053,"tas":975,"vic":4124,"wa":1638},{"ts":"2013-11-22T17:10:00Z","nsw":5843,"qld":4655,"sa":1056,"tas":981,"vic":4068},{"ts":"2013-11-22T17:20:00Z","nsw":5847,"qld":4596,"sa":1040,"tas":978,"vic":4006},{"ts":"2013-11-22T17:30:00Z","nsw":5808,"qld":4642,"sa":1015,"tas":977,"vic":4026,"wa":1586},{"ts":"2013-11-22T17:40:00Z","nsw":5885,"qld":4621,"sa":1019,"tas":974,"vic":4037},{"ts":"2013-11-22T17:50:00Z","nsw":5814,"qld":4627,"sa":1021,"tas":972,"vic":4099},{"ts":"2013-11-22T18:00:00Z","nsw":5873,"qld":4652,"sa":1031,"tas":965,"vic":4017,"wa":1546},{"ts":"2013-11-22T18:10:00Z","nsw":5895,"qld":4640,"sa":1017,"tas":970,"vic":4118},{"ts":"2013-11-22T18:20:00Z","nsw":5941,"qld":4642,"sa":1033,"tas":979,"vic":4113},{"ts":"2013-11-22T18:30:00Z","nsw":5965,"qld":4644,"sa":1038,"tas":994,"vic":4126,"wa":1552},{"ts":"2013-11-22T18:40:00Z","nsw":6001,"qld":4629,"sa":1002,"tas":993,"vic":4167},{"ts":"2013-11-22T18:50:00Z","nsw":5997,"qld":4680,"sa":1031,"tas":994,"vic":4126},{"ts":"2013-11-22T19:00:00Z","nsw":6017,"qld":4701,"sa":1035,"tas":1001,"vic":4115,"wa":1543},{"ts":"2013-11-22T19:10:00Z","nsw":6099,"qld":4687,"sa":1055,"tas":1000,"vic":4178},{"ts":"2013-11-22T19:20:00Z","nsw":6151,"qld":4688,"sa":1040,"tas":1008,"vic":4203},{"ts":"2013-11-22T19:30:00Z","nsw":6203,"qld":4738,"sa":1052,"tas":1010,"vic":4238,"wa":1543},{"ts":"2013-11-22T19:40:00Z","nsw":6297,"qld":4789,"sa":1105,"tas":1023,"vic":4283},{"ts":"2013-11-22T19:50:00Z","nsw":6325,"qld":4756,"sa":1083,"tas":1029,"vic":4380},{"ts":"2013-11-22T20:00:00Z","nsw":6462,"qld":4771,"sa":1091,"tas":1040,"vic":4459,"wa":1530},{"ts":"2013-11-22T20:10:00Z","nsw":6551,"qld":4841,"sa":1100,"tas":1049,"vic":4562},{"ts":"2013-11-22T20:20:00Z","nsw":6719,"qld":4896,"sa":1110,"tas":1042,"vic":4670},{"ts":"2013-11-22T20:30:00Z","nsw":6859,"qld":4985,"sa":1098,"tas":1064,"vic":4649,"wa":1539},{"ts":"2013-11-22T20:40:00Z","nsw":6983,"qld":4963,"sa":1143,"tas":1089,"vic":4743},{"ts":"2013-11-22T20:50:00Z","nsw":6977,"qld":5026,"sa":1148,"tas":1101,"vic":4751},{"ts":"2013-11-22T21:00:00Z","nsw":7197,"qld":5090,"sa":1129,"tas":1113,"vic":4783,"wa":1523},{"ts":"2013-11-22T21:10:00Z","nsw":7315,"qld":5225,"sa":1144,"tas":1122,"vic":4766},{"ts":"2013-11-22T21:20:00Z","nsw":7329,"qld":5259,"sa":1118,"tas":1130,"vic":4794},{"ts":"2013-11-22T21:30:00Z","nsw":7410,"qld":5345,"sa":1132,"tas":1149,"vic":4800,"wa":1492},{"ts":"2013-11-22T21:40:00Z","nsw":7442,"qld":5414,"sa":1120,"tas":1158,"vic":4869},{"ts":"2013-11-22T21:50:00Z","nsw":7588,"qld":5421,"sa":1114,"tas":1172,"vic":4918},{"ts":"2013-11-22T22:00:00Z","nsw":7756,"qld":5506,"sa":1118,"tas":1185,"vic":4964,"wa":1559},{"ts":"2013-11-22T22:10:00Z","nsw":7828,"qld":5588,"sa":1116,"tas":1182,"vic":5029},{"ts":"2013-11-22T22:20:00Z","nsw":7876,"qld":5620,"sa":1138,"tas":1172,"vic":4966},{"ts":"2013-11-22T22:30:00Z","nsw":7888,"qld":5657,"sa":1137,"tas":1165,"vic":5007,"wa":1623},{"ts":"2013-11-22T22:40:00Z","nsw":7903,"qld":5704,"sa":1131,"tas":1155,"vic":5002,"wa":1628},{"ts":"2013-11-22T22:50:00Z","nsw":7965,"qld":5723,"sa":1152,"tas":1148,"vic":5031},{"ts":"2013-11-22T23:00:00Z","nsw":8000,"qld":5826,"sa":1143,"tas":1148,"vic":4994,"wa":1684},{"ts":"2013-11-22T23:10:00Z","nsw":8050,"qld":5800,"sa":1123,"tas":1147,"vic":4974,"wa":1687},{"ts":"2013-11-22T23:20:00Z","nsw":8011,"qld":5746,"sa":1090,"tas":1119,"vic":4978},{"ts":"2013-11-22T23:30:00Z","nsw":7971,"qld":5758,"sa":1089,"tas":1121,"vic":5025,"wa":1763},{"ts":"2013-11-22T23:40:00Z","nsw":7934,"qld":5788,"sa":1128,"tas":1113,"vic":5046,"wa":1766},{"ts":"2013-11-22T23:50:00Z","nsw":7878,"qld":5798,"sa":1119,"tas":1108,"vic":5010},{"ts":"2013-11-23T00:00:00Z","nsw":7886,"qld":5828,"sa":1127,"tas":1091,"vic":5012,"wa":1832},{"ts":"2013-11-23T00:10:00Z","nsw":7841,"qld":5810,"sa":1091,"tas":1099,"vic":5007,"wa":1839},{"ts":"2013-11-23T00:20:00Z","nsw":7813,"qld":5816,"sa":1056,"tas":1100,"vic":5056,"wa":1836},{"ts":"2013-11-23T00:30:00Z","nsw":7840,"qld":5878,"sa":1042,"tas":1093,"vic":5003,"wa":1872},{"ts":"2013-11-23T00:40:00Z","nsw":7890,"qld":5852,"sa":1044,"tas":1079,"vic":4973,"wa":1874},{"ts":"2013-11-23T00:50:00Z","nsw":7738,"qld":5893,"sa":1053,"tas":1062,"vic":5009,"wa":1868},{"ts":"2013-11-23T01:00:00Z","nsw":7754,"qld":5867,"sa":1037,"tas":1041,"vic":4995,"wa":1907},{"ts":"2013-11-23T01:10:00Z","nsw":7745,"qld":5890,"sa":1019,"tas":1025,"vic":4994,"wa":1908},{"ts":"2013-11-23T01:20:00Z","nsw":7655,"qld":5882,"sa":1003,"tas":1027,"vic":4947,"wa":1905},{"ts":"2013-11-23T01:30:00Z","nsw":7533,"qld":5889,"sa":1003,"tas":1034,"vic":4892,"wa":1943},{"ts":"2013-11-23T01:40:00Z","nsw":7543,"qld":5914,"sa":982,"tas":1021,"vic":4926,"wa":1940},{"ts":"2013-11-23T01:50:00Z","nsw":7492,"qld":5878,"sa":984,"tas":1011,"vic":4861,"wa":1948},{"ts":"2013-11-23T02:00:00Z","nsw":7477,"qld":5871,"sa":984,"tas":1020,"vic":4841,"wa":1956},{"ts":"2013-11-23T02:10:00Z","nsw":7470,"qld":5861,"sa":1007,"tas":1027,"vic":4855,"wa":1956},{"ts":"2013-11-23T02:20:00Z","nsw":7429,"qld":5829,"sa":1003,"tas":1008,"vic":4831,"wa":1958},{"ts":"2013-11-23T02:30:00Z","nsw":7326,"qld":5869,"sa":1009,"tas":1000,"vic":4808,"wa":1955},{"ts":"2013-11-23T02:40:00Z","nsw":7323,"qld":5913,"sa":1016,"tas":1004,"vic":4779,"wa":1954},{"ts":"2013-11-23T02:50:00Z","nsw":7308,"qld":5824,"sa":1002,"tas":982,"vic":4787,"wa":1956},{"ts":"2013-11-23T03:00:00Z","nsw":7270,"qld":5895,"sa":1027,"tas":1000,"vic":4756,"wa":1982},{"ts":"2013-11-23T03:10:00Z","nsw":7291,"qld":5894,"sa":1017,"tas":988,"vic":4743,"wa":1985},{"ts":"2013-11-23T03:20:00Z","nsw":7224,"qld":5933,"sa":973,"tas":1003,"vic":4732,"wa":1984},{"ts":"2013-11-23T03:30:00Z","nsw":7221,"qld":5958,"sa":977,"tas":1008,"vic":4684,"wa":1990},{"ts":"2013-11-23T03:40:00Z","nsw":7230,"qld":5946,"sa":985,"tas":1025,"vic":4676,"wa":1981},{"ts":"2013-11-23T03:50:00Z","nsw":7165,"qld":5996,"sa":983,"tas":1032,"vic":4680,"wa":1992},{"ts":"2013-11-23T04:00:00Z","nsw":7171,"qld":5978,"sa":964,"tas":1029,"vic":4633,"wa":2000},{"ts":"2013-11-23T04:10:00Z","nsw":7272,"qld":6028,"sa":998,"tas":1024,"vic":4668,"wa":1998},{"ts":"2013-11-23T04:20:00Z","nsw":7257,"qld":5986,"sa":986,"tas":1023,"vic":4610,"wa":2001},{"ts":"2013-11-23T04:30:00Z","nsw":7318,"qld":6018,"sa":989,"tas":1046,"vic":4625,"wa":2036},{"ts":"2013-11-23T04:40:00Z","nsw":7267,"qld":6019,"sa":998,"tas":1055,"vic":4629,"wa":2044},{"ts":"2013-11-23T04:50:00Z","nsw":7342,"qld":6077,"sa":1031,"tas":1023,"vic":4616,"wa":2040},{"ts":"2013-11-23T05:00:00Z","nsw":7418,"qld":6100,"sa":1015,"tas":1004,"vic":4640,"wa":2034},{"ts":"2013-11-23T05:10:00Z","nsw":7415,"qld":6078,"sa":1055,"tas":1011,"vic":4681,"wa":2028},{"ts":"2013-11-23T05:20:00Z","nsw":7439,"qld":6110,"sa":1053,"tas":1017,"vic":4722,"wa":2042},{"ts":"2013-11-23T05:30:00Z","nsw":7406,"qld":6138,"sa":1066,"tas":1043,"vic":4664,"wa":2020},{"ts":"2013-11-23T05:40:00Z","nsw":7468,"qld":6088,"sa":1031,"tas":1051,"vic":4727,"wa":2019},{"ts":"2013-11-23T05:50:00Z","nsw":7463,"qld":6174,"sa":1035,"tas":1042,"vic":4739,"wa":2014},{"ts":"2013-11-23T06:00:00Z","nsw":7494,"qld":6211,"sa":1072,"tas":1062,"vic":4814,"wa":2053},{"ts":"2013-11-23T06:10:00Z","nsw":7434,"qld":6241,"sa":1064,"tas":1059,"vic":4843,"wa":2057},{"ts":"2013-11-23T06:20:00Z","nsw":7412,"qld":6224,"sa":1111,"tas":1061,"vic":4871,"wa":2060},{"ts":"2013-11-23T06:30:00Z","nsw":7476,"qld":6302,"sa":1106,"tas":1071,"vic":4878,"wa":2067},{"ts":"2013-11-23T06:40:00Z","nsw":7483,"qld":6310,"sa":1130,"tas":1074,"vic":4903,"wa":2068},{"ts":"2013-11-23T06:50:00Z","nsw":7541,"qld":6362,"sa":1130,"tas":1067,"vic":4963,"wa":2067},{"ts":"2013-11-23T07:00:00Z","nsw":7612,"qld":6401,"sa":1176,"tas":1063,"vic":4918,"wa":2090},{"ts":"2013-11-23T07:10:00Z","nsw":7515,"qld":6366,"sa":1183,"tas":1068,"vic":4905,"wa":2091},{"ts":"2013-11-23T07:20:00Z","nsw":7548,"qld":6289,"sa":1181,"tas":1072,"vic":4903,"wa":2091},{"ts":"2013-11-23T07:30:00Z","nsw":7515,"qld":6396,"sa":1190,"tas":1068,"vic":4868,"wa":2117},{"ts":"2013-11-23T07:40:00Z","nsw":7532,"qld":6369,"sa":1235,"tas":1073,"vic":4882,"wa":2116},{"ts":"2013-11-23T07:50:00Z","nsw":7503,"qld":6333,"sa":1244,"tas":1075,"vic":4868,"wa":2120},{"ts":"2013-11-23T08:00:00Z","nsw":7516,"qld":6319,"sa":1254,"tas":1077,"vic":4835,"wa":2143},{"ts":"2013-11-23T08:10:00Z","nsw":7449,"qld":6295,"sa":1219,"tas":1073,"vic":4853,"wa":2142},{"ts":"2013-11-23T08:20:00Z","nsw":7443,"qld":6276,"sa":1233,"tas":1068,"vic":4850,"wa":2147},{"ts":"2013-11-23T08:30:00Z","nsw":7504,"qld":6314,"sa":1305,"tas":1077,"vic":4824,"wa":2165},{"ts":"2013-11-23T08:40:00Z","nsw":7463,"qld":6334,"sa":1292,"tas":1079,"vic":4815,"wa":2171},{"ts":"2013-11-23T08:50:00Z","nsw":7487,"qld":6306,"sa":1301,"tas":1082,"vic":4829,"wa":2180},{"ts":"2013-11-23T09:00:00Z","nsw":7538,"qld":6303,"sa":1310,"tas":1083,"vic":4819,"wa":2178},{"ts":"2013-11-23T09:10:00Z","nsw":7679,"qld":6275,"sa":1278,"tas":1077,"vic":4854,"wa":2178},{"ts":"2013-11-23T09:20:00Z","nsw":7556,"qld":6157,"sa":1290,"tas":1070,"vic":4895,"wa":2175},{"ts":"2013-11-23T09:30:00Z","nsw":7468,"qld":6164,"sa":1308,"tas":1073,"vic":4888,"wa":2171},{"ts":"2013-11-23T09:40:00Z","nsw":7502,"qld":6086,"sa":1300,"tas":1068,"vic":4945,"wa":2169},{"ts":"2013-11-23T09:50:00Z","nsw":7506,"qld":6049,"sa":1292,"tas":1068,"vic":4959,"wa":2170},{"ts":"2013-11-23T10:00:00Z","nsw":7501,"qld":5992,"sa":1334,"tas":1069,"vic":4905,"wa":2158},{"ts":"2013-11-23T10:10:00Z","nsw":7439,"qld":5936,"sa":1326,"tas":1078,"vic":4916,"wa":2158},{"ts":"2013-11-23T10:20:00Z","nsw":7275,"qld":5895,"sa":1325,"tas":1069,"vic":4885,"wa":2151},{"ts":"2013-11-23T10:30:00Z","nsw":7311,"qld":5897,"sa":1314,"tas":1064,"vic":4831,"wa":2143},{"ts":"2013-11-23T10:40:00Z","nsw":7295,"qld":5865,"sa":1300,"tas":1053,"vic":4795,"wa":2147},{"ts":"2013-11-23T10:50:00Z","nsw":7233,"qld":5834,"sa":1300,"tas":1062,"vic":4713,"wa":2144},{"ts":"2013-11-23T11:00:00Z","nsw":7202,"qld":5749,"sa":1304,"tas":1044,"vic":4673,"wa":2145},{"ts":"2013-11-23T11:10:00Z","nsw":7156,"qld":5882,"sa":1295,"tas":1039,"vic":4666,"wa":2151},{"ts":"2013-11-23T11:20:00Z","nsw":7119,"qld":5889,"sa":1243,"tas":1027,"vic":4656,"wa":2157},{"ts":"2013-11-23T11:30:00Z","nsw":7233,"qld":5807,"sa":1222,"tas":1034,"vic":4575,"wa":2170},{"ts":"2013-11-23T11:40:00Z","nsw":7215,"qld":5796,"sa":1229,"tas":1032,"vic":4501,"wa":2173},{"ts":"2013-11-23T11:50:00Z","nsw":7114,"qld":5702,"sa":1235,"tas":1034,"vic":4421,"wa":2165}],"output":[{"ts":"2013-11-22T17:00:00Z","nsw":1,"qld":3,"sa":0,"tas":0,"vic":0,"wa":0},{"ts":"2013-11-22T17:10:00Z","nsw":2,"qld":3,"sa":1,"tas":0,"vic":0},{"ts":"2013-11-22T17:20:00Z","nsw":2,"qld":3,"sa":1,"tas":0,"vic":0},{"ts":"2013-11-22T17:30:00Z","nsw":2,"qld":3,"sa":1,"tas":0,"vic":0,"wa":0},{"ts":"2013-11-22T17:40:00Z","nsw":1,"qld":3,"sa":0,"tas":0,"vic":0},{"ts":"2013-11-22T17:50:00Z","nsw":2,"qld":3,"sa":0,"tas":0,"vic":0},{"ts":"2013-11-22T18:00:00Z","nsw":2,"qld":3,"sa":1,"tas":0,"vic":0,"wa":0},{"ts":"2013-11-22T18:10:00Z","nsw":2,"qld":3,"sa":1,"tas":0,"vic":0},{"ts":"2013-11-22T18:20:00Z","nsw":2,"qld":3,"sa":1,"tas":0,"vic":0},{"ts":"2013-11-22T18:30:00Z","nsw":2,"qld":3,"sa":0,"tas":0,"vic":0,"wa":0},{"ts":"2013-11-22T18:40:00Z","nsw":2,"qld":3,"sa":0,"tas":0,"vic":0},{"ts":"2013-11-22T18:50:00Z","nsw":2,"qld":1,"sa":0,"tas":0,"vic":0},{"ts":"2013-11-22T19:00:00Z","nsw":5,"qld":5,"sa":0,"tas":0,"vic":1,"wa":0},{"ts":"2013-11-22T19:10:00Z","nsw":10,"qld":8,"sa":0,"tas":0,"vic":1},{"ts":"2013-11-22T19:20:00Z","nsw":14,"qld":13,"sa":0,"tas":1,"vic":4},{"ts":"2013-11-22T19:30:00Z","nsw":20,"qld":20,"sa":0,"tas":1,"vic":8,"wa":0},{"ts":"2013-11-22T19:40:00Z","nsw":26,"qld":31,"sa":2,"tas":2,"vic":11},{"ts":"2013-11-22T19:50:00Z","nsw":35,"qld":48,"sa":5,"tas":2,"vic":13},{"ts":"2013-11-22T20:00:00Z","nsw":47,"qld":57,"sa":7,"tas":3,"vic":16,"wa":0},{"ts":"2013-11-22T20:10:00Z","nsw":53,"qld":69,"sa":11,"tas":3,"vic":18},{"ts":"2013-11-22T20:20:00Z","nsw":65,"qld":86,"sa":14,"tas":4,"vic":23},{"ts":"2013-11-22T20:30:00Z","nsw":76,"qld":98,"sa":21,"tas":5,"vic":26,"wa":0},{"ts":"2013-11-22T20:40:00Z","nsw":86,"qld":114,"sa":26,"tas":7,"vic":31},{"ts":"2013-11-22T20:50:00Z","nsw":92,"qld":128,"sa":37,"tas":7,"vic":39},{"ts":"2013-11-22T21:00:00Z","nsw":99,"qld":148,"sa":42,"tas":8,"vic":46,"wa":0},{"ts":"2013-11-22T21:10:00Z","nsw":109,"qld":166,"sa":50,"tas":9,"vic":49},{"ts":"2013-11-22T21:20:00Z","nsw":132,"qld":189,"sa":59,"tas":10,"vic":58},{"ts":"2013-11-22T21:30:00Z","nsw":149,"qld":219,"sa":71,"tas":9,"vic":66,"wa":4},{"ts":"2013-11-22T21:40:00Z","nsw":173,"qld":258,"sa":85,"tas":12,"vic":74},{"ts":"2013-11-22T21:50:00Z","nsw":177,"qld":279,"sa":92,"tas":11,"vic":88},{"ts":"2013-11-22T22:00:00Z","nsw":197,"qld":293,"sa":100,"tas":16,"vic":95,"wa":17},{"ts":"2013-11-22T22:10:00Z","nsw":196,"qld":319,"sa":121,"tas":15,"vic":99},{"ts":"2013-11-22T22:20:00Z","nsw":222,"qld":357,"sa":113,"tas":18,"vic":131},{"ts":"2013-11-22T22:30:00Z","nsw":245,"qld":372,"sa":136,"tas":15,"vic":140,"wa":35},{"ts":"2013-11-22T22:40:00Z","nsw":234,"qld":423,"sa":132,"tas":18,"vic":152,"wa":42},{"ts":"2013-11-22T22:50:00Z","nsw":246,"qld":435,"sa":145,"tas":17,"vic":160},{"ts":"2013-11-22T23:00:00Z","nsw":251,"qld":455,"sa":157,"tas":21,"vic":179,"wa":58},{"ts":"2013-11-22T23:10:00Z","nsw":238,"qld":437,"sa":167,"tas":18,"vic":182,"wa":68},{"ts":"2013-11-22T23:20:00Z","nsw":240,"qld":431,"sa":157,"tas":20,"vic":204},{"ts":"2013-11-22T23:30:00Z","nsw":253,"qld":413,"sa":179,"tas":19,"vic":201,"wa":89},{"ts":"2013-11-22T23:40:00Z","nsw":269,"qld":427,"sa":166,"tas":24,"vic":231,"wa":102},{"ts":"2013-11-22T23:50:00Z","nsw":239,"qld":415,"sa":170,"tas":21,"vic":223},{"ts":"2013-11-23T00:00:00Z","nsw":212,"qld":445,"sa":169,"tas":24,"vic":220,"wa":117},{"ts":"2013-11-23T00:10:00Z","nsw":186,"qld":441,"sa":188,"tas":28,"vic":209,"wa":131},{"ts":"2013-11-23T00:20:00Z","nsw":172,"qld":417,"sa":193,"tas":25,"vic":234,"wa":141},{"ts":"2013-11-23T00:30:00Z","nsw":183,"qld":410,"sa":207,"tas":20,"vic":223,"wa":149},{"ts":"2013-11-23T00:40:00Z","nsw":172,"qld":439,"sa":210,"tas":24,"vic":231,"wa":159},{"ts":"2013-11-23T00:50:00Z","nsw":165,"qld":418,"sa":231,"tas":21,"vic":240,"wa":166},{"ts":"2013-11-23T01:00:00Z","nsw":174,"qld":421,"sa":225,"tas":24,"vic":247,"wa":172},{"ts":"2013-11-23T01:10:00Z","nsw":179,"qld":418,"sa":231,"tas":22,"vic":231,"wa":177},{"ts":"2013-11-23T01:20:00Z","nsw":175,"qld":465,"sa":242,"tas":23,"vic":231,"wa":185},{"ts":"2013-11-23T01:30:00Z","nsw":166,"qld":462,"sa":253,"tas":23,"vic":210,"wa":190},{"ts":"2013-11-23T01:40:00Z","nsw":181,"qld":474,"sa":243,"tas":23,"vic":246,"wa":201},{"ts":"2013-11-23T01:50:00Z","nsw":158,"qld":483,"sa":260,"tas":19,"vic":236,"wa":194},{"ts":"2013-11-23T02:00:00Z","nsw":218,"qld":511,"sa":251,"tas":19,"vic":249,"wa":207},{"ts":"2013-11-23T02:10:00Z","nsw":225,"qld":522,"sa":254,"tas":17,"vic":217,"wa":205},{"ts":"2013-11-23T02:20:00Z","nsw":270,"qld":569,"sa":236,"tas":16,"vic":249,"wa":224},{"ts":"2013-11-23T02:30:00Z","nsw":293,"qld":600,"sa":219,"tas":15,"vic":215,"wa":215},{"ts":"2013-11-23T02:40:00Z","nsw":259,"qld":616,"sa":188,"tas":14,"vic":239,"wa":226},{"ts":"2013-11-23T02:50:00Z","nsw":274,"qld":602,"sa":208,"tas":12,"vic":239,"wa":227},{"ts":"2013-11-23T03:00:00Z","nsw":291,"qld":583,"sa":186,"tas":13,"vic":241,"wa":239},{"ts":"2013-11-23T03:10:00Z","nsw":314,"qld":581,"sa":202,"tas":11,"vic":242,"wa":238},{"ts":"2013-11-23T03:20:00Z","nsw":309,"qld":585,"sa":203,"tas":14,"vic":242,"wa":229},{"ts":"2013-11-23T03:30:00Z","nsw":290,"qld":579,"sa":212,"tas":13,"vic":216,"wa":233},{"ts":"2013-11-23T03:40:00Z","nsw":315,"qld":542,"sa":216,"tas":15,"vic":217,"wa":243},{"ts":"2013-11-23T03:50:00Z","nsw":296,"qld":526,"sa":223,"tas":12,"vic":196,"wa":239},{"ts":"2013-11-23T04:00:00Z","nsw":304,"qld":518,"sa":220,"tas":13,"vic":201,"wa":234},{"ts":"2013-11-23T04:10:00Z","nsw":282,"qld":507,"sa":214,"tas":11,"vic":196,"wa":238},{"ts":"2013-11-23T04:20:00Z","nsw":284,"qld":488,"sa":194,"tas":10,"vic":223,"wa":233},{"ts":"2013-11-23T04:30:00Z","nsw":307,"qld":480,"sa":195,"tas":10,"vic":205,"wa":228},{"ts":"2013-11-23T04:40:00Z","nsw":283,"qld":489,"sa":183,"tas":9,"vic":239,"wa":245},{"ts":"2013-11-23T04:50:00Z","nsw":271,"qld":459,"sa":163,"tas":9,"vic":222,"wa":246},{"ts":"2013-11-23T05:00:00Z","nsw":255,"qld":436,"sa":160,"tas":9,"vic":229,"wa":241},{"ts":"2013-11-23T05:10:00Z","nsw":246,"qld":399,"sa":154,"tas":8,"vic":208,"wa":236},{"ts":"2013-11-23T05:20:00Z","nsw":220,"qld":380,"sa":145,"tas":8,"vic":212,"wa":248},{"ts":"2013-11-23T05:30:00Z","nsw":205,"qld":344,"sa":151,"tas":7,"vic":187,"wa":233},{"ts":"2013-11-23T05:40:00Z","nsw":215,"qld":329,"sa":142,"tas":7,"vic":183,"wa":235},{"ts":"2013-11-23T05:50:00Z","nsw":173,"qld":286,"sa":162,"tas":7,"vic":166,"wa":232},{"ts":"2013-11-23T06:00:00Z","nsw":176,"qld":261,"sa":136,"tas":7,"vic":164,"wa":236},{"ts":"2013-11-23T06:10:00Z","nsw":167,"qld":228,"sa":136,"tas":5,"vic":126,"wa":224},{"ts":"2013-11-23T06:20:00Z","nsw":158,"qld":168,"sa":122,"tas":5,"vic":131,"wa":229},{"ts":"2013-11-23T06:30:00Z","nsw":140,"qld":129,"sa":108,"tas":5,"vic":103,"wa":223},{"ts":"2013-11-23T06:40:00Z","nsw":125,"qld":116,"sa":99,"tas":5,"vic":97,"wa":219},{"ts":"2013-11-23T06:50:00Z","nsw":108,"qld":103,"sa":85,"tas":4,"vic":81,"wa":212},{"ts":"2013-11-23T07:00:00Z","nsw":87,"qld":94,"sa":83,"tas":3,"vic":80,"wa":198},{"ts":"2013-11-23T07:10:00Z","nsw":80,"qld":70,"sa":70,"tas":3,"vic":63,"wa":194},{"ts":"2013-11-23T07:20:00Z","nsw":71,"qld":53,"sa":57,"tas":3,"vic":61,"wa":185},{"ts":"2013-11-23T07:30:00Z","nsw":50,"qld":38,"sa":50,"tas":2,"vic":54,"wa":167},{"ts":"2013-11-23T07:40:00Z","nsw":40,"qld":27,"sa":40,"tas":2,"vic":48,"wa":165},{"ts":"2013-11-23T07:50:00Z","nsw":31,"qld":16,"sa":38,"tas":2,"vic":40,"wa":148},{"ts":"2013-11-23T08:00:00Z","nsw":26,"qld":10,"sa":30,"tas":2,"vic":34,"wa":149},{"ts":"2013-11-23T08:10:00Z","nsw":20,"qld":6,"sa":25,"tas":1,"vic":24,"wa":130},{"ts":"2013-11-23T08:20:00Z","nsw":14,"qld":4,"sa":22,"tas":0,"vic":21,"wa":123},{"ts":"2013-11-23T08:30:00Z","nsw":9,"qld":3,"sa":18,"tas":0,"vic":13,"wa":113},{"ts":"2013-11-23T08:40:00Z","nsw":7,"qld":2,"sa":14,"tas":0,"vic":9,"wa":102},{"ts":"2013-11-23T08:50:00Z","nsw":5,"qld":3,"sa":11,"tas":0,"vic":6,"wa":86},{"ts":"2013-11-23T09:00:00Z","nsw":4,"qld":3,"sa":8,"tas":0,"vic":4,"wa":81},{"ts":"2013-11-23T09:10:00Z","nsw":3,"qld":3,"sa":5,"tas":0,"vic":5,"wa":66},{"ts":"2013-11-23T09:20:00Z","nsw":2,"qld":3,"sa":2,"tas":0,"vic":3,"wa":57},{"ts":"2013-11-23T09:30:00Z","nsw":2,"qld":3,"sa":1,"tas":0,"vic":5,"wa":41},{"ts":"2013-11-23T09:40:00Z","nsw":3,"qld":3,"sa":1,"tas":0,"vic":2,"wa":36},{"ts":"2013-11-23T09:50:00Z","nsw":3,"qld":3,"sa":1,"tas":0,"vic":1,"wa":29},{"ts":"2013-11-23T10:00:00Z","nsw":3,"qld":3,"sa":1,"tas":0,"vic":1,"wa":26},{"ts":"2013-11-23T10:10:00Z","nsw":3,"qld":3,"sa":1,"tas":0,"vic":0,"wa":19},{"ts":"2013-11-23T10:20:00Z","nsw":3,"qld":3,"sa":1,"tas":0,"vic":1,"wa":15},{"ts":"2013-11-23T10:30:00Z","nsw":2,"qld":3,"sa":1,"tas":0,"vic":1,"wa":10},{"ts":"2013-11-23T10:40:00Z","nsw":3,"qld":4,"sa":1,"tas":0,"vic":0,"wa":8},{"ts":"2013-11-23T10:50:00Z","nsw":3,"qld":3,"sa":1,"tas":0,"vic":3,"wa":6},{"ts":"2013-11-23T11:00:00Z","nsw":2,"qld":3,"sa":1,"tas":0,"vic":0,"wa":4},{"ts":"2013-11-23T11:10:00Z","nsw":2,"qld":3,"sa":1,"tas":0,"vic":1,"wa":5},{"ts":"2013-11-23T11:20:00Z","nsw":2,"qld":3,"sa":1,"tas":0,"vic":0,"wa":7},{"ts":"2013-11-23T11:30:00Z","nsw":8,"qld":3,"sa":1,"tas":0,"vic":0,"wa":1},{"ts":"2013-11-23T11:40:00Z","nsw":3,"qld":3,"sa":1,"tas":0,"vic":5,"wa":1},{"ts":"2013-11-23T11:50:00Z","nsw":7,"qld":3,"sa":1,"tas":0,"vic":1,"wa":1}]} 