{"performance":[{"ts":"2013-12-29T17:00:00Z","nsw":"0.22","nt":"0.00","qld":"0.28","sa":"0.13","tas":"0.05","vic":"0.18","wa":"0.09"},{"ts":"2013-12-29T17:10:00Z","nsw":"0.31","nt":"0.00","qld":"0.27","sa":"0.13","tas":"0.05","vic":"0.27","wa":"0.10"},{"ts":"2013-12-29T17:20:00Z","nsw":"0.29","nt":"0.00","qld":"0.26","sa":"0.13","tas":"0.05","vic":"0.17","wa":"0.10"},{"ts":"2013-12-29T17:30:00Z","nsw":"0.29","nt":"0.00","qld":"0.25","sa":"0.13","tas":"0.05","vic":"0.18","wa":"0.10"},{"ts":"2013-12-29T17:40:00Z","nsw":"0.34","nt":"0.00","qld":"0.25","sa":"0.14","tas":"0.05","vic":"0.17","wa":"0.09"},{"ts":"2013-12-29T17:50:00Z","nsw":"0.34","nt":"0.00","qld":"0.25","sa":"0.13","tas":"0.05","vic":"0.15","wa":"0.10"},{"ts":"2013-12-29T18:00:00Z","nsw":"0.29","nt":"0.00","qld":"0.25","sa":"0.13","tas":"0.05","vic":"0.18","wa":"0.09"},{"ts":"2013-12-29T18:10:00Z","nsw":"0.31","nt":"0.00","qld":"0.28","sa":"0.13","tas":"0.05","vic":"0.17","wa":"0.10"},{"ts":"2013-12-29T18:20:00Z","nsw":"0.30","nt":"0.00","qld":"0.27","sa":"0.13","tas":"0.04","vic":"0.19","wa":"0.09"},{"ts":"2013-12-29T18:30:00Z","nsw":"0.34","nt":"0.00","qld":"0.27","sa":"0.13","tas":"0.04","vic":"0.18","wa":"0.10"},{"ts":"2013-12-29T18:40:00Z","nsw":"0.29","nt":"0.00","qld":"0.25","sa":"0.15","tas":"0.10","vic":"0.17","wa":"0.09"},{"ts":"2013-12-29T18:50:00Z","nsw":"0.29","nt":"0.00","qld":"0.09","sa":"0.12","tas":"0.39","vic":"0.22","wa":"0.10"},{"ts":"2013-12-29T19:00:00Z","nsw":"0.84","nt":"0.00","qld":"0.24","sa":"0.12","tas":"0.77","vic":"0.19","wa":"0.09"},{"ts":"2013-12-29T19:10:00Z","nsw":"1.16","nt":"0.00","qld":"0.99","sa":"0.12","tas":"1.59","vic":"0.45","wa":"0.10"},{"ts":"2013-12-29T19:20:00Z","nsw":"1.83","nt":"0.00","qld":"1.94","sa":"0.13","tas":"2.39","vic":"1.20","wa":"0.10"},{"ts":"2013-12-29T19:30:00Z","nsw":"2.23","nt":"0.00","qld":"2.96","sa":"0.13","tas":"2.72","vic":"1.82","wa":"0.10"},{"ts":"2013-12-29T19:40:00Z","nsw":"3.67","nt":"0.00","qld":"4.11","sa":"0.24","tas":"3.33","vic":"2.52","wa":"0.10"},{"ts":"2013-12-29T19:50:00Z","nsw":"4.48","nt":"0.00","qld":"5.31","sa":"0.57","tas":"4.27","vic":"3.17","wa":"0.10"},{"ts":"2013-12-29T20:00:00Z","nsw":"6.02","nt":"0.00","qld":"6.87","sa":"1.25","tas":"5.90","vic":"4.11","wa":"0.09"},{"ts":"2013-12-29T20:10:00Z","nsw":"7.58","nt":"0.00","qld":"8.51","sa":"2.19","tas":"7.56","vic":"5.33","wa":"0.10"},{"ts":"2013-12-29T20:20:00Z","nsw":"8.82","nt":"0.00","qld":"10.65","sa":"3.11","tas":"10.08","vic":"6.81","wa":"0.09"},{"ts":"2013-12-29T20:30:00Z","nsw":"11.31","nt":"0.00","qld":"12.35","sa":"4.40","tas":"10.77","vic":"8.45","wa":"0.10"},{"ts":"2013-12-29T20:40:00Z","nsw":"13.71","nt":"0.00","qld":"15.24","sa":"5.63","tas":"12.96","vic":"11.01","wa":"0.09"},{"ts":"2013-12-29T20:50:00Z","nsw":"14.26","nt":"0.00","qld":"17.32","sa":"7.30","tas":"12.48","vic":"13.21","wa":"0.10"},{"ts":"2013-12-29T21:00:00Z","nsw":"16.38","nt":"0.00","qld":"19.50","sa":"8.76","tas":"17.19","vic":"15.84","wa":"0.09"},{"ts":"2013-12-29T21:10:00Z","nsw":"18.96","nt":"0.08","qld":"22.56","sa":"10.56","tas":"19.91","vic":"18.58","wa":"0.11"},{"ts":"2013-12-29T21:20:00Z","nsw":"20.33","nt":"0.50","qld":"25.83","sa":"12.52","tas":"22.05","vic":"21.38","wa":"0.35"},{"ts":"2013-12-29T21:30:00Z","nsw":"20.56","nt":"1.33","qld":"27.72","sa":"14.99","tas":"24.38","vic":"23.07","wa":"0.80"},{"ts":"2013-12-29T21:40:00Z","nsw":"24.25","nt":"2.11","qld":"30.13","sa":"18.70","tas":"25.79","vic":"26.20","wa":"1.60"},{"ts":"2013-12-29T21:50:00Z","nsw":"24.84","nt":"2.88","qld":"32.32","sa":"20.81","tas":"26.60","vic":"27.89","wa":"2.24"},{"ts":"2013-12-29T22:00:00Z","nsw":"27.95","nt":"3.73","qld":"34.16","sa":"23.54","tas":"32.71","vic":"31.94","wa":"3.35"},{"ts":"2013-12-29T22:10:00Z","nsw":"32.45","nt":"6.17","qld":"35.48","sa":"27.09","tas":"29.88","vic":"35.87","wa":"4.95"},{"ts":"2013-12-29T22:20:00Z","nsw":"32.31","nt":"7.96","qld":"36.76","sa":"29.80","tas":"29.98","vic":"38.00","wa":"5.91"},{"ts":"2013-12-29T22:30:00Z","nsw":"33.86","nt":"9.62","qld":"38.51","sa":"32.65","tas":"29.41","vic":"39.91","wa":"7.42"},{"ts":"2013-12-29T22:40:00Z","nsw":"36.46","nt":"9.03","qld":"40.47","sa":"36.51","tas":"32.78","vic":"42.64","wa":"9.79"},{"ts":"2013-12-29T22:50:00Z","nsw":"34.19","nt":"11.24","qld":"41.34","sa":"39.28","tas":"36.51","vic":"44.93","wa":"11.59"},{"ts":"2013-12-29T23:00:00Z","nsw":"39.28","nt":"13.24","qld":"43.27","sa":"41.57","tas":"37.86","vic":"46.23","wa":"13.71"},{"ts":"2013-12-29T23:10:00Z","nsw":"43.17","nt":"16.75","qld":"44.76","sa":"44.08","tas":"41.92","vic":"47.62","wa":"16.41"},{"ts":"2013-12-29T23:20:00Z","nsw":"43.71","nt":"15.85","qld":"45.27","sa":"46.16","tas":"40.87","vic":"52.97","wa":"18.99"},{"ts":"2013-12-29T23:30:00Z","nsw":"45.90","nt":"16.79","qld":"45.06","sa":"49.53","tas":"38.90","vic":"54.97","wa":"23.39"},{"ts":"2013-12-29T23:40:00Z","nsw":"53.15","nt":"17.97","qld":"45.34","sa":"53.44","tas":"48.63","vic":"57.24","wa":"26.08"},{"ts":"2013-12-29T23:50:00Z","nsw":"50.82","nt":"28.45","qld":"44.56","sa":"54.86","tas":"42.23","vic":"59.42","wa":"28.20"},{"ts":"2013-12-30T00:00:00Z","nsw":"51.14","nt":"24.66","qld":"43.59","sa":"56.34","tas":"43.13","vic":"60.50","wa":"31.87"},{"ts":"2013-12-30T00:10:00Z","nsw":"54.05","nt":"32.14","qld":"41.10","sa":"58.32","tas":"39.20","vic":"61.98","wa":"33.68"},{"ts":"2013-12-30T00:20:00Z","nsw":"54.34","nt":"25.05","qld":"47.52","sa":"60.95","tas":"40.20","vic":"66.50","wa":"35.80"},{"ts":"2013-12-30T00:30:00Z","nsw":"56.30","nt":"31.08","qld":"46.25","sa":"62.74","tas":"37.98","vic":"67.73","wa":"39.53"},{"ts":"2013-12-30T00:40:00Z","nsw":"62.22","nt":"46.78","qld":"46.48","sa":"65.49","tas":"43.67","vic":"69.71","wa":"43.64"},{"ts":"2013-12-30T00:50:00Z","nsw":"59.57","nt":"29.62","qld":"48.75","sa":"66.66","tas":"35.13","vic":"69.32","wa":"45.42"},{"ts":"2013-12-30T01:00:00Z","nsw":"61.54","nt":"27.22","qld":"51.16","sa":"67.40","tas":"34.21","vic":"70.63","wa":"48.65"},{"ts":"2013-12-30T01:10:00Z","nsw":"61.90","nt":"32.32","qld":"52.42","sa":"67.86","tas":"33.46","vic":"71.62","wa":"52.28"},{"ts":"2013-12-30T01:20:00Z","nsw":"61.12","nt":"32.77","qld":"56.39","sa":"69.47","tas":"32.62","vic":"72.28","wa":"52.86"},{"ts":"2013-12-30T01:30:00Z","nsw":"61.76","nt":"40.60","qld":"55.29","sa":"70.47","tas":"27.19","vic":"73.01","wa":"56.27"},{"ts":"2013-12-30T01:40:00Z","nsw":"65.28","nt":"42.04","qld":"60.04","sa":"70.98","tas":"40.95","vic":"75.67","wa":"56.24"},{"ts":"2013-12-30T01:50:00Z","nsw":"63.35","nt":"19.99","qld":"60.69","sa":"71.69","tas":"37.47","vic":"73.19","wa":"58.36"},{"ts":"2013-12-30T02:00:00Z","nsw":"64.33","nt":"47.56","qld":"63.23","sa":"74.11","tas":"35.22","vic":"75.75","wa":"60.14"},{"ts":"2013-12-30T02:10:00Z","nsw":"66.45","nt":"37.62","qld":"62.67","sa":"73.43","tas":"35.09","vic":"74.14","wa":"62.74"},{"ts":"2013-12-30T02:20:00Z","nsw":"63.93","nt":"43.93","qld":"63.23","sa":"74.15","tas":"40.03","vic":"76.56","wa":"62.46"},{"ts":"2013-12-30T02:30:00Z","nsw":"63.36","nt":"50.36","qld":"61.78","sa":"74.64","tas":"40.15","vic":"76.02","wa":"66.06"},{"ts":"2013-12-30T02:40:00Z","nsw":"65.42","nt":"44.46","qld":"60.92","sa":"74.94","tas":"49.91","vic":"75.42","wa":"65.91"},{"ts":"2013-12-30T02:50:00Z","nsw":"62.73","nt":"21.62","qld":"58.79","sa":"75.04","tas":"57.08","vic":"75.25","wa":"66.98"},{"ts":"2013-12-30T03:00:00Z","nsw":"62.83","nt":"49.18","qld":"56.46","sa":"75.17","tas":"71.98","vic":"75.00","wa":"69.32"},{"ts":"2013-12-30T03:10:00Z","nsw":"63.30","nt":"56.37","qld":"56.26","sa":"74.71","tas":"64.40","vic":"73.59","wa":"69.19"},{"ts":"2013-12-30T03:20:00Z","nsw":"61.42","nt":"34.62","qld":"54.40","sa":"75.49","tas":"52.79","vic":"73.68","wa":"69.76"},{"ts":"2013-12-30T03:30:00Z","nsw":"60.14","nt":"47.50","qld":"51.33","sa":"74.91","tas":"44.23","vic":"73.78","wa":"72.24"},{"ts":"2013-12-30T03:40:00Z","nsw":"63.47","nt":"50.22","qld":"50.69","sa":"73.76","tas":"50.64","vic":"71.78","wa":"71.13"},{"ts":"2013-12-30T03:50:00Z","nsw":"59.20","nt":"49.07","qld":"51.68","sa":"73.64","tas":"50.77","vic":"70.52","wa":"71.75"},{"ts":"2013-12-30T04:00:00Z","nsw":"59.02","nt":"53.29","qld":"48.93","sa":"74.92","tas":"52.95","vic":"69.39","wa":"71.97"},{"ts":"2013-12-30T04:10:00Z","nsw":"58.73","nt":"45.19","qld":"46.83","sa":"73.74","tas":"40.38","vic":"67.99","wa":"73.07"},{"ts":"2013-12-30T04:20:00Z","nsw":"53.72","nt":"44.86","qld":"47.02","sa":"72.20","tas":"46.08","vic":"67.20","wa":"73.64"},{"ts":"2013-12-30T04:30:00Z","nsw":"53.60","nt":"47.34","qld":"43.63","sa":"70.68","tas":"37.17","vic":"65.22","wa":"72.03"},{"ts":"2013-12-30T04:40:00Z","nsw":"53.75","nt":"30.91","qld":"42.49","sa":"69.50","tas":"39.23","vic":"64.88","wa":"71.83"},{"ts":"2013-12-30T04:50:00Z","nsw":"50.43","nt":"20.09","qld":"40.97","sa":"68.93","tas":"43.84","vic":"62.61","wa":"71.64"},{"ts":"2013-12-30T05:00:00Z","nsw":"49.23","nt":"15.76","qld":"41.46","sa":"59.88","tas":"39.37","vic":"61.07","wa":"73.49"},{"ts":"2013-12-30T05:10:00Z","nsw":"48.44","nt":"8.29","qld":"39.32","sa":"58.04","tas":"33.54","vic":"59.70","wa":"70.69"},{"ts":"2013-12-30T05:20:00Z","nsw":"46.44","nt":"16.92","qld":"40.14","sa":"53.38","tas":"41.30","vic":"57.21","wa":"71.23"},{"ts":"2013-12-30T05:30:00Z","nsw":"43.60","nt":"19.07","qld":"38.27","sa":"56.47","tas":"29.49","vic":"54.20","wa":"70.40"},{"ts":"2013-12-30T05:40:00Z","nsw":"43.26","nt":"9.81","qld":"37.13","sa":"51.50","tas":"27.61","vic":"52.16","wa":"71.44"},{"ts":"2013-12-30T05:50:00Z","nsw":"38.70","nt":"25.13","qld":"35.05","sa":"52.33","tas":"34.07","vic":"49.65","wa":"70.95"},{"ts":"2013-12-30T06:00:00Z","nsw":"36.93","nt":"9.09","qld":"31.69","sa":"44.98","tas":"36.05","vic":"46.81","wa":"68.84"},{"ts":"2013-12-30T06:10:00Z","nsw":"34.76","nt":"8.24","qld":"21.91","sa":"39.13","tas":"35.11","vic":"44.36","wa":"66.77"},{"ts":"2013-12-30T06:20:00Z","nsw":"32.46","nt":"9.33","qld":"19.47","sa":"34.56","tas":"39.06","vic":"41.91","wa":"66.12"},{"ts":"2013-12-30T06:30:00Z","nsw":"30.58","nt":"9.17","qld":"18.03","sa":"31.60","tas":"26.35","vic":"38.20","wa":"64.51"},{"ts":"2013-12-30T06:40:00Z","nsw":"27.59","nt":"7.80","qld":"15.61","sa":"30.69","tas":"34.51","vic":"35.03","wa":"65.57"},{"ts":"2013-12-30T06:50:00Z","nsw":"23.96","nt":"8.08","qld":"12.94","sa":"28.19","tas":"23.06","vic":"32.20","wa":"62.39"},{"ts":"2013-12-30T07:00:00Z","nsw":"20.95","nt":"6.55","qld":"11.83","sa":"27.11","tas":"23.69","vic":"29.95","wa":"62.29"},{"ts":"2013-12-30T07:10:00Z","nsw":"19.03","nt":"7.22","qld":"11.22","sa":"25.68","tas":"16.33","vic":"26.36","wa":"58.34"},{"ts":"2013-12-30T07:20:00Z","nsw":"16.14","nt":"9.81","qld":"12.11","sa":"24.24","tas":"16.13","vic":"23.59","wa":"56.44"},{"ts":"2013-12-30T07:30:00Z","nsw":"12.91","nt":"10.64","qld":"12.09","sa":"21.95","tas":"13.52","vic":"20.73","wa":"54.28"},{"ts":"2013-12-30T07:40:00Z","nsw":"11.53","nt":"12.30","qld":"9.69","sa":"18.51","tas":"14.06","vic":"17.63","wa":"53.87"},{"ts":"2013-12-30T07:50:00Z","nsw":"9.82","nt":"11.09","qld":"6.10","sa":"19.85","tas":"10.45","vic":"15.43","wa":"51.13"},{"ts":"2013-12-30T08:00:00Z","nsw":"8.08","nt":"6.52","qld":"4.02","sa":"19.07","tas":"8.94","vic":"13.38","wa":"47.38"},{"ts":"2013-12-30T08:10:00Z","nsw":"6.79","nt":"6.54","qld":"2.56","sa":"13.32","tas":"7.63","vic":"10.93","wa":"46.03"},{"ts":"2013-12-30T08:20:00Z","nsw":"5.45","nt":"6.66","qld":"1.65","sa":"12.29","tas":"7.10","vic":"9.71","wa":"42.08"},{"ts":"2013-12-30T08:30:00Z","nsw":"4.19","nt":"3.60","qld":"0.82","sa":"11.27","tas":"5.62","vic":"7.49","wa":"39.16"},{"ts":"2013-12-30T08:40:00Z","nsw":"3.48","nt":"3.09","qld":"0.41","sa":"10.77","tas":"6.45","vic":"5.90","wa":"36.69"},{"ts":"2013-12-30T08:50:00Z","nsw":"2.37","nt":"2.37","qld":"0.46","sa":"8.68","tas":"6.21","vic":"4.72","wa":"33.20"},{"ts":"2013-12-30T09:00:00Z","nsw":"1.71","nt":"3.15","qld":"0.46","sa":"5.68","tas":"5.75","vic":"3.74","wa":"30.09"},{"ts":"2013-12-30T09:10:00Z","nsw":"1.18","nt":"1.46","qld":"0.22","sa":"4.50","tas":"2.51","vic":"2.43","wa":"26.22"},{"ts":"2013-12-30T09:20:00Z","nsw":"0.80","nt":"1.98","qld":"0.41","sa":"3.22","tas":"1.52","vic":"1.82","wa":"23.98"},{"ts":"2013-12-30T09:30:00Z","nsw":"0.60","nt":"0.99","qld":"0.46","sa":"1.76","tas":"0.72","vic":"1.41","wa":"21.05"},{"ts":"2013-12-30T09:40:00Z","nsw":"0.58","nt":"0.08","qld":"0.28","sa":"1.09","tas":"0.35","vic":"0.63","wa":"18.35"},{"ts":"2013-12-30T09:50:00Z","nsw":"0.40","nt":"0.24","qld":"0.86","sa":"0.62","tas":"0.17","vic":"0.64","wa":"15.67"},{"ts":"2013-12-30T10:00:00Z","nsw":"0.41","nt":"0.14","qld":"0.31","sa":"0.34","tas":"0.20","vic":"0.56","wa":"12.36"},{"ts":"2013-12-30T10:10:00Z","nsw":"0.41","nt":"0.12","qld":"0.27","sa":"0.36","tas":"0.22","vic":"0.49","wa":"9.82"},{"ts":"2013-12-30T10:20:00Z","nsw":"0.45","nt":"0.12","qld":"0.28","sa":"0.26","tas":"0.09","vic":"0.46","wa":"8.51"},{"ts":"2013-12-30T10:30:00Z","nsw":"0.46","nt":"0.00","qld":"0.31","sa":"0.25","tas":"0.08","vic":"0.21","wa":"6.12"},{"ts":"2013-12-30T10:40:00Z","nsw":"0.43","nt":"0.00","qld":"0.28","sa":"0.22","tas":"0.07","vic":"0.23","wa":"5.18"},{"ts":"2013-12-30T10:50:00Z","nsw":"0.42","nt":"0.00","qld":"0.30","sa":"0.26","tas":"0.07","vic":"0.21","wa":"3.57"},{"ts":"2013-12-30T11:00:00Z","nsw":"0.42","nt":"0.00","qld":"0.29","sa":"0.20","tas":"0.07","vic":"0.21","wa":"2.02"},{"ts":"2013-12-30T11:10:00Z","nsw":"0.43","nt":"0.00","qld":"0.27","sa":"0.20","tas":"0.07","vic":"0.21","wa":"1.11"},{"ts":"2013-12-30T11:20:00Z","nsw":"0.38","nt":"0.00","qld":"0.27","sa":"0.20","tas":"0.07","vic":"0.22","wa":"0.55"},{"ts":"2013-12-30T11:30:00Z","nsw":"0.38","nt":"0.00","qld":"0.27","sa":"0.20","tas":"0.07","vic":"0.22","wa":"0.43"},{"ts":"2013-12-30T11:40:00Z","nsw":"0.41","nt":"0.00","qld":"0.28","sa":"0.20","tas":"0.07","vic":"0.21","wa":"0.27"},{"ts":"2013-12-30T11:50:00Z","nsw":"0.42","nt":"0.00","qld":"0.29","sa":"0.20","tas":"0.07","vic":"0.23","wa":"0.36"}],"contribution":[{"ts":"2013-12-29T17:00:00Z","nsw":"0.03","qld":"0.06","sa":"0.05","tas":"0.00","vic":"0.02","wa":"0.02"},{"ts":"2013-12-29T17:10:00Z","nsw":"0.04","qld":"0.06","sa":"0.05","tas":"0.00","vic":"0.04","wa":"0.02"},{"ts":"2013-12-29T17:20:00Z","nsw":"0.03","qld":"0.05","sa":"0.05","tas":"0.00","vic":"0.02","wa":"0.02"},{"ts":"2013-12-29T17:30:00Z","nsw":"0.03","qld":"0.05","sa":"0.05","tas":"0.00","vic":"0.02","wa":"0.02"},{"ts":"2013-12-29T17:40:00Z","nsw":"0.04","qld":"0.05","sa":"0.06","tas":"0.00","vic":"0.02","wa":"0.02"},{"ts":"2013-12-29T17:50:00Z","nsw":"0.04","qld":"0.05","sa":"0.05","tas":"0.00","vic":"0.02","wa":"0.02"},{"ts":"2013-12-29T18:00:00Z","nsw":"0.03","qld":"0.05","sa":"0.05","tas":"0.00","vic":"0.02","wa":"0.02"},{"ts":"2013-12-29T18:10:00Z","nsw":"0.04","qld":"0.06","sa":"0.05","tas":"0.00","vic":"0.02","wa":"0.02"},{"ts":"2013-12-29T18:20:00Z","nsw":"0.03","qld":"0.05","sa":"0.05","tas":"0.00","vic":"0.02","wa":"0.02"},{"ts":"2013-12-29T18:30:00Z","nsw":"0.04","qld":"0.05","sa":"0.05","tas":"0.00","vic":"0.02","wa":"0.02"},{"ts":"2013-12-29T18:40:00Z","nsw":"0.03","qld":"0.05","sa":"0.06","tas":"0.01","vic":"0.02","wa":"0.02"},{"ts":"2013-12-29T18:50:00Z","nsw":"0.03","qld":"0.02","sa":"0.05","tas":"0.02","vic":"0.03","wa":"0.02"},{"ts":"2013-12-29T19:00:00Z","nsw":"0.10","qld":"0.05","sa":"0.04","tas":"0.04","vic":"0.02","wa":"0.02"},{"ts":"2013-12-29T19:10:00Z","nsw":"0.13","qld":"0.20","sa":"0.05","tas":"0.08","vic":"0.06","wa":"0.02"},{"ts":"2013-12-29T19:20:00Z","nsw":"0.20","qld":"0.39","sa":"0.05","tas":"0.12","vic":"0.15","wa":"0.02"},{"ts":"2013-12-29T19:30:00Z","nsw":"0.24","qld":"0.59","sa":"0.05","tas":"0.14","vic":"0.22","wa":"0.02"},{"ts":"2013-12-29T19:40:00Z","nsw":"0.39","qld":"0.82","sa":"0.09","tas":"0.17","vic":"0.30","wa":"0.02"},{"ts":"2013-12-29T19:50:00Z","nsw":"0.47","qld":"1.04","sa":"0.21","tas":"0.21","vic":"0.37","wa":"0.02"},{"ts":"2013-12-29T20:00:00Z","nsw":"0.62","qld":"1.34","sa":"0.47","tas":"0.29","vic":"0.47","wa":"0.02"},{"ts":"2013-12-29T20:10:00Z","nsw":"0.79","qld":"1.59","sa":"0.80","tas":"0.36","vic":"0.61","wa":"0.02"},{"ts":"2013-12-29T20:20:00Z","nsw":"0.89","qld":"1.98","sa":"1.12","tas":"0.48","vic":"0.76","wa":"0.02"},{"ts":"2013-12-29T20:30:00Z","nsw":"1.12","qld":"2.26","sa":"1.57","tas":"0.52","vic":"0.94","wa":"0.02"},{"ts":"2013-12-29T20:40:00Z","nsw":"1.34","qld":"2.75","sa":"1.99","tas":"0.62","vic":"1.19","wa":"0.02"},{"ts":"2013-12-29T20:50:00Z","nsw":"1.37","qld":"3.07","sa":"2.53","tas":"0.59","vic":"1.41","wa":"0.02"},{"ts":"2013-12-29T21:00:00Z","nsw":"1.55","qld":"3.39","sa":"2.99","tas":"0.81","vic":"1.68","wa":"0.02"},{"ts":"2013-12-29T21:10:00Z","nsw":"1.76","qld":"3.83","sa":"3.53","tas":"0.93","vic":"1.98","wa":"0.02"},{"ts":"2013-12-29T21:20:00Z","nsw":"1.86","qld":"4.32","sa":"4.15","tas":"1.04","vic":"2.27","wa":"0.07"},{"ts":"2013-12-29T21:30:00Z","nsw":"1.86","qld":"4.63","sa":"4.92","tas":"1.14","vic":"2.42","wa":"0.16"},{"ts":"2013-12-29T21:40:00Z","nsw":"2.17","qld":"4.96","sa":"6.19","tas":"1.20","vic":"2.73","wa":"0.33"},{"ts":"2013-12-29T21:50:00Z","nsw":"2.20","qld":"5.23","sa":"6.92","tas":"1.24","vic":"2.88","wa":"0.45"},{"ts":"2013-12-29T22:00:00Z","nsw":"2.46","qld":"5.40","sa":"7.71","tas":"1.52","vic":"3.29","wa":"0.65"},{"ts":"2013-12-29T22:10:00Z","nsw":"2.79","qld":"5.61","sa":"8.72","tas":"1.37","vic":"3.67","wa":"0.95"},{"ts":"2013-12-29T22:20:00Z","nsw":"2.77","qld":"5.69","sa":"9.47","tas":"1.38","vic":"3.87","wa":"1.13"},{"ts":"2013-12-29T22:30:00Z","nsw":"2.85","qld":"5.97","sa":"10.24","tas":"1.35","vic":"4.05","wa":"1.36"},{"ts":"2013-12-29T22:40:00Z","nsw":"3.08","qld":"6.22","sa":"11.27","tas":"1.52","vic":"4.30","wa":"1.78"},{"ts":"2013-12-29T22:50:00Z","nsw":"2.88","qld":"6.35","sa":"12.01","tas":"1.73","vic":"4.49","wa":"2.07"},{"ts":"2013-12-29T23:00:00Z","nsw":"3.29","qld":"6.52","sa":"12.78","tas":"1.81","vic":"4.60","wa":"2.42"},{"ts":"2013-12-29T23:10:00Z","nsw":"3.59","qld":"6.77","sa":"13.47","tas":"1.98","vic":"4.74","wa":"2.87"},{"ts":"2013-12-29T23:20:00Z","nsw":"3.63","qld":"6.84","sa":"13.89","tas":"1.94","vic":"5.28","wa":"3.27"},{"ts":"2013-12-29T23:30:00Z","nsw":"3.76","qld":"6.82","sa":"14.62","tas":"1.87","vic":"5.48","wa":"3.91"},{"ts":"2013-12-29T23:40:00Z","nsw":"4.34","qld":"6.84","sa":"15.72","tas":"2.31","vic":"5.71","wa":"4.32"},{"ts":"2013-12-29T23:50:00Z","nsw":"4.18","qld":"6.69","sa":"16.44","tas":"2.03","vic":"5.88","wa":"4.64"},{"ts":"2013-12-30T00:00:00Z","nsw":"4.22","qld":"6.53","sa":"16.79","tas":"2.10","vic":"5.98","wa":"5.07"},{"ts":"2013-12-30T00:10:00Z","nsw":"4.41","qld":"6.24","sa":"17.34","tas":"1.90","vic":"6.14","wa":"5.25"},{"ts":"2013-12-30T00:20:00Z","nsw":"4.47","qld":"7.05","sa":"17.94","tas":"1.94","vic":"6.58","wa":"5.61"},{"ts":"2013-12-30T00:30:00Z","nsw":"4.61","qld":"6.83","sa":"18.47","tas":"1.86","vic":"6.66","wa":"6.02"},{"ts":"2013-12-30T00:40:00Z","nsw":"5.09","qld":"6.86","sa":"19.10","tas":"2.17","vic":"6.94","wa":"6.60"},{"ts":"2013-12-30T00:50:00Z","nsw":"4.88","qld":"7.23","sa":"19.38","tas":"1.75","vic":"6.85","wa":"6.84"},{"ts":"2013-12-30T01:00:00Z","nsw":"5.02","qld":"7.61","sa":"19.42","tas":"1.70","vic":"6.94","wa":"7.20"},{"ts":"2013-12-30T01:10:00Z","nsw":"5.04","qld":"7.77","sa":"19.73","tas":"1.66","vic":"7.29","wa":"7.66"},{"ts":"2013-12-30T01:20:00Z","nsw":"4.98","qld":"8.21","sa":"20.14","tas":"1.65","vic":"7.15","wa":"7.73"},{"ts":"2013-12-30T01:30:00Z","nsw":"5.03","qld":"8.09","sa":"20.29","tas":"1.40","vic":"7.29","wa":"8.15"},{"ts":"2013-12-30T01:40:00Z","nsw":"5.28","qld":"8.66","sa":"20.33","tas":"2.06","vic":"7.45","wa":"8.10"},{"ts":"2013-12-30T01:50:00Z","nsw":"5.14","qld":"8.78","sa":"20.13","tas":"1.90","vic":"7.24","wa":"8.37"},{"ts":"2013-12-30T02:00:00Z","nsw":"5.22","qld":"9.09","sa":"21.07","tas":"1.78","vic":"7.54","wa":"8.55"},{"ts":"2013-12-30T02:10:00Z","nsw":"5.36","qld":"9.04","sa":"20.76","tas":"1.75","vic":"7.39","wa":"8.84"},{"ts":"2013-12-30T02:20:00Z","nsw":"5.14","qld":"9.10","sa":"20.75","tas":"2.01","vic":"7.59","wa":"8.76"},{"ts":"2013-12-30T02:30:00Z","nsw":"5.11","qld":"8.81","sa":"21.18","tas":"2.04","vic":"7.56","wa":"9.13"},{"ts":"2013-12-30T02:40:00Z","nsw":"5.25","qld":"8.74","sa":"21.18","tas":"2.52","vic":"7.54","wa":"9.08"},{"ts":"2013-12-30T02:50:00Z","nsw":"5.07","qld":"8.41","sa":"21.07","tas":"2.86","vic":"7.55","wa":"9.18"},{"ts":"2013-12-30T03:00:00Z","nsw":"5.05","qld":"8.11","sa":"21.16","tas":"3.60","vic":"7.60","wa":"9.44"},{"ts":"2013-12-30T03:10:00Z","nsw":"5.09","qld":"8.02","sa":"21.03","tas":"3.28","vic":"7.40","wa":"9.38"},{"ts":"2013-12-30T03:20:00Z","nsw":"4.90","qld":"7.72","sa":"20.87","tas":"2.73","vic":"7.37","wa":"9.41"},{"ts":"2013-12-30T03:30:00Z","nsw":"4.84","qld":"7.30","sa":"20.82","tas":"2.30","vic":"7.37","wa":"9.61"},{"ts":"2013-12-30T03:40:00Z","nsw":"5.08","qld":"7.17","sa":"20.37","tas":"2.61","vic":"7.11","wa":"9.48"},{"ts":"2013-12-30T03:50:00Z","nsw":"4.75","qld":"7.22","sa":"20.26","tas":"2.59","vic":"7.00","wa":"9.54"},{"ts":"2013-12-30T04:00:00Z","nsw":"4.69","qld":"6.83","sa":"20.48","tas":"2.68","vic":"6.90","wa":"9.53"},{"ts":"2013-12-30T04:10:00Z","nsw":"4.71","qld":"6.57","sa":"20.15","tas":"2.04","vic":"6.76","wa":"9.67"},{"ts":"2013-12-30T04:20:00Z","nsw":"4.31","qld":"6.59","sa":"19.67","tas":"2.33","vic":"6.68","wa":"9.72"},{"ts":"2013-12-30T04:30:00Z","nsw":"4.30","qld":"6.14","sa":"19.32","tas":"1.88","vic":"6.51","wa":"9.49"},{"ts":"2013-12-30T04:40:00Z","nsw":"4.29","qld":"6.04","sa":"18.90","tas":"1.97","vic":"6.45","wa":"9.44"},{"ts":"2013-12-30T04:50:00Z","nsw":"4.03","qld":"5.75","sa":"18.59","tas":"2.23","vic":"6.26","wa":"9.37"},{"ts":"2013-12-30T05:00:00Z","nsw":"3.91","qld":"5.83","sa":"16.42","tas":"2.02","vic":"6.05","wa":"9.38"},{"ts":"2013-12-30T05:10:00Z","nsw":"3.85","qld":"5.57","sa":"15.66","tas":"1.72","vic":"5.94","wa":"9.07"},{"ts":"2013-12-30T05:20:00Z","nsw":"3.67","qld":"5.61","sa":"14.50","tas":"2.10","vic":"5.64","wa":"9.13"},{"ts":"2013-12-30T05:30:00Z","nsw":"3.43","qld":"5.39","sa":"15.10","tas":"1.50","vic":"5.33","wa":"8.99"},{"ts":"2013-12-30T05:40:00Z","nsw":"3.39","qld":"5.18","sa":"13.89","tas":"1.41","vic":"5.10","wa":"9.10"},{"ts":"2013-12-30T05:50:00Z","nsw":"3.03","qld":"4.88","sa":"13.69","tas":"1.73","vic":"4.84","wa":"9.03"},{"ts":"2013-12-30T06:00:00Z","nsw":"2.89","qld":"4.42","sa":"11.92","tas":"1.81","vic":"4.55","wa":"8.73"},{"ts":"2013-12-30T06:10:00Z","nsw":"2.75","qld":"3.06","sa":"10.42","tas":"1.77","vic":"4.32","wa":"8.48"},{"ts":"2013-12-30T06:20:00Z","nsw":"2.55","qld":"2.76","sa":"9.43","tas":"1.97","vic":"4.02","wa":"8.40"},{"ts":"2013-12-30T06:30:00Z","nsw":"2.41","qld":"2.56","sa":"8.43","tas":"1.33","vic":"3.66","wa":"8.22"},{"ts":"2013-12-30T06:40:00Z","nsw":"2.19","qld":"2.18","sa":"8.16","tas":"1.74","vic":"3.35","wa":"8.38"},{"ts":"2013-12-30T06:50:00Z","nsw":"1.90","qld":"1.80","sa":"7.51","tas":"1.19","vic":"3.10","wa":"7.99"},{"ts":"2013-12-30T07:00:00Z","nsw":"1.65","qld":"1.66","sa":"7.26","tas":"1.19","vic":"2.92","wa":"7.78"},{"ts":"2013-12-30T07:10:00Z","nsw":"1.54","qld":"1.59","sa":"7.01","tas":"0.82","vic":"2.60","wa":"7.29"},{"ts":"2013-12-30T07:20:00Z","nsw":"1.32","qld":"1.69","sa":"6.69","tas":"0.81","vic":"2.34","wa":"7.05"},{"ts":"2013-12-30T07:30:00Z","nsw":"1.05","qld":"1.74","sa":"6.14","tas":"0.68","vic":"2.06","wa":"6.84"},{"ts":"2013-12-30T07:40:00Z","nsw":"0.94","qld":"1.41","sa":"5.17","tas":"0.71","vic":"1.77","wa":"6.82"},{"ts":"2013-12-30T07:50:00Z","nsw":"0.80","qld":"0.89","sa":"5.45","tas":"0.52","vic":"1.57","wa":"6.44"},{"ts":"2013-12-30T08:00:00Z","nsw":"0.67","qld":"0.59","sa":"5.32","tas":"0.44","vic":"1.37","wa":"5.88"},{"ts":"2013-12-30T08:10:00Z","nsw":"0.57","qld":"0.38","sa":"3.81","tas":"0.38","vic":"1.14","wa":"5.66"},{"ts":"2013-12-30T08:20:00Z","nsw":"0.46","qld":"0.25","sa":"3.52","tas":"0.36","vic":"1.02","wa":"5.20"},{"ts":"2013-12-30T08:30:00Z","nsw":"0.36","qld":"0.12","sa":"3.23","tas":"0.28","vic":"0.79","wa":"4.84"},{"ts":"2013-12-30T08:40:00Z","nsw":"0.30","qld":"0.06","sa":"3.13","tas":"0.32","vic":"0.63","wa":"4.51"},{"ts":"2013-12-30T08:50:00Z","nsw":"0.21","qld":"0.07","sa":"2.54","tas":"0.31","vic":"0.51","wa":"4.09"},{"ts":"2013-12-30T09:00:00Z","nsw":"0.15","qld":"0.07","sa":"1.69","tas":"0.29","vic":"0.40","wa":"3.74"},{"ts":"2013-12-30T09:10:00Z","nsw":"0.10","qld":"0.03","sa":"1.33","tas":"0.13","vic":"0.26","wa":"3.28"},{"ts":"2013-12-30T09:20:00Z","nsw":"0.07","qld":"0.06","sa":"0.96","tas":"0.08","vic":"0.20","wa":"3.00"},{"ts":"2013-12-30T09:30:00Z","nsw":"0.05","qld":"0.07","sa":"0.53","tas":"0.04","vic":"0.15","wa":"2.65"},{"ts":"2013-12-30T09:40:00Z","nsw":"0.05","qld":"0.04","sa":"0.33","tas":"0.02","vic":"0.07","wa":"2.32"},{"ts":"2013-12-30T09:50:00Z","nsw":"0.04","qld":"0.13","sa":"0.19","tas":"0.01","vic":"0.07","wa":"1.99"},{"ts":"2013-12-30T10:00:00Z","nsw":"0.04","qld":"0.05","sa":"0.10","tas":"0.01","vic":"0.06","wa":"1.59"},{"ts":"2013-12-30T10:10:00Z","nsw":"0.04","qld":"0.04","sa":"0.11","tas":"0.01","vic":"0.05","wa":"1.27"},{"ts":"2013-12-30T10:20:00Z","nsw":"0.04","qld":"0.04","sa":"0.08","tas":"0.00","vic":"0.05","wa":"1.11"},{"ts":"2013-12-30T10:30:00Z","nsw":"0.04","qld":"0.05","sa":"0.08","tas":"0.00","vic":"0.02","wa":"0.81"},{"ts":"2013-12-30T10:40:00Z","nsw":"0.04","qld":"0.04","sa":"0.07","tas":"0.00","vic":"0.02","wa":"0.69"},{"ts":"2013-12-30T10:50:00Z","nsw":"0.04","qld":"0.05","sa":"0.08","tas":"0.00","vic":"0.02","wa":"0.48"},{"ts":"2013-12-30T11:00:00Z","nsw":"0.04","qld":"0.05","sa":"0.06","tas":"0.00","vic":"0.02","wa":"0.28"},{"ts":"2013-12-30T11:10:00Z","nsw":"0.04","qld":"0.04","sa":"0.06","tas":"0.00","vic":"0.02","wa":"0.15"},{"ts":"2013-12-30T11:20:00Z","nsw":"0.03","qld":"0.04","sa":"0.06","tas":"0.00","vic":"0.02","wa":"0.08"},{"ts":"2013-12-30T11:30:00Z","nsw":"0.03","qld":"0.04","sa":"0.06","tas":"0.00","vic":"0.02","wa":"0.06"},{"ts":"2013-12-30T11:40:00Z","nsw":"0.04","qld":"0.04","sa":"0.07","tas":"0.00","vic":"0.02","wa":"0.04"},{"ts":"2013-12-30T11:50:00Z","nsw":"0.04","qld":"0.05","sa":"0.06","tas":"0.00","vic":"0.03","wa":"0.05"}],"demand":[{"ts":"2013-12-29T17:00:00Z","nsw":5434,"qld":4800,"sa":1088,"tas":948,"vic":3899,"wa":1786},{"ts":"2013-12-29T17:10:00Z","nsw":5476,"qld":4757,"sa":1092,"tas":948,"vic":3895,"wa":1782},{"ts":"2013-12-29T17:20:00Z","nsw":5433,"qld":4813,"sa":1093,"tas":943,"vic":3866,"wa":1777},{"ts":"2013-12-29T17:30:00Z","nsw":5444,"qld":4810,"sa":1113,"tas":942,"vic":3853,"wa":1759},{"ts":"2013-12-29T17:40:00Z","nsw":5493,"qld":4768,"sa":1110,"tas":936,"vic":3873,"wa":1751},{"ts":"2013-12-29T17:50:00Z","nsw":5498,"qld":4764,"sa":1115,"tas":943,"vic":3885,"wa":1745},{"ts":"2013-12-29T18:00:00Z","nsw":5511,"qld":4749,"sa":1126,"tas":941,"vic":3952,"wa":1730},{"ts":"2013-12-29T18:10:00Z","nsw":5579,"qld":4860,"sa":1130,"tas":947,"vic":3963,"wa":1732},{"ts":"2013-12-29T18:20:00Z","nsw":5671,"qld":4889,"sa":1126,"tas":958,"vic":3976,"wa":1731},{"ts":"2013-12-29T18:30:00Z","nsw":5763,"qld":4859,"sa":1137,"tas":968,"vic":4007,"wa":1730},{"ts":"2013-12-29T18:40:00Z","nsw":5709,"qld":4861,"sa":1150,"tas":974,"vic":4071,"wa":1726},{"ts":"2013-12-29T18:50:00Z","nsw":5749,"qld":4890,"sa":1175,"tas":968,"vic":4069,"wa":1722},{"ts":"2013-12-29T19:00:00Z","nsw":5758,"qld":4918,"sa":1167,"tas":976,"vic":4146,"wa":1721},{"ts":"2013-12-29T19:10:00Z","nsw":5906,"qld":4905,"sa":1168,"tas":993,"vic":4213,"wa":1722},{"ts":"2013-12-29T19:20:00Z","nsw":5971,"qld":4913,"sa":1181,"tas":1017,"vic":4249,"wa":1719},{"ts":"2013-12-29T19:30:00Z","nsw":6002,"qld":4932,"sa":1191,"tas":1018,"vic":4259,"wa":1705},{"ts":"2013-12-29T19:40:00Z","nsw":6090,"qld":4959,"sa":1195,"tas":1042,"vic":4333,"wa":1703},{"ts":"2013-12-29T19:50:00Z","nsw":6171,"qld":5023,"sa":1186,"tas":1054,"vic":4399,"wa":1703},{"ts":"2013-12-29T20:00:00Z","nsw":6241,"qld":5061,"sa":1197,"tas":1059,"vic":4461,"wa":1704},{"ts":"2013-12-29T20:10:00Z","nsw":6317,"qld":5219,"sa":1205,"tas":1069,"vic":4507,"wa":1709},{"ts":"2013-12-29T20:20:00Z","nsw":6422,"qld":5247,"sa":1224,"tas":1069,"vic":4557,"wa":1710},{"ts":"2013-12-29T20:30:00Z","nsw":6521,"qld":5342,"sa":1227,"tas":1068,"vic":4635,"wa":1716},{"ts":"2013-12-29T20:40:00Z","nsw":6610,"qld":5370,"sa":1242,"tas":1078,"vic":4741,"wa":1718},{"ts":"2013-12-29T20:50:00Z","nsw":6734,"qld":5443,"sa":1248,"tas":1087,"vic":4784,"wa":1725},{"ts":"2013-12-29T21:00:00Z","nsw":6851,"qld":5518,"sa":1260,"tas":1085,"vic":4746,"wa":1701},{"ts":"2013-12-29T21:10:00Z","nsw":6906,"qld":5654,"sa":1285,"tas":1092,"vic":4737,"wa":1686},{"ts":"2013-12-29T21:20:00Z","nsw":6993,"qld":5700,"sa":1296,"tas":1082,"vic":4758,"wa":1680},{"ts":"2013-12-29T21:30:00Z","nsw":7076,"qld":5676,"sa":1279,"tas":1092,"vic":4801,"wa":1704},{"ts":"2013-12-29T21:40:00Z","nsw":7175,"qld":5719,"sa":1256,"tas":1092,"vic":4818,"wa":1707},{"ts":"2013-12-29T21:50:00Z","nsw":7218,"qld":5814,"sa":1245,"tas":1094,"vic":4847,"wa":1712},{"ts":"2013-12-29T22:00:00Z","nsw":7297,"qld":5880,"sa":1259,"tas":1094,"vic":4859,"wa":1770},{"ts":"2013-12-29T22:10:00Z","nsw":7391,"qld":5950,"sa":1261,"tas":1113,"vic":4867,"wa":1788},{"ts":"2013-12-29T22:20:00Z","nsw":7428,"qld":6040,"sa":1266,"tas":1112,"vic":4858,"wa":1802},{"ts":"2013-12-29T22:30:00Z","nsw":7533,"qld":6043,"sa":1277,"tas":1112,"vic":4878,"wa":1868},{"ts":"2013-12-29T22:40:00Z","nsw":7498,"qld":6067,"sa":1275,"tas":1093,"vic":4900,"wa":1884},{"ts":"2013-12-29T22:50:00Z","nsw":7520,"qld":6060,"sa":1273,"tas":1070,"vic":4925,"wa":1904},{"ts":"2013-12-29T23:00:00Z","nsw":7536,"qld":6098,"sa":1262,"tas":1070,"vic":4923,"wa":1923},{"ts":"2013-12-29T23:10:00Z","nsw":7549,"qld":6117,"sa":1258,"tas":1071,"vic":4931,"wa":1933},{"ts":"2013-12-29T23:20:00Z","nsw":7593,"qld":6111,"sa":1264,"tas":1063,"vic":4910,"wa":1951},{"ts":"2013-12-29T23:30:00Z","nsw":7643,"qld":6107,"sa":1267,"tas":1057,"vic":4899,"wa":1999},{"ts":"2013-12-29T23:40:00Z","nsw":7614,"qld":6143,"sa":1263,"tas":1063,"vic":4895,"wa":2011},{"ts":"2013-12-29T23:50:00Z","nsw":7597,"qld":6170,"sa":1233,"tas":1049,"vic":4918,"wa":2016},{"ts":"2013-12-30T00:00:00Z","nsw":7603,"qld":6193,"sa":1229,"tas":1042,"vic":4916,"wa":2077},{"ts":"2013-12-30T00:10:00Z","nsw":7647,"qld":6167,"sa":1235,"tas":1045,"vic":4876,"wa":2115},{"ts":"2013-12-30T00:20:00Z","nsw":7623,"qld":6175,"sa":1226,"tas":1054,"vic":4873,"wa":2098},{"ts":"2013-12-30T00:30:00Z","nsw":7626,"qld":6192,"sa":1225,"tas":1039,"vic":4860,"wa":2147},{"ts":"2013-12-30T00:40:00Z","nsw":7567,"qld":6211,"sa":1231,"tas":1021,"vic":4828,"wa":2148},{"ts":"2013-12-30T00:50:00Z","nsw":7585,"qld":6191,"sa":1221,"tas":1015,"vic":4853,"wa":2152},{"ts":"2013-12-30T01:00:00Z","nsw":7600,"qld":6154,"sa":1240,"tas":1022,"vic":4859,"wa":2182},{"ts":"2013-12-30T01:10:00Z","nsw":7592,"qld":6168,"sa":1234,"tas":1015,"vic":4760,"wa":2191},{"ts":"2013-12-30T01:20:00Z","nsw":7619,"qld":6199,"sa":1215,"tas":1002,"vic":4816,"wa":2194},{"ts":"2013-12-30T01:30:00Z","nsw":7635,"qld":6229,"sa":1234,"tas":1001,"vic":4803,"wa":2207},{"ts":"2013-12-30T01:40:00Z","nsw":7643,"qld":6247,"sa":1230,"tas":1005,"vic":4836,"wa":2219},{"ts":"2013-12-30T01:50:00Z","nsw":7655,"qld":6253,"sa":1250,"tas":1003,"vic":4823,"wa":2222},{"ts":"2013-12-30T02:00:00Z","nsw":7648,"qld":6274,"sa":1232,"tas":1018,"vic":4788,"wa":2238},{"ts":"2013-12-30T02:10:00Z","nsw":7644,"qld":6300,"sa":1237,"tas":1012,"vic":4807,"wa":2251},{"ts":"2013-12-30T02:20:00Z","nsw":7681,"qld":6254,"sa":1244,"tas":1002,"vic":4810,"wa":2263},{"ts":"2013-12-30T02:30:00Z","nsw":7711,"qld":6340,"sa":1236,"tas":1002,"vic":4800,"wa":2287},{"ts":"2013-12-30T02:40:00Z","nsw":7705,"qld":6332,"sa":1243,"tas":1010,"vic":4764,"wa":2295},{"ts":"2013-12-30T02:50:00Z","nsw":7657,"qld":6356,"sa":1253,"tas":999,"vic":4748,"wa":2306},{"ts":"2013-12-30T03:00:00Z","nsw":7710,"qld":6377,"sa":1244,"tas":993,"vic":4720,"wa":2315},{"ts":"2013-12-30T03:10:00Z","nsw":7691,"qld":6457,"sa":1250,"tas":977,"vic":4764,"wa":2325},{"ts":"2013-12-30T03:20:00Z","nsw":7756,"qld":6444,"sa":1257,"tas":970,"vic":4796,"wa":2335},{"ts":"2013-12-30T03:30:00Z","nsw":7715,"qld":6483,"sa":1272,"tas":973,"vic":4807,"wa":2365},{"ts":"2013-12-30T03:40:00Z","nsw":7769,"qld":6515,"sa":1267,"tas":977,"vic":4846,"wa":2363},{"ts":"2013-12-30T03:50:00Z","nsw":7733,"qld":6564,"sa":1275,"tas":981,"vic":4835,"wa":2367},{"ts":"2013-12-30T04:00:00Z","nsw":7789,"qld":6646,"sa":1294,"tas":994,"vic":4836,"wa":2378},{"ts":"2013-12-30T04:10:00Z","nsw":7800,"qld":6604,"sa":1310,"tas":1000,"vic":4832,"wa":2375},{"ts":"2013-12-30T04:20:00Z","nsw":7801,"qld":6633,"sa":1314,"tas":1000,"vic":4821,"wa":2380},{"ts":"2013-12-30T04:30:00Z","nsw":7808,"qld":6622,"sa":1315,"tas":999,"vic":4818,"wa":2390},{"ts":"2013-12-30T04:40:00Z","nsw":7830,"qld":6595,"sa":1316,"tas":1003,"vic":4863,"wa":2398},{"ts":"2013-12-30T04:50:00Z","nsw":7870,"qld":6632,"sa":1342,"tas":990,"vic":4835,"wa":2412},{"ts":"2013-12-30T05:00:00Z","nsw":7899,"qld":6654,"sa":1375,"tas":989,"vic":4915,"wa":2471},{"ts":"2013-12-30T05:10:00Z","nsw":7914,"qld":6613,"sa":1387,"tas":994,"vic":4886,"wa":2466},{"ts":"2013-12-30T05:20:00Z","nsw":7964,"qld":6657,"sa":1408,"tas":998,"vic":4941,"wa":2468},{"ts":"2013-12-30T05:30:00Z","nsw":8017,"qld":6670,"sa":1403,"tas":1002,"vic":4993,"wa":2481},{"ts":"2013-12-30T05:40:00Z","nsw":8036,"qld":6775,"sa":1438,"tas":999,"vic":5004,"wa":2482},{"ts":"2013-12-30T05:50:00Z","nsw":8058,"qld":6779,"sa":1464,"tas":1005,"vic":5015,"wa":2487},{"ts":"2013-12-30T06:00:00Z","nsw":8105,"qld":6797,"sa":1483,"tas":1002,"vic":5071,"wa":2505},{"ts":"2013-12-30T06:10:00Z","nsw":8030,"qld":6878,"sa":1486,"tas":1011,"vic":5081,"wa":2507},{"ts":"2013-12-30T06:20:00Z","nsw":8097,"qld":6818,"sa":1487,"tas":1010,"vic":5149,"wa":2509},{"ts":"2013-12-30T06:30:00Z","nsw":8108,"qld":6833,"sa":1522,"tas":1008,"vic":5179,"wa":2507},{"ts":"2013-12-30T06:40:00Z","nsw":8090,"qld":6941,"sa":1521,"tas":1008,"vic":5190,"wa":2493},{"ts":"2013-12-30T06:50:00Z","nsw":8083,"qld":6990,"sa":1546,"tas":1006,"vic":5184,"wa":2501},{"ts":"2013-12-30T07:00:00Z","nsw":8054,"qld":6954,"sa":1519,"tas":1024,"vic":5140,"wa":2569},{"ts":"2013-12-30T07:10:00Z","nsw":7945,"qld":6937,"sa":1513,"tas":1025,"vic":5087,"wa":2580},{"ts":"2013-12-30T07:20:00Z","nsw":7895,"qld":6968,"sa":1501,"tas":1025,"vic":5061,"wa":2589},{"ts":"2013-12-30T07:30:00Z","nsw":7950,"qld":6786,"sa":1496,"tas":1025,"vic":5066,"wa":2573},{"ts":"2013-12-30T07:40:00Z","nsw":7891,"qld":6706,"sa":1509,"tas":1022,"vic":5027,"wa":2560},{"ts":"2013-12-30T07:50:00Z","nsw":7887,"qld":6701,"sa":1509,"tas":1030,"vic":4982,"wa":2585},{"ts":"2013-12-30T08:00:00Z","nsw":7824,"qld":6687,"sa":1496,"tas":1035,"vic":4984,"wa":2641},{"ts":"2013-12-30T08:10:00Z","nsw":7737,"qld":6604,"sa":1500,"tas":1028,"vic":4893,"wa":2671},{"ts":"2013-12-30T08:20:00Z","nsw":7647,"qld":6690,"sa":1501,"tas":1024,"vic":4849,"wa":2669},{"ts":"2013-12-30T08:30:00Z","nsw":7610,"qld":6702,"sa":1490,"tas":1039,"vic":4851,"wa":2676},{"ts":"2013-12-30T08:40:00Z","nsw":7552,"qld":6730,"sa":1478,"tas":1042,"vic":4772,"wa":2705},{"ts":"2013-12-30T08:50:00Z","nsw":7498,"qld":6704,"sa":1474,"tas":1039,"vic":4772,"wa":2711},{"ts":"2013-12-30T09:00:00Z","nsw":7455,"qld":6723,"sa":1475,"tas":1034,"vic":4816,"wa":2692},{"ts":"2013-12-30T09:10:00Z","nsw":7484,"qld":6759,"sa":1478,"tas":1028,"vic":4774,"wa":2692},{"ts":"2013-12-30T09:20:00Z","nsw":7506,"qld":6733,"sa":1471,"tas":1020,"vic":4758,"wa":2694},{"ts":"2013-12-30T09:30:00Z","nsw":7499,"qld":6708,"sa":1464,"tas":1012,"vic":4765,"wa":2695},{"ts":"2013-12-30T09:40:00Z","nsw":7570,"qld":6722,"sa":1464,"tas":1010,"vic":4792,"wa":2687},{"ts":"2013-12-30T09:50:00Z","nsw":7487,"qld":6698,"sa":1475,"tas":1021,"vic":4799,"wa":2686},{"ts":"2013-12-30T10:00:00Z","nsw":7478,"qld":6677,"sa":1462,"tas":1019,"vic":4866,"wa":2662},{"ts":"2013-12-30T10:10:00Z","nsw":7479,"qld":6608,"sa":1430,"tas":1030,"vic":4907,"wa":2650},{"ts":"2013-12-30T10:20:00Z","nsw":7426,"qld":6546,"sa":1434,"tas":1026,"vic":4929,"wa":2642},{"ts":"2013-12-30T10:30:00Z","nsw":7340,"qld":6484,"sa":1453,"tas":1021,"vic":4918,"wa":2601},{"ts":"2013-12-30T10:40:00Z","nsw":7267,"qld":6496,"sa":1435,"tas":1016,"vic":4857,"wa":2594},{"ts":"2013-12-30T10:50:00Z","nsw":7203,"qld":6428,"sa":1446,"tas":1014,"vic":4834,"wa":2585},{"ts":"2013-12-30T11:00:00Z","nsw":7286,"qld":6409,"sa":1453,"tas":1006,"vic":4781,"wa":2547},{"ts":"2013-12-30T11:10:00Z","nsw":7350,"qld":6506,"sa":1440,"tas":1013,"vic":4723,"wa":2530},{"ts":"2013-12-30T11:20:00Z","nsw":7316,"qld":6503,"sa":1423,"tas":1006,"vic":4648,"wa":2522},{"ts":"2013-12-30T11:30:00Z","nsw":7321,"qld":6395,"sa":1406,"tas":994,"vic":4605,"wa":2477},{"ts":"2013-12-30T11:40:00Z","nsw":7245,"qld":6380,"sa":1353,"tas":994,"vic":4540,"wa":2473},{"ts":"2013-12-30T11:50:00Z","nsw":7146,"qld":6294,"sa":1353,"tas":992,"vic":4461,"wa":2474}],"output":[{"ts":"2013-12-29T17:00:00Z","nsw":1,"qld":2,"sa":0,"tas":0,"vic":0,"wa":0},{"ts":"2013-12-29T17:10:00Z","nsw":1,"qld":2,"sa":0,"tas":0,"vic":1,"wa":0},{"ts":"2013-12-29T17:20:00Z","nsw":1,"qld":2,"sa":0,"tas":0,"vic":0,"wa":0},{"ts":"2013-12-29T17:30:00Z","nsw":1,"qld":2,"sa":0,"tas":0,"vic":0,"wa":0},{"ts":"2013-12-29T17:40:00Z","nsw":2,"qld":2,"sa":0,"tas":0,"vic":0,"wa":0},{"ts":"2013-12-29T17:50:00Z","nsw":2,"qld":2,"sa":0,"tas":0,"vic":0,"wa":0},{"ts":"2013-12-29T18:00:00Z","nsw":1,"qld":2,"sa":0,"tas":0,"vic":0,"wa":0},{"ts":"2013-12-29T18:10:00Z","nsw":2,"qld":2,"sa":0,"tas":0,"vic":0,"wa":0},{"ts":"2013-12-29T18:20:00Z","nsw":1,"qld":2,"sa":0,"tas":0,"vic":0,"wa":0},{"ts":"2013-12-29T18:30:00Z","nsw":2,"qld":2,"sa":0,"tas":0,"vic":0,"wa":0},{"ts":"2013-12-29T18:40:00Z","nsw":1,"qld":2,"sa":0,"tas":0,"vic":0,"wa":0},{"ts":"2013-12-29T18:50:00Z","nsw":1,"qld":0,"sa":0,"tas":0,"vic":1,"wa":0},{"ts":"2013-12-29T19:00:00Z","nsw":5,"qld":2,"sa":0,"tas":0,"vic":1,"wa":0},{"ts":"2013-12-29T19:10:00Z","nsw":7,"qld":9,"sa":0,"tas":0,"vic":2,"wa":0},{"ts":"2013-12-29T19:20:00Z","nsw":11,"qld":19,"sa":0,"tas":1,"vic":6,"wa":0},{"ts":"2013-12-29T19:30:00Z","nsw":14,"qld":29,"sa":0,"tas":1,"vic":9,"wa":0},{"ts":"2013-12-29T19:40:00Z","nsw":23,"qld":40,"sa":1,"tas":1,"vic":12,"wa":0},{"ts":"2013-12-29T19:50:00Z","nsw":29,"qld":52,"sa":2,"tas":2,"vic":16,"wa":0},{"ts":"2013-12-29T20:00:00Z","nsw":39,"qld":68,"sa":5,"tas":3,"vic":21,"wa":0},{"ts":"2013-12-29T20:10:00Z","nsw":49,"qld":84,"sa":9,"tas":3,"vic":27,"wa":0},{"ts":"2013-12-29T20:20:00Z","nsw":57,"qld":105,"sa":13,"tas":5,"vic":35,"wa":0},{"ts":"2013-12-29T20:30:00Z","nsw":73,"qld":122,"sa":19,"tas":5,"vic":43,"wa":0},{"ts":"2013-12-29T20:40:00Z","nsw":89,"qld":151,"sa":25,"tas":6,"vic":56,"wa":0},{"ts":"2013-12-29T20:50:00Z","nsw":93,"qld":171,"sa":32,"tas":6,"vic":68,"wa":0},{"ts":"2013-12-29T21:00:00Z","nsw":106,"qld":193,"sa":38,"tas":8,"vic":81,"wa":0},{"ts":"2013-12-29T21:10:00Z","nsw":123,"qld":223,"sa":46,"tas":10,"vic":95,"wa":0},{"ts":"2013-12-29T21:20:00Z","nsw":132,"qld":256,"sa":55,"tas":11,"vic":110,"wa":1},{"ts":"2013-12-29T21:30:00Z","nsw":134,"qld":274,"sa":66,"tas":12,"vic":119,"wa":2},{"ts":"2013-12-29T21:40:00Z","nsw":158,"qld":298,"sa":83,"tas":13,"vic":135,"wa":5},{"ts":"2013-12-29T21:50:00Z","nsw":162,"qld":320,"sa":92,"tas":13,"vic":143,"wa":7},{"ts":"2013-12-29T22:00:00Z","nsw":182,"qld":338,"sa":104,"tas":16,"vic":164,"wa":11},{"ts":"2013-12-29T22:10:00Z","nsw":211,"qld":351,"sa":120,"tas":15,"vic":185,"wa":17},{"ts":"2013-12-29T22:20:00Z","nsw":210,"qld":364,"sa":132,"tas":15,"vic":196,"wa":20},{"ts":"2013-12-29T22:30:00Z","nsw":221,"qld":382,"sa":144,"tas":15,"vic":205,"wa":25},{"ts":"2013-12-29T22:40:00Z","nsw":238,"qld":401,"sa":162,"tas":16,"vic":219,"wa":34},{"ts":"2013-12-29T22:50:00Z","nsw":223,"qld":410,"sa":174,"tas":18,"vic":231,"wa":40},{"ts":"2013-12-29T23:00:00Z","nsw":256,"qld":429,"sa":184,"tas":19,"vic":238,"wa":47},{"ts":"2013-12-29T23:10:00Z","nsw":281,"qld":444,"sa":195,"tas":21,"vic":245,"wa":57},{"ts":"2013-12-29T23:20:00Z","nsw":285,"qld":449,"sa":204,"tas":21,"vic":273,"wa":66},{"ts":"2013-12-29T23:30:00Z","nsw":299,"qld":447,"sa":219,"tas":20,"vic":283,"wa":81},{"ts":"2013-12-29T23:40:00Z","nsw":346,"qld":449,"sa":237,"tas":25,"vic":295,"wa":90},{"ts":"2013-12-29T23:50:00Z","nsw":331,"qld":442,"sa":243,"tas":21,"vic":306,"wa":98},{"ts":"2013-12-30T00:00:00Z","nsw":333,"qld":432,"sa":250,"tas":22,"vic":312,"wa":110},{"ts":"2013-12-30T00:10:00Z","nsw":352,"qld":407,"sa":258,"tas":20,"vic":319,"wa":117},{"ts":"2013-12-30T00:20:00Z","nsw":354,"qld":471,"sa":270,"tas":20,"vic":343,"wa":124},{"ts":"2013-12-30T00:30:00Z","nsw":367,"qld":458,"sa":278,"tas":19,"vic":349,"wa":137},{"ts":"2013-12-30T00:40:00Z","nsw":406,"qld":461,"sa":290,"tas":22,"vic":359,"wa":151},{"ts":"2013-12-30T00:50:00Z","nsw":388,"qld":483,"sa":295,"tas":18,"vic":357,"wa":158},{"ts":"2013-12-30T01:00:00Z","nsw":401,"qld":507,"sa":299,"tas":17,"vic":364,"wa":169},{"ts":"2013-12-30T01:10:00Z","nsw":404,"qld":520,"sa":301,"tas":17,"vic":369,"wa":181},{"ts":"2013-12-30T01:20:00Z","nsw":399,"qld":559,"sa":308,"tas":16,"vic":372,"wa":183},{"ts":"2013-12-30T01:30:00Z","nsw":403,"qld":548,"sa":312,"tas":14,"vic":376,"wa":195},{"ts":"2013-12-30T01:40:00Z","nsw":426,"qld":595,"sa":315,"tas":21,"vic":390,"wa":195},{"ts":"2013-12-30T01:50:00Z","nsw":413,"qld":602,"sa":318,"tas":19,"vic":377,"wa":203},{"ts":"2013-12-30T02:00:00Z","nsw":419,"qld":627,"sa":328,"tas":18,"vic":390,"wa":209},{"ts":"2013-12-30T02:10:00Z","nsw":433,"qld":621,"sa":325,"tas":18,"vic":382,"wa":218},{"ts":"2013-12-30T02:20:00Z","nsw":417,"qld":627,"sa":329,"tas":20,"vic":394,"wa":217},{"ts":"2013-12-30T02:30:00Z","nsw":413,"qld":612,"sa":331,"tas":20,"vic":392,"wa":229},{"ts":"2013-12-30T02:40:00Z","nsw":427,"qld":604,"sa":332,"tas":25,"vic":389,"wa":229},{"ts":"2013-12-30T02:50:00Z","nsw":409,"qld":583,"sa":333,"tas":29,"vic":388,"wa":233},{"ts":"2013-12-30T03:00:00Z","nsw":410,"qld":560,"sa":333,"tas":37,"vic":386,"wa":241},{"ts":"2013-12-30T03:10:00Z","nsw":413,"qld":558,"sa":331,"tas":33,"vic":379,"wa":240},{"ts":"2013-12-30T03:20:00Z","nsw":401,"qld":539,"sa":335,"tas":27,"vic":380,"wa":242},{"ts":"2013-12-30T03:30:00Z","nsw":392,"qld":509,"sa":332,"tas":22,"vic":380,"wa":251},{"ts":"2013-12-30T03:40:00Z","nsw":414,"qld":502,"sa":327,"tas":26,"vic":370,"wa":247},{"ts":"2013-12-30T03:50:00Z","nsw":386,"qld":512,"sa":326,"tas":26,"vic":363,"wa":249},{"ts":"2013-12-30T04:00:00Z","nsw":385,"qld":485,"sa":332,"tas":27,"vic":357,"wa":250},{"ts":"2013-12-30T04:10:00Z","nsw":383,"qld":464,"sa":327,"tas":20,"vic":350,"wa":254},{"ts":"2013-12-30T04:20:00Z","nsw":350,"qld":466,"sa":320,"tas":23,"vic":346,"wa":256},{"ts":"2013-12-30T04:30:00Z","nsw":349,"qld":432,"sa":313,"tas":19,"vic":336,"wa":250},{"ts":"2013-12-30T04:40:00Z","nsw":350,"qld":421,"sa":308,"tas":20,"vic":334,"wa":249},{"ts":"2013-12-30T04:50:00Z","nsw":329,"qld":406,"sa":305,"tas":22,"vic":322,"wa":249},{"ts":"2013-12-30T05:00:00Z","nsw":321,"qld":411,"sa":265,"tas":20,"vic":315,"wa":255},{"ts":"2013-12-30T05:10:00Z","nsw":316,"qld":390,"sa":257,"tas":17,"vic":307,"wa":245},{"ts":"2013-12-30T05:20:00Z","nsw":303,"qld":398,"sa":236,"tas":21,"vic":295,"wa":247},{"ts":"2013-12-30T05:30:00Z","nsw":284,"qld":379,"sa":250,"tas":15,"vic":279,"wa":245},{"ts":"2013-12-30T05:40:00Z","nsw":282,"qld":368,"sa":228,"tas":14,"vic":269,"wa":248},{"ts":"2013-12-30T05:50:00Z","nsw":252,"qld":347,"sa":232,"tas":17,"vic":256,"wa":246},{"ts":"2013-12-30T06:00:00Z","nsw":241,"qld":314,"sa":199,"tas":18,"vic":241,"wa":239},{"ts":"2013-12-30T06:10:00Z","nsw":226,"qld":217,"sa":173,"tas":18,"vic":228,"wa":232},{"ts":"2013-12-30T06:20:00Z","nsw":211,"qld":193,"sa":153,"tas":20,"vic":216,"wa":230},{"ts":"2013-12-30T06:30:00Z","nsw":199,"qld":178,"sa":140,"tas":13,"vic":197,"wa":224},{"ts":"2013-12-30T06:40:00Z","nsw":180,"qld":154,"sa":136,"tas":17,"vic":180,"wa":228},{"ts":"2013-12-30T06:50:00Z","nsw":156,"qld":128,"sa":125,"tas":11,"vic":166,"wa":217},{"ts":"2013-12-30T07:00:00Z","nsw":136,"qld":117,"sa":120,"tas":12,"vic":154,"wa":216},{"ts":"2013-12-30T07:10:00Z","nsw":124,"qld":111,"sa":113,"tas":8,"vic":135,"wa":203},{"ts":"2013-12-30T07:20:00Z","nsw":105,"qld":120,"sa":107,"tas":8,"vic":121,"wa":196},{"ts":"2013-12-30T07:30:00Z","nsw":84,"qld":119,"sa":97,"tas":6,"vic":106,"wa":188},{"ts":"2013-12-30T07:40:00Z","nsw":75,"qld":96,"sa":82,"tas":7,"vic":90,"wa":187},{"ts":"2013-12-30T07:50:00Z","nsw":64,"qld":60,"sa":88,"tas":5,"vic":79,"wa":177},{"ts":"2013-12-30T08:00:00Z","nsw":52,"qld":39,"sa":84,"tas":4,"vic":69,"wa":164},{"ts":"2013-12-30T08:10:00Z","nsw":44,"qld":25,"sa":59,"tas":3,"vic":56,"wa":160},{"ts":"2013-12-30T08:20:00Z","nsw":35,"qld":16,"sa":54,"tas":3,"vic":50,"wa":146},{"ts":"2013-12-30T08:30:00Z","nsw":27,"qld":8,"sa":50,"tas":2,"vic":38,"wa":136},{"ts":"2013-12-30T08:40:00Z","nsw":22,"qld":4,"sa":47,"tas":3,"vic":30,"wa":127},{"ts":"2013-12-30T08:50:00Z","nsw":15,"qld":4,"sa":38,"tas":3,"vic":24,"wa":115},{"ts":"2013-12-30T09:00:00Z","nsw":11,"qld":4,"sa":25,"tas":2,"vic":19,"wa":104},{"ts":"2013-12-30T09:10:00Z","nsw":7,"qld":2,"sa":19,"tas":1,"vic":12,"wa":91},{"ts":"2013-12-30T09:20:00Z","nsw":5,"qld":4,"sa":14,"tas":0,"vic":9,"wa":83},{"ts":"2013-12-30T09:30:00Z","nsw":3,"qld":4,"sa":7,"tas":0,"vic":7,"wa":73},{"ts":"2013-12-30T09:40:00Z","nsw":3,"qld":2,"sa":4,"tas":0,"vic":3,"wa":63},{"ts":"2013-12-30T09:50:00Z","nsw":2,"qld":8,"sa":2,"tas":0,"vic":3,"wa":54},{"ts":"2013-12-30T10:00:00Z","nsw":2,"qld":3,"sa":1,"tas":0,"vic":2,"wa":43},{"ts":"2013-12-30T10:10:00Z","nsw":2,"qld":2,"sa":1,"tas":0,"vic":2,"wa":34},{"ts":"2013-12-30T10:20:00Z","nsw":2,"qld":2,"sa":1,"tas":0,"vic":2,"wa":29},{"ts":"2013-12-30T10:30:00Z","nsw":2,"qld":3,"sa":1,"tas":0,"vic":1,"wa":21},{"ts":"2013-12-30T10:40:00Z","nsw":2,"qld":2,"sa":0,"tas":0,"vic":1,"wa":18},{"ts":"2013-12-30T10:50:00Z","nsw":2,"qld":2,"sa":1,"tas":0,"vic":1,"wa":12},{"ts":"2013-12-30T11:00:00Z","nsw":2,"qld":2,"sa":0,"tas":0,"vic":1,"wa":7},{"ts":"2013-12-30T11:10:00Z","nsw":2,"qld":2,"sa":0,"tas":0,"vic":1,"wa":3},{"ts":"2013-12-30T11:20:00Z","nsw":2,"qld":2,"sa":0,"tas":0,"vic":1,"wa":1},{"ts":"2013-12-30T11:30:00Z","nsw":2,"qld":2,"sa":0,"tas":0,"vic":1,"wa":1},{"ts":"2013-12-30T11:40:00Z","nsw":2,"qld":2,"sa":0,"tas":0,"vic":1,"wa":0},{"ts":"2013-12-30T11:50:00Z","nsw":2,"qld":2,"sa":0,"tas":0,"vic":1,"wa":1}]}