{"performance":[{"ts":"2013-06-13T18:00:00Z","nsw":"0.26","nt":"0.00","qld":"0.33","sa":"0.11","tas":"0.00","vic":"0.07","wa":"0.10"},{"ts":"2013-06-13T18:10:00Z","nsw":"0.26","nt":"0.00","qld":"0.33","sa":"0.11","tas":"0.00","vic":"0.07","wa":"0.10"},{"ts":"2013-06-13T18:20:00Z","nsw":"0.27","nt":"0.00","qld":"0.33","sa":"0.11","tas":"0.00","vic":"0.07","wa":"0.10"},{"ts":"2013-06-13T18:30:00Z","nsw":"0.24","nt":"0.00","qld":"0.33","sa":"0.12","tas":"0.00","vic":"0.08","wa":"0.10"},{"ts":"2013-06-13T18:40:00Z","nsw":"0.26","nt":"0.00","qld":"0.33","sa":"0.11","tas":"0.00","vic":"0.07","wa":"0.09"},{"ts":"2013-06-13T18:50:00Z","nsw":"0.26","nt":"0.00","qld":"0.33","sa":"0.11","tas":"0.00","vic":"0.07","wa":"0.10"},{"ts":"2013-06-13T19:00:00Z","nsw":"0.21","nt":"0.00","qld":"0.33","sa":"0.11","tas":"0.00","vic":"0.06","wa":"0.09"},{"ts":"2013-06-13T19:10:00Z","nsw":"0.24","nt":"0.00","qld":"0.40","sa":"0.11","tas":"0.00","vic":"0.08","wa":"0.10"},{"ts":"2013-06-13T19:20:00Z","nsw":"0.19","nt":"0.00","qld":"0.35","sa":"0.11","tas":"0.00","vic":"0.08","wa":"0.11"},{"ts":"2013-06-13T19:30:00Z","nsw":"0.14","nt":"0.00","qld":"0.36","sa":"0.11","tas":"0.00","vic":"0.07","wa":"0.10"},{"ts":"2013-06-13T19:40:00Z","nsw":"0.16","nt":"0.00","qld":"0.35","sa":"0.11","tas":"0.00","vic":"0.08","wa":"0.09"},{"ts":"2013-06-13T19:50:00Z","nsw":"0.18","nt":"0.00","qld":"0.35","sa":"0.11","tas":"0.00","vic":"0.07","wa":"0.10"},{"ts":"2013-06-13T20:00:00Z","nsw":"0.18","nt":"0.00","qld":"0.35","sa":"0.11","tas":"0.00","vic":"0.07","wa":"0.10"},{"ts":"2013-06-13T20:10:00Z","nsw":"0.20","nt":"0.00","qld":"0.35","sa":"0.11","tas":"0.00","vic":"0.06","wa":"0.10"},{"ts":"2013-06-13T20:20:00Z","nsw":"0.25","nt":"0.00","qld":"0.33","sa":"0.11","tas":"0.00","vic":"0.08","wa":"0.09"},{"ts":"2013-06-13T20:30:00Z","nsw":"0.28","nt":"0.00","qld":"0.24","sa":"0.11","tas":"0.00","vic":"0.06","wa":"0.11"},{"ts":"2013-06-13T20:40:00Z","nsw":"0.22","nt":"0.00","qld":"0.41","sa":"0.11","tas":"0.00","vic":"0.07","wa":"0.09"},{"ts":"2013-06-13T20:50:00Z","nsw":"0.24","nt":"0.00","qld":"1.36","sa":"0.11","tas":"0.00","vic":"0.06","wa":"0.10"},{"ts":"2013-06-13T21:00:00Z","nsw":"0.31","nt":"0.00","qld":"2.61","sa":"0.11","tas":"0.00","vic":"0.06","wa":"0.09"},{"ts":"2013-06-13T21:10:00Z","nsw":"0.77","nt":"0.00","qld":"4.33","sa":"0.11","tas":"0.00","vic":"0.09","wa":"0.12"},{"ts":"2013-06-13T21:20:00Z","nsw":"1.66","nt":"0.08","qld":"6.58","sa":"0.11","tas":"0.00","vic":"0.04","wa":"0.11"},{"ts":"2013-06-13T21:30:00Z","nsw":"2.54","nt":"0.06","qld":"9.06","sa":"0.11","tas":"0.00","vic":"0.07","wa":"0.11"},{"ts":"2013-06-13T21:40:00Z","nsw":"3.45","nt":"0.16","qld":"12.19","sa":"0.10","tas":"0.00","vic":"0.12","wa":"0.63"},{"ts":"2013-06-13T21:50:00Z","nsw":"5.05","nt":"0.72","qld":"15.43","sa":"0.15","tas":"0.10","vic":"0.32","wa":"0.10"},{"ts":"2013-06-13T22:00:00Z","nsw":"7.20","nt":"1.24","qld":"19.00","sa":"0.33","tas":"0.61","vic":"0.78","wa":"0.25"},{"ts":"2013-06-13T22:10:00Z","nsw":"7.92","nt":"2.32","qld":"22.14","sa":"1.16","tas":"1.07","vic":"1.11","wa":"0.12"},{"ts":"2013-06-13T22:20:00Z","nsw":"9.51","nt":"2.70","qld":"25.25","sa":"1.72","tas":"2.15","vic":"1.51","wa":"0.12"},{"ts":"2013-06-13T22:30:00Z","nsw":"11.84","nt":"3.93","qld":"29.05","sa":"2.55","tas":"3.25","vic":"2.56","wa":"0.13"},{"ts":"2013-06-13T22:40:00Z","nsw":"14.32","nt":"5.46","qld":"32.38","sa":"3.54","tas":"4.27","vic":"3.32","wa":"0.13"},{"ts":"2013-06-13T22:50:00Z","nsw":"15.46","nt":"7.40","qld":"35.05","sa":"5.26","tas":"4.68","vic":"4.04","wa":"0.12"},{"ts":"2013-06-13T23:00:00Z","nsw":"18.39","nt":"10.32","qld":"38.00","sa":"7.36","tas":"5.75","vic":"5.45","wa":"0.12"},{"ts":"2013-06-13T23:10:00Z","nsw":"19.77","nt":"14.84","qld":"40.34","sa":"9.99","tas":"7.66","vic":"6.31","wa":"0.12"},{"ts":"2013-06-13T23:20:00Z","nsw":"23.53","nt":"14.13","qld":"43.71","sa":"12.74","tas":"9.56","vic":"6.94","wa":"0.15"},{"ts":"2013-06-13T23:30:00Z","nsw":"24.53","nt":"17.49","qld":"46.05","sa":"15.72","tas":"12.18","vic":"8.30","wa":"0.53"},{"ts":"2013-06-13T23:40:00Z","nsw":"26.93","nt":"20.88","qld":"48.34","sa":"16.08","tas":"14.60","vic":"9.66","wa":"1.22"},{"ts":"2013-06-13T23:50:00Z","nsw":"27.67","nt":"21.18","qld":"50.24","sa":"16.63","tas":"15.55","vic":"9.12","wa":"2.75"},{"ts":"2013-06-14T00:00:00Z","nsw":"31.36","nt":"26.00","qld":"52.44","sa":"18.43","tas":"16.53","vic":"10.40","wa":"4.64"},{"ts":"2013-06-14T00:10:00Z","nsw":"30.12","nt":"31.11","qld":"53.60","sa":"24.98","tas":"15.66","vic":"11.39","wa":"7.30"},{"ts":"2013-06-14T00:20:00Z","nsw":"33.87","nt":"34.11","qld":"55.85","sa":"26.29","tas":"17.66","vic":"11.80","wa":"10.83"},{"ts":"2013-06-14T00:30:00Z","nsw":"35.29","nt":"38.40","qld":"57.24","sa":"32.91","tas":"14.22","vic":"12.59","wa":"14.48"},{"ts":"2013-06-14T00:40:00Z","nsw":"36.45","nt":"37.63","qld":"58.96","sa":"33.65","tas":"16.16","vic":"14.95","wa":"16.03"},{"ts":"2013-06-14T00:50:00Z","nsw":"36.76","nt":"41.60","qld":"60.06","sa":"32.26","tas":"17.67","vic":"14.54","wa":"20.76"},{"ts":"2013-06-14T01:00:00Z","nsw":"39.94","nt":"46.95","qld":"61.00","sa":"29.43","tas":"21.20","vic":"16.89","wa":"23.60"},{"ts":"2013-06-14T01:10:00Z","nsw":"40.08","nt":"47.12","qld":"61.73","sa":"25.26","tas":"21.88","vic":"16.66","wa":"27.56"},{"ts":"2013-06-14T01:20:00Z","nsw":"41.24","nt":"49.77","qld":"61.43","sa":"25.14","tas":"21.68","vic":"17.47","wa":"28.52"},{"ts":"2013-06-14T01:30:00Z","nsw":"41.70","nt":"53.39","qld":"61.99","sa":"27.75","tas":"21.59","vic":"17.75","wa":"31.44"},{"ts":"2013-06-14T01:40:00Z","nsw":"42.08","nt":"35.47","qld":"62.00","sa":"29.72","tas":"26.93","vic":"19.54","wa":"32.84"},{"ts":"2013-06-14T01:50:00Z","nsw":"42.80","nt":"51.53","qld":"61.91","sa":"31.11","tas":"26.68","vic":"19.26","wa":"34.14"},{"ts":"2013-06-14T02:00:00Z","nsw":"42.40","nt":"56.68","qld":"62.60","sa":"32.45","tas":"29.58","vic":"21.23","wa":"37.37"},{"ts":"2013-06-14T02:10:00Z","nsw":"40.73","nt":"56.75","qld":"62.46","sa":"31.25","tas":"27.89","vic":"22.43","wa":"35.73"},{"ts":"2013-06-14T02:20:00Z","nsw":"43.81","nt":"58.50","qld":"62.14","sa":"29.53","tas":"32.73","vic":"23.94","wa":"37.81"},{"ts":"2013-06-14T02:30:00Z","nsw":"39.42","nt":"61.92","qld":"61.61","sa":"30.04","tas":"33.22","vic":"25.21","wa":"38.88"},{"ts":"2013-06-14T02:40:00Z","nsw":"42.58","nt":"59.19","qld":"60.74","sa":"29.11","tas":"33.29","vic":"25.72","wa":"46.09"},{"ts":"2013-06-14T02:50:00Z","nsw":"36.63","nt":"60.48","qld":"60.11","sa":"34.83","tas":"26.05","vic":"26.39","wa":"47.50"},{"ts":"2013-06-14T03:00:00Z","nsw":"40.69","nt":"57.79","qld":"58.58","sa":"39.50","tas":"31.79","vic":"23.04","wa":"47.35"},{"ts":"2013-06-14T03:10:00Z","nsw":"33.99","nt":"52.46","qld":"56.89","sa":"39.47","tas":"32.54","vic":"21.59","wa":"46.47"},{"ts":"2013-06-14T03:20:00Z","nsw":"39.58","nt":"53.68","qld":"54.65","sa":"38.07","tas":"34.87","vic":"20.84","wa":"48.26"},{"ts":"2013-06-14T03:30:00Z","nsw":"34.93","nt":"54.11","qld":"52.62","sa":"37.23","tas":"31.83","vic":"18.27","wa":"49.19"},{"ts":"2013-06-14T03:40:00Z","nsw":"35.68","nt":"59.60","qld":"52.63","sa":"31.68","tas":"30.43","vic":"18.46","wa":"49.58"},{"ts":"2013-06-14T03:50:00Z","nsw":"30.21","nt":"54.06","qld":"50.52","sa":"30.70","tas":"21.78","vic":"16.86","wa":"51.49"},{"ts":"2013-06-14T04:00:00Z","nsw":"30.55","nt":"56.08","qld":"48.44","sa":"33.33","tas":"20.69","vic":"16.52","wa":"50.63"},{"ts":"2013-06-14T04:10:00Z","nsw":"24.15","nt":"54.13","qld":"45.10","sa":"34.43","tas":"16.32","vic":"15.35","wa":"48.22"},{"ts":"2013-06-14T04:20:00Z","nsw":"21.20","nt":"53.49","qld":"43.89","sa":"31.70","tas":"17.33","vic":"16.36","wa":"48.02"},{"ts":"2013-06-14T04:30:00Z","nsw":"19.56","nt":"46.03","qld":"40.12","sa":"32.19","tas":"14.28","vic":"13.57","wa":"44.47"},{"ts":"2013-06-14T04:40:00Z","nsw":"18.95","nt":"40.66","qld":"37.17","sa":"26.91","tas":"16.69","vic":"13.11","wa":"42.54"},{"ts":"2013-06-14T04:50:00Z","nsw":"15.74","nt":"39.00","qld":"35.55","sa":"27.02","tas":"13.56","vic":"11.59","wa":"36.34"},{"ts":"2013-06-14T05:00:00Z","nsw":"14.82","nt":"42.66","qld":"32.72","sa":"22.57","tas":"14.79","vic":"10.03","wa":"35.48"},{"ts":"2013-06-14T05:10:00Z","nsw":"11.31","nt":"44.95","qld":"28.80","sa":"19.46","tas":"10.91","vic":"9.45","wa":"34.17"},{"ts":"2013-06-14T05:20:00Z","nsw":"11.12","nt":"48.98","qld":"26.60","sa":"18.66","tas":"10.96","vic":"7.79","wa":"32.74"},{"ts":"2013-06-14T05:30:00Z","nsw":"8.84","nt":"46.06","qld":"23.15","sa":"14.80","tas":"7.95","vic":"6.89","wa":"32.06"},{"ts":"2013-06-14T05:40:00Z","nsw":"8.34","nt":"44.49","qld":"19.39","sa":"12.89","tas":"8.28","vic":"5.98","wa":"31.14"},{"ts":"2013-06-14T05:50:00Z","nsw":"6.75","nt":"45.13","qld":"16.84","sa":"13.34","tas":"5.71","vic":"4.69","wa":"32.48"},{"ts":"2013-06-14T06:00:00Z","nsw":"5.12","nt":"43.87","qld":"13.12","sa":"11.68","tas":"3.45","vic":"4.03","wa":"34.98"},{"ts":"2013-06-14T06:10:00Z","nsw":"3.75","nt":"41.10","qld":"9.39","sa":"10.62","tas":"1.64","vic":"3.40","wa":"31.16"},{"ts":"2013-06-14T06:20:00Z","nsw":"3.33","nt":"37.99","qld":"7.43","sa":"9.54","tas":"0.96","vic":"2.71","wa":"31.41"},{"ts":"2013-06-14T06:30:00Z","nsw":"2.51","nt":"34.30","qld":"5.09","sa":"10.21","tas":"0.48","vic":"2.10","wa":"33.63"},{"ts":"2013-06-14T06:40:00Z","nsw":"2.03","nt":"33.22","qld":"2.92","sa":"7.79","tas":"0.53","vic":"1.44","wa":"31.80"},{"ts":"2013-06-14T06:50:00Z","nsw":"1.27","nt":"33.02","qld":"1.92","sa":"7.65","tas":"0.16","vic":"0.87","wa":"29.34"},{"ts":"2013-06-14T07:00:00Z","nsw":"1.12","nt":"32.37","qld":"1.21","sa":"5.99","tas":"0.09","vic":"0.66","wa":"25.08"},{"ts":"2013-06-14T07:10:00Z","nsw":"0.91","nt":"26.59","qld":"0.80","sa":"4.08","tas":"0.03","vic":"0.46","wa":"27.23"},{"ts":"2013-06-14T07:20:00Z","nsw":"0.30","nt":"20.65","qld":"1.23","sa":"2.27","tas":"0.00","vic":"0.51","wa":"26.85"},{"ts":"2013-06-14T07:30:00Z","nsw":"0.29","nt":"16.46","qld":"1.33","sa":"1.02","tas":"0.00","vic":"0.24","wa":"24.76"},{"ts":"2013-06-14T07:40:00Z","nsw":"0.17","nt":"12.85","qld":"0.79","sa":"0.49","tas":"0.00","vic":"0.24","wa":"22.23"},{"ts":"2013-06-14T07:50:00Z","nsw":"0.28","nt":"10.19","qld":"0.88","sa":"0.42","tas":"0.00","vic":"0.22","wa":"16.57"},{"ts":"2013-06-14T08:00:00Z","nsw":"0.30","nt":"7.10","qld":"0.59","sa":"0.35","tas":"0.00","vic":"0.23","wa":"13.60"},{"ts":"2013-06-14T08:10:00Z","nsw":"0.31","nt":"5.68","qld":"0.68","sa":"0.26","tas":"0.00","vic":"0.21","wa":"9.42"},{"ts":"2013-06-14T08:20:00Z","nsw":"0.35","nt":"4.83","qld":"0.70","sa":"0.17","tas":"0.00","vic":"0.24","wa":"8.41"},{"ts":"2013-06-14T08:30:00Z","nsw":"0.32","nt":"3.24","qld":"0.77","sa":"0.16","tas":"0.00","vic":"0.27","wa":"6.53"},{"ts":"2013-06-14T08:40:00Z","nsw":"0.29","nt":"1.51","qld":"0.76","sa":"0.15","tas":"0.00","vic":"0.32","wa":"5.46"},{"ts":"2013-06-14T08:50:00Z","nsw":"0.35","nt":"1.15","qld":"0.76","sa":"0.14","tas":"0.00","vic":"0.40","wa":"3.46"},{"ts":"2013-06-14T09:00:00Z","nsw":"0.30","nt":"0.34","qld":"0.77","sa":"0.17","tas":"0.00","vic":"0.49","wa":"2.01"},{"ts":"2013-06-14T09:10:00Z","nsw":"0.33","nt":"0.28","qld":"0.76","sa":"0.17","tas":"0.00","vic":"0.52","wa":"0.73"},{"ts":"2013-06-14T09:20:00Z","nsw":"0.32","nt":"0.28","qld":"0.75","sa":"0.16","tas":"0.00","vic":"0.72","wa":"0.37"},{"ts":"2013-06-14T09:30:00Z","nsw":"0.32","nt":"0.28","qld":"0.84","sa":"0.15","tas":"0.00","vic":"0.38","wa":"0.43"},{"ts":"2013-06-14T09:40:00Z","nsw":"0.36","nt":"0.29","qld":"0.84","sa":"0.15","tas":"0.00","vic":"0.40","wa":"0.35"},{"ts":"2013-06-14T09:50:00Z","nsw":"0.48","nt":"0.29","qld":"0.85","sa":"0.19","tas":"0.00","vic":"0.65","wa":"0.32"},{"ts":"2013-06-14T10:00:00Z","nsw":"0.38","nt":"0.47","qld":"0.74","sa":"0.14","tas":"0.00","vic":"0.73","wa":"0.22"},{"ts":"2013-06-14T10:10:00Z","nsw":"0.46","nt":"0.47","qld":"0.81","sa":"0.15","tas":"0.00","vic":"0.81","wa":"0.25"},{"ts":"2013-06-14T10:20:00Z","nsw":"0.40","nt":"0.47","qld":"0.39","sa":"0.14","tas":"0.00","vic":"0.85","wa":"0.13"},{"ts":"2013-06-14T10:30:00Z","nsw":"0.39","nt":"0.47","qld":"0.39","sa":"0.14","tas":"0.00","vic":"0.07","wa":"0.25"},{"ts":"2013-06-14T10:40:00Z","nsw":"0.55","nt":"0.47","qld":"0.41","sa":"0.15","tas":"0.00","vic":"0.50","wa":"0.24"},{"ts":"2013-06-14T10:50:00Z","nsw":"0.30","nt":"0.47","qld":"0.37","sa":"0.14","tas":"0.00","vic":"0.44","wa":"0.24"},{"ts":"2013-06-14T11:00:00Z","nsw":"0.37","nt":"0.47","qld":"0.37","sa":"0.15","tas":"0.00","vic":"0.60","wa":"0.23"},{"ts":"2013-06-14T11:10:00Z","nsw":"0.29","nt":"0.47","qld":"0.33","sa":"0.14","tas":"0.43","vic":"0.31","wa":"0.23"},{"ts":"2013-06-14T11:20:00Z","nsw":"0.41","nt":"0.47","qld":"0.33","sa":"0.15","tas":"0.00","vic":"0.54","wa":"0.23"},{"ts":"2013-06-14T11:30:00Z","nsw":"0.40","nt":"0.47","qld":"0.41","sa":"0.15","tas":"0.00","vic":"0.78","wa":"0.22"},{"ts":"2013-06-14T11:40:00Z","nsw":"0.41","nt":"0.47","qld":"0.37","sa":"0.14","tas":"0.00","vic":"0.54","wa":"0.14"},{"ts":"2013-06-14T11:50:00Z","nsw":"0.28","nt":"0.47","qld":"0.33","sa":"0.14","tas":"0.00","vic":"0.42","wa":"0.23"},{"ts":"2013-06-14T12:00:00Z","nsw":"0.36","nt":"0.47","qld":"0.33","sa":"0.14","tas":"0.00","vic":"0.40","wa":"0.35"},{"ts":"2013-06-14T12:10:00Z","nsw":"0.35","nt":"0.47","qld":"0.33","sa":"0.14","tas":"0.00","vic":"0.40","wa":"0.23"},{"ts":"2013-06-14T12:20:00Z","nsw":"0.29","nt":"0.47","qld":"0.36","sa":"0.14","tas":"0.00","vic":"0.29","wa":"0.22"},{"ts":"2013-06-14T12:30:00Z","nsw":"0.44","nt":"0.47","qld":"0.39","sa":"0.13","tas":"0.00","vic":"0.34","wa":"0.22"},{"ts":"2013-06-14T12:40:00Z","nsw":"0.35","nt":"0.47","qld":"0.33","sa":"0.14","tas":"0.00","vic":"0.37","wa":"0.22"},{"ts":"2013-06-14T12:50:00Z","nsw":"0.27","nt":"0.47","qld":"0.33","sa":"0.14","tas":"0.00","vic":"0.35","wa":"0.23"}],"contribution":[{"ts":"2013-06-13T18:00:00Z","nsw":"0.02","qld":"0.06","sa":"0.04","tas":"0.00","vic":"0.01","wa":"0.02"},{"ts":"2013-06-13T18:10:00Z","nsw":"0.02","qld":"0.06","sa":"0.04","tas":"0.00","vic":"0.01"},{"ts":"2013-06-13T18:20:00Z","nsw":"0.02","qld":"0.06","sa":"0.04","tas":"0.00","vic":"0.01"},{"ts":"2013-06-13T18:30:00Z","nsw":"0.02","qld":"0.06","sa":"0.04","tas":"0.00","vic":"0.01","wa":"0.02"},{"ts":"2013-06-13T18:40:00Z","nsw":"0.02","qld":"0.06","sa":"0.04","tas":"0.00","vic":"0.01"},{"ts":"2013-06-13T18:50:00Z","nsw":"0.02","qld":"0.06","sa":"0.04","tas":"0.00","vic":"0.01"},{"ts":"2013-06-13T19:00:00Z","nsw":"0.02","qld":"0.06","sa":"0.04","tas":"0.00","vic":"0.01","wa":"0.02"},{"ts":"2013-06-13T19:10:00Z","nsw":"0.02","qld":"0.07","sa":"0.04","tas":"0.00","vic":"0.01"},{"ts":"2013-06-13T19:20:00Z","nsw":"0.02","qld":"0.06","sa":"0.04","tas":"0.00","vic":"0.01"},{"ts":"2013-06-13T19:30:00Z","nsw":"0.01","qld":"0.06","sa":"0.04","tas":"0.00","vic":"0.01","wa":"0.02"},{"ts":"2013-06-13T19:40:00Z","nsw":"0.01","qld":"0.06","sa":"0.04","tas":"0.00","vic":"0.01"},{"ts":"2013-06-13T19:50:00Z","nsw":"0.01","qld":"0.05","sa":"0.04","tas":"0.00","vic":"0.01"},{"ts":"2013-06-13T20:00:00Z","nsw":"0.01","qld":"0.05","sa":"0.04","tas":"0.00","vic":"0.01","wa":"0.02"},{"ts":"2013-06-13T20:10:00Z","nsw":"0.01","qld":"0.05","sa":"0.03","tas":"0.00","vic":"0.00"},{"ts":"2013-06-13T20:20:00Z","nsw":"0.02","qld":"0.05","sa":"0.04","tas":"0.00","vic":"0.01"},{"ts":"2013-06-13T20:30:00Z","nsw":"0.02","qld":"0.03","sa":"0.03","tas":"0.00","vic":"0.00","wa":"0.02"},{"ts":"2013-06-13T20:40:00Z","nsw":"0.01","qld":"0.06","sa":"0.03","tas":"0.00","vic":"0.01"},{"ts":"2013-06-13T20:50:00Z","nsw":"0.02","qld":"0.19","sa":"0.03","tas":"0.00","vic":"0.00"},{"ts":"2013-06-13T21:00:00Z","nsw":"0.02","qld":"0.35","sa":"0.03","tas":"0.00","vic":"0.00","wa":"0.02"},{"ts":"2013-06-13T21:10:00Z","nsw":"0.05","qld":"0.56","sa":"0.03","tas":"0.00","vic":"0.01"},{"ts":"2013-06-13T21:20:00Z","nsw":"0.10","qld":"0.84","sa":"0.03","tas":"0.00","vic":"0.00"},{"ts":"2013-06-13T21:30:00Z","nsw":"0.16","qld":"1.16","sa":"0.03","tas":"0.00","vic":"0.01","wa":"0.02"},{"ts":"2013-06-13T21:40:00Z","nsw":"0.21","qld":"1.54","sa":"0.03","tas":"0.00","vic":"0.01"},{"ts":"2013-06-13T21:50:00Z","nsw":"0.30","qld":"1.94","sa":"0.03","tas":"0.00","vic":"0.02"},{"ts":"2013-06-13T22:00:00Z","nsw":"0.42","qld":"2.41","sa":"0.08","tas":"0.02","vic":"0.05","wa":"0.04"},{"ts":"2013-06-13T22:10:00Z","nsw":"0.47","qld":"2.81","sa":"0.25","tas":"0.03","vic":"0.07"},{"ts":"2013-06-13T22:20:00Z","nsw":"0.56","qld":"3.23","sa":"0.38","tas":"0.05","vic":"0.10"},{"ts":"2013-06-13T22:30:00Z","nsw":"0.70","qld":"3.74","sa":"0.56","tas":"0.08","vic":"0.17","wa":"0.02"},{"ts":"2013-06-13T22:40:00Z","nsw":"0.85","qld":"4.16","sa":"0.77","tas":"0.11","vic":"0.22"},{"ts":"2013-06-13T22:50:00Z","nsw":"0.93","qld":"4.48","sa":"1.16","tas":"0.12","vic":"0.27"},{"ts":"2013-06-13T23:00:00Z","nsw":"1.11","qld":"4.88","sa":"1.64","tas":"0.15","vic":"0.36","wa":"0.02"},{"ts":"2013-06-13T23:10:00Z","nsw":"1.19","qld":"5.18","sa":"2.23","tas":"0.19","vic":"0.41"},{"ts":"2013-06-13T23:20:00Z","nsw":"1.42","qld":"5.61","sa":"2.86","tas":"0.24","vic":"0.46"},{"ts":"2013-06-13T23:30:00Z","nsw":"1.48","qld":"5.93","sa":"3.55","tas":"0.31","vic":"0.55","wa":"0.07"},{"ts":"2013-06-13T23:40:00Z","nsw":"1.62","qld":"6.24","sa":"3.59","tas":"0.37","vic":"0.65"},{"ts":"2013-06-13T23:50:00Z","nsw":"1.68","qld":"6.51","sa":"3.69","tas":"0.40","vic":"0.61"},{"ts":"2013-06-14T00:00:00Z","nsw":"1.90","qld":"6.80","sa":"4.17","tas":"0.43","vic":"0.69","wa":"0.57"},{"ts":"2013-06-14T00:10:00Z","nsw":"1.83","qld":"6.99","sa":"5.65","tas":"0.41","vic":"0.75"},{"ts":"2013-06-14T00:20:00Z","nsw":"2.07","qld":"7.21","sa":"5.89","tas":"0.46","vic":"0.78"},{"ts":"2013-06-14T00:30:00Z","nsw":"2.16","qld":"7.43","sa":"7.41","tas":"0.39","vic":"0.85","wa":"1.75"},{"ts":"2013-06-14T00:40:00Z","nsw":"2.23","qld":"7.63","sa":"7.53","tas":"0.44","vic":"1.01"},{"ts":"2013-06-14T00:50:00Z","nsw":"2.27","qld":"7.87","sa":"7.25","tas":"0.51","vic":"0.98"},{"ts":"2013-06-14T01:00:00Z","nsw":"2.48","qld":"8.05","sa":"6.73","tas":"0.59","vic":"1.14","wa":"2.89"},{"ts":"2013-06-14T01:10:00Z","nsw":"2.50","qld":"8.14","sa":"5.68","tas":"0.58","vic":"1.13"},{"ts":"2013-06-14T01:20:00Z","nsw":"2.58","qld":"8.05","sa":"5.59","tas":"0.57","vic":"1.19"},{"ts":"2013-06-14T01:30:00Z","nsw":"2.62","qld":"8.18","sa":"6.32","tas":"0.58","vic":"1.21","wa":"3.93"},{"ts":"2013-06-14T01:40:00Z","nsw":"2.67","qld":"8.15","sa":"6.72","tas":"0.72","vic":"1.32"},{"ts":"2013-06-14T01:50:00Z","nsw":"2.72","qld":"8.19","sa":"7.19","tas":"0.71","vic":"1.32"},{"ts":"2013-06-14T02:00:00Z","nsw":"2.68","qld":"8.24","sa":"7.52","tas":"0.80","vic":"1.42","wa":"4.78"},{"ts":"2013-06-14T02:10:00Z","nsw":"2.58","qld":"8.24","sa":"7.14","tas":"0.76","vic":"1.51"},{"ts":"2013-06-14T02:20:00Z","nsw":"2.78","qld":"8.20","sa":"6.71","tas":"0.90","vic":"1.63"},{"ts":"2013-06-14T02:30:00Z","nsw":"2.52","qld":"8.15","sa":"6.93","tas":"0.91","vic":"1.71","wa":"5.02"},{"ts":"2013-06-14T02:40:00Z","nsw":"2.72","qld":"8.11","sa":"6.60","tas":"0.91","vic":"1.76"},{"ts":"2013-06-14T02:50:00Z","nsw":"2.37","qld":"7.94","sa":"7.78","tas":"0.71","vic":"1.80"},{"ts":"2013-06-14T03:00:00Z","nsw":"2.63","qld":"7.81","sa":"8.87","tas":"0.87","vic":"1.59","wa":"6.06"},{"ts":"2013-06-14T03:10:00Z","nsw":"2.21","qld":"7.51","sa":"8.93","tas":"0.90","vic":"1.49"},{"ts":"2013-06-14T03:20:00Z","nsw":"2.57","qld":"7.18","sa":"8.75","tas":"0.98","vic":"1.42"},{"ts":"2013-06-14T03:30:00Z","nsw":"2.28","qld":"7.01","sa":"8.64","tas":"0.89","vic":"1.24","wa":"6.39"},{"ts":"2013-06-14T03:40:00Z","nsw":"2.33","qld":"7.01","sa":"7.50","tas":"0.87","vic":"1.26"},{"ts":"2013-06-14T03:50:00Z","nsw":"1.97","qld":"6.75","sa":"7.26","tas":"0.63","vic":"1.15"},{"ts":"2013-06-14T04:00:00Z","nsw":"2.00","qld":"6.44","sa":"7.59","tas":"0.60","vic":"1.13","wa":"6.67"},{"ts":"2013-06-14T04:10:00Z","nsw":"1.58","qld":"6.01","sa":"7.93","tas":"0.47","vic":"1.06"},{"ts":"2013-06-14T04:20:00Z","nsw":"1.39","qld":"5.85","sa":"7.36","tas":"0.52","vic":"1.13"},{"ts":"2013-06-14T04:30:00Z","nsw":"1.29","qld":"5.34","sa":"7.49","tas":"0.41","vic":"0.94","wa":"5.90"},{"ts":"2013-06-14T04:40:00Z","nsw":"1.25","qld":"5.02","sa":"6.30","tas":"0.48","vic":"0.92"},{"ts":"2013-06-14T04:50:00Z","nsw":"1.04","qld":"4.80","sa":"6.35","tas":"0.39","vic":"0.80"},{"ts":"2013-06-14T05:00:00Z","nsw":"0.97","qld":"4.39","sa":"5.31","tas":"0.42","vic":"0.70","wa":"4.77"},{"ts":"2013-06-14T05:10:00Z","nsw":"0.75","qld":"3.84","sa":"4.55","tas":"0.31","vic":"0.66"},{"ts":"2013-06-14T05:20:00Z","nsw":"0.73","qld":"3.59","sa":"4.40","tas":"0.30","vic":"0.54"},{"ts":"2013-06-14T05:30:00Z","nsw":"0.58","qld":"3.12","sa":"3.47","tas":"0.22","vic":"0.48","wa":"4.35"},{"ts":"2013-06-14T05:40:00Z","nsw":"0.54","qld":"2.64","sa":"3.03","tas":"0.23","vic":"0.42"},{"ts":"2013-06-14T05:50:00Z","nsw":"0.44","qld":"2.28","sa":"3.15","tas":"0.16","vic":"0.33"},{"ts":"2013-06-14T06:00:00Z","nsw":"0.33","qld":"1.76","sa":"2.76","tas":"0.09","vic":"0.27","wa":"4.77"},{"ts":"2013-06-14T06:10:00Z","nsw":"0.24","qld":"1.27","sa":"2.50","tas":"0.04","vic":"0.23"},{"ts":"2013-06-14T06:20:00Z","nsw":"0.21","qld":"0.99","sa":"2.22","tas":"0.03","vic":"0.18"},{"ts":"2013-06-14T06:30:00Z","nsw":"0.16","qld":"0.67","sa":"2.34","tas":"0.01","vic":"0.14","wa":"4.61"},{"ts":"2013-06-14T06:40:00Z","nsw":"0.12","qld":"0.39","sa":"1.75","tas":"0.01","vic":"0.10"},{"ts":"2013-06-14T06:50:00Z","nsw":"0.08","qld":"0.25","sa":"1.71","tas":"0.00","vic":"0.06"},{"ts":"2013-06-14T07:00:00Z","nsw":"0.07","qld":"0.16","sa":"1.33","tas":"0.00","vic":"0.04","wa":"3.45"},{"ts":"2013-06-14T07:10:00Z","nsw":"0.05","qld":"0.10","sa":"0.88","tas":"0.00","vic":"0.03"},{"ts":"2013-06-14T07:20:00Z","nsw":"0.02","qld":"0.16","sa":"0.49","tas":"0.00","vic":"0.03"},{"ts":"2013-06-14T07:30:00Z","nsw":"0.02","qld":"0.17","sa":"0.21","tas":"0.00","vic":"0.02","wa":"3.42"},{"ts":"2013-06-14T07:40:00Z","nsw":"0.01","qld":"0.10","sa":"0.10","tas":"0.00","vic":"0.01"},{"ts":"2013-06-14T07:50:00Z","nsw":"0.02","qld":"0.11","sa":"0.09","tas":"0.00","vic":"0.01"},{"ts":"2013-06-14T08:00:00Z","nsw":"0.02","qld":"0.07","sa":"0.07","tas":"0.00","vic":"0.01","wa":"1.89"},{"ts":"2013-06-14T08:10:00Z","nsw":"0.02","qld":"0.08","sa":"0.05","tas":"0.00","vic":"0.01"},{"ts":"2013-06-14T08:20:00Z","nsw":"0.02","qld":"0.09","sa":"0.03","tas":"0.00","vic":"0.01"},{"ts":"2013-06-14T08:30:00Z","nsw":"0.02","qld":"0.10","sa":"0.03","tas":"0.00","vic":"0.02","wa":"0.89"},{"ts":"2013-06-14T08:40:00Z","nsw":"0.02","qld":"0.10","sa":"0.03","tas":"0.00","vic":"0.02"},{"ts":"2013-06-14T08:50:00Z","nsw":"0.02","qld":"0.10","sa":"0.03","tas":"0.00","vic":"0.03"},{"ts":"2013-06-14T09:00:00Z","nsw":"0.02","qld":"0.10","sa":"0.03","tas":"0.00","vic":"0.03","wa":"0.27"},{"ts":"2013-06-14T09:10:00Z","nsw":"0.02","qld":"0.10","sa":"0.03","tas":"0.00","vic":"0.03"},{"ts":"2013-06-14T09:20:00Z","nsw":"0.02","qld":"0.10","sa":"0.03","tas":"0.00","vic":"0.05"},{"ts":"2013-06-14T09:30:00Z","nsw":"0.02","qld":"0.11","sa":"0.03","tas":"0.00","vic":"0.03","wa":"0.06"},{"ts":"2013-06-14T09:40:00Z","nsw":"0.02","qld":"0.11","sa":"0.03","tas":"0.00","vic":"0.03"},{"ts":"2013-06-14T09:50:00Z","nsw":"0.03","qld":"0.11","sa":"0.04","tas":"0.00","vic":"0.04"},{"ts":"2013-06-14T10:00:00Z","nsw":"0.02","qld":"0.09","sa":"0.03","tas":"0.00","vic":"0.05","wa":"0.03"},{"ts":"2013-06-14T10:10:00Z","nsw":"0.03","qld":"0.10","sa":"0.03","tas":"0.00","vic":"0.06"},{"ts":"2013-06-14T10:20:00Z","nsw":"0.02","qld":"0.05","sa":"0.03","tas":"0.00","vic":"0.06"},{"ts":"2013-06-14T10:30:00Z","nsw":"0.02","qld":"0.05","sa":"0.03","tas":"0.00","vic":"0.00","wa":"0.03"},{"ts":"2013-06-14T10:40:00Z","nsw":"0.03","qld":"0.05","sa":"0.03","tas":"0.00","vic":"0.04"},{"ts":"2013-06-14T10:50:00Z","nsw":"0.02","qld":"0.05","sa":"0.03","tas":"0.00","vic":"0.03"},{"ts":"2013-06-14T11:00:00Z","nsw":"0.02","qld":"0.05","sa":"0.03","tas":"0.00","vic":"0.04","wa":"0.03"},{"ts":"2013-06-14T11:10:00Z","nsw":"0.02","qld":"0.04","sa":"0.03","tas":"0.01","vic":"0.02"},{"ts":"2013-06-14T11:20:00Z","nsw":"0.03","qld":"0.04","sa":"0.03","tas":"0.00","vic":"0.04"},{"ts":"2013-06-14T11:30:00Z","nsw":"0.03","qld":"0.05","sa":"0.03","tas":"0.00","vic":"0.06","wa":"0.03"},{"ts":"2013-06-14T11:40:00Z","nsw":"0.03","qld":"0.05","sa":"0.03","tas":"0.00","vic":"0.04"},{"ts":"2013-06-14T11:50:00Z","nsw":"0.02","qld":"0.05","sa":"0.03","tas":"0.00","vic":"0.03"},{"ts":"2013-06-14T12:00:00Z","nsw":"0.02","qld":"0.04","sa":"0.03","tas":"0.00","vic":"0.03","wa":"0.04"},{"ts":"2013-06-14T12:10:00Z","nsw":"0.02","qld":"0.05","sa":"0.03","tas":"0.00","vic":"0.03"},{"ts":"2013-06-14T12:20:00Z","nsw":"0.02","qld":"0.05","sa":"0.03","tas":"0.00","vic":"0.02"},{"ts":"2013-06-14T12:30:00Z","nsw":"0.03","qld":"0.06","sa":"0.03","tas":"0.00","vic":"0.03","wa":"0.03"},{"ts":"2013-06-14T12:40:00Z","nsw":"0.02","qld":"0.05","sa":"0.03","tas":"0.00","vic":"0.03"},{"ts":"2013-06-14T12:50:00Z","nsw":"0.02","qld":"0.05","sa":"0.03","tas":"0.00","vic":"0.03"}],"demand":[{"ts":"2013-06-13T18:00:00Z","nsw":6382,"qld":4542,"sa":1103,"tas":1043,"vic":4353,"wa":1587},{"ts":"2013-06-13T18:10:00Z","nsw":6431,"qld":4617,"sa":1095,"tas":1043,"vic":4403},{"ts":"2013-06-13T18:20:00Z","nsw":6396,"qld":4666,"sa":1095,"tas":1029,"vic":4411},{"ts":"2013-06-13T18:30:00Z","nsw":6459,"qld":4630,"sa":1102,"tas":1031,"vic":4361,"wa":1568},{"ts":"2013-06-13T18:40:00Z","nsw":6532,"qld":4658,"sa":1074,"tas":1037,"vic":4349},{"ts":"2013-06-13T18:50:00Z","nsw":6552,"qld":4703,"sa":1076,"tas":1041,"vic":4370},{"ts":"2013-06-13T19:00:00Z","nsw":6624,"qld":4806,"sa":1095,"tas":1044,"vic":4435,"wa":1566},{"ts":"2013-06-13T19:10:00Z","nsw":6849,"qld":4862,"sa":1152,"tas":1056,"vic":4534},{"ts":"2013-06-13T19:20:00Z","nsw":6928,"qld":4946,"sa":1133,"tas":1071,"vic":4625},{"ts":"2013-06-13T19:30:00Z","nsw":6959,"qld":5029,"sa":1077,"tas":1078,"vic":4672,"wa":1570},{"ts":"2013-06-13T19:40:00Z","nsw":7138,"qld":5128,"sa":1107,"tas":1091,"vic":4737},{"ts":"2013-06-13T19:50:00Z","nsw":7340,"qld":5179,"sa":1139,"tas":1103,"vic":4785},{"ts":"2013-06-13T20:00:00Z","nsw":7547,"qld":5330,"sa":1147,"tas":1118,"vic":4905,"wa":1547},{"ts":"2013-06-13T20:10:00Z","nsw":7897,"qld":5479,"sa":1185,"tas":1134,"vic":5163},{"ts":"2013-06-13T20:20:00Z","nsw":8178,"qld":5600,"sa":1184,"tas":1161,"vic":5302},{"ts":"2013-06-13T20:30:00Z","nsw":8423,"qld":5725,"sa":1231,"tas":1184,"vic":5461,"wa":1567},{"ts":"2013-06-13T20:40:00Z","nsw":8638,"qld":5841,"sa":1310,"tas":1210,"vic":5638},{"ts":"2013-06-13T20:50:00Z","nsw":8873,"qld":5924,"sa":1350,"tas":1246,"vic":5780},{"ts":"2013-06-13T21:00:00Z","nsw":8951,"qld":6136,"sa":1400,"tas":1286,"vic":5930,"wa":1594},{"ts":"2013-06-13T21:10:00Z","nsw":9065,"qld":6285,"sa":1410,"tas":1315,"vic":5949},{"ts":"2013-06-13T21:20:00Z","nsw":9267,"qld":6334,"sa":1470,"tas":1370,"vic":6258},{"ts":"2013-06-13T21:30:00Z","nsw":9341,"qld":6307,"sa":1528,"tas":1389,"vic":6358,"wa":1672},{"ts":"2013-06-13T21:40:00Z","nsw":9468,"qld":6323,"sa":1560,"tas":1420,"vic":6461},{"ts":"2013-06-13T21:50:00Z","nsw":9519,"qld":6306,"sa":1612,"tas":1441,"vic":6512},{"ts":"2013-06-13T22:00:00Z","nsw":9643,"qld":6228,"sa":1645,"tas":1462,"vic":6569,"wa":1776},{"ts":"2013-06-13T22:10:00Z","nsw":9647,"qld":6169,"sa":1704,"tas":1455,"vic":6567},{"ts":"2013-06-13T22:20:00Z","nsw":9601,"qld":6118,"sa":1703,"tas":1451,"vic":6614},{"ts":"2013-06-13T22:30:00Z","nsw":9569,"qld":6077,"sa":1711,"tas":1447,"vic":6593,"wa":1963},{"ts":"2013-06-13T22:40:00Z","nsw":9498,"qld":6034,"sa":1693,"tas":1455,"vic":6608},{"ts":"2013-06-13T22:50:00Z","nsw":9381,"qld":6043,"sa":1664,"tas":1448,"vic":6649},{"ts":"2013-06-13T23:00:00Z","nsw":9369,"qld":6024,"sa":1658,"tas":1448,"vic":6659,"wa":2161},{"ts":"2013-06-13T23:10:00Z","nsw":9374,"qld":5976,"sa":1645,"tas":1454,"vic":6695},{"ts":"2013-06-13T23:20:00Z","nsw":9323,"qld":5975,"sa":1616,"tas":1443,"vic":6695},{"ts":"2013-06-13T23:30:00Z","nsw":9343,"qld":5911,"sa":1616,"tas":1438,"vic":6656,"wa":2332},{"ts":"2013-06-13T23:40:00Z","nsw":9279,"qld":5879,"sa":1626,"tas":1434,"vic":6547},{"ts":"2013-06-13T23:50:00Z","nsw":9251,"qld":5822,"sa":1623,"tas":1417,"vic":6594},{"ts":"2013-06-14T00:00:00Z","nsw":9215,"qld":5838,"sa":1583,"tas":1410,"vic":6631,"wa":2483},{"ts":"2013-06-14T00:10:00Z","nsw":9224,"qld":5811,"sa":1563,"tas":1399,"vic":6589},{"ts":"2013-06-14T00:20:00Z","nsw":9166,"qld":5778,"sa":1566,"tas":1373,"vic":6577},{"ts":"2013-06-14T00:30:00Z","nsw":9104,"qld":5777,"sa":1528,"tas":1332,"vic":6493,"wa":2505},{"ts":"2013-06-14T00:40:00Z","nsw":9088,"qld":5770,"sa":1535,"tas":1307,"vic":6494},{"ts":"2013-06-14T00:50:00Z","nsw":8986,"qld":5710,"sa":1534,"tas":1282,"vic":6504},{"ts":"2013-06-14T01:00:00Z","nsw":8935,"qld":5693,"sa":1532,"tas":1332,"vic":6467,"wa":2436},{"ts":"2013-06-14T01:10:00Z","nsw":8900,"qld":5675,"sa":1590,"tas":1367,"vic":6448},{"ts":"2013-06-14T01:20:00Z","nsw":8866,"qld":5680,"sa":1584,"tas":1382,"vic":6391},{"ts":"2013-06-14T01:30:00Z","nsw":8832,"qld":5672,"sa":1536,"tas":1376,"vic":6396,"wa":2365},{"ts":"2013-06-14T01:40:00Z","nsw":8771,"qld":5660,"sa":1532,"tas":1363,"vic":6408},{"ts":"2013-06-14T01:50:00Z","nsw":8767,"qld":5614,"sa":1509,"tas":1362,"vic":6407},{"ts":"2013-06-14T02:00:00Z","nsw":8771,"qld":5626,"sa":1506,"tas":1354,"vic":6485,"wa":2290},{"ts":"2013-06-14T02:10:00Z","nsw":8761,"qld":5635,"sa":1525,"tas":1324,"vic":6434},{"ts":"2013-06-14T02:20:00Z","nsw":8748,"qld":5632,"sa":1540,"tas":1313,"vic":6382},{"ts":"2013-06-14T02:30:00Z","nsw":8720,"qld":5616,"sa":1514,"tas":1333,"vic":6363,"wa":2265},{"ts":"2013-06-14T02:40:00Z","nsw":8691,"qld":5633,"sa":1549,"tas":1337,"vic":6334},{"ts":"2013-06-14T02:50:00Z","nsw":8630,"qld":5622,"sa":1544,"tas":1332,"vic":6339},{"ts":"2013-06-14T03:00:00Z","nsw":8559,"qld":5610,"sa":1506,"tas":1325,"vic":6286,"wa":2257},{"ts":"2013-06-14T03:10:00Z","nsw":8537,"qld":5657,"sa":1500,"tas":1314,"vic":6339},{"ts":"2013-06-14T03:20:00Z","nsw":8539,"qld":5702,"sa":1479,"tas":1298,"vic":6350},{"ts":"2013-06-14T03:30:00Z","nsw":8546,"qld":5694,"sa":1463,"tas":1301,"vic":6392,"wa":2215},{"ts":"2013-06-14T03:40:00Z","nsw":8558,"qld":5679,"sa":1467,"tas":1264,"vic":6393},{"ts":"2013-06-14T03:50:00Z","nsw":8542,"qld":5672,"sa":1488,"tas":1251,"vic":6350},{"ts":"2013-06-14T04:00:00Z","nsw":8559,"qld":5711,"sa":1517,"tas":1253,"vic":6344,"wa":2179},{"ts":"2013-06-14T04:10:00Z","nsw":8575,"qld":5706,"sa":1495,"tas":1251,"vic":6325},{"ts":"2013-06-14T04:20:00Z","nsw":8571,"qld":5719,"sa":1494,"tas":1243,"vic":6313},{"ts":"2013-06-14T04:30:00Z","nsw":8567,"qld":5753,"sa":1495,"tas":1280,"vic":6301,"wa":2182},{"ts":"2013-06-14T04:40:00Z","nsw":8549,"qld":5699,"sa":1494,"tas":1269,"vic":6276},{"ts":"2013-06-14T04:50:00Z","nsw":8575,"qld":5729,"sa":1493,"tas":1266,"vic":6305},{"ts":"2013-06-14T05:00:00Z","nsw":8583,"qld":5774,"sa":1504,"tas":1292,"vic":6277,"wa":2177},{"ts":"2013-06-14T05:10:00Z","nsw":8574,"qld":5843,"sa":1517,"tas":1310,"vic":6252},{"ts":"2013-06-14T05:20:00Z","nsw":8606,"qld":5772,"sa":1524,"tas":1327,"vic":6274},{"ts":"2013-06-14T05:30:00Z","nsw":8660,"qld":5814,"sa":1540,"tas":1337,"vic":6280,"wa":2166},{"ts":"2013-06-14T05:40:00Z","nsw":8781,"qld":5827,"sa":1554,"tas":1342,"vic":6294},{"ts":"2013-06-14T05:50:00Z","nsw":8801,"qld":5892,"sa":1537,"tas":1351,"vic":6351},{"ts":"2013-06-14T06:00:00Z","nsw":8909,"qld":5924,"sa":1546,"tas":1360,"vic":6423,"wa":2150},{"ts":"2013-06-14T06:10:00Z","nsw":9012,"qld":6009,"sa":1562,"tas":1365,"vic":6388},{"ts":"2013-06-14T06:20:00Z","nsw":9114,"qld":6035,"sa":1586,"tas":1379,"vic":6512},{"ts":"2013-06-14T06:30:00Z","nsw":9169,"qld":6117,"sa":1600,"tas":1384,"vic":6548,"wa":2141},{"ts":"2013-06-14T06:40:00Z","nsw":9325,"qld":6130,"sa":1638,"tas":1406,"vic":6646},{"ts":"2013-06-14T06:50:00Z","nsw":9489,"qld":6256,"sa":1656,"tas":1418,"vic":6689},{"ts":"2013-06-14T07:00:00Z","nsw":9619,"qld":6287,"sa":1683,"tas":1440,"vic":6718,"wa":2159},{"ts":"2013-06-14T07:10:00Z","nsw":9818,"qld":6372,"sa":1719,"tas":1446,"vic":6818},{"ts":"2013-06-14T07:20:00Z","nsw":10065,"qld":6409,"sa":1739,"tas":1475,"vic":6933},{"ts":"2013-06-14T07:30:00Z","nsw":10164,"qld":6432,"sa":1769,"tas":1495,"vic":7011,"wa":2148},{"ts":"2013-06-14T07:40:00Z","nsw":10206,"qld":6513,"sa":1789,"tas":1468,"vic":7008},{"ts":"2013-06-14T07:50:00Z","nsw":10265,"qld":6575,"sa":1876,"tas":1475,"vic":7097},{"ts":"2013-06-14T08:00:00Z","nsw":10231,"qld":6489,"sa":1924,"tas":1470,"vic":7038,"wa":2177},{"ts":"2013-06-14T08:10:00Z","nsw":10154,"qld":6520,"sa":1949,"tas":1449,"vic":6989},{"ts":"2013-06-14T08:20:00Z","nsw":10089,"qld":6458,"sa":1968,"tas":1444,"vic":7006},{"ts":"2013-06-14T08:30:00Z","nsw":10053,"qld":6460,"sa":1985,"tas":1449,"vic":6960,"wa":2226},{"ts":"2013-06-14T08:40:00Z","nsw":9982,"qld":6456,"sa":1956,"tas":1440,"vic":6806},{"ts":"2013-06-14T08:50:00Z","nsw":9924,"qld":6410,"sa":1965,"tas":1424,"vic":6747},{"ts":"2013-06-14T09:00:00Z","nsw":9846,"qld":6340,"sa":1952,"tas":1417,"vic":6762,"wa":2268},{"ts":"2013-06-14T09:10:00Z","nsw":9751,"qld":6402,"sa":1935,"tas":1411,"vic":6663},{"ts":"2013-06-14T09:20:00Z","nsw":9762,"qld":6300,"sa":1931,"tas":1402,"vic":6658},{"ts":"2013-06-14T09:30:00Z","nsw":9637,"qld":6367,"sa":1941,"tas":1396,"vic":6601,"wa":2385},{"ts":"2013-06-14T09:40:00Z","nsw":9572,"qld":6383,"sa":1924,"tas":1387,"vic":6561},{"ts":"2013-06-14T09:50:00Z","nsw":9448,"qld":6378,"sa":1881,"tas":1388,"vic":6505},{"ts":"2013-06-14T10:00:00Z","nsw":9437,"qld":6415,"sa":1879,"tas":1383,"vic":6465,"wa":2611},{"ts":"2013-06-14T10:10:00Z","nsw":9436,"qld":6398,"sa":1855,"tas":1373,"vic":6428},{"ts":"2013-06-14T10:20:00Z","nsw":9341,"qld":6341,"sa":1828,"tas":1353,"vic":6401},{"ts":"2013-06-14T10:30:00Z","nsw":9272,"qld":6317,"sa":1809,"tas":1323,"vic":6308,"wa":2696},{"ts":"2013-06-14T10:40:00Z","nsw":9283,"qld":6277,"sa":1833,"tas":1350,"vic":6288},{"ts":"2013-06-14T10:50:00Z","nsw":9155,"qld":6251,"sa":1816,"tas":1339,"vic":6278},{"ts":"2013-06-14T11:00:00Z","nsw":9151,"qld":6164,"sa":1795,"tas":1337,"vic":6152,"wa":2678},{"ts":"2013-06-14T11:10:00Z","nsw":9085,"qld":6152,"sa":1813,"tas":1338,"vic":6160},{"ts":"2013-06-14T11:20:00Z","nsw":9000,"qld":6122,"sa":1793,"tas":1342,"vic":6015},{"ts":"2013-06-14T11:30:00Z","nsw":8835,"qld":6075,"sa":1753,"tas":1330,"vic":5954,"wa":2653},{"ts":"2013-06-14T11:40:00Z","nsw":8859,"qld":6052,"sa":1732,"tas":1300,"vic":5937},{"ts":"2013-06-14T11:50:00Z","nsw":8750,"qld":6014,"sa":1712,"tas":1289,"vic":5858},{"ts":"2013-06-14T12:00:00Z","nsw":8838,"qld":5917,"sa":1700,"tas":1280,"vic":5824,"wa":2565},{"ts":"2013-06-14T12:10:00Z","nsw":8969,"qld":5871,"sa":1698,"tas":1276,"vic":5726},{"ts":"2013-06-14T12:20:00Z","nsw":8852,"qld":5832,"sa":1686,"tas":1268,"vic":5748},{"ts":"2013-06-14T12:30:00Z","nsw":8801,"qld":5725,"sa":1686,"tas":1251,"vic":5751,"wa":2507},{"ts":"2013-06-14T12:40:00Z","nsw":8746,"qld":5787,"sa":1665,"tas":1227,"vic":5690},{"ts":"2013-06-14T12:50:00Z","nsw":8617,"qld":5735,"sa":1633,"tas":1203,"vic":5661}],"output":[{"ts":"2013-06-13T18:00:00Z","nsw":1,"qld":2,"sa":0,"tas":0,"vic":0,"wa":0},{"ts":"2013-06-13T18:10:00Z","nsw":1,"qld":2,"sa":0,"tas":0,"vic":0},{"ts":"2013-06-13T18:20:00Z","nsw":1,"qld":2,"sa":0,"tas":0,"vic":0},{"ts":"2013-06-13T18:30:00Z","nsw":1,"qld":2,"sa":0,"tas":0,"vic":0,"wa":0},{"ts":"2013-06-13T18:40:00Z","nsw":1,"qld":2,"sa":0,"tas":0,"vic":0},{"ts":"2013-06-13T18:50:00Z","nsw":1,"qld":2,"sa":0,"tas":0,"vic":0},{"ts":"2013-06-13T19:00:00Z","nsw":1,"qld":2,"sa":0,"tas":0,"vic":0,"wa":0},{"ts":"2013-06-13T19:10:00Z","nsw":1,"qld":3,"sa":0,"tas":0,"vic":0},{"ts":"2013-06-13T19:20:00Z","nsw":1,"qld":2,"sa":0,"tas":0,"vic":0},{"ts":"2013-06-13T19:30:00Z","nsw":0,"qld":2,"sa":0,"tas":0,"vic":0,"wa":0},{"ts":"2013-06-13T19:40:00Z","nsw":0,"qld":2,"sa":0,"tas":0,"vic":0},{"ts":"2013-06-13T19:50:00Z","nsw":1,"qld":2,"sa":0,"tas":0,"vic":0},{"ts":"2013-06-13T20:00:00Z","nsw":1,"qld":2,"sa":0,"tas":0,"vic":0,"wa":0},{"ts":"2013-06-13T20:10:00Z","nsw":1,"qld":2,"sa":0,"tas":0,"vic":0},{"ts":"2013-06-13T20:20:00Z","nsw":1,"qld":2,"sa":0,"tas":0,"vic":0},{"ts":"2013-06-13T20:30:00Z","nsw":1,"qld":1,"sa":0,"tas":0,"vic":0,"wa":0},{"ts":"2013-06-13T20:40:00Z","nsw":1,"qld":3,"sa":0,"tas":0,"vic":0},{"ts":"2013-06-13T20:50:00Z","nsw":1,"qld":11,"sa":0,"tas":0,"vic":0},{"ts":"2013-06-13T21:00:00Z","nsw":1,"qld":21,"sa":0,"tas":0,"vic":0,"wa":0},{"ts":"2013-06-13T21:10:00Z","nsw":4,"qld":35,"sa":0,"tas":0,"vic":0},{"ts":"2013-06-13T21:20:00Z","nsw":9,"qld":53,"sa":0,"tas":0,"vic":0},{"ts":"2013-06-13T21:30:00Z","nsw":14,"qld":73,"sa":0,"tas":0,"vic":0,"wa":0},{"ts":"2013-06-13T21:40:00Z","nsw":19,"qld":98,"sa":0,"tas":0,"vic":0},{"ts":"2013-06-13T21:50:00Z","nsw":28,"qld":125,"sa":0,"tas":0,"vic":1},{"ts":"2013-06-13T22:00:00Z","nsw":41,"qld":154,"sa":1,"tas":0,"vic":3,"wa":0},{"ts":"2013-06-13T22:10:00Z","nsw":45,"qld":179,"sa":4,"tas":0,"vic":4},{"ts":"2013-06-13T22:20:00Z","nsw":54,"qld":204,"sa":6,"tas":0,"vic":6},{"ts":"2013-06-13T22:30:00Z","nsw":67,"qld":235,"sa":9,"tas":1,"vic":11,"wa":0},{"ts":"2013-06-13T22:40:00Z","nsw":81,"qld":262,"sa":13,"tas":1,"vic":14},{"ts":"2013-06-13T22:50:00Z","nsw":88,"qld":284,"sa":19,"tas":1,"vic":17},{"ts":"2013-06-13T23:00:00Z","nsw":104,"qld":308,"sa":27,"tas":2,"vic":24,"wa":0},{"ts":"2013-06-13T23:10:00Z","nsw":112,"qld":327,"sa":37,"tas":2,"vic":27},{"ts":"2013-06-13T23:20:00Z","nsw":134,"qld":354,"sa":47,"tas":3,"vic":30},{"ts":"2013-06-13T23:30:00Z","nsw":140,"qld":373,"sa":58,"tas":4,"vic":36,"wa":1},{"ts":"2013-06-13T23:40:00Z","nsw":153,"qld":392,"sa":60,"tas":5,"vic":42},{"ts":"2013-06-13T23:50:00Z","nsw":157,"qld":407,"sa":62,"tas":5,"vic":40},{"ts":"2013-06-14T00:00:00Z","nsw":178,"qld":425,"sa":69,"tas":6,"vic":45,"wa":14},{"ts":"2013-06-14T00:10:00Z","nsw":171,"qld":434,"sa":93,"tas":5,"vic":50},{"ts":"2013-06-14T00:20:00Z","nsw":193,"qld":453,"sa":98,"tas":6,"vic":52},{"ts":"2013-06-14T00:30:00Z","nsw":201,"qld":464,"sa":123,"tas":5,"vic":55,"wa":44},{"ts":"2013-06-14T00:40:00Z","nsw":208,"qld":478,"sa":126,"tas":5,"vic":65},{"ts":"2013-06-14T00:50:00Z","nsw":209,"qld":487,"sa":120,"tas":6,"vic":64},{"ts":"2013-06-14T01:00:00Z","nsw":227,"qld":494,"sa":110,"tas":7,"vic":74,"wa":72},{"ts":"2013-06-14T01:10:00Z","nsw":228,"qld":500,"sa":94,"tas":8,"vic":73},{"ts":"2013-06-14T01:20:00Z","nsw":235,"qld":498,"sa":94,"tas":7,"vic":77},{"ts":"2013-06-14T01:30:00Z","nsw":238,"qld":502,"sa":104,"tas":7,"vic":78,"wa":96},{"ts":"2013-06-14T01:40:00Z","nsw":240,"qld":502,"sa":111,"tas":9,"vic":86},{"ts":"2013-06-14T01:50:00Z","nsw":244,"qld":502,"sa":116,"tas":9,"vic":84},{"ts":"2013-06-14T02:00:00Z","nsw":241,"qld":507,"sa":121,"tas":10,"vic":93,"wa":114},{"ts":"2013-06-14T02:10:00Z","nsw":232,"qld":506,"sa":117,"tas":10,"vic":98},{"ts":"2013-06-14T02:20:00Z","nsw":250,"qld":504,"sa":110,"tas":12,"vic":105},{"ts":"2013-06-14T02:30:00Z","nsw":224,"qld":499,"sa":112,"tas":12,"vic":111,"wa":119},{"ts":"2013-06-14T02:40:00Z","nsw":243,"qld":492,"sa":109,"tas":12,"vic":113},{"ts":"2013-06-14T02:50:00Z","nsw":209,"qld":487,"sa":130,"tas":9,"vic":116},{"ts":"2013-06-14T03:00:00Z","nsw":232,"qld":475,"sa":148,"tas":11,"vic":101,"wa":145},{"ts":"2013-06-14T03:10:00Z","nsw":193,"qld":461,"sa":147,"tas":11,"vic":95},{"ts":"2013-06-14T03:20:00Z","nsw":225,"qld":443,"sa":142,"tas":12,"vic":91},{"ts":"2013-06-14T03:30:00Z","nsw":199,"qld":426,"sa":139,"tas":11,"vic":80,"wa":151},{"ts":"2013-06-14T03:40:00Z","nsw":203,"qld":426,"sa":118,"tas":11,"vic":81},{"ts":"2013-06-14T03:50:00Z","nsw":172,"qld":409,"sa":115,"tas":8,"vic":74},{"ts":"2013-06-14T04:00:00Z","nsw":174,"qld":392,"sa":124,"tas":7,"vic":72,"wa":155},{"ts":"2013-06-14T04:10:00Z","nsw":137,"qld":365,"sa":129,"tas":5,"vic":67},{"ts":"2013-06-14T04:20:00Z","nsw":121,"qld":356,"sa":118,"tas":6,"vic":72},{"ts":"2013-06-14T04:30:00Z","nsw":111,"qld":325,"sa":120,"tas":5,"vic":59,"wa":136},{"ts":"2013-06-14T04:40:00Z","nsw":108,"qld":301,"sa":100,"tas":6,"vic":57},{"ts":"2013-06-14T04:50:00Z","nsw":89,"qld":288,"sa":101,"tas":4,"vic":51},{"ts":"2013-06-14T05:00:00Z","nsw":84,"qld":265,"sa":84,"tas":5,"vic":44,"wa":109},{"ts":"2013-06-14T05:10:00Z","nsw":64,"qld":233,"sa":72,"tas":4,"vic":41},{"ts":"2013-06-14T05:20:00Z","nsw":63,"qld":215,"sa":69,"tas":4,"vic":34},{"ts":"2013-06-14T05:30:00Z","nsw":50,"qld":187,"sa":55,"tas":2,"vic":30,"wa":98},{"ts":"2013-06-14T05:40:00Z","nsw":47,"qld":157,"sa":48,"tas":3,"vic":26},{"ts":"2013-06-14T05:50:00Z","nsw":38,"qld":136,"sa":50,"tas":2,"vic":20},{"ts":"2013-06-14T06:00:00Z","nsw":29,"qld":106,"sa":43,"tas":1,"vic":17,"wa":107},{"ts":"2013-06-14T06:10:00Z","nsw":21,"qld":76,"sa":39,"tas":0,"vic":14},{"ts":"2013-06-14T06:20:00Z","nsw":19,"qld":60,"sa":35,"tas":0,"vic":11},{"ts":"2013-06-14T06:30:00Z","nsw":14,"qld":41,"sa":38,"tas":0,"vic":9,"wa":103},{"ts":"2013-06-14T06:40:00Z","nsw":11,"qld":23,"sa":29,"tas":0,"vic":6},{"ts":"2013-06-14T06:50:00Z","nsw":7,"qld":15,"sa":28,"tas":0,"vic":3},{"ts":"2013-06-14T07:00:00Z","nsw":6,"qld":9,"sa":22,"tas":0,"vic":2,"wa":77},{"ts":"2013-06-14T07:10:00Z","nsw":5,"qld":6,"sa":15,"tas":0,"vic":2},{"ts":"2013-06-14T07:20:00Z","nsw":1,"qld":9,"sa":8,"tas":0,"vic":2},{"ts":"2013-06-14T07:30:00Z","nsw":1,"qld":10,"sa":3,"tas":0,"vic":1,"wa":76},{"ts":"2013-06-14T07:40:00Z","nsw":0,"qld":6,"sa":1,"tas":0,"vic":1},{"ts":"2013-06-14T07:50:00Z","nsw":1,"qld":7,"sa":1,"tas":0,"vic":0},{"ts":"2013-06-14T08:00:00Z","nsw":1,"qld":4,"sa":1,"tas":0,"vic":1,"wa":41},{"ts":"2013-06-14T08:10:00Z","nsw":1,"qld":5,"sa":0,"tas":0,"vic":0},{"ts":"2013-06-14T08:20:00Z","nsw":1,"qld":5,"sa":0,"tas":0,"vic":1},{"ts":"2013-06-14T08:30:00Z","nsw":1,"qld":6,"sa":0,"tas":0,"vic":1,"wa":20},{"ts":"2013-06-14T08:40:00Z","nsw":1,"qld":6,"sa":0,"tas":0,"vic":1},{"ts":"2013-06-14T08:50:00Z","nsw":1,"qld":6,"sa":0,"tas":0,"vic":1},{"ts":"2013-06-14T09:00:00Z","nsw":1,"qld":6,"sa":0,"tas":0,"vic":2,"wa":6},{"ts":"2013-06-14T09:10:00Z","nsw":1,"qld":6,"sa":0,"tas":0,"vic":2},{"ts":"2013-06-14T09:20:00Z","nsw":1,"qld":6,"sa":0,"tas":0,"vic":3},{"ts":"2013-06-14T09:30:00Z","nsw":1,"qld":6,"sa":0,"tas":0,"vic":1,"wa":1},{"ts":"2013-06-14T09:40:00Z","nsw":2,"qld":6,"sa":0,"tas":0,"vic":1},{"ts":"2013-06-14T09:50:00Z","nsw":2,"qld":6,"sa":0,"tas":0,"vic":2},{"ts":"2013-06-14T10:00:00Z","nsw":2,"qld":6,"sa":0,"tas":0,"vic":3,"wa":0},{"ts":"2013-06-14T10:10:00Z","nsw":2,"qld":6,"sa":0,"tas":0,"vic":3},{"ts":"2013-06-14T10:20:00Z","nsw":2,"qld":3,"sa":0,"tas":0,"vic":3},{"ts":"2013-06-14T10:30:00Z","nsw":2,"qld":3,"sa":0,"tas":0,"vic":0,"wa":0},{"ts":"2013-06-14T10:40:00Z","nsw":3,"qld":3,"sa":0,"tas":0,"vic":2},{"ts":"2013-06-14T10:50:00Z","nsw":1,"qld":2,"sa":0,"tas":0,"vic":1},{"ts":"2013-06-14T11:00:00Z","nsw":2,"qld":2,"sa":0,"tas":0,"vic":2,"wa":0},{"ts":"2013-06-14T11:10:00Z","nsw":1,"qld":2,"sa":0,"tas":0,"vic":1},{"ts":"2013-06-14T11:20:00Z","nsw":2,"qld":2,"sa":0,"tas":0,"vic":2},{"ts":"2013-06-14T11:30:00Z","nsw":2,"qld":3,"sa":0,"tas":0,"vic":3,"wa":0},{"ts":"2013-06-14T11:40:00Z","nsw":2,"qld":2,"sa":0,"tas":0,"vic":2},{"ts":"2013-06-14T11:50:00Z","nsw":1,"qld":2,"sa":0,"tas":0,"vic":1},{"ts":"2013-06-14T12:00:00Z","nsw":2,"qld":2,"sa":0,"tas":0,"vic":1,"wa":1},{"ts":"2013-06-14T12:10:00Z","nsw":1,"qld":2,"sa":0,"tas":0,"vic":1},{"ts":"2013-06-14T12:20:00Z","nsw":1,"qld":2,"sa":0,"tas":0,"vic":1},{"ts":"2013-06-14T12:30:00Z","nsw":2,"qld":3,"sa":0,"tas":0,"vic":1,"wa":0},{"ts":"2013-06-14T12:40:00Z","nsw":2,"qld":2,"sa":0,"tas":0,"vic":1},{"ts":"2013-06-14T12:50:00Z","nsw":1,"qld":2,"sa":0,"tas":0,"vic":1}]} 