{"performance":[{"ts":"2013-07-10T18:00:00Z","nsw":"0.26","nt":"0.00","qld":"0.38","sa":"0.07","tas":"0.00","vic":"0.10","wa":"0.10"},{"ts":"2013-07-10T18:10:00Z","nsw":"0.24","nt":"0.00","qld":"0.35","sa":"0.10","tas":"0.00","vic":"0.10","wa":"0.11"},{"ts":"2013-07-10T18:20:00Z","nsw":"0.30","nt":"0.00","qld":"0.30","sa":"0.11","tas":"0.00","vic":"0.10","wa":"0.11"},{"ts":"2013-07-10T18:30:00Z","nsw":"0.15","nt":"0.00","qld":"0.30","sa":"0.10","tas":"0.00","vic":"0.10","wa":"0.11"},{"ts":"2013-07-10T18:40:00Z","nsw":"0.29","nt":"0.00","qld":"0.30","sa":"0.10","tas":"0.00","vic":"0.10","wa":"0.10"},{"ts":"2013-07-10T18:50:00Z","nsw":"0.27","nt":"0.00","qld":"0.30","sa":"0.10","tas":"0.00","vic":"0.10","wa":"0.11"},{"ts":"2013-07-10T19:00:00Z","nsw":"0.25","nt":"0.00","qld":"0.34","sa":"0.11","tas":"0.00","vic":"0.10","wa":"0.10"},{"ts":"2013-07-10T19:10:00Z","nsw":"0.24","nt":"0.00","qld":"0.36","sa":"0.10","tas":"0.00","vic":"0.10","wa":"0.11"},{"ts":"2013-07-10T19:20:00Z","nsw":"0.30","nt":"0.00","qld":"0.33","sa":"0.07","tas":"0.00","vic":"0.09","wa":"0.11"},{"ts":"2013-07-10T19:30:00Z","nsw":"0.26","nt":"0.00","qld":"0.33","sa":"0.11","tas":"0.00","vic":"0.09","wa":"0.11"},{"ts":"2013-07-10T19:40:00Z","nsw":"0.22","nt":"0.00","qld":"0.32","sa":"0.01","tas":"0.00","vic":"0.07","wa":"0.11"},{"ts":"2013-07-10T19:50:00Z","nsw":"0.23","nt":"0.00","qld":"0.28","sa":"0.11","tas":"0.00","vic":"0.10","wa":"0.12"},{"ts":"2013-07-10T20:00:00Z","nsw":"0.20","nt":"0.00","qld":"0.25","sa":"0.08","tas":"0.00","vic":"0.10","wa":"0.11"},{"ts":"2013-07-10T20:10:00Z","nsw":"0.22","nt":"0.00","qld":"0.28","sa":"0.05","tas":"0.00","vic":"0.09","wa":"0.12"},{"ts":"2013-07-10T20:20:00Z","nsw":"0.41","nt":"0.00","qld":"0.32","sa":"0.07","tas":"0.00","vic":"0.06","wa":"0.11"},{"ts":"2013-07-10T20:30:00Z","nsw":"0.32","nt":"0.00","qld":"0.37","sa":"0.10","tas":"0.12","vic":"0.08","wa":"0.12"},{"ts":"2013-07-10T20:40:00Z","nsw":"0.28","nt":"0.00","qld":"0.12","sa":"0.10","tas":"0.00","vic":"0.08","wa":"0.12"},{"ts":"2013-07-10T20:50:00Z","nsw":"0.29","nt":"0.00","qld":"0.77","sa":"0.10","tas":"0.00","vic":"0.07","wa":"0.12"},{"ts":"2013-07-10T21:00:00Z","nsw":"0.28","nt":"0.00","qld":"1.68","sa":"0.08","tas":"0.00","vic":"0.05","wa":"0.12"},{"ts":"2013-07-10T21:10:00Z","nsw":"0.56","nt":"0.00","qld":"2.84","sa":"0.10","tas":"0.00","vic":"0.07","wa":"0.12"},{"ts":"2013-07-10T21:20:00Z","nsw":"1.04","nt":"0.00","qld":"4.45","sa":"0.10","tas":"0.00","vic":"0.07","wa":"0.13"},{"ts":"2013-07-10T21:30:00Z","nsw":"1.67","nt":"0.00","qld":"6.78","sa":"0.12","tas":"0.00","vic":"0.15","wa":"0.13"},{"ts":"2013-07-10T21:40:00Z","nsw":"2.75","nt":"0.06","qld":"9.58","sa":"0.12","tas":"0.11","vic":"0.35","wa":"0.11"},{"ts":"2013-07-10T21:50:00Z","nsw":"4.43","nt":"0.24","qld":"12.16","sa":"0.11","tas":"0.16","vic":"0.99","wa":"0.28"},{"ts":"2013-07-10T22:00:00Z","nsw":"6.14","nt":"0.68","qld":"14.78","sa":"0.14","tas":"1.06","vic":"2.07","wa":"0.11"},{"ts":"2013-07-10T22:10:00Z","nsw":"8.09","nt":"1.08","qld":"17.62","sa":"0.67","tas":"1.24","vic":"3.33","wa":"0.29"},{"ts":"2013-07-10T22:20:00Z","nsw":"10.40","nt":"1.85","qld":"21.07","sa":"1.24","tas":"2.20","vic":"4.84","wa":"0.25"},{"ts":"2013-07-10T22:30:00Z","nsw":"11.27","nt":"2.53","qld":"22.38","sa":"1.76","tas":"2.95","vic":"6.77","wa":"0.12"},{"ts":"2013-07-10T22:40:00Z","nsw":"13.35","nt":"3.83","qld":"25.57","sa":"2.45","tas":"6.08","vic":"8.91","wa":"0.11"},{"ts":"2013-07-10T22:50:00Z","nsw":"15.25","nt":"5.49","qld":"28.22","sa":"3.48","tas":"7.10","vic":"10.73","wa":"0.28"},{"ts":"2013-07-10T23:00:00Z","nsw":"17.89","nt":"7.70","qld":"31.45","sa":"4.08","tas":"9.38","vic":"12.51","wa":"0.24"},{"ts":"2013-07-10T23:10:00Z","nsw":"20.23","nt":"12.08","qld":"32.42","sa":"4.96","tas":"9.68","vic":"13.21","wa":"0.12"},{"ts":"2013-07-10T23:20:00Z","nsw":"23.27","nt":"11.94","qld":"34.20","sa":"6.64","tas":"13.25","vic":"14.41","wa":"0.25"},{"ts":"2013-07-10T23:30:00Z","nsw":"25.72","nt":"15.48","qld":"36.36","sa":"10.70","tas":"12.70","vic":"15.25","wa":"1.07"},{"ts":"2013-07-10T23:40:00Z","nsw":"27.95","nt":"20.36","qld":"39.17","sa":"12.54","tas":"14.23","vic":"16.88","wa":"2.19"},{"ts":"2013-07-10T23:50:00Z","nsw":"30.48","nt":"21.10","qld":"42.27","sa":"14.55","tas":"14.48","vic":"17.28","wa":"4.24"},{"ts":"2013-07-11T00:00:00Z","nsw":"32.59","nt":"28.53","qld":"44.95","sa":"15.04","tas":"19.84","vic":"19.74","wa":"7.27"},{"ts":"2013-07-11T00:10:00Z","nsw":"34.91","nt":"31.78","qld":"45.59","sa":"21.52","tas":"20.16","vic":"20.16","wa":"10.38"},{"ts":"2013-07-11T00:20:00Z","nsw":"37.49","nt":"36.70","qld":"47.31","sa":"22.48","tas":"23.34","vic":"20.59","wa":"13.23"},{"ts":"2013-07-11T00:30:00Z","nsw":"38.82","nt":"40.05","qld":"48.37","sa":"24.81","tas":"24.09","vic":"22.66","wa":"13.28"},{"ts":"2013-07-11T00:40:00Z","nsw":"41.60","nt":"40.76","qld":"49.47","sa":"25.48","tas":"27.64","vic":"23.64","wa":"13.17"},{"ts":"2013-07-11T00:50:00Z","nsw":"40.73","nt":"45.39","qld":"50.82","sa":"28.40","tas":"24.81","vic":"23.90","wa":"13.40"},{"ts":"2013-07-11T01:00:00Z","nsw":"42.62","nt":"48.86","qld":"50.73","sa":"27.64","tas":"27.56","vic":"26.56","wa":"14.31"},{"ts":"2013-07-11T01:10:00Z","nsw":"46.55","nt":"48.74","qld":"50.35","sa":"33.55","tas":"27.67","vic":"27.27","wa":"12.56"},{"ts":"2013-07-11T01:20:00Z","nsw":"49.19","nt":"52.47","qld":"47.78","sa":"36.18","tas":"30.54","vic":"28.52","wa":"11.97"},{"ts":"2013-07-11T01:30:00Z","nsw":"47.74","nt":"54.42","qld":"45.04","sa":"40.06","tas":"29.94","vic":"31.19","wa":"12.67"},{"ts":"2013-07-11T01:40:00Z","nsw":"47.40","nt":"54.83","qld":"44.90","sa":"44.98","tas":"32.28","vic":"33.12","wa":"14.52"},{"ts":"2013-07-11T01:50:00Z","nsw":"46.82","nt":"58.44","qld":"40.35","sa":"48.06","tas":"25.29","vic":"33.45","wa":"13.31"},{"ts":"2013-07-11T02:00:00Z","nsw":"49.33","nt":"60.22","qld":"37.59","sa":"48.05","tas":"32.59","vic":"34.36","wa":"13.62"},{"ts":"2013-07-11T02:10:00Z","nsw":"48.28","nt":"60.25","qld":"34.63","sa":"50.07","tas":"28.38","vic":"32.69","wa":"12.53"},{"ts":"2013-07-11T02:20:00Z","nsw":"49.46","nt":"62.73","qld":"35.90","sa":"50.58","tas":"27.17","vic":"34.42","wa":"13.08"},{"ts":"2013-07-11T02:30:00Z","nsw":"48.24","nt":"62.57","qld":"36.87","sa":"52.36","tas":"24.92","vic":"34.64","wa":"11.05"},{"ts":"2013-07-11T02:40:00Z","nsw":"46.90","nt":"56.98","qld":"39.06","sa":"53.26","tas":"27.16","vic":"37.76","wa":"9.74"},{"ts":"2013-07-11T02:50:00Z","nsw":"43.22","nt":"59.68","qld":"37.42","sa":"52.28","tas":"25.50","vic":"36.09","wa":"7.91"},{"ts":"2013-07-11T03:00:00Z","nsw":"46.26","nt":"64.89","qld":"40.17","sa":"52.13","tas":"26.92","vic":"36.41","wa":"8.22"},{"ts":"2013-07-11T03:10:00Z","nsw":"45.00","nt":"67.13","qld":"39.20","sa":"52.52","tas":"25.59","vic":"32.40","wa":"8.24"},{"ts":"2013-07-11T03:20:00Z","nsw":"40.91","nt":"63.21","qld":"38.77","sa":"51.89","tas":"25.48","vic":"32.15","wa":"7.86"},{"ts":"2013-07-11T03:30:00Z","nsw":"42.95","nt":"55.10","qld":"39.57","sa":"51.56","tas":"20.19","vic":"31.61","wa":"6.92"},{"ts":"2013-07-11T03:40:00Z","nsw":"43.16","nt":"50.82","qld":"42.33","sa":"49.73","tas":"24.82","vic":"30.09","wa":"7.19"},{"ts":"2013-07-11T03:50:00Z","nsw":"36.98","nt":"54.18","qld":"40.16","sa":"50.53","tas":"24.14","vic":"28.74","wa":"6.91"},{"ts":"2013-07-11T04:00:00Z","nsw":"36.81","nt":"52.30","qld":"37.84","sa":"49.72","tas":"26.18","vic":"29.56","wa":"7.22"},{"ts":"2013-07-11T04:10:00Z","nsw":"36.35","nt":"38.54","qld":"33.60","sa":"49.15","tas":"26.08","vic":"33.17","wa":"7.42"},{"ts":"2013-07-11T04:20:00Z","nsw":"32.95","nt":"57.63","qld":"32.27","sa":"48.00","tas":"24.48","vic":"33.62","wa":"8.19"},{"ts":"2013-07-11T04:30:00Z","nsw":"32.05","nt":"56.90","qld":"29.47","sa":"46.88","tas":"16.81","vic":"31.64","wa":"9.47"},{"ts":"2013-07-11T04:40:00Z","nsw":"28.40","nt":"56.12","qld":"28.51","sa":"44.40","tas":"18.60","vic":"30.28","wa":"11.56"},{"ts":"2013-07-11T04:50:00Z","nsw":"28.36","nt":"27.32","qld":"26.26","sa":"41.82","tas":"15.82","vic":"27.86","wa":"11.78"},{"ts":"2013-07-11T05:00:00Z","nsw":"23.73","nt":"45.35","qld":"25.11","sa":"38.64","tas":"13.51","vic":"27.14","wa":"12.36"},{"ts":"2013-07-11T05:10:00Z","nsw":"20.86","nt":"50.09","qld":"24.11","sa":"33.51","tas":"9.97","vic":"24.43","wa":"11.28"},{"ts":"2013-07-11T05:20:00Z","nsw":"18.57","nt":"57.88","qld":"22.76","sa":"27.46","tas":"10.28","vic":"22.04","wa":"10.47"},{"ts":"2013-07-11T05:30:00Z","nsw":"15.58","nt":"51.39","qld":"20.11","sa":"23.96","tas":"9.47","vic":"18.48","wa":"8.78"},{"ts":"2013-07-11T05:40:00Z","nsw":"13.12","nt":"53.18","qld":"17.84","sa":"21.16","tas":"9.22","vic":"16.28","wa":"7.88"},{"ts":"2013-07-11T05:50:00Z","nsw":"11.71","nt":"46.60","qld":"14.76","sa":"20.66","tas":"6.62","vic":"14.32","wa":"7.70"},{"ts":"2013-07-11T06:00:00Z","nsw":"9.54","nt":"31.68","qld":"12.38","sa":"20.81","tas":"5.44","vic":"12.65","wa":"8.18"},{"ts":"2013-07-11T06:10:00Z","nsw":"7.18","nt":"45.02","qld":"10.55","sa":"20.50","tas":"3.78","vic":"9.85","wa":"8.66"},{"ts":"2013-07-11T06:20:00Z","nsw":"6.27","nt":"38.94","qld":"7.62","sa":"15.65","tas":"2.81","vic":"7.40","wa":"8.05"},{"ts":"2013-07-11T06:30:00Z","nsw":"4.89","nt":"32.91","qld":"5.51","sa":"11.75","tas":"2.03","vic":"5.24","wa":"7.86"},{"ts":"2013-07-11T06:40:00Z","nsw":"3.46","nt":"32.31","qld":"3.52","sa":"7.37","tas":"1.67","vic":"3.60","wa":"9.05"},{"ts":"2013-07-11T06:50:00Z","nsw":"1.88","nt":"35.72","qld":"1.95","sa":"6.95","tas":"0.65","vic":"2.28","wa":"11.24"},{"ts":"2013-07-11T07:00:00Z","nsw":"0.87","nt":"30.06","qld":"1.13","sa":"6.30","tas":"0.23","vic":"1.43","wa":"14.75"},{"ts":"2013-07-11T07:10:00Z","nsw":"0.64","nt":"22.94","qld":"0.79","sa":"4.99","tas":"0.10","vic":"0.78","wa":"15.94"},{"ts":"2013-07-11T07:20:00Z","nsw":"0.44","nt":"25.22","qld":"0.60","sa":"3.26","tas":"0.07","vic":"0.47","wa":"15.28"},{"ts":"2013-07-11T07:30:00Z","nsw":"0.35","nt":"22.14","qld":"0.45","sa":"1.82","tas":"0.04","vic":"0.40","wa":"12.64"},{"ts":"2013-07-11T07:40:00Z","nsw":"0.33","nt":"17.09","qld":"0.60","sa":"0.77","tas":"0.00","vic":"0.29","wa":"10.18"},{"ts":"2013-07-11T07:50:00Z","nsw":"0.34","nt":"16.37","qld":"0.52","sa":"0.46","tas":"0.00","vic":"0.14","wa":"8.33"},{"ts":"2013-07-11T08:00:00Z","nsw":"0.50","nt":"11.99","qld":"0.43","sa":"0.38","tas":"0.00","vic":"0.13","wa":"7.97"},{"ts":"2013-07-11T08:10:00Z","nsw":"0.42","nt":"9.16","qld":"0.45","sa":"0.33","tas":"0.00","vic":"0.37","wa":"6.75"},{"ts":"2013-07-11T08:20:00Z","nsw":"0.41","nt":"6.39","qld":"0.49","sa":"0.22","tas":"0.00","vic":"0.14","wa":"4.86"},{"ts":"2013-07-11T08:30:00Z","nsw":"0.38","nt":"3.29","qld":"0.56","sa":"0.17","tas":"0.00","vic":"0.14","wa":"3.04"},{"ts":"2013-07-11T08:40:00Z","nsw":"0.51","nt":"2.35","qld":"0.50","sa":"0.17","tas":"0.00","vic":"0.14","wa":"2.22"},{"ts":"2013-07-11T08:50:00Z","nsw":"0.41","nt":"1.36","qld":"0.49","sa":"0.17","tas":"0.00","vic":"0.14","wa":"1.86"},{"ts":"2013-07-11T09:00:00Z","nsw":"0.44","nt":"0.59","qld":"0.49","sa":"0.16","tas":"0.00","vic":"0.13","wa":"1.37"},{"ts":"2013-07-11T09:10:00Z","nsw":"0.41","nt":"0.30","qld":"0.36","sa":"0.16","tas":"0.00","vic":"0.14","wa":"0.85"},{"ts":"2013-07-11T09:20:00Z","nsw":"0.40","nt":"0.25","qld":"0.36","sa":"0.16","tas":"0.00","vic":"0.14","wa":"0.31"},{"ts":"2013-07-11T09:30:00Z","nsw":"0.41","nt":"0.29","qld":"0.36","sa":"0.14","tas":"0.00","vic":"0.15","wa":"0.22"},{"ts":"2013-07-11T09:50:00Z","nsw":"0.73","nt":"0.28","qld":"0.36","sa":"0.14","tas":"0.00","vic":"0.14","wa":"0.25"},{"ts":"2013-07-11T10:00:00Z","nsw":"0.43","nt":"0.45","qld":"0.39","sa":"0.14","tas":"0.00","vic":"0.15","wa":"0.27"},{"ts":"2013-07-11T10:10:00Z","nsw":"0.51","nt":"0.45","qld":"0.39","sa":"0.14","tas":"0.00","vic":"0.15","wa":"0.24"},{"ts":"2013-07-11T10:20:00Z","nsw":"0.45","nt":"0.45","qld":"0.35","sa":"0.14","tas":"0.00","vic":"0.13","wa":"0.24"},{"ts":"2013-07-11T10:30:00Z","nsw":"0.43","nt":"0.45","qld":"0.37","sa":"0.15","tas":"0.00","vic":"0.15","wa":"0.27"},{"ts":"2013-07-11T10:40:00Z","nsw":"0.45","nt":"0.45","qld":"0.36","sa":"0.15","tas":"0.00","vic":"0.16","wa":"0.24"},{"ts":"2013-07-11T10:50:00Z","nsw":"0.40","nt":"0.45","qld":"0.35","sa":"0.15","tas":"0.00","vic":"0.15","wa":"0.26"},{"ts":"2013-07-11T11:00:00Z","nsw":"0.49","nt":"0.45","qld":"0.39","sa":"0.09","tas":"0.00","vic":"0.12","wa":"0.23"},{"ts":"2013-07-11T11:10:00Z","nsw":"0.48","nt":"0.45","qld":"0.37","sa":"0.15","tas":"0.00","vic":"0.14","wa":"0.26"},{"ts":"2013-07-11T11:20:00Z","nsw":"0.45","nt":"0.45","qld":"0.37","sa":"0.15","tas":"0.00","vic":"0.15","wa":"0.25"},{"ts":"2013-07-11T11:30:00Z","nsw":"0.45","nt":"0.45","qld":"0.36","sa":"0.17","tas":"0.00","vic":"0.16","wa":"0.26"},{"ts":"2013-07-11T11:40:00Z","nsw":"0.49","nt":"0.45","qld":"0.35","sa":"0.13","tas":"0.00","vic":"0.14","wa":"0.12"},{"ts":"2013-07-11T11:50:00Z","nsw":"0.55","nt":"0.26","qld":"0.35","sa":"0.14","tas":"0.00","vic":"0.16","wa":"0.25"},{"ts":"2013-07-11T12:00:00Z","nsw":"0.55","nt":"0.26","qld":"0.43","sa":"0.15","tas":"0.00","vic":"0.15","wa":"0.24"},{"ts":"2013-07-11T12:10:00Z","nsw":"0.45","nt":"0.26","qld":"0.38","sa":"0.14","tas":"0.00","vic":"0.15","wa":"0.23"},{"ts":"2013-07-11T12:20:00Z","nsw":"0.40","nt":"0.26","qld":"0.36","sa":"0.15","tas":"0.00","vic":"0.13","wa":"0.23"},{"ts":"2013-07-11T12:30:00Z","nsw":"0.47","nt":"0.26","qld":"0.39","sa":"0.17","tas":"0.00","vic":"0.15","wa":"0.25"},{"ts":"2013-07-11T12:40:00Z","nsw":"0.51","nt":"0.26","qld":"0.35","sa":"0.17","tas":"0.00","vic":"0.15","wa":"0.22"},{"ts":"2013-07-11T12:50:00Z","nsw":"0.43","nt":"0.26","qld":"0.39","sa":"0.15","tas":"0.00","vic":"0.14","wa":"0.26"}],"contribution":[{"ts":"2013-07-10T18:00:00Z","nsw":"0.02","qld":"0.07","sa":"0.02","tas":"0.00","vic":"0.01"},{"ts":"2013-07-10T18:10:00Z","nsw":"0.02","qld":"0.06","sa":"0.03","tas":"0.00","vic":"0.01"},{"ts":"2013-07-10T18:20:00Z","nsw":"0.03","qld":"0.05","sa":"0.04","tas":"0.00","vic":"0.01"},{"ts":"2013-07-10T18:30:00Z","nsw":"0.01","qld":"0.05","sa":"0.03","tas":"0.00","vic":"0.01"},{"ts":"2013-07-10T18:40:00Z","nsw":"0.02","qld":"0.05","sa":"0.03","tas":"0.00","vic":"0.01"},{"ts":"2013-07-10T18:50:00Z","nsw":"0.02","qld":"0.05","sa":"0.03","tas":"0.00","vic":"0.01"},{"ts":"2013-07-10T19:00:00Z","nsw":"0.02","qld":"0.06","sa":"0.03","tas":"0.00","vic":"0.01"},{"ts":"2013-07-10T19:10:00Z","nsw":"0.02","qld":"0.06","sa":"0.03","tas":"0.00","vic":"0.01"},{"ts":"2013-07-10T19:20:00Z","nsw":"0.02","qld":"0.05","sa":"0.02","tas":"0.00","vic":"0.01"},{"ts":"2013-07-10T19:30:00Z","nsw":"0.02","qld":"0.05","sa":"0.03","tas":"0.00","vic":"0.01"},{"ts":"2013-07-10T19:40:00Z","nsw":"0.02","qld":"0.05","sa":"0.00","tas":"0.00","vic":"0.01"},{"ts":"2013-07-10T19:50:00Z","nsw":"0.02","qld":"0.04","sa":"0.03","tas":"0.00","vic":"0.01"},{"ts":"2013-07-10T20:00:00Z","nsw":"0.01","qld":"0.04","sa":"0.02","tas":"0.00","vic":"0.01"},{"ts":"2013-07-10T20:10:00Z","nsw":"0.02","qld":"0.04","sa":"0.01","tas":"0.00","vic":"0.01"},{"ts":"2013-07-10T20:20:00Z","nsw":"0.03","qld":"0.05","sa":"0.02","tas":"0.00","vic":"0.00"},{"ts":"2013-07-10T20:30:00Z","nsw":"0.02","qld":"0.05","sa":"0.03","tas":"0.00","vic":"0.01"},{"ts":"2013-07-10T20:40:00Z","nsw":"0.02","qld":"0.02","sa":"0.03","tas":"0.00","vic":"0.01"},{"ts":"2013-07-10T20:50:00Z","nsw":"0.02","qld":"0.10","sa":"0.03","tas":"0.00","vic":"0.00"},{"ts":"2013-07-10T21:00:00Z","nsw":"0.02","qld":"0.22","sa":"0.02","tas":"0.00","vic":"0.00"},{"ts":"2013-07-10T21:10:00Z","nsw":"0.04","qld":"0.36","sa":"0.03","tas":"0.00","vic":"0.00"},{"ts":"2013-07-10T21:20:00Z","nsw":"0.06","qld":"0.56","sa":"0.03","tas":"0.00","vic":"0.00"},{"ts":"2013-07-10T21:30:00Z","nsw":"0.10","qld":"0.84","sa":"0.03","tas":"0.00","vic":"0.01"},{"ts":"2013-07-10T21:40:00Z","nsw":"0.16","qld":"1.19","sa":"0.03","tas":"0.00","vic":"0.02"},{"ts":"2013-07-10T21:50:00Z","nsw":"0.26","qld":"1.51","sa":"0.03","tas":"0.00","vic":"0.06"},{"ts":"2013-07-10T22:00:00Z","nsw":"0.35","qld":"1.81","sa":"0.03","tas":"0.03","vic":"0.13"},{"ts":"2013-07-10T22:10:00Z","nsw":"0.46","qld":"2.18","sa":"0.15","tas":"0.03","vic":"0.21"},{"ts":"2013-07-10T22:20:00Z","nsw":"0.59","qld":"2.62","sa":"0.27","tas":"0.05","vic":"0.30"},{"ts":"2013-07-10T22:30:00Z","nsw":"0.64","qld":"2.82","sa":"0.38","tas":"0.07","vic":"0.41"},{"ts":"2013-07-10T22:40:00Z","nsw":"0.75","qld":"3.20","sa":"0.51","tas":"0.14","vic":"0.54"},{"ts":"2013-07-10T22:50:00Z","nsw":"0.85","qld":"3.56","sa":"0.72","tas":"0.17","vic":"0.65"},{"ts":"2013-07-10T23:00:00Z","nsw":"1.01","qld":"3.98","sa":"0.85","tas":"0.22","vic":"0.75"},{"ts":"2013-07-10T23:10:00Z","nsw":"1.14","qld":"4.12","sa":"1.03","tas":"0.23","vic":"0.80"},{"ts":"2013-07-10T23:20:00Z","nsw":"1.30","qld":"4.40","sa":"1.35","tas":"0.32","vic":"0.87"},{"ts":"2013-07-10T23:30:00Z","nsw":"1.45","qld":"4.70","sa":"2.18","tas":"0.30","vic":"0.92"},{"ts":"2013-07-10T23:40:00Z","nsw":"1.59","qld":"5.07","sa":"2.55","tas":"0.34","vic":"1.02"},{"ts":"2013-07-10T23:50:00Z","nsw":"1.74","qld":"5.52","sa":"2.98","tas":"0.35","vic":"1.06"},{"ts":"2013-07-11T00:00:00Z","nsw":"1.87","qld":"5.86","sa":"3.07","tas":"0.48","vic":"1.21"},{"ts":"2013-07-11T00:10:00Z","nsw":"2.00","qld":"5.99","sa":"4.44","tas":"0.50","vic":"1.23"},{"ts":"2013-07-11T00:20:00Z","nsw":"2.17","qld":"6.26","sa":"4.64","tas":"0.58","vic":"1.26"},{"ts":"2013-07-11T00:30:00Z","nsw":"2.26","qld":"6.36","sa":"5.22","tas":"0.61","vic":"1.39"},{"ts":"2013-07-11T00:40:00Z","nsw":"2.43","qld":"6.46","sa":"5.32","tas":"0.70","vic":"1.47"},{"ts":"2013-07-11T00:50:00Z","nsw":"2.41","qld":"6.67","sa":"5.99","tas":"0.62","vic":"1.49"},{"ts":"2013-07-11T01:00:00Z","nsw":"2.53","qld":"6.67","sa":"5.91","tas":"0.70","vic":"1.66"},{"ts":"2013-07-11T01:10:00Z","nsw":"2.78","qld":"6.67","sa":"7.07","tas":"0.70","vic":"1.72"},{"ts":"2013-07-11T01:20:00Z","nsw":"2.96","qld":"6.36","sa":"7.90","tas":"0.80","vic":"1.80"},{"ts":"2013-07-11T01:30:00Z","nsw":"2.91","qld":"6.07","sa":"8.73","tas":"0.80","vic":"1.97"},{"ts":"2013-07-11T01:40:00Z","nsw":"2.88","qld":"6.03","sa":"9.79","tas":"0.85","vic":"2.12"},{"ts":"2013-07-11T01:50:00Z","nsw":"2.88","qld":"5.37","sa":"10.61","tas":"0.67","vic":"2.12"},{"ts":"2013-07-11T02:00:00Z","nsw":"3.02","qld":"5.05","sa":"10.86","tas":"0.87","vic":"2.19"},{"ts":"2013-07-11T02:10:00Z","nsw":"2.96","qld":"4.64","sa":"11.18","tas":"0.76","vic":"2.11"},{"ts":"2013-07-11T02:20:00Z","nsw":"3.04","qld":"4.84","sa":"11.51","tas":"0.73","vic":"2.24"},{"ts":"2013-07-11T02:30:00Z","nsw":"2.98","qld":"5.01","sa":"11.95","tas":"0.67","vic":"2.26"},{"ts":"2013-07-11T02:40:00Z","nsw":"2.91","qld":"5.26","sa":"12.16","tas":"0.73","vic":"2.49"},{"ts":"2013-07-11T02:50:00Z","nsw":"2.70","qld":"5.01","sa":"12.17","tas":"0.70","vic":"2.39"},{"ts":"2013-07-11T03:00:00Z","nsw":"2.90","qld":"5.42","sa":"11.97","tas":"0.73","vic":"2.42"},{"ts":"2013-07-11T03:10:00Z","nsw":"2.82","qld":"5.30","sa":"12.36","tas":"0.71","vic":"2.14"},{"ts":"2013-07-11T03:20:00Z","nsw":"2.59","qld":"5.26","sa":"12.23","tas":"0.70","vic":"2.12"},{"ts":"2013-07-11T03:30:00Z","nsw":"2.70","qld":"5.39","sa":"12.19","tas":"0.55","vic":"2.11","wa":"0.86"},{"ts":"2013-07-11T03:40:00Z","nsw":"2.74","qld":"5.71","sa":"11.48","tas":"0.67","vic":"2.01"},{"ts":"2013-07-11T03:50:00Z","nsw":"2.36","qld":"5.42","sa":"11.56","tas":"0.66","vic":"1.93"},{"ts":"2013-07-11T04:00:00Z","nsw":"2.35","qld":"5.09","sa":"11.53","tas":"0.72","vic":"1.99","wa":"0.89"},{"ts":"2013-07-11T04:10:00Z","nsw":"2.32","qld":"4.56","sa":"11.43","tas":"0.71","vic":"2.26"},{"ts":"2013-07-11T04:20:00Z","nsw":"2.11","qld":"4.40","sa":"11.03","tas":"0.67","vic":"2.30"},{"ts":"2013-07-11T04:30:00Z","nsw":"2.05","qld":"4.01","sa":"10.90","tas":"0.46","vic":"2.16","wa":"1.17"},{"ts":"2013-07-11T04:40:00Z","nsw":"1.83","qld":"3.89","sa":"10.47","tas":"0.52","vic":"2.07"},{"ts":"2013-07-11T04:50:00Z","nsw":"1.82","qld":"3.59","sa":"9.65","tas":"0.44","vic":"1.91"},{"ts":"2013-07-11T05:00:00Z","nsw":"1.53","qld":"3.43","sa":"8.98","tas":"0.38","vic":"1.85","wa":"1.53"},{"ts":"2013-07-11T05:10:00Z","nsw":"1.34","qld":"3.29","sa":"7.84","tas":"0.28","vic":"1.67"},{"ts":"2013-07-11T05:20:00Z","nsw":"1.19","qld":"3.08","sa":"6.35","tas":"0.28","vic":"1.52"},{"ts":"2013-07-11T05:30:00Z","nsw":"1.00","qld":"2.74","sa":"5.57","tas":"0.26","vic":"1.28","wa":"1.09"},{"ts":"2013-07-11T05:40:00Z","nsw":"0.84","qld":"2.40","sa":"4.90","tas":"0.25","vic":"1.13"},{"ts":"2013-07-11T05:50:00Z","nsw":"0.75","qld":"1.99","sa":"4.79","tas":"0.18","vic":"0.99"},{"ts":"2013-07-11T06:00:00Z","nsw":"0.60","qld":"1.67","sa":"4.86","tas":"0.15","vic":"0.88","wa":"1.00"},{"ts":"2013-07-11T06:10:00Z","nsw":"0.45","qld":"1.42","sa":"4.67","tas":"0.10","vic":"0.68"},{"ts":"2013-07-11T06:20:00Z","nsw":"0.39","qld":"1.02","sa":"3.60","tas":"0.07","vic":"0.51"},{"ts":"2013-07-11T06:30:00Z","nsw":"0.30","qld":"0.73","sa":"2.70","tas":"0.05","vic":"0.36","wa":"0.96"},{"ts":"2013-07-11T06:40:00Z","nsw":"0.21","qld":"0.47","sa":"1.69","tas":"0.04","vic":"0.24"},{"ts":"2013-07-11T06:50:00Z","nsw":"0.11","qld":"0.25","sa":"1.58","tas":"0.02","vic":"0.15"},{"ts":"2013-07-11T07:00:00Z","nsw":"0.05","qld":"0.14","sa":"1.41","tas":"0.01","vic":"0.09","wa":"1.79"},{"ts":"2013-07-11T07:10:00Z","nsw":"0.04","qld":"0.10","sa":"1.10","tas":"0.00","vic":"0.05"},{"ts":"2013-07-11T07:20:00Z","nsw":"0.02","qld":"0.08","sa":"0.71","tas":"0.00","vic":"0.03"},{"ts":"2013-07-11T07:30:00Z","nsw":"0.02","qld":"0.06","sa":"0.39","tas":"0.00","vic":"0.02","wa":"1.54"},{"ts":"2013-07-11T07:40:00Z","nsw":"0.02","qld":"0.07","sa":"0.16","tas":"0.00","vic":"0.02"},{"ts":"2013-07-11T07:50:00Z","nsw":"0.02","qld":"0.06","sa":"0.09","tas":"0.00","vic":"0.01"},{"ts":"2013-07-11T08:00:00Z","nsw":"0.03","qld":"0.05","sa":"0.08","tas":"0.00","vic":"0.01","wa":"0.98"},{"ts":"2013-07-11T08:10:00Z","nsw":"0.02","qld":"0.06","sa":"0.06","tas":"0.00","vic":"0.02"},{"ts":"2013-07-11T08:20:00Z","nsw":"0.02","qld":"0.06","sa":"0.04","tas":"0.00","vic":"0.01"},{"ts":"2013-07-11T08:30:00Z","nsw":"0.02","qld":"0.07","sa":"0.03","tas":"0.00","vic":"0.01","wa":"0.37"},{"ts":"2013-07-11T08:40:00Z","nsw":"0.03","qld":"0.06","sa":"0.03","tas":"0.00","vic":"0.01"},{"ts":"2013-07-11T08:50:00Z","nsw":"0.02","qld":"0.06","sa":"0.03","tas":"0.00","vic":"0.01"},{"ts":"2013-07-11T09:00:00Z","nsw":"0.02","qld":"0.06","sa":"0.03","tas":"0.00","vic":"0.01","wa":"0.16"},{"ts":"2013-07-11T09:10:00Z","nsw":"0.02","qld":"0.04","sa":"0.03","tas":"0.00","vic":"0.01"},{"ts":"2013-07-11T09:20:00Z","nsw":"0.02","qld":"0.04","sa":"0.03","tas":"0.00","vic":"0.01"},{"ts":"2013-07-11T09:30:00Z","nsw":"0.02","qld":"0.04","sa":"0.03","tas":"0.00","vic":"0.01","wa":"0.02"},{"ts":"2013-07-11T09:50:00Z","nsw":"0.04","qld":"0.04","sa":"0.03","tas":"0.00","vic":"0.01"},{"ts":"2013-07-11T10:00:00Z","nsw":"0.02","qld":"0.05","sa":"0.03","tas":"0.00","vic":"0.01","wa":"0.03"},{"ts":"2013-07-11T10:10:00Z","nsw":"0.03","qld":"0.05","sa":"0.03","tas":"0.00","vic":"0.01"},{"ts":"2013-07-11T10:20:00Z","nsw":"0.02","qld":"0.04","sa":"0.03","tas":"0.00","vic":"0.01"},{"ts":"2013-07-11T10:30:00Z","nsw":"0.02","qld":"0.04","sa":"0.03","tas":"0.00","vic":"0.01","wa":"0.03"},{"ts":"2013-07-11T10:40:00Z","nsw":"0.03","qld":"0.04","sa":"0.03","tas":"0.00","vic":"0.01"},{"ts":"2013-07-11T10:50:00Z","nsw":"0.02","qld":"0.04","sa":"0.03","tas":"0.00","vic":"0.01"},{"ts":"2013-07-11T11:00:00Z","nsw":"0.03","qld":"0.05","sa":"0.02","tas":"0.00","vic":"0.01","wa":"0.02"},{"ts":"2013-07-11T11:10:00Z","nsw":"0.03","qld":"0.05","sa":"0.03","tas":"0.00","vic":"0.01"},{"ts":"2013-07-11T11:20:00Z","nsw":"0.03","qld":"0.05","sa":"0.03","tas":"0.00","vic":"0.01"},{"ts":"2013-07-11T11:30:00Z","nsw":"0.03","qld":"0.05","sa":"0.04","tas":"0.00","vic":"0.01","wa":"0.03"},{"ts":"2013-07-11T11:40:00Z","nsw":"0.03","qld":"0.05","sa":"0.03","tas":"0.00","vic":"0.01"},{"ts":"2013-07-11T11:50:00Z","nsw":"0.03","qld":"0.05","sa":"0.03","tas":"0.00","vic":"0.01"},{"ts":"2013-07-11T12:00:00Z","nsw":"0.03","qld":"0.06","sa":"0.03","tas":"0.00","vic":"0.01","wa":"0.03"},{"ts":"2013-07-11T12:10:00Z","nsw":"0.03","qld":"0.05","sa":"0.03","tas":"0.00","vic":"0.01"},{"ts":"2013-07-11T12:20:00Z","nsw":"0.02","qld":"0.05","sa":"0.03","tas":"0.00","vic":"0.01"},{"ts":"2013-07-11T12:30:00Z","nsw":"0.03","qld":"0.05","sa":"0.04","tas":"0.00","vic":"0.01"},{"ts":"2013-07-11T12:40:00Z","nsw":"0.03","qld":"0.05","sa":"0.04","tas":"0.00","vic":"0.01"},{"ts":"2013-07-11T12:50:00Z","nsw":"0.03","qld":"0.05","sa":"0.04","tas":"0.00","vic":"0.01"}],"demand":[{"ts":"2013-07-10T18:00:00Z","nsw":6814,"qld":4526,"sa":1181,"tas":1136,"vic":4771},{"ts":"2013-07-10T18:10:00Z","nsw":6855,"qld":4554,"sa":1157,"tas":1136,"vic":4772},{"ts":"2013-07-10T18:20:00Z","nsw":6822,"qld":4580,"sa":1158,"tas":1136,"vic":4787},{"ts":"2013-07-10T18:30:00Z","nsw":6865,"qld":4632,"sa":1158,"tas":1142,"vic":4766},{"ts":"2013-07-10T18:40:00Z","nsw":6963,"qld":4649,"sa":1145,"tas":1159,"vic":4796},{"ts":"2013-07-10T18:50:00Z","nsw":7018,"qld":4702,"sa":1148,"tas":1167,"vic":4830},{"ts":"2013-07-10T19:00:00Z","nsw":7097,"qld":4779,"sa":1158,"tas":1177,"vic":4860},{"ts":"2013-07-10T19:10:00Z","nsw":7229,"qld":4876,"sa":1146,"tas":1200,"vic":4962},{"ts":"2013-07-10T19:20:00Z","nsw":7327,"qld":5010,"sa":1171,"tas":1211,"vic":5043},{"ts":"2013-07-10T19:30:00Z","nsw":7423,"qld":5023,"sa":1162,"tas":1222,"vic":5128},{"ts":"2013-07-10T19:40:00Z","nsw":7528,"qld":5113,"sa":1185,"tas":1243,"vic":5227},{"ts":"2013-07-10T19:50:00Z","nsw":7652,"qld":5272,"sa":1229,"tas":1258,"vic":5314},{"ts":"2013-07-10T20:00:00Z","nsw":7840,"qld":5432,"sa":1242,"tas":1274,"vic":5465},{"ts":"2013-07-10T20:10:00Z","nsw":8250,"qld":5575,"sa":1253,"tas":1299,"vic":5719},{"ts":"2013-07-10T20:20:00Z","nsw":8534,"qld":5664,"sa":1286,"tas":1324,"vic":5825},{"ts":"2013-07-10T20:30:00Z","nsw":8752,"qld":5862,"sa":1343,"tas":1341,"vic":5933},{"ts":"2013-07-10T20:40:00Z","nsw":8883,"qld":5981,"sa":1394,"tas":1361,"vic":6155},{"ts":"2013-07-10T20:50:00Z","nsw":9046,"qld":6084,"sa":1441,"tas":1384,"vic":6294},{"ts":"2013-07-10T21:00:00Z","nsw":9055,"qld":6224,"sa":1468,"tas":1405,"vic":6402},{"ts":"2013-07-10T21:10:00Z","nsw":9230,"qld":6392,"sa":1470,"tas":1441,"vic":6464},{"ts":"2013-07-10T21:20:00Z","nsw":9424,"qld":6463,"sa":1514,"tas":1473,"vic":6609},{"ts":"2013-07-10T21:30:00Z","nsw":9660,"qld":6473,"sa":1559,"tas":1497,"vic":6711},{"ts":"2013-07-10T21:40:00Z","nsw":9792,"qld":6461,"sa":1586,"tas":1527,"vic":6894},{"ts":"2013-07-10T21:50:00Z","nsw":9851,"qld":6448,"sa":1655,"tas":1538,"vic":6907},{"ts":"2013-07-10T22:00:00Z","nsw":9926,"qld":6496,"sa":1657,"tas":1550,"vic":7056},{"ts":"2013-07-10T22:10:00Z","nsw":10025,"qld":6370,"sa":1688,"tas":1558,"vic":7136},{"ts":"2013-07-10T22:20:00Z","nsw":10017,"qld":6342,"sa":1728,"tas":1564,"vic":7193},{"ts":"2013-07-10T22:30:00Z","nsw":10040,"qld":6246,"sa":1739,"tas":1564,"vic":7162},{"ts":"2013-07-10T22:40:00Z","nsw":10091,"qld":6225,"sa":1810,"tas":1563,"vic":7191},{"ts":"2013-07-10T22:50:00Z","nsw":10103,"qld":6156,"sa":1798,"tas":1569,"vic":7237},{"ts":"2013-07-10T23:00:00Z","nsw":10026,"qld":6154,"sa":1781,"tas":1551,"vic":7260},{"ts":"2013-07-10T23:10:00Z","nsw":10027,"qld":6106,"sa":1791,"tas":1541,"vic":7255},{"ts":"2013-07-10T23:20:00Z","nsw":10052,"qld":6034,"sa":1811,"tas":1534,"vic":7260},{"ts":"2013-07-10T23:30:00Z","nsw":9943,"qld":5958,"sa":1787,"tas":1532,"vic":7229},{"ts":"2013-07-10T23:40:00Z","nsw":9884,"qld":5912,"sa":1786,"tas":1522,"vic":7189},{"ts":"2013-07-10T23:50:00Z","nsw":9793,"qld":5880,"sa":1770,"tas":1515,"vic":7134},{"ts":"2013-07-11T00:00:00Z","nsw":9767,"qld":5825,"sa":1748,"tas":1499,"vic":7129},{"ts":"2013-07-11T00:10:00Z","nsw":9723,"qld":5803,"sa":1741,"tas":1484,"vic":7128},{"ts":"2013-07-11T00:20:00Z","nsw":9624,"qld":5793,"sa":1713,"tas":1466,"vic":7104},{"ts":"2013-07-11T00:30:00Z","nsw":9577,"qld":5776,"sa":1680,"tas":1440,"vic":7074,"wa":2530},{"ts":"2013-07-11T00:40:00Z","nsw":9526,"qld":5792,"sa":1687,"tas":1449,"vic":6995},{"ts":"2013-07-11T00:50:00Z","nsw":9411,"qld":5741,"sa":1660,"tas":1452,"vic":6962},{"ts":"2013-07-11T01:00:00Z","nsw":9352,"qld":5727,"sa":1646,"tas":1448,"vic":6941,"wa":2530},{"ts":"2013-07-11T01:10:00Z","nsw":9238,"qld":5700,"sa":1633,"tas":1420,"vic":6876},{"ts":"2013-07-11T01:20:00Z","nsw":9177,"qld":5668,"sa":1582,"tas":1395,"vic":6864},{"ts":"2013-07-11T01:30:00Z","nsw":9093,"qld":5644,"sa":1567,"tas":1369,"vic":6811,"wa":2490},{"ts":"2013-07-11T01:40:00Z","nsw":9115,"qld":5665,"sa":1545,"tas":1381,"vic":6716},{"ts":"2013-07-11T01:50:00Z","nsw":9021,"qld":5735,"sa":1505,"tas":1373,"vic":6770},{"ts":"2013-07-11T02:00:00Z","nsw":9051,"qld":5720,"sa":1488,"tas":1368,"vic":6753,"wa":2437},{"ts":"2013-07-11T02:10:00Z","nsw":9001,"qld":5758,"sa":1483,"tas":1365,"vic":6665},{"ts":"2013-07-11T02:20:00Z","nsw":8972,"qld":5740,"sa":1455,"tas":1363,"vic":6628},{"ts":"2013-07-11T02:30:00Z","nsw":8944,"qld":5689,"sa":1443,"tas":1361,"vic":6571,"wa":2395},{"ts":"2013-07-11T02:40:00Z","nsw":8882,"qld":5740,"sa":1432,"tas":1352,"vic":6522},{"ts":"2013-07-11T02:50:00Z","nsw":8874,"qld":5754,"sa":1421,"tas":1331,"vic":6500},{"ts":"2013-07-11T03:00:00Z","nsw":8838,"qld":5688,"sa":1436,"tas":1350,"vic":6483,"wa":2439},{"ts":"2013-07-11T03:10:00Z","nsw":8840,"qld":5666,"sa":1402,"tas":1315,"vic":6520},{"ts":"2013-07-11T03:20:00Z","nsw":8789,"qld":5673,"sa":1395,"tas":1340,"vic":6517},{"ts":"2013-07-11T03:30:00Z","nsw":8776,"qld":5660,"sa":1402,"tas":1349,"vic":6480,"wa":2448},{"ts":"2013-07-11T03:40:00Z","nsw":8719,"qld":5665,"sa":1444,"tas":1349,"vic":6450},{"ts":"2013-07-11T03:50:00Z","nsw":8713,"qld":5685,"sa":1435,"tas":1338,"vic":6441},{"ts":"2013-07-11T04:00:00Z","nsw":8716,"qld":5682,"sa":1424,"tas":1327,"vic":6412,"wa":2461},{"ts":"2013-07-11T04:10:00Z","nsw":8717,"qld":5689,"sa":1428,"tas":1334,"vic":6318},{"ts":"2013-07-11T04:20:00Z","nsw":8737,"qld":5686,"sa":1446,"tas":1336,"vic":6305},{"ts":"2013-07-11T04:30:00Z","nsw":8725,"qld":5688,"sa":1429,"tas":1328,"vic":6344,"wa":2457},{"ts":"2013-07-11T04:40:00Z","nsw":8738,"qld":5738,"sa":1436,"tas":1319,"vic":6291},{"ts":"2013-07-11T04:50:00Z","nsw":8720,"qld":5720,"sa":1464,"tas":1317,"vic":6331},{"ts":"2013-07-11T05:00:00Z","nsw":8753,"qld":5738,"sa":1472,"tas":1319,"vic":6347,"wa":2450},{"ts":"2013-07-11T05:10:00Z","nsw":8801,"qld":5778,"sa":1482,"tas":1325,"vic":6319},{"ts":"2013-07-11T05:20:00Z","nsw":8831,"qld":5787,"sa":1521,"tas":1332,"vic":6298},{"ts":"2013-07-11T05:30:00Z","nsw":8877,"qld":5814,"sa":1528,"tas":1333,"vic":6293,"wa":2460},{"ts":"2013-07-11T05:40:00Z","nsw":8909,"qld":5869,"sa":1536,"tas":1337,"vic":6307},{"ts":"2013-07-11T05:50:00Z","nsw":8946,"qld":5917,"sa":1534,"tas":1338,"vic":6299},{"ts":"2013-07-11T06:00:00Z","nsw":9019,"qld":5936,"sa":1535,"tas":1348,"vic":6305,"wa":2491},{"ts":"2013-07-11T06:10:00Z","nsw":9061,"qld":5950,"sa":1554,"tas":1364,"vic":6326},{"ts":"2013-07-11T06:20:00Z","nsw":9116,"qld":6042,"sa":1563,"tas":1371,"vic":6407},{"ts":"2013-07-11T06:30:00Z","nsw":9242,"qld":6112,"sa":1585,"tas":1381,"vic":6481,"wa":2495},{"ts":"2013-07-11T06:40:00Z","nsw":9360,"qld":6138,"sa":1625,"tas":1379,"vic":6554},{"ts":"2013-07-11T06:50:00Z","nsw":9562,"qld":6238,"sa":1637,"tas":1402,"vic":6647},{"ts":"2013-07-11T07:00:00Z","nsw":9766,"qld":6360,"sa":1665,"tas":1409,"vic":6761,"wa":2489},{"ts":"2013-07-11T07:10:00Z","nsw":10001,"qld":6432,"sa":1686,"tas":1445,"vic":6878},{"ts":"2013-07-11T07:20:00Z","nsw":10319,"qld":6442,"sa":1715,"tas":1462,"vic":7012},{"ts":"2013-07-11T07:30:00Z","nsw":10570,"qld":6566,"sa":1768,"tas":1478,"vic":7181,"wa":2478},{"ts":"2013-07-11T07:40:00Z","nsw":10773,"qld":6657,"sa":1777,"tas":1487,"vic":7305},{"ts":"2013-07-11T07:50:00Z","nsw":10927,"qld":6697,"sa":1848,"tas":1500,"vic":7387},{"ts":"2013-07-11T08:00:00Z","nsw":10918,"qld":6665,"sa":1893,"tas":1498,"vic":7394,"wa":2488},{"ts":"2013-07-11T08:10:00Z","nsw":10874,"qld":6634,"sa":1923,"tas":1498,"vic":7378},{"ts":"2013-07-11T08:20:00Z","nsw":10881,"qld":6693,"sa":1977,"tas":1477,"vic":7365},{"ts":"2013-07-11T08:30:00Z","nsw":10874,"qld":6692,"sa":2009,"tas":1457,"vic":7344,"wa":2492},{"ts":"2013-07-11T08:40:00Z","nsw":10831,"qld":6736,"sa":2017,"tas":1474,"vic":7268},{"ts":"2013-07-11T08:50:00Z","nsw":10766,"qld":6695,"sa":2015,"tas":1469,"vic":7255},{"ts":"2013-07-11T09:00:00Z","nsw":10737,"qld":6652,"sa":2024,"tas":1456,"vic":7193,"wa":2564},{"ts":"2013-07-11T09:10:00Z","nsw":10616,"qld":6682,"sa":1990,"tas":1435,"vic":7131},{"ts":"2013-07-11T09:20:00Z","nsw":10508,"qld":6636,"sa":1985,"tas":1412,"vic":7097},{"ts":"2013-07-11T09:30:00Z","nsw":10438,"qld":6609,"sa":1984,"tas":1404,"vic":7035,"wa":2687},{"ts":"2013-07-11T09:40:00Z","nsw":10402,"qld":6660,"sa":2006,"tas":1389,"vic":6994},{"ts":"2013-07-11T09:50:00Z","nsw":10330,"qld":6684,"sa":2000,"tas":1394,"vic":6964},{"ts":"2013-07-11T10:00:00Z","nsw":10287,"qld":6708,"sa":1992,"tas":1398,"vic":6889,"wa":2862},{"ts":"2013-07-11T10:10:00Z","nsw":10291,"qld":6676,"sa":1989,"tas":1399,"vic":6856},{"ts":"2013-07-11T10:20:00Z","nsw":10271,"qld":6664,"sa":2002,"tas":1393,"vic":6835},{"ts":"2013-07-11T10:30:00Z","nsw":10297,"qld":6617,"sa":1973,"tas":1384,"vic":6797,"wa":2988},{"ts":"2013-07-11T10:40:00Z","nsw":10204,"qld":6556,"sa":1951,"tas":1374,"vic":6760},{"ts":"2013-07-11T10:50:00Z","nsw":10130,"qld":6520,"sa":1924,"tas":1361,"vic":6719},{"ts":"2013-07-11T11:00:00Z","nsw":10023,"qld":6440,"sa":1894,"tas":1361,"vic":6649,"wa":2978},{"ts":"2013-07-11T11:10:00Z","nsw":9918,"qld":6384,"sa":1896,"tas":1338,"vic":6527},{"ts":"2013-07-11T11:20:00Z","nsw":9821,"qld":6302,"sa":1875,"tas":1328,"vic":6410},{"ts":"2013-07-11T11:30:00Z","nsw":9663,"qld":6235,"sa":1812,"tas":1326,"vic":6356,"wa":2918},{"ts":"2013-07-11T11:40:00Z","nsw":9618,"qld":6194,"sa":1769,"tas":1311,"vic":6257},{"ts":"2013-07-11T11:50:00Z","nsw":9532,"qld":6144,"sa":1750,"tas":1321,"vic":6198},{"ts":"2013-07-11T12:00:00Z","nsw":9509,"qld":6057,"sa":1711,"tas":1306,"vic":6059,"wa":2869},{"ts":"2013-07-11T12:10:00Z","nsw":9587,"qld":6006,"sa":1705,"tas":1297,"vic":6068,"wa":2805},{"ts":"2013-07-11T12:20:00Z","nsw":9505,"qld":5912,"sa":1680,"tas":1282,"vic":6067},{"ts":"2013-07-11T12:30:00Z","nsw":9459,"qld":5852,"sa":1646,"tas":1266,"vic":6014},{"ts":"2013-07-11T12:40:00Z","nsw":9353,"qld":5847,"sa":1634,"tas":1252,"vic":5955},{"ts":"2013-07-11T12:50:00Z","nsw":9202,"qld":5803,"sa":1603,"tas":1240,"vic":5891}],"output":[{"ts":"2013-07-10T18:00:00Z","nsw":1,"qld":3,"sa":0,"tas":0,"vic":0},{"ts":"2013-07-10T18:10:00Z","nsw":1,"qld":2,"sa":0,"tas":0,"vic":0},{"ts":"2013-07-10T18:20:00Z","nsw":1,"qld":2,"sa":0,"tas":0,"vic":0},{"ts":"2013-07-10T18:30:00Z","nsw":0,"qld":2,"sa":0,"tas":0,"vic":0},{"ts":"2013-07-10T18:40:00Z","nsw":1,"qld":2,"sa":0,"tas":0,"vic":0},{"ts":"2013-07-10T18:50:00Z","nsw":1,"qld":2,"sa":0,"tas":0,"vic":0},{"ts":"2013-07-10T19:00:00Z","nsw":1,"qld":2,"sa":0,"tas":0,"vic":0},{"ts":"2013-07-10T19:10:00Z","nsw":1,"qld":2,"sa":0,"tas":0,"vic":0},{"ts":"2013-07-10T19:20:00Z","nsw":1,"qld":2,"sa":0,"tas":0,"vic":0},{"ts":"2013-07-10T19:30:00Z","nsw":1,"qld":2,"sa":0,"tas":0,"vic":0},{"ts":"2013-07-10T19:40:00Z","nsw":1,"qld":2,"sa":0,"tas":0,"vic":0},{"ts":"2013-07-10T19:50:00Z","nsw":1,"qld":2,"sa":0,"tas":0,"vic":0},{"ts":"2013-07-10T20:00:00Z","nsw":1,"qld":2,"sa":0,"tas":0,"vic":0},{"ts":"2013-07-10T20:10:00Z","nsw":1,"qld":2,"sa":0,"tas":0,"vic":0},{"ts":"2013-07-10T20:20:00Z","nsw":2,"qld":2,"sa":0,"tas":0,"vic":0},{"ts":"2013-07-10T20:30:00Z","nsw":1,"qld":2,"sa":0,"tas":0,"vic":0},{"ts":"2013-07-10T20:40:00Z","nsw":1,"qld":0,"sa":0,"tas":0,"vic":0},{"ts":"2013-07-10T20:50:00Z","nsw":1,"qld":6,"sa":0,"tas":0,"vic":0},{"ts":"2013-07-10T21:00:00Z","nsw":1,"qld":13,"sa":0,"tas":0,"vic":0},{"ts":"2013-07-10T21:10:00Z","nsw":3,"qld":23,"sa":0,"tas":0,"vic":0},{"ts":"2013-07-10T21:20:00Z","nsw":5,"qld":36,"sa":0,"tas":0,"vic":0},{"ts":"2013-07-10T21:30:00Z","nsw":9,"qld":55,"sa":0,"tas":0,"vic":0},{"ts":"2013-07-10T21:40:00Z","nsw":15,"qld":77,"sa":0,"tas":0,"vic":1},{"ts":"2013-07-10T21:50:00Z","nsw":25,"qld":98,"sa":0,"tas":0,"vic":4},{"ts":"2013-07-10T22:00:00Z","nsw":35,"qld":119,"sa":0,"tas":0,"vic":9},{"ts":"2013-07-10T22:10:00Z","nsw":46,"qld":142,"sa":2,"tas":0,"vic":14},{"ts":"2013-07-10T22:20:00Z","nsw":59,"qld":170,"sa":4,"tas":0,"vic":21},{"ts":"2013-07-10T22:30:00Z","nsw":64,"qld":181,"sa":6,"tas":1,"vic":29},{"ts":"2013-07-10T22:40:00Z","nsw":76,"qld":207,"sa":9,"tas":2,"vic":39},{"ts":"2013-07-10T22:50:00Z","nsw":87,"qld":228,"sa":13,"tas":2,"vic":47},{"ts":"2013-07-10T23:00:00Z","nsw":102,"qld":255,"sa":15,"tas":3,"vic":55},{"ts":"2013-07-10T23:10:00Z","nsw":115,"qld":263,"sa":18,"tas":3,"vic":58},{"ts":"2013-07-10T23:20:00Z","nsw":132,"qld":277,"sa":24,"tas":4,"vic":63},{"ts":"2013-07-10T23:30:00Z","nsw":146,"qld":294,"sa":40,"tas":4,"vic":67},{"ts":"2013-07-10T23:40:00Z","nsw":159,"qld":317,"sa":47,"tas":5,"vic":74},{"ts":"2013-07-10T23:50:00Z","nsw":174,"qld":342,"sa":54,"tas":5,"vic":76},{"ts":"2013-07-11T00:00:00Z","nsw":185,"qld":364,"sa":56,"tas":7,"vic":87},{"ts":"2013-07-11T00:10:00Z","nsw":199,"qld":369,"sa":80,"tas":7,"vic":88},{"ts":"2013-07-11T00:20:00Z","nsw":213,"qld":383,"sa":84,"tas":8,"vic":90},{"ts":"2013-07-11T00:30:00Z","nsw":221,"qld":392,"sa":93,"tas":8,"vic":99},{"ts":"2013-07-11T00:40:00Z","nsw":237,"qld":401,"sa":95,"tas":10,"vic":104},{"ts":"2013-07-11T00:50:00Z","nsw":232,"qld":412,"sa":106,"tas":9,"vic":105},{"ts":"2013-07-11T01:00:00Z","nsw":243,"qld":411,"sa":103,"tas":10,"vic":117},{"ts":"2013-07-11T01:10:00Z","nsw":265,"qld":408,"sa":125,"tas":10,"vic":120},{"ts":"2013-07-11T01:20:00Z","nsw":280,"qld":387,"sa":135,"tas":11,"vic":125},{"ts":"2013-07-11T01:30:00Z","nsw":272,"qld":365,"sa":150,"tas":11,"vic":137},{"ts":"2013-07-11T01:40:00Z","nsw":270,"qld":364,"sa":168,"tas":11,"vic":146},{"ts":"2013-07-11T01:50:00Z","nsw":267,"qld":327,"sa":180,"tas":9,"vic":147},{"ts":"2013-07-11T02:00:00Z","nsw":281,"qld":304,"sa":180,"tas":11,"vic":151},{"ts":"2013-07-11T02:10:00Z","nsw":275,"qld":280,"sa":187,"tas":10,"vic":144},{"ts":"2013-07-11T02:20:00Z","nsw":282,"qld":291,"sa":189,"tas":9,"vic":151},{"ts":"2013-07-11T02:30:00Z","nsw":275,"qld":299,"sa":196,"tas":9,"vic":152},{"ts":"2013-07-11T02:40:00Z","nsw":267,"qld":316,"sa":199,"tas":9,"vic":166},{"ts":"2013-07-11T02:50:00Z","nsw":246,"qld":303,"sa":195,"tas":9,"vic":159},{"ts":"2013-07-11T03:00:00Z","nsw":264,"qld":325,"sa":195,"tas":9,"vic":160},{"ts":"2013-07-11T03:10:00Z","nsw":256,"qld":318,"sa":196,"tas":9,"vic":142},{"ts":"2013-07-11T03:20:00Z","nsw":233,"qld":314,"sa":194,"tas":9,"vic":141},{"ts":"2013-07-11T03:30:00Z","nsw":245,"qld":320,"sa":193,"tas":7,"vic":139,"wa":21},{"ts":"2013-07-11T03:40:00Z","nsw":246,"qld":343,"sa":186,"tas":9,"vic":132},{"ts":"2013-07-11T03:50:00Z","nsw":211,"qld":325,"sa":189,"tas":8,"vic":126},{"ts":"2013-07-11T04:00:00Z","nsw":210,"qld":306,"sa":186,"tas":9,"vic":130,"wa":22},{"ts":"2013-07-11T04:10:00Z","nsw":207,"qld":272,"sa":184,"tas":9,"vic":146},{"ts":"2013-07-11T04:20:00Z","nsw":188,"qld":261,"sa":179,"tas":8,"vic":148},{"ts":"2013-07-11T04:30:00Z","nsw":182,"qld":239,"sa":175,"tas":6,"vic":139,"wa":29},{"ts":"2013-07-11T04:40:00Z","nsw":162,"qld":231,"sa":166,"tas":6,"vic":133},{"ts":"2013-07-11T04:50:00Z","nsw":161,"qld":213,"sa":156,"tas":5,"vic":122},{"ts":"2013-07-11T05:00:00Z","nsw":135,"qld":203,"sa":144,"tas":4,"vic":119,"wa":38},{"ts":"2013-07-11T05:10:00Z","nsw":119,"qld":195,"sa":125,"tas":3,"vic":107},{"ts":"2013-07-11T05:20:00Z","nsw":105,"qld":184,"sa":102,"tas":3,"vic":97},{"ts":"2013-07-11T05:30:00Z","nsw":88,"qld":163,"sa":89,"tas":3,"vic":81,"wa":27},{"ts":"2013-07-11T05:40:00Z","nsw":74,"qld":144,"sa":79,"tas":3,"vic":71},{"ts":"2013-07-11T05:50:00Z","nsw":66,"qld":119,"sa":77,"tas":2,"vic":63},{"ts":"2013-07-11T06:00:00Z","nsw":54,"qld":100,"sa":78,"tas":2,"vic":55,"wa":25},{"ts":"2013-07-11T06:10:00Z","nsw":40,"qld":85,"sa":76,"tas":1,"vic":43},{"ts":"2013-07-11T06:20:00Z","nsw":35,"qld":61,"sa":58,"tas":1,"vic":32},{"ts":"2013-07-11T06:30:00Z","nsw":27,"qld":44,"sa":44,"tas":0,"vic":23,"wa":24},{"ts":"2013-07-11T06:40:00Z","nsw":19,"qld":28,"sa":27,"tas":0,"vic":15},{"ts":"2013-07-11T06:50:00Z","nsw":10,"qld":15,"sa":26,"tas":0,"vic":10},{"ts":"2013-07-11T07:00:00Z","nsw":4,"qld":9,"sa":23,"tas":0,"vic":6,"wa":45},{"ts":"2013-07-11T07:10:00Z","nsw":3,"qld":6,"sa":18,"tas":0,"vic":3},{"ts":"2013-07-11T07:20:00Z","nsw":2,"qld":4,"sa":12,"tas":0,"vic":2},{"ts":"2013-07-11T07:30:00Z","nsw":1,"qld":3,"sa":6,"tas":0,"vic":1,"wa":38},{"ts":"2013-07-11T07:40:00Z","nsw":1,"qld":4,"sa":2,"tas":0,"vic":1},{"ts":"2013-07-11T07:50:00Z","nsw":1,"qld":4,"sa":1,"tas":0,"vic":0},{"ts":"2013-07-11T08:00:00Z","nsw":2,"qld":3,"sa":1,"tas":0,"vic":0,"wa":24},{"ts":"2013-07-11T08:10:00Z","nsw":2,"qld":3,"sa":1,"tas":0,"vic":1},{"ts":"2013-07-11T08:20:00Z","nsw":2,"qld":3,"sa":0,"tas":0,"vic":0},{"ts":"2013-07-11T08:30:00Z","nsw":2,"qld":4,"sa":0,"tas":0,"vic":0,"wa":9},{"ts":"2013-07-11T08:40:00Z","nsw":2,"qld":4,"sa":0,"tas":0,"vic":0},{"ts":"2013-07-11T08:50:00Z","nsw":2,"qld":3,"sa":0,"tas":0,"vic":0},{"ts":"2013-07-11T09:00:00Z","nsw":2,"qld":3,"sa":0,"tas":0,"vic":0,"wa":4},{"ts":"2013-07-11T09:10:00Z","nsw":2,"qld":2,"sa":0,"tas":0,"vic":0},{"ts":"2013-07-11T09:20:00Z","nsw":2,"qld":2,"sa":0,"tas":0,"vic":0},{"ts":"2013-07-11T09:30:00Z","nsw":2,"qld":2,"sa":0,"tas":0,"vic":0,"wa":0},{"ts":"2013-07-11T09:50:00Z","nsw":4,"qld":2,"sa":0,"tas":0,"vic":0},{"ts":"2013-07-11T10:00:00Z","nsw":2,"qld":3,"sa":0,"tas":0,"vic":0,"wa":0},{"ts":"2013-07-11T10:10:00Z","nsw":2,"qld":3,"sa":0,"tas":0,"vic":0},{"ts":"2013-07-11T10:20:00Z","nsw":2,"qld":2,"sa":0,"tas":0,"vic":0},{"ts":"2013-07-11T10:30:00Z","nsw":2,"qld":2,"sa":0,"tas":0,"vic":0,"wa":0},{"ts":"2013-07-11T10:40:00Z","nsw":2,"qld":2,"sa":0,"tas":0,"vic":0},{"ts":"2013-07-11T10:50:00Z","nsw":2,"qld":2,"sa":0,"tas":0,"vic":0},{"ts":"2013-07-11T11:00:00Z","nsw":2,"qld":3,"sa":0,"tas":0,"vic":0,"wa":0},{"ts":"2013-07-11T11:10:00Z","nsw":2,"qld":3,"sa":0,"tas":0,"vic":0},{"ts":"2013-07-11T11:20:00Z","nsw":2,"qld":2,"sa":0,"tas":0,"vic":0},{"ts":"2013-07-11T11:30:00Z","nsw":2,"qld":2,"sa":0,"tas":0,"vic":0,"wa":0},{"ts":"2013-07-11T11:40:00Z","nsw":2,"qld":2,"sa":0,"tas":0,"vic":0},{"ts":"2013-07-11T11:50:00Z","nsw":3,"qld":2,"sa":0,"tas":0,"vic":0},{"ts":"2013-07-11T12:00:00Z","nsw":3,"qld":3,"sa":0,"tas":0,"vic":0,"wa":0},{"ts":"2013-07-11T12:10:00Z","nsw":2,"qld":3,"sa":0,"tas":0,"vic":0},{"ts":"2013-07-11T12:20:00Z","nsw":2,"qld":2,"sa":0,"tas":0,"vic":0},{"ts":"2013-07-11T12:30:00Z","nsw":2,"qld":3,"sa":0,"tas":0,"vic":0},{"ts":"2013-07-11T12:40:00Z","nsw":2,"qld":2,"sa":0,"tas":0,"vic":0},{"ts":"2013-07-11T12:50:00Z","nsw":2,"qld":3,"sa":0,"tas":0,"vic":0}]} 