{"performance":[{"ts":"2013-11-14T17:00:00Z","nsw":"0.26","nt":"0.00","qld":"0.33","sa":"0.20","tas":"0.00","vic":"0.06","wa":"0.16"},{"ts":"2013-11-14T17:10:00Z","nsw":"0.26","nt":"0.00","qld":"0.33","sa":"0.20","tas":"0.00","vic":"0.08","wa":"0.16"},{"ts":"2013-11-14T17:20:00Z","nsw":"0.23","nt":"0.00","qld":"0.33","sa":"0.20","tas":"0.00","vic":"0.05","wa":"0.16"},{"ts":"2013-11-14T17:30:00Z","nsw":"0.27","nt":"0.00","qld":"0.32","sa":"0.15","tas":"0.00","vic":"0.16","wa":"0.16"},{"ts":"2013-11-14T17:40:00Z","nsw":"0.27","nt":"0.00","qld":"0.34","sa":"0.24","tas":"0.00","vic":"0.12","wa":"0.15"},{"ts":"2013-11-14T17:50:00Z","nsw":"0.27","nt":"0.00","qld":"0.30","sa":"0.23","tas":"0.00","vic":"0.11","wa":"0.16"},{"ts":"2013-11-14T18:00:00Z","nsw":"0.28","nt":"0.00","qld":"0.34","sa":"0.23","tas":"0.00","vic":"0.08","wa":"0.15"},{"ts":"2013-11-14T18:10:00Z","nsw":"0.28","nt":"0.00","qld":"0.34","sa":"0.23","tas":"0.00","vic":"0.08","wa":"0.16"},{"ts":"2013-11-14T18:20:00Z","nsw":"0.28","nt":"0.00","qld":"0.34","sa":"0.23","tas":"0.00","vic":"0.13","wa":"0.15"},{"ts":"2013-11-14T18:30:00Z","nsw":"0.28","nt":"0.00","qld":"0.33","sa":"0.23","tas":"0.00","vic":"0.06","wa":"0.16"},{"ts":"2013-11-14T18:40:00Z","nsw":"0.28","nt":"0.00","qld":"0.30","sa":"0.21","tas":"0.26","vic":"0.11","wa":"0.15"},{"ts":"2013-11-14T18:50:00Z","nsw":"0.32","nt":"0.00","qld":"0.13","sa":"0.18","tas":"0.13","vic":"0.05","wa":"0.16"},{"ts":"2013-11-14T19:00:00Z","nsw":"0.81","nt":"0.00","qld":"0.98","sa":"0.18","tas":"0.50","vic":"0.10","wa":"0.15"},{"ts":"2013-11-14T19:10:00Z","nsw":"1.60","nt":"0.00","qld":"1.79","sa":"0.18","tas":"1.12","vic":"0.14","wa":"0.16"},{"ts":"2013-11-14T19:20:00Z","nsw":"2.51","nt":"0.00","qld":"2.91","sa":"0.17","tas":"1.95","vic":"0.73","wa":"0.16"},{"ts":"2013-11-14T19:30:00Z","nsw":"3.63","nt":"0.00","qld":"4.34","sa":"0.32","tas":"2.47","vic":"1.27","wa":"0.16"},{"ts":"2013-11-14T19:40:00Z","nsw":"4.89","nt":"0.00","qld":"5.90","sa":"0.31","tas":"3.77","vic":"2.52","wa":"0.15"},{"ts":"2013-11-14T19:50:00Z","nsw":"6.54","nt":"0.00","qld":"7.69","sa":"0.49","tas":"4.82","vic":"3.05","wa":"0.15"},{"ts":"2013-11-14T20:00:00Z","nsw":"8.31","nt":"0.00","qld":"9.81","sa":"1.32","tas":"6.27","vic":"4.42","wa":"0.15"},{"ts":"2013-11-14T20:10:00Z","nsw":"9.80","nt":"0.00","qld":"12.17","sa":"2.58","tas":"7.46","vic":"5.66","wa":"0.16"},{"ts":"2013-11-14T20:20:00Z","nsw":"11.74","nt":"0.00","qld":"15.04","sa":"3.87","tas":"10.39","vic":"7.35","wa":"0.15"},{"ts":"2013-11-14T20:30:00Z","nsw":"13.57","nt":"0.00","qld":"17.20","sa":"5.19","tas":"11.99","vic":"8.29","wa":"0.16"},{"ts":"2013-11-14T20:40:00Z","nsw":"16.16","nt":"0.00","qld":"20.48","sa":"6.12","tas":"14.14","vic":"10.26","wa":"0.14"},{"ts":"2013-11-14T20:50:00Z","nsw":"17.60","nt":"0.00","qld":"23.09","sa":"7.00","tas":"15.23","vic":"12.24","wa":"0.16"},{"ts":"2013-11-14T21:00:00Z","nsw":"20.28","nt":"0.00","qld":"25.55","sa":"7.93","tas":"18.79","vic":"14.34","wa":"0.13"},{"ts":"2013-11-14T21:10:00Z","nsw":"22.15","nt":"0.00","qld":"29.03","sa":"9.69","tas":"23.06","vic":"15.51","wa":"0.16"},{"ts":"2013-11-14T21:20:00Z","nsw":"24.69","nt":"0.62","qld":"33.17","sa":"10.31","tas":"24.09","vic":"17.66","wa":"0.52"},{"ts":"2013-11-14T21:30:00Z","nsw":"26.50","nt":"1.35","qld":"35.37","sa":"13.48","tas":"31.58","vic":"18.09","wa":"1.12"},{"ts":"2013-11-14T21:40:00Z","nsw":"28.82","nt":"3.31","qld":"39.37","sa":"18.52","tas":"33.05","vic":"20.24","wa":"1.97"},{"ts":"2013-11-14T21:50:00Z","nsw":"32.26","nt":"4.23","qld":"43.03","sa":"21.54","tas":"39.67","vic":"21.18","wa":"3.36"},{"ts":"2013-11-14T22:00:00Z","nsw":"34.82","nt":"6.20","qld":"45.26","sa":"23.98","tas":"45.55","vic":"24.22","wa":"5.06"},{"ts":"2013-11-14T22:10:00Z","nsw":"35.73","nt":"8.09","qld":"48.10","sa":"26.14","tas":"44.71","vic":"23.77","wa":"6.46"},{"ts":"2013-11-14T22:20:00Z","nsw":"39.00","nt":"8.61","qld":"50.70","sa":"28.68","tas":"47.01","vic":"26.39","wa":"8.22"},{"ts":"2013-11-14T22:30:00Z","nsw":"40.13","nt":"10.91","qld":"53.68","sa":"30.81","tas":"49.45","vic":"26.20","wa":"10.26"},{"ts":"2013-11-14T22:40:00Z","nsw":"41.35","nt":"13.35","qld":"56.08","sa":"33.00","tas":"52.91","vic":"30.82","wa":"11.75"},{"ts":"2013-11-14T22:50:00Z","nsw":"42.92","nt":"13.90","qld":"57.94","sa":"37.40","tas":"52.93","vic":"28.53","wa":"14.25"},{"ts":"2013-11-14T23:00:00Z","nsw":"44.56","nt":"15.12","qld":"58.83","sa":"40.52","tas":"54.72","vic":"31.98","wa":"17.17"},{"ts":"2013-11-14T23:10:00Z","nsw":"39.75","nt":"20.33","qld":"61.47","sa":"43.92","tas":"59.59","vic":"31.98","wa":"20.18"},{"ts":"2013-11-14T23:20:00Z","nsw":"40.59","nt":"22.67","qld":"62.88","sa":"45.34","tas":"61.87","vic":"32.02","wa":"23.77"},{"ts":"2013-11-14T23:30:00Z","nsw":"38.94","nt":"29.24","qld":"63.73","sa":"47.82","tas":"58.03","vic":"32.75","wa":"27.56"},{"ts":"2013-11-14T23:40:00Z","nsw":"42.88","nt":"41.69","qld":"65.14","sa":"49.72","tas":"66.97","vic":"32.90","wa":"31.02"},{"ts":"2013-11-14T23:50:00Z","nsw":"43.82","nt":"42.40","qld":"66.11","sa":"51.77","tas":"62.46","vic":"33.83","wa":"34.47"},{"ts":"2013-11-15T00:00:00Z","nsw":"52.06","nt":"46.47","qld":"66.91","sa":"53.28","tas":"76.82","vic":"35.11","wa":"38.67"},{"ts":"2013-11-15T00:10:00Z","nsw":"49.39","nt":"60.74","qld":"67.13","sa":"54.96","tas":"69.47","vic":"33.60","wa":"40.75"},{"ts":"2013-11-15T00:20:00Z","nsw":"51.25","nt":"55.65","qld":"68.22","sa":"55.33","tas":"69.70","vic":"36.75","wa":"43.97"},{"ts":"2013-11-15T00:30:00Z","nsw":"44.13","nt":"53.10","qld":"67.25","sa":"59.97","tas":"62.48","vic":"36.95","wa":"47.17"},{"ts":"2013-11-15T00:40:00Z","nsw":"48.62","nt":"55.35","qld":"70.20","sa":"60.48","tas":"64.44","vic":"39.76","wa":"50.03"},{"ts":"2013-11-15T00:50:00Z","nsw":"49.21","nt":"46.97","qld":"71.17","sa":"65.23","tas":"64.19","vic":"38.88","wa":"52.97"},{"ts":"2013-11-15T01:00:00Z","nsw":"50.04","nt":"44.61","qld":"70.11","sa":"63.64","tas":"70.83","vic":"42.79","wa":"56.89"},{"ts":"2013-11-15T01:10:00Z","nsw":"53.61","nt":"43.39","qld":"72.09","sa":"68.00","tas":"69.34","vic":"41.15","wa":"57.95"},{"ts":"2013-11-15T01:20:00Z","nsw":"55.16","nt":"39.37","qld":"70.35","sa":"69.11","tas":"74.03","vic":"45.86","wa":"60.15"},{"ts":"2013-11-15T01:30:00Z","nsw":"54.18","nt":"31.37","qld":"70.38","sa":"71.42","tas":"70.93","vic":"45.11","wa":"62.98"},{"ts":"2013-11-15T01:40:00Z","nsw":"51.48","nt":"33.82","qld":"71.00","sa":"69.74","tas":"71.52","vic":"49.03","wa":"64.06"},{"ts":"2013-11-15T01:50:00Z","nsw":"49.05","nt":"35.11","qld":"69.61","sa":"70.53","tas":"68.21","vic":"45.66","wa":"66.11"},{"ts":"2013-11-15T02:00:00Z","nsw":"48.60","nt":"38.80","qld":"68.10","sa":"71.60","tas":"70.57","vic":"50.55","wa":"68.21"},{"ts":"2013-11-15T02:10:00Z","nsw":"53.20","nt":"40.15","qld":"68.58","sa":"74.24","tas":"66.24","vic":"44.11","wa":"68.22"},{"ts":"2013-11-15T02:20:00Z","nsw":"57.22","nt":"42.38","qld":"69.45","sa":"72.50","tas":"76.00","vic":"49.05","wa":"69.88"},{"ts":"2013-11-15T02:30:00Z","nsw":"55.07","nt":"40.90","qld":"65.95","sa":"72.41","tas":"71.93","vic":"46.67","wa":"70.74"},{"ts":"2013-11-15T02:40:00Z","nsw":"54.33","nt":"38.03","qld":"67.29","sa":"71.32","tas":"72.21","vic":"48.47","wa":"73.54"},{"ts":"2013-11-15T02:50:00Z","nsw":"52.46","nt":"36.74","qld":"66.50","sa":"70.80","tas":"70.56","vic":"47.34","wa":"72.52"},{"ts":"2013-11-15T03:00:00Z","nsw":"53.66","nt":"33.45","qld":"65.89","sa":"71.94","tas":"65.48","vic":"47.75","wa":"74.13"},{"ts":"2013-11-15T03:10:00Z","nsw":"50.86","nt":"40.06","qld":"65.12","sa":"73.11","tas":"61.93","vic":"46.17","wa":"75.72"},{"ts":"2013-11-15T03:20:00Z","nsw":"51.45","nt":"42.66","qld":"63.14","sa":"69.20","tas":"64.82","vic":"47.87","wa":"75.19"},{"ts":"2013-11-15T03:30:00Z","nsw":"48.78","nt":"44.67","qld":"61.09","sa":"70.48","tas":"63.05","vic":"43.61","wa":"76.61"},{"ts":"2013-11-15T03:40:00Z","nsw":"44.17","nt":"41.83","qld":"61.92","sa":"67.16","tas":"67.47","vic":"43.91","wa":"75.12"},{"ts":"2013-11-15T03:50:00Z","nsw":"42.26","nt":"44.22","qld":"59.23","sa":"69.14","tas":"66.17","vic":"41.94","wa":"76.16"},{"ts":"2013-11-15T04:00:00Z","nsw":"41.55","nt":"36.19","qld":"58.34","sa":"66.19","tas":"62.62","vic":"43.83","wa":"75.36"},{"ts":"2013-11-15T04:10:00Z","nsw":"35.73","nt":"27.05","qld":"56.66","sa":"61.66","tas":"61.97","vic":"44.13","wa":"74.38"},{"ts":"2013-11-15T04:20:00Z","nsw":"34.27","nt":"27.83","qld":"52.70","sa":"62.00","tas":"67.61","vic":"45.55","wa":"74.17"},{"ts":"2013-11-15T04:30:00Z","nsw":"32.41","nt":"28.27","qld":"49.20","sa":"62.31","tas":"54.26","vic":"42.76","wa":"76.14"},{"ts":"2013-11-15T04:40:00Z","nsw":"34.14","nt":"27.56","qld":"45.11","sa":"58.31","tas":"58.50","vic":"42.29","wa":"75.12"},{"ts":"2013-11-15T04:50:00Z","nsw":"30.87","nt":"26.67","qld":"39.48","sa":"58.06","tas":"51.05","vic":"40.16","wa":"74.03"},{"ts":"2013-11-15T05:00:00Z","nsw":"29.04","nt":"27.05","qld":"30.99","sa":"55.49","tas":"50.29","vic":"43.38","wa":"72.97"},{"ts":"2013-11-15T05:10:00Z","nsw":"25.58","nt":"31.23","qld":"26.85","sa":"51.94","tas":"50.90","vic":"36.43","wa":"73.05"},{"ts":"2013-11-15T05:20:00Z","nsw":"26.02","nt":"34.93","qld":"25.27","sa":"51.74","tas":"48.53","vic":"37.33","wa":"71.19"},{"ts":"2013-11-15T05:30:00Z","nsw":"24.90","nt":"37.07","qld":"21.93","sa":"47.98","tas":"40.57","vic":"33.59","wa":"71.03"},{"ts":"2013-11-15T05:40:00Z","nsw":"23.23","nt":"37.22","qld":"18.08","sa":"45.98","tas":"43.91","vic":"35.41","wa":"69.76"},{"ts":"2013-11-15T05:50:00Z","nsw":"21.54","nt":"38.35","qld":"16.60","sa":"44.20","tas":"37.78","vic":"29.67","wa":"67.98"},{"ts":"2013-11-15T06:00:00Z","nsw":"19.33","nt":"34.80","qld":"18.51","sa":"42.92","tas":"37.28","vic":"28.95","wa":"68.69"},{"ts":"2013-11-15T06:10:00Z","nsw":"16.49","nt":"34.27","qld":"18.88","sa":"42.51","tas":"30.54","vic":"26.45","wa":"66.26"},{"ts":"2013-11-15T06:20:00Z","nsw":"15.43","nt":"36.13","qld":"20.96","sa":"38.81","tas":"29.23","vic":"25.06","wa":"65.48"},{"ts":"2013-11-15T06:30:00Z","nsw":"13.34","nt":"35.95","qld":"19.85","sa":"37.33","tas":"23.87","vic":"22.34","wa":"64.99"},{"ts":"2013-11-15T06:40:00Z","nsw":"12.25","nt":"30.83","qld":"15.81","sa":"35.11","tas":"23.76","vic":"22.41","wa":"61.50"},{"ts":"2013-11-15T06:50:00Z","nsw":"9.87","nt":"27.06","qld":"13.89","sa":"33.23","tas":"18.89","vic":"19.79","wa":"59.68"},{"ts":"2013-11-15T07:00:00Z","nsw":"7.54","nt":"24.71","qld":"11.16","sa":"31.01","tas":"18.52","vic":"19.55","wa":"57.91"},{"ts":"2013-11-15T07:10:00Z","nsw":"6.73","nt":"20.79","qld":"8.18","sa":"28.51","tas":"15.94","vic":"16.18","wa":"54.80"},{"ts":"2013-11-15T07:20:00Z","nsw":"5.51","nt":"18.22","qld":"7.20","sa":"25.91","tas":"15.85","vic":"15.08","wa":"51.82"},{"ts":"2013-11-15T07:30:00Z","nsw":"4.42","nt":"17.02","qld":"5.76","sa":"23.34","tas":"13.22","vic":"12.60","wa":"49.92"},{"ts":"2013-11-15T07:40:00Z","nsw":"3.79","nt":"11.53","qld":"4.50","sa":"20.70","tas":"13.01","vic":"10.60","wa":"47.28"},{"ts":"2013-11-15T07:50:00Z","nsw":"2.66","nt":"11.28","qld":"2.81","sa":"17.77","tas":"10.39","vic":"9.34","wa":"44.29"},{"ts":"2013-11-15T08:00:00Z","nsw":"2.44","nt":"8.67","qld":"1.79","sa":"14.99","tas":"8.73","vic":"7.85","wa":"40.91"},{"ts":"2013-11-15T08:10:00Z","nsw":"1.57","nt":"6.25","qld":"0.97","sa":"12.36","tas":"6.60","vic":"5.92","wa":"38.15"},{"ts":"2013-11-15T08:20:00Z","nsw":"1.15","nt":"5.53","qld":"0.66","sa":"10.07","tas":"5.70","vic":"4.77","wa":"34.56"},{"ts":"2013-11-15T08:30:00Z","nsw":"0.88","nt":"3.47","qld":"0.50","sa":"8.39","tas":"4.45","vic":"3.10","wa":"31.67"},{"ts":"2013-11-15T08:40:00Z","nsw":"0.66","nt":"1.75","qld":"0.41","sa":"6.63","tas":"3.26","vic":"2.22","wa":"29.10"},{"ts":"2013-11-15T08:50:00Z","nsw":"0.58","nt":"1.61","qld":"0.51","sa":"4.64","tas":"2.49","vic":"1.31","wa":"24.93"},{"ts":"2013-11-15T09:00:00Z","nsw":"1.03","nt":"0.65","qld":"0.50","sa":"3.20","tas":"2.15","vic":"0.79","wa":"21.24"},{"ts":"2013-11-15T09:10:00Z","nsw":"0.88","nt":"0.43","qld":"0.54","sa":"1.74","tas":"2.19","vic":"0.59","wa":"18.08"},{"ts":"2013-11-15T09:20:00Z","nsw":"0.99","nt":"0.32","qld":"0.55","sa":"0.91","tas":"4.02","vic":"0.62","wa":"15.01"},{"ts":"2013-11-15T09:30:00Z","nsw":"0.97","nt":"0.41","qld":"0.57","sa":"0.54","tas":"4.92","vic":"0.63","wa":"12.92"},{"ts":"2013-11-15T09:40:00Z","nsw":"1.18","nt":"0.41","qld":"0.58","sa":"0.53","tas":"7.01","vic":"0.37","wa":"10.46"},{"ts":"2013-11-15T09:50:00Z","nsw":"1.13","nt":"0.51","qld":"0.62","sa":"0.39","tas":"12.03","vic":"0.12","wa":"8.09"},{"ts":"2013-11-15T10:00:00Z","nsw":"1.11","nt":"0.51","qld":"0.61","sa":"0.43","tas":"12.03","vic":"0.11","wa":"6.75"},{"ts":"2013-11-15T10:10:00Z","nsw":"1.14","nt":"0.62","qld":"0.61","sa":"0.46","tas":"12.06","vic":"0.10","wa":"5.15"},{"ts":"2013-11-15T10:20:00Z","nsw":"1.16","nt":"0.51","qld":"0.57","sa":"0.41","tas":"12.03","vic":"0.17","wa":"3.42"},{"ts":"2013-11-15T10:30:00Z","nsw":"1.04","nt":"0.51","qld":"0.34","sa":"0.43","tas":"12.03","vic":"0.20","wa":"1.98"},{"ts":"2013-11-15T10:40:00Z","nsw":"1.04","nt":"0.51","qld":"0.35","sa":"0.19","tas":"12.03","vic":"0.23","wa":"1.12"},{"ts":"2013-11-15T10:50:00Z","nsw":"1.05","nt":"0.51","qld":"0.36","sa":"0.24","tas":"12.03","vic":"0.35","wa":"0.40"},{"ts":"2013-11-15T11:00:00Z","nsw":"1.05","nt":"0.51","qld":"0.35","sa":"0.19","tas":"10.68","vic":"0.08","wa":"0.29"},{"ts":"2013-11-15T11:10:00Z","nsw":"1.05","nt":"0.51","qld":"0.35","sa":"0.25","tas":"12.03","vic":"0.12","wa":"0.30"},{"ts":"2013-11-15T11:20:00Z","nsw":"1.11","nt":"0.51","qld":"0.35","sa":"0.25","tas":"12.03","vic":"0.36","wa":"0.48"},{"ts":"2013-11-15T11:30:00Z","nsw":"1.02","nt":"0.51","qld":"0.34","sa":"0.23","tas":"12.03","vic":"0.10","wa":"0.41"},{"ts":"2013-11-15T11:40:00Z","nsw":"1.08","nt":"0.51","qld":"0.36","sa":"0.24","tas":"12.03","vic":"0.26","wa":"0.42"},{"ts":"2013-11-15T11:50:00Z","nsw":"1.12","nt":"0.51","qld":"0.36","sa":"0.19","tas":"12.03","vic":"0.32","wa":"0.43"}],"contribution":[{"ts":"2013-11-14T17:00:00Z","nsw":"0.03","qld":"0.07","sa":"0.08","tas":"0.00","vic":"0.01","wa":"0.03"},{"ts":"2013-11-14T17:10:00Z","nsw":"0.03","qld":"0.07","sa":"0.08","tas":"0.00","vic":"0.01"},{"ts":"2013-11-14T17:20:00Z","nsw":"0.03","qld":"0.07","sa":"0.08","tas":"0.00","vic":"0.01"},{"ts":"2013-11-14T17:30:00Z","nsw":"0.03","qld":"0.07","sa":"0.06","tas":"0.00","vic":"0.02","wa":"0.03"},{"ts":"2013-11-14T17:40:00Z","nsw":"0.03","qld":"0.07","sa":"0.09","tas":"0.00","vic":"0.01"},{"ts":"2013-11-14T17:50:00Z","nsw":"0.03","qld":"0.06","sa":"0.09","tas":"0.00","vic":"0.01"},{"ts":"2013-11-14T18:00:00Z","nsw":"0.03","qld":"0.07","sa":"0.09","tas":"0.00","vic":"0.01","wa":"0.03"},{"ts":"2013-11-14T18:10:00Z","nsw":"0.03","qld":"0.07","sa":"0.09","tas":"0.00","vic":"0.01"},{"ts":"2013-11-14T18:20:00Z","nsw":"0.03","qld":"0.07","sa":"0.09","tas":"0.00","vic":"0.01"},{"ts":"2013-11-14T18:30:00Z","nsw":"0.03","qld":"0.07","sa":"0.09","tas":"0.00","vic":"0.01","wa":"0.03"},{"ts":"2013-11-14T18:40:00Z","nsw":"0.03","qld":"0.06","sa":"0.08","tas":"0.01","vic":"0.01"},{"ts":"2013-11-14T18:50:00Z","nsw":"0.03","qld":"0.03","sa":"0.07","tas":"0.01","vic":"0.01"},{"ts":"2013-11-14T19:00:00Z","nsw":"0.08","qld":"0.20","sa":"0.07","tas":"0.03","vic":"0.01","wa":"0.03"},{"ts":"2013-11-14T19:10:00Z","nsw":"0.15","qld":"0.36","sa":"0.07","tas":"0.06","vic":"0.01"},{"ts":"2013-11-14T19:20:00Z","nsw":"0.23","qld":"0.58","sa":"0.06","tas":"0.09","vic":"0.07"},{"ts":"2013-11-14T19:30:00Z","nsw":"0.33","qld":"0.84","sa":"0.12","tas":"0.12","vic":"0.12","wa":"0.03"},{"ts":"2013-11-14T19:40:00Z","nsw":"0.43","qld":"1.14","sa":"0.11","tas":"0.17","vic":"0.24"},{"ts":"2013-11-14T19:50:00Z","nsw":"0.56","qld":"1.44","sa":"0.17","tas":"0.22","vic":"0.28"},{"ts":"2013-11-14T20:00:00Z","nsw":"0.71","qld":"1.81","sa":"0.45","tas":"0.28","vic":"0.41","wa":"0.03"},{"ts":"2013-11-14T20:10:00Z","nsw":"0.83","qld":"2.20","sa":"0.85","tas":"0.32","vic":"0.50"},{"ts":"2013-11-14T20:20:00Z","nsw":"0.96","qld":"2.63","sa":"1.22","tas":"0.43","vic":"0.62"},{"ts":"2013-11-14T20:30:00Z","nsw":"1.10","qld":"2.99","sa":"1.62","tas":"0.48","vic":"0.69","wa":"0.03"},{"ts":"2013-11-14T20:40:00Z","nsw":"1.29","qld":"3.47","sa":"1.85","tas":"0.57","vic":"0.84"},{"ts":"2013-11-14T20:50:00Z","nsw":"1.39","qld":"3.82","sa":"2.05","tas":"0.62","vic":"0.98"},{"ts":"2013-11-14T21:00:00Z","nsw":"1.57","qld":"4.13","sa":"2.30","tas":"0.77","vic":"1.13","wa":"0.03"},{"ts":"2013-11-14T21:10:00Z","nsw":"1.71","qld":"4.59","sa":"2.80","tas":"0.96","vic":"1.27"},{"ts":"2013-11-14T21:20:00Z","nsw":"1.90","qld":"5.14","sa":"2.95","tas":"0.99","vic":"1.45"},{"ts":"2013-11-14T21:30:00Z","nsw":"2.02","qld":"5.41","sa":"3.85","tas":"1.29","vic":"1.50","wa":"0.23"},{"ts":"2013-11-14T21:40:00Z","nsw":"2.19","qld":"6.00","sa":"5.35","tas":"1.39","vic":"1.66"},{"ts":"2013-11-14T21:50:00Z","nsw":"2.45","qld":"6.50","sa":"6.21","tas":"1.69","vic":"1.74"},{"ts":"2013-11-14T22:00:00Z","nsw":"2.63","qld":"6.83","sa":"6.87","tas":"1.92","vic":"1.97","wa":"0.94"},{"ts":"2013-11-14T22:10:00Z","nsw":"2.67","qld":"7.20","sa":"7.38","tas":"1.88","vic":"1.94"},{"ts":"2013-11-14T22:20:00Z","nsw":"2.91","qld":"7.58","sa":"8.15","tas":"2.00","vic":"2.15"},{"ts":"2013-11-14T22:30:00Z","nsw":"2.95","qld":"7.93","sa":"8.68","tas":"2.13","vic":"2.13","wa":"1.78"},{"ts":"2013-11-14T22:40:00Z","nsw":"3.03","qld":"8.31","sa":"9.30","tas":"2.30","vic":"2.50"},{"ts":"2013-11-14T22:50:00Z","nsw":"3.15","qld":"8.42","sa":"10.43","tas":"2.32","vic":"2.33"},{"ts":"2013-11-14T23:00:00Z","nsw":"3.25","qld":"8.63","sa":"11.31","tas":"2.44","vic":"2.59","wa":"2.79"},{"ts":"2013-11-14T23:10:00Z","nsw":"2.91","qld":"8.89","sa":"12.40","tas":"2.71","vic":"2.63"},{"ts":"2013-11-14T23:20:00Z","nsw":"2.97","qld":"9.07","sa":"13.03","tas":"2.85","vic":"2.62"},{"ts":"2013-11-14T23:30:00Z","nsw":"2.85","qld":"9.29","sa":"13.51","tas":"2.65","vic":"2.68","wa":"4.30"},{"ts":"2013-11-14T23:40:00Z","nsw":"3.12","qld":"9.49","sa":"13.92","tas":"3.05","vic":"2.69"},{"ts":"2013-11-14T23:50:00Z","nsw":"3.17","qld":"9.50","sa":"14.79","tas":"2.85","vic":"2.75"},{"ts":"2013-11-15T00:00:00Z","nsw":"3.77","qld":"9.65","sa":"15.17","tas":"3.47","vic":"2.90","wa":"5.75"},{"ts":"2013-11-15T00:10:00Z","nsw":"3.58","qld":"9.54","sa":"15.44","tas":"3.17","vic":"2.76"},{"ts":"2013-11-15T00:20:00Z","nsw":"3.72","qld":"9.70","sa":"15.62","tas":"3.25","vic":"3.01"},{"ts":"2013-11-15T00:30:00Z","nsw":"3.20","qld":"9.55","sa":"17.15","tas":"2.89","vic":"3.04","wa":"6.94"},{"ts":"2013-11-15T00:40:00Z","nsw":"3.54","qld":"10.03","sa":"17.43","tas":"2.99","vic":"3.26"},{"ts":"2013-11-15T00:50:00Z","nsw":"3.60","qld":"9.97","sa":"18.87","tas":"2.94","vic":"3.19"},{"ts":"2013-11-15T01:00:00Z","nsw":"3.65","qld":"9.93","sa":"18.50","tas":"3.21","vic":"3.55","wa":"8.30"},{"ts":"2013-11-15T01:10:00Z","nsw":"3.93","qld":"10.24","sa":"19.53","tas":"3.18","vic":"3.38"},{"ts":"2013-11-15T01:20:00Z","nsw":"4.04","qld":"9.93","sa":"19.83","tas":"3.39","vic":"3.74"},{"ts":"2013-11-15T01:30:00Z","nsw":"3.99","qld":"9.90","sa":"20.30","tas":"3.26","vic":"3.72","wa":"8.92"},{"ts":"2013-11-15T01:40:00Z","nsw":"3.84","qld":"9.97","sa":"20.23","tas":"3.28","vic":"4.01"},{"ts":"2013-11-15T01:50:00Z","nsw":"3.67","qld":"9.79","sa":"20.47","tas":"3.16","vic":"3.80"},{"ts":"2013-11-15T02:00:00Z","nsw":"3.63","qld":"9.48","sa":"20.70","tas":"3.30","vic":"4.20","wa":"9.60"},{"ts":"2013-11-15T02:10:00Z","nsw":"3.96","qld":"9.54","sa":"21.58","tas":"3.12","vic":"3.69"},{"ts":"2013-11-15T02:20:00Z","nsw":"4.23","qld":"9.64","sa":"20.99","tas":"3.57","vic":"4.09"},{"ts":"2013-11-15T02:30:00Z","nsw":"4.08","qld":"9.23","sa":"21.02","tas":"3.37","vic":"3.87","wa":"9.93"},{"ts":"2013-11-15T02:40:00Z","nsw":"4.02","qld":"9.40","sa":"20.86","tas":"3.35","vic":"4.06"},{"ts":"2013-11-15T02:50:00Z","nsw":"3.93","qld":"9.20","sa":"20.63","tas":"3.31","vic":"3.95"},{"ts":"2013-11-15T03:00:00Z","nsw":"4.03","qld":"9.07","sa":"20.69","tas":"3.07","vic":"4.04","wa":"10.09"},{"ts":"2013-11-15T03:10:00Z","nsw":"3.81","qld":"9.01","sa":"21.20","tas":"2.92","vic":"3.86"},{"ts":"2013-11-15T03:20:00Z","nsw":"3.84","qld":"8.76","sa":"20.07","tas":"3.09","vic":"4.01"},{"ts":"2013-11-15T03:30:00Z","nsw":"3.65","qld":"8.44","sa":"20.37","tas":"3.01","vic":"3.69","wa":"10.23"},{"ts":"2013-11-15T03:40:00Z","nsw":"3.33","qld":"8.52","sa":"19.45","tas":"3.23","vic":"3.73"},{"ts":"2013-11-15T03:50:00Z","nsw":"3.18","qld":"8.12","sa":"20.13","tas":"3.18","vic":"3.59"},{"ts":"2013-11-15T04:00:00Z","nsw":"3.15","qld":"8.01","sa":"19.64","tas":"3.05","vic":"3.72","wa":"9.87"},{"ts":"2013-11-15T04:10:00Z","nsw":"2.73","qld":"7.77","sa":"18.39","tas":"3.03","vic":"3.76"},{"ts":"2013-11-15T04:20:00Z","nsw":"2.63","qld":"7.30","sa":"18.50","tas":"3.31","vic":"3.90"},{"ts":"2013-11-15T04:30:00Z","nsw":"2.48","qld":"6.75","sa":"18.56","tas":"2.67","vic":"3.70","wa":"9.90"},{"ts":"2013-11-15T04:40:00Z","nsw":"2.60","qld":"6.27","sa":"18.03","tas":"2.85","vic":"3.64"},{"ts":"2013-11-15T04:50:00Z","nsw":"2.35","qld":"5.49","sa":"18.05","tas":"2.50","vic":"3.49"},{"ts":"2013-11-15T05:00:00Z","nsw":"2.22","qld":"4.35","sa":"17.01","tas":"2.42","vic":"3.74","wa":"9.36"},{"ts":"2013-11-15T05:10:00Z","nsw":"1.96","qld":"3.83","sa":"16.33","tas":"2.46","vic":"3.14"},{"ts":"2013-11-15T05:20:00Z","nsw":"2.02","qld":"3.57","sa":"16.08","tas":"2.34","vic":"3.22"},{"ts":"2013-11-15T05:30:00Z","nsw":"1.92","qld":"3.11","sa":"15.09","tas":"1.93","vic":"2.90","wa":"8.91"},{"ts":"2013-11-15T05:40:00Z","nsw":"1.81","qld":"2.59","sa":"14.32","tas":"2.08","vic":"3.05"},{"ts":"2013-11-15T05:50:00Z","nsw":"1.67","qld":"2.38","sa":"14.13","tas":"1.79","vic":"2.56"},{"ts":"2013-11-15T06:00:00Z","nsw":"1.51","qld":"2.68","sa":"13.63","tas":"1.77","vic":"2.53","wa":"8.49"},{"ts":"2013-11-15T06:10:00Z","nsw":"1.29","qld":"2.69","sa":"13.38","tas":"1.46","vic":"2.30"},{"ts":"2013-11-15T06:20:00Z","nsw":"1.21","qld":"2.97","sa":"12.24","tas":"1.38","vic":"2.19"},{"ts":"2013-11-15T06:30:00Z","nsw":"1.05","qld":"2.80","sa":"11.82","tas":"1.13","vic":"1.92","wa":"7.91"},{"ts":"2013-11-15T06:40:00Z","nsw":"0.97","qld":"2.24","sa":"11.06","tas":"1.12","vic":"1.97"},{"ts":"2013-11-15T06:50:00Z","nsw":"0.77","qld":"1.99","sa":"10.63","tas":"0.90","vic":"1.75"},{"ts":"2013-11-15T07:00:00Z","nsw":"0.59","qld":"1.62","sa":"9.90","tas":"0.89","vic":"1.71","wa":"7.03"},{"ts":"2013-11-15T07:10:00Z","nsw":"0.54","qld":"1.19","sa":"9.06","tas":"0.76","vic":"1.44"},{"ts":"2013-11-15T07:20:00Z","nsw":"0.45","qld":"1.05","sa":"8.46","tas":"0.74","vic":"1.34"},{"ts":"2013-11-15T07:30:00Z","nsw":"0.36","qld":"0.85","sa":"7.61","tas":"0.62","vic":"1.13","wa":"5.98"},{"ts":"2013-11-15T07:40:00Z","nsw":"0.31","qld":"0.67","sa":"6.89","tas":"0.62","vic":"0.96"},{"ts":"2013-11-15T07:50:00Z","nsw":"0.22","qld":"0.42","sa":"5.87","tas":"0.50","vic":"0.85"},{"ts":"2013-11-15T08:00:00Z","nsw":"0.20","qld":"0.27","sa":"4.95","tas":"0.43","vic":"0.71","wa":"4.84"},{"ts":"2013-11-15T08:10:00Z","nsw":"0.13","qld":"0.15","sa":"4.12","tas":"0.32","vic":"0.54"},{"ts":"2013-11-15T08:20:00Z","nsw":"0.09","qld":"0.10","sa":"3.29","tas":"0.28","vic":"0.44"},{"ts":"2013-11-15T08:30:00Z","nsw":"0.07","qld":"0.08","sa":"2.77","tas":"0.22","vic":"0.28","wa":"3.75"},{"ts":"2013-11-15T08:40:00Z","nsw":"0.05","qld":"0.06","sa":"2.21","tas":"0.16","vic":"0.20"},{"ts":"2013-11-15T08:50:00Z","nsw":"0.05","qld":"0.08","sa":"1.56","tas":"0.12","vic":"0.12"},{"ts":"2013-11-15T09:00:00Z","nsw":"0.08","qld":"0.07","sa":"1.07","tas":"0.10","vic":"0.07","wa":"2.55"},{"ts":"2013-11-15T09:10:00Z","nsw":"0.07","qld":"0.08","sa":"0.58","tas":"0.11","vic":"0.05"},{"ts":"2013-11-15T09:20:00Z","nsw":"0.08","qld":"0.08","sa":"0.30","tas":"0.19","vic":"0.06"},{"ts":"2013-11-15T09:30:00Z","nsw":"0.08","qld":"0.09","sa":"0.17","tas":"0.24","vic":"0.06","wa":"1.59"},{"ts":"2013-11-15T09:40:00Z","nsw":"0.10","qld":"0.09","sa":"0.17","tas":"0.34","vic":"0.03"},{"ts":"2013-11-15T09:50:00Z","nsw":"0.09","qld":"0.09","sa":"0.13","tas":"0.58","vic":"0.01"},{"ts":"2013-11-15T10:00:00Z","nsw":"0.09","qld":"0.10","sa":"0.14","tas":"0.58","vic":"0.01","wa":"0.86"},{"ts":"2013-11-15T10:10:00Z","nsw":"0.10","qld":"0.09","sa":"0.15","tas":"0.58","vic":"0.01"},{"ts":"2013-11-15T10:20:00Z","nsw":"0.10","qld":"0.09","sa":"0.13","tas":"0.58","vic":"0.02"},{"ts":"2013-11-15T10:30:00Z","nsw":"0.09","qld":"0.05","sa":"0.14","tas":"0.57","vic":"0.02","wa":"0.26"},{"ts":"2013-11-15T10:40:00Z","nsw":"0.09","qld":"0.06","sa":"0.06","tas":"0.57","vic":"0.02"},{"ts":"2013-11-15T10:50:00Z","nsw":"0.09","qld":"0.06","sa":"0.08","tas":"0.58","vic":"0.03"},{"ts":"2013-11-15T11:00:00Z","nsw":"0.09","qld":"0.06","sa":"0.06","tas":"0.52","vic":"0.01","wa":"0.04"},{"ts":"2013-11-15T11:10:00Z","nsw":"0.09","qld":"0.06","sa":"0.08","tas":"0.59","vic":"0.01"},{"ts":"2013-11-15T11:20:00Z","nsw":"0.10","qld":"0.06","sa":"0.08","tas":"0.60","vic":"0.04"},{"ts":"2013-11-15T11:30:00Z","nsw":"0.09","qld":"0.06","sa":"0.08","tas":"0.60","vic":"0.01","wa":"0.05"},{"ts":"2013-11-15T11:40:00Z","nsw":"0.09","qld":"0.06","sa":"0.08","tas":"0.60","vic":"0.03"},{"ts":"2013-11-15T11:50:00Z","nsw":"0.10","qld":"0.06","sa":"0.06","tas":"0.59","vic":"0.03"}],"demand":[{"ts":"2013-11-14T17:00:00Z","nsw":5945,"qld":4715,"sa":1134,"tas":974,"vic":4339,"wa":1692},{"ts":"2013-11-14T17:10:00Z","nsw":5963,"qld":4677,"sa":1133,"tas":983,"vic":4317},{"ts":"2013-11-14T17:20:00Z","nsw":5958,"qld":4736,"sa":1113,"tas":984,"vic":4297},{"ts":"2013-11-14T17:30:00Z","nsw":5951,"qld":4703,"sa":1113,"tas":992,"vic":4336,"wa":1660},{"ts":"2013-11-14T17:40:00Z","nsw":5995,"qld":4753,"sa":1128,"tas":999,"vic":4383},{"ts":"2013-11-14T17:50:00Z","nsw":6058,"qld":4714,"sa":1115,"tas":1002,"vic":4397},{"ts":"2013-11-14T18:00:00Z","nsw":6089,"qld":4765,"sa":1114,"tas":990,"vic":4440,"wa":1674},{"ts":"2013-11-14T18:10:00Z","nsw":6214,"qld":4726,"sa":1104,"tas":962,"vic":4521},{"ts":"2013-11-14T18:20:00Z","nsw":6311,"qld":4784,"sa":1115,"tas":1001,"vic":4522},{"ts":"2013-11-14T18:30:00Z","nsw":6400,"qld":4769,"sa":1139,"tas":999,"vic":4595,"wa":1638},{"ts":"2013-11-14T18:40:00Z","nsw":6438,"qld":4804,"sa":1146,"tas":1006,"vic":4675},{"ts":"2013-11-14T18:50:00Z","nsw":6512,"qld":4836,"sa":1157,"tas":1031,"vic":4777},{"ts":"2013-11-14T19:00:00Z","nsw":6651,"qld":4878,"sa":1180,"tas":1040,"vic":4873,"wa":1635},{"ts":"2013-11-14T19:10:00Z","nsw":6889,"qld":4973,"sa":1201,"tas":1057,"vic":5076},{"ts":"2013-11-14T19:20:00Z","nsw":7090,"qld":4986,"sa":1208,"tas":1078,"vic":5164},{"ts":"2013-11-14T19:30:00Z","nsw":7240,"qld":5083,"sa":1221,"tas":1107,"vic":5314,"wa":1623},{"ts":"2013-11-14T19:40:00Z","nsw":7396,"qld":5107,"sa":1244,"tas":1134,"vic":5425},{"ts":"2013-11-14T19:50:00Z","nsw":7566,"qld":5205,"sa":1272,"tas":1155,"vic":5527},{"ts":"2013-11-14T20:00:00Z","nsw":7547,"qld":5284,"sa":1311,"tas":1184,"vic":5685,"wa":1637},{"ts":"2013-11-14T20:10:00Z","nsw":7786,"qld":5401,"sa":1350,"tas":1221,"vic":5910},{"ts":"2013-11-14T20:20:00Z","nsw":7914,"qld":5506,"sa":1382,"tas":1256,"vic":6103},{"ts":"2013-11-14T20:30:00Z","nsw":8014,"qld":5565,"sa":1408,"tas":1277,"vic":6219,"wa":1652},{"ts":"2013-11-14T20:40:00Z","nsw":8107,"qld":5661,"sa":1448,"tas":1276,"vic":6316},{"ts":"2013-11-14T20:50:00Z","nsw":8167,"qld":5774,"sa":1488,"tas":1269,"vic":6383},{"ts":"2013-11-14T21:00:00Z","nsw":8284,"qld":5918,"sa":1506,"tas":1260,"vic":6339,"wa":1679},{"ts":"2013-11-14T21:10:00Z","nsw":8307,"qld":6025,"sa":1497,"tas":1239,"vic":6161},{"ts":"2013-11-14T21:20:00Z","nsw":8342,"qld":6073,"sa":1504,"tas":1253,"vic":6136},{"ts":"2013-11-14T21:30:00Z","nsw":8387,"qld":6118,"sa":1499,"tas":1246,"vic":6127,"wa":1721},{"ts":"2013-11-14T21:40:00Z","nsw":8406,"qld":6114,"sa":1447,"tas":1203,"vic":6137},{"ts":"2013-11-14T21:50:00Z","nsw":8394,"qld":6131,"sa":1440,"tas":1196,"vic":6182},{"ts":"2013-11-14T22:00:00Z","nsw":8447,"qld":6159,"sa":1445,"tas":1209,"vic":6221,"wa":1851},{"ts":"2013-11-14T22:10:00Z","nsw":8539,"qld":6174,"sa":1443,"tas":1209,"vic":6193},{"ts":"2013-11-14T22:20:00Z","nsw":8514,"qld":6159,"sa":1430,"tas":1189,"vic":6192},{"ts":"2013-11-14T22:30:00Z","nsw":8625,"qld":6171,"sa":1435,"tas":1174,"vic":6191,"wa":1975},{"ts":"2013-11-14T22:40:00Z","nsw":8641,"qld":6150,"sa":1432,"tas":1160,"vic":6172},{"ts":"2013-11-14T22:50:00Z","nsw":8617,"qld":6235,"sa":1430,"tas":1151,"vic":6175},{"ts":"2013-11-14T23:00:00Z","nsw":8668,"qld":6198,"sa":1406,"tas":1128,"vic":6185,"wa":2085},{"ts":"2013-11-14T23:10:00Z","nsw":8654,"qld":6224,"sa":1369,"tas":1102,"vic":6142},{"ts":"2013-11-14T23:20:00Z","nsw":8647,"qld":6237,"sa":1348,"tas":1097,"vic":6143},{"ts":"2013-11-14T23:30:00Z","nsw":8656,"qld":6167,"sa":1356,"tas":1102,"vic":6140,"wa":2132},{"ts":"2013-11-14T23:40:00Z","nsw":8713,"qld":6181,"sa":1346,"tas":1102,"vic":6143},{"ts":"2013-11-14T23:50:00Z","nsw":8720,"qld":6220,"sa":1328,"tas":1099,"vic":6119},{"ts":"2013-11-15T00:00:00Z","nsw":8660,"qld":6241,"sa":1316,"tas":1101,"vic":6103,"wa":2204},{"ts":"2013-11-15T00:10:00Z","nsw":8681,"qld":6305,"sa":1328,"tas":1094,"vic":6103},{"ts":"2013-11-15T00:20:00Z","nsw":8659,"qld":6318,"sa":1309,"tas":1082,"vic":6102},{"ts":"2013-11-15T00:30:00Z","nsw":8675,"qld":6273,"sa":1283,"tas":1077,"vic":6078,"wa":2200},{"ts":"2013-11-15T00:40:00Z","nsw":8677,"qld":6288,"sa":1264,"tas":1089,"vic":6065},{"ts":"2013-11-15T00:50:00Z","nsw":8609,"qld":6322,"sa":1237,"tas":1101,"vic":6068},{"ts":"2013-11-15T01:00:00Z","nsw":8593,"qld":6314,"sa":1241,"tas":1101,"vic":6021,"wa":2186},{"ts":"2013-11-15T01:10:00Z","nsw":8558,"qld":6277,"sa":1242,"tas":1090,"vic":6088},{"ts":"2013-11-15T01:20:00Z","nsw":8536,"qld":6292,"sa":1250,"tas":1089,"vic":6054},{"ts":"2013-11-15T01:30:00Z","nsw":8499,"qld":6346,"sa":1229,"tas":1086,"vic":6039,"wa":2238},{"ts":"2013-11-15T01:40:00Z","nsw":8448,"qld":6356,"sa":1223,"tas":1089,"vic":6054},{"ts":"2013-11-15T01:50:00Z","nsw":8413,"qld":6374,"sa":1204,"tas":1078,"vic":5962},{"ts":"2013-11-15T02:00:00Z","nsw":8431,"qld":6436,"sa":1209,"tas":1063,"vic":5925,"wa":2236},{"ts":"2013-11-15T02:10:00Z","nsw":8433,"qld":6431,"sa":1201,"tas":1060,"vic":5934},{"ts":"2013-11-15T02:20:00Z","nsw":8436,"qld":6446,"sa":1216,"tas":1064,"vic":5937},{"ts":"2013-11-15T02:30:00Z","nsw":8405,"qld":6475,"sa":1210,"tas":1071,"vic":5980,"wa":2232},{"ts":"2013-11-15T02:40:00Z","nsw":8422,"qld":6453,"sa":1195,"tas":1073,"vic":5928},{"ts":"2013-11-15T02:50:00Z","nsw":8363,"qld":6492,"sa":1218,"tas":1063,"vic":5903},{"ts":"2013-11-15T03:00:00Z","nsw":8354,"qld":6526,"sa":1227,"tas":1068,"vic":5881,"wa":2298},{"ts":"2013-11-15T03:10:00Z","nsw":8383,"qld":6517,"sa":1211,"tas":1060,"vic":5926},{"ts":"2013-11-15T03:20:00Z","nsw":8405,"qld":6554,"sa":1224,"tas":1052,"vic":5895},{"ts":"2013-11-15T03:30:00Z","nsw":8397,"qld":6592,"sa":1228,"tas":1049,"vic":5869,"wa":2340},{"ts":"2013-11-15T03:40:00Z","nsw":8380,"qld":6624,"sa":1227,"tas":1044,"vic":5833},{"ts":"2013-11-15T03:50:00Z","nsw":8375,"qld":6648,"sa":1215,"tas":1042,"vic":5808},{"ts":"2013-11-15T04:00:00Z","nsw":8352,"qld":6658,"sa":1218,"tas":1026,"vic":5846,"wa":2395},{"ts":"2013-11-15T04:10:00Z","nsw":8298,"qld":6658,"sa":1207,"tas":1027,"vic":5817},{"ts":"2013-11-15T04:20:00Z","nsw":8271,"qld":6667,"sa":1214,"tas":1023,"vic":5758},{"ts":"2013-11-15T04:30:00Z","nsw":8314,"qld":6721,"sa":1203,"tas":1023,"vic":5723,"wa":2411},{"ts":"2013-11-15T04:40:00Z","nsw":8316,"qld":6708,"sa":1176,"tas":1032,"vic":5763},{"ts":"2013-11-15T04:50:00Z","nsw":8363,"qld":6715,"sa":1172,"tas":1036,"vic":5757},{"ts":"2013-11-15T05:00:00Z","nsw":8347,"qld":6781,"sa":1198,"tas":1052,"vic":5765,"wa":2460},{"ts":"2013-11-15T05:10:00Z","nsw":8339,"qld":6712,"sa":1187,"tas":1047,"vic":5779},{"ts":"2013-11-15T05:20:00Z","nsw":8276,"qld":6721,"sa":1196,"tas":1052,"vic":5800},{"ts":"2013-11-15T05:30:00Z","nsw":8330,"qld":6748,"sa":1207,"tas":1063,"vic":5781,"wa":2525},{"ts":"2013-11-15T05:40:00Z","nsw":8269,"qld":6712,"sa":1210,"tas":1071,"vic":5821},{"ts":"2013-11-15T05:50:00Z","nsw":8268,"qld":6755,"sa":1198,"tas":1070,"vic":5831},{"ts":"2013-11-15T06:00:00Z","nsw":8236,"qld":6699,"sa":1205,"tas":1070,"vic":5756,"wa":2577},{"ts":"2013-11-15T06:10:00Z","nsw":8245,"qld":6754,"sa":1216,"tas":1069,"vic":5811},{"ts":"2013-11-15T06:20:00Z","nsw":8234,"qld":6805,"sa":1232,"tas":1082,"vic":5823},{"ts":"2013-11-15T06:30:00Z","nsw":8218,"qld":6783,"sa":1240,"tas":1084,"vic":5870,"wa":2634},{"ts":"2013-11-15T06:40:00Z","nsw":8224,"qld":6838,"sa":1245,"tas":1068,"vic":5755},{"ts":"2013-11-15T06:50:00Z","nsw":8233,"qld":6797,"sa":1246,"tas":1067,"vic":5736},{"ts":"2013-11-15T07:00:00Z","nsw":8185,"qld":6773,"sa":1262,"tas":1074,"vic":5776,"wa":2666},{"ts":"2013-11-15T07:10:00Z","nsw":7988,"qld":6735,"sa":1272,"tas":1086,"vic":5751},{"ts":"2013-11-15T07:20:00Z","nsw":7964,"qld":6707,"sa":1254,"tas":1099,"vic":5704},{"ts":"2013-11-15T07:30:00Z","nsw":8053,"qld":6700,"sa":1262,"tas":1096,"vic":5680,"wa":2732},{"ts":"2013-11-15T07:40:00Z","nsw":7993,"qld":6619,"sa":1248,"tas":1074,"vic":5640},{"ts":"2013-11-15T07:50:00Z","nsw":8029,"qld":6643,"sa":1258,"tas":1060,"vic":5618},{"ts":"2013-11-15T08:00:00Z","nsw":7953,"qld":6629,"sa":1282,"tas":1048,"vic":5664,"wa":2797},{"ts":"2013-11-15T08:10:00Z","nsw":7899,"qld":6553,"sa":1281,"tas":1049,"vic":5631},{"ts":"2013-11-15T08:20:00Z","nsw":7901,"qld":6562,"sa":1304,"tas":1053,"vic":5638},{"ts":"2013-11-15T08:30:00Z","nsw":7939,"qld":6563,"sa":1304,"tas":1059,"vic":5608,"wa":2828},{"ts":"2013-11-15T08:40:00Z","nsw":7942,"qld":6632,"sa":1312,"tas":1061,"vic":5587},{"ts":"2013-11-15T08:50:00Z","nsw":8040,"qld":6605,"sa":1304,"tas":1071,"vic":5593},{"ts":"2013-11-15T09:00:00Z","nsw":8020,"qld":6635,"sa":1329,"tas":1069,"vic":5606,"wa":2819},{"ts":"2013-11-15T09:10:00Z","nsw":7980,"qld":6581,"sa":1334,"tas":1077,"vic":5688},{"ts":"2013-11-15T09:20:00Z","nsw":7921,"qld":6524,"sa":1355,"tas":1070,"vic":5725},{"ts":"2013-11-15T09:30:00Z","nsw":7940,"qld":6503,"sa":1361,"tas":1067,"vic":5676,"wa":2784},{"ts":"2013-11-15T09:40:00Z","nsw":7901,"qld":6525,"sa":1370,"tas":1067,"vic":5755},{"ts":"2013-11-15T09:50:00Z","nsw":7835,"qld":6458,"sa":1390,"tas":1069,"vic":5765},{"ts":"2013-11-15T10:00:00Z","nsw":7802,"qld":6377,"sa":1379,"tas":1071,"vic":5796,"wa":2716},{"ts":"2013-11-15T10:10:00Z","nsw":7703,"qld":6384,"sa":1377,"tas":1070,"vic":5724},{"ts":"2013-11-15T10:20:00Z","nsw":7706,"qld":6343,"sa":1388,"tas":1066,"vic":5648},{"ts":"2013-11-15T10:30:00Z","nsw":7580,"qld":6275,"sa":1393,"tas":1082,"vic":5564,"wa":2661},{"ts":"2013-11-15T10:40:00Z","nsw":7572,"qld":6262,"sa":1393,"tas":1078,"vic":5542},{"ts":"2013-11-15T10:50:00Z","nsw":7439,"qld":6281,"sa":1370,"tas":1068,"vic":5506},{"ts":"2013-11-15T11:00:00Z","nsw":7513,"qld":6219,"sa":1354,"tas":1061,"vic":5427,"wa":2639},{"ts":"2013-11-15T11:10:00Z","nsw":7542,"qld":6275,"sa":1356,"tas":1054,"vic":5343},{"ts":"2013-11-15T11:20:00Z","nsw":7533,"qld":6193,"sa":1321,"tas":1031,"vic":5190},{"ts":"2013-11-15T11:30:00Z","nsw":7523,"qld":6097,"sa":1308,"tas":1029,"vic":5113,"wa":2642},{"ts":"2013-11-15T11:40:00Z","nsw":7490,"qld":6152,"sa":1302,"tas":1038,"vic":5098},{"ts":"2013-11-15T11:50:00Z","nsw":7452,"qld":6061,"sa":1287,"tas":1040,"vic":5027}],"output":[{"ts":"2013-11-14T17:00:00Z","nsw":1,"qld":3,"sa":0,"tas":0,"vic":0,"wa":0},{"ts":"2013-11-14T17:10:00Z","nsw":1,"qld":3,"sa":0,"tas":0,"vic":0},{"ts":"2013-11-14T17:20:00Z","nsw":1,"qld":3,"sa":0,"tas":0,"vic":0},{"ts":"2013-11-14T17:30:00Z","nsw":1,"qld":3,"sa":0,"tas":0,"vic":0,"wa":0},{"ts":"2013-11-14T17:40:00Z","nsw":1,"qld":3,"sa":1,"tas":0,"vic":0},{"ts":"2013-11-14T17:50:00Z","nsw":1,"qld":3,"sa":1,"tas":0,"vic":0},{"ts":"2013-11-14T18:00:00Z","nsw":1,"qld":3,"sa":1,"tas":0,"vic":0,"wa":0},{"ts":"2013-11-14T18:10:00Z","nsw":1,"qld":3,"sa":1,"tas":0,"vic":0},{"ts":"2013-11-14T18:20:00Z","nsw":1,"qld":3,"sa":1,"tas":0,"vic":0},{"ts":"2013-11-14T18:30:00Z","nsw":1,"qld":3,"sa":1,"tas":0,"vic":0,"wa":0},{"ts":"2013-11-14T18:40:00Z","nsw":1,"qld":3,"sa":0,"tas":0,"vic":0},{"ts":"2013-11-14T18:50:00Z","nsw":2,"qld":1,"sa":0,"tas":0,"vic":0},{"ts":"2013-11-14T19:00:00Z","nsw":5,"qld":9,"sa":0,"tas":0,"vic":0,"wa":0},{"ts":"2013-11-14T19:10:00Z","nsw":10,"qld":17,"sa":0,"tas":0,"vic":0},{"ts":"2013-11-14T19:20:00Z","nsw":16,"qld":28,"sa":0,"tas":1,"vic":3},{"ts":"2013-11-14T19:30:00Z","nsw":23,"qld":43,"sa":1,"tas":1,"vic":6,"wa":0},{"ts":"2013-11-14T19:40:00Z","nsw":31,"qld":58,"sa":1,"tas":1,"vic":13},{"ts":"2013-11-14T19:50:00Z","nsw":42,"qld":76,"sa":2,"tas":2,"vic":15},{"ts":"2013-11-14T20:00:00Z","nsw":54,"qld":97,"sa":5,"tas":3,"vic":22,"wa":0},{"ts":"2013-11-14T20:10:00Z","nsw":63,"qld":120,"sa":11,"tas":3,"vic":29},{"ts":"2013-11-14T20:20:00Z","nsw":76,"qld":149,"sa":17,"tas":5,"vic":37},{"ts":"2013-11-14T20:30:00Z","nsw":88,"qld":170,"sa":23,"tas":6,"vic":42,"wa":0},{"ts":"2013-11-14T20:40:00Z","nsw":105,"qld":203,"sa":27,"tas":7,"vic":52},{"ts":"2013-11-14T20:50:00Z","nsw":114,"qld":229,"sa":31,"tas":7,"vic":63},{"ts":"2013-11-14T21:00:00Z","nsw":132,"qld":253,"sa":35,"tas":9,"vic":73,"wa":0},{"ts":"2013-11-14T21:10:00Z","nsw":144,"qld":287,"sa":43,"tas":11,"vic":79},{"ts":"2013-11-14T21:20:00Z","nsw":161,"qld":329,"sa":45,"tas":12,"vic":91},{"ts":"2013-11-14T21:30:00Z","nsw":172,"qld":350,"sa":59,"tas":16,"vic":93,"wa":3},{"ts":"2013-11-14T21:40:00Z","nsw":188,"qld":390,"sa":82,"tas":17,"vic":104},{"ts":"2013-11-14T21:50:00Z","nsw":210,"qld":426,"sa":95,"tas":20,"vic":109},{"ts":"2013-11-14T22:00:00Z","nsw":227,"qld":449,"sa":106,"tas":23,"vic":124,"wa":17},{"ts":"2013-11-14T22:10:00Z","nsw":233,"qld":477,"sa":116,"tas":23,"vic":122},{"ts":"2013-11-14T22:20:00Z","nsw":254,"qld":502,"sa":127,"tas":24,"vic":136},{"ts":"2013-11-14T22:30:00Z","nsw":262,"qld":532,"sa":136,"tas":25,"vic":135,"wa":35},{"ts":"2013-11-14T22:40:00Z","nsw":269,"qld":556,"sa":146,"tas":27,"vic":159},{"ts":"2013-11-14T22:50:00Z","nsw":280,"qld":574,"sa":166,"tas":27,"vic":147},{"ts":"2013-11-14T23:00:00Z","nsw":290,"qld":583,"sa":179,"tas":28,"vic":164,"wa":59},{"ts":"2013-11-14T23:10:00Z","nsw":259,"qld":609,"sa":194,"tas":30,"vic":164},{"ts":"2013-11-14T23:20:00Z","nsw":265,"qld":623,"sa":201,"tas":32,"vic":165},{"ts":"2013-11-14T23:30:00Z","nsw":254,"qld":632,"sa":212,"tas":30,"vic":168,"wa":95},{"ts":"2013-11-14T23:40:00Z","nsw":279,"qld":646,"sa":220,"tas":34,"vic":169},{"ts":"2013-11-14T23:50:00Z","nsw":286,"qld":655,"sa":229,"tas":32,"vic":174},{"ts":"2013-11-15T00:00:00Z","nsw":339,"qld":663,"sa":236,"tas":39,"vic":181,"wa":134},{"ts":"2013-11-15T00:10:00Z","nsw":322,"qld":666,"sa":243,"tas":35,"vic":173},{"ts":"2013-11-15T00:20:00Z","nsw":334,"qld":676,"sa":245,"tas":36,"vic":189},{"ts":"2013-11-15T00:30:00Z","nsw":288,"qld":667,"sa":266,"tas":32,"vic":190,"wa":164},{"ts":"2013-11-15T00:40:00Z","nsw":317,"qld":696,"sa":268,"tas":33,"vic":205},{"ts":"2013-11-15T00:50:00Z","nsw":321,"qld":706,"sa":289,"tas":33,"vic":200},{"ts":"2013-11-15T01:00:00Z","nsw":326,"qld":695,"sa":282,"tas":36,"vic":220,"wa":197},{"ts":"2013-11-15T01:10:00Z","nsw":350,"qld":715,"sa":301,"tas":35,"vic":212},{"ts":"2013-11-15T01:20:00Z","nsw":360,"qld":697,"sa":306,"tas":38,"vic":236},{"ts":"2013-11-15T01:30:00Z","nsw":353,"qld":698,"sa":317,"tas":36,"vic":232,"wa":219},{"ts":"2013-11-15T01:40:00Z","nsw":336,"qld":704,"sa":309,"tas":37,"vic":252},{"ts":"2013-11-15T01:50:00Z","nsw":320,"qld":690,"sa":313,"tas":35,"vic":235},{"ts":"2013-11-15T02:00:00Z","nsw":317,"qld":675,"sa":317,"tas":36,"vic":260,"wa":237},{"ts":"2013-11-15T02:10:00Z","nsw":347,"qld":680,"sa":329,"tas":34,"vic":227},{"ts":"2013-11-15T02:20:00Z","nsw":373,"qld":688,"sa":321,"tas":39,"vic":253},{"ts":"2013-11-15T02:30:00Z","nsw":359,"qld":654,"sa":321,"tas":37,"vic":240,"wa":246},{"ts":"2013-11-15T02:40:00Z","nsw":354,"qld":667,"sa":316,"tas":37,"vic":250},{"ts":"2013-11-15T02:50:00Z","nsw":342,"qld":659,"sa":314,"tas":36,"vic":244},{"ts":"2013-11-15T03:00:00Z","nsw":350,"qld":653,"sa":319,"tas":33,"vic":246,"wa":257},{"ts":"2013-11-15T03:10:00Z","nsw":332,"qld":646,"sa":324,"tas":32,"vic":238},{"ts":"2013-11-15T03:20:00Z","nsw":335,"qld":626,"sa":307,"tas":33,"vic":246},{"ts":"2013-11-15T03:30:00Z","nsw":318,"qld":606,"sa":312,"tas":32,"vic":224,"wa":266},{"ts":"2013-11-15T03:40:00Z","nsw":288,"qld":614,"sa":298,"tas":34,"vic":226},{"ts":"2013-11-15T03:50:00Z","nsw":275,"qld":587,"sa":306,"tas":34,"vic":216},{"ts":"2013-11-15T04:00:00Z","nsw":271,"qld":578,"sa":293,"tas":32,"vic":226,"wa":262},{"ts":"2013-11-15T04:10:00Z","nsw":233,"qld":562,"sa":273,"tas":32,"vic":227},{"ts":"2013-11-15T04:20:00Z","nsw":223,"qld":522,"sa":275,"tas":35,"vic":234},{"ts":"2013-11-15T04:30:00Z","nsw":211,"qld":488,"sa":276,"tas":28,"vic":220,"wa":264},{"ts":"2013-11-15T04:40:00Z","nsw":222,"qld":447,"sa":258,"tas":30,"vic":218},{"ts":"2013-11-15T04:50:00Z","nsw":201,"qld":391,"sa":257,"tas":26,"vic":207},{"ts":"2013-11-15T05:00:00Z","nsw":189,"qld":307,"sa":246,"tas":26,"vic":223,"wa":253},{"ts":"2013-11-15T05:10:00Z","nsw":167,"qld":266,"sa":230,"tas":26,"vic":187},{"ts":"2013-11-15T05:20:00Z","nsw":169,"qld":250,"sa":229,"tas":25,"vic":192},{"ts":"2013-11-15T05:30:00Z","nsw":162,"qld":217,"sa":213,"tas":21,"vic":173,"wa":247},{"ts":"2013-11-15T05:40:00Z","nsw":151,"qld":179,"sa":204,"tas":22,"vic":182},{"ts":"2013-11-15T05:50:00Z","nsw":140,"qld":164,"sa":196,"tas":19,"vic":153},{"ts":"2013-11-15T06:00:00Z","nsw":126,"qld":183,"sa":190,"tas":19,"vic":149,"wa":239},{"ts":"2013-11-15T06:10:00Z","nsw":107,"qld":187,"sa":188,"tas":15,"vic":136},{"ts":"2013-11-15T06:20:00Z","nsw":100,"qld":207,"sa":172,"tas":15,"vic":129},{"ts":"2013-11-15T06:30:00Z","nsw":87,"qld":196,"sa":165,"tas":12,"vic":115,"wa":226},{"ts":"2013-11-15T06:40:00Z","nsw":79,"qld":156,"sa":155,"tas":12,"vic":115},{"ts":"2013-11-15T06:50:00Z","nsw":64,"qld":137,"sa":147,"tas":9,"vic":102},{"ts":"2013-11-15T07:00:00Z","nsw":49,"qld":110,"sa":137,"tas":9,"vic":100,"wa":201},{"ts":"2013-11-15T07:10:00Z","nsw":43,"qld":81,"sa":126,"tas":8,"vic":83},{"ts":"2013-11-15T07:20:00Z","nsw":35,"qld":71,"sa":115,"tas":8,"vic":77},{"ts":"2013-11-15T07:30:00Z","nsw":28,"qld":57,"sa":103,"tas":6,"vic":65,"wa":173},{"ts":"2013-11-15T07:40:00Z","nsw":24,"qld":44,"sa":91,"tas":6,"vic":54},{"ts":"2013-11-15T07:50:00Z","nsw":17,"qld":27,"sa":78,"tas":5,"vic":48},{"ts":"2013-11-15T08:00:00Z","nsw":15,"qld":17,"sa":66,"tas":4,"vic":40,"wa":142},{"ts":"2013-11-15T08:10:00Z","nsw":10,"qld":9,"sa":54,"tas":3,"vic":30},{"ts":"2013-11-15T08:20:00Z","nsw":7,"qld":6,"sa":44,"tas":2,"vic":24},{"ts":"2013-11-15T08:30:00Z","nsw":5,"qld":4,"sa":37,"tas":2,"vic":15,"wa":110},{"ts":"2013-11-15T08:40:00Z","nsw":4,"qld":4,"sa":29,"tas":1,"vic":11},{"ts":"2013-11-15T08:50:00Z","nsw":3,"qld":5,"sa":20,"tas":1,"vic":6},{"ts":"2013-11-15T09:00:00Z","nsw":6,"qld":4,"sa":14,"tas":1,"vic":4,"wa":73},{"ts":"2013-11-15T09:10:00Z","nsw":5,"qld":5,"sa":7,"tas":1,"vic":3},{"ts":"2013-11-15T09:20:00Z","nsw":6,"qld":5,"sa":4,"tas":2,"vic":3},{"ts":"2013-11-15T09:30:00Z","nsw":6,"qld":5,"sa":2,"tas":2,"vic":3,"wa":44},{"ts":"2013-11-15T09:40:00Z","nsw":7,"qld":5,"sa":2,"tas":3,"vic":1},{"ts":"2013-11-15T09:50:00Z","nsw":7,"qld":6,"sa":1,"tas":6,"vic":0},{"ts":"2013-11-15T10:00:00Z","nsw":7,"qld":6,"sa":1,"tas":6,"vic":0,"wa":23},{"ts":"2013-11-15T10:10:00Z","nsw":7,"qld":6,"sa":2,"tas":6,"vic":0},{"ts":"2013-11-15T10:20:00Z","nsw":7,"qld":5,"sa":1,"tas":6,"vic":0},{"ts":"2013-11-15T10:30:00Z","nsw":6,"qld":3,"sa":1,"tas":6,"vic":1,"wa":6},{"ts":"2013-11-15T10:40:00Z","nsw":6,"qld":3,"sa":0,"tas":6,"vic":1},{"ts":"2013-11-15T10:50:00Z","nsw":6,"qld":3,"sa":1,"tas":6,"vic":1},{"ts":"2013-11-15T11:00:00Z","nsw":6,"qld":3,"sa":0,"tas":5,"vic":0,"wa":0},{"ts":"2013-11-15T11:10:00Z","nsw":6,"qld":3,"sa":1,"tas":6,"vic":0},{"ts":"2013-11-15T11:20:00Z","nsw":7,"qld":3,"sa":1,"tas":6,"vic":1},{"ts":"2013-11-15T11:30:00Z","nsw":6,"qld":3,"sa":1,"tas":6,"vic":0,"wa":1},{"ts":"2013-11-15T11:40:00Z","nsw":7,"qld":3,"sa":1,"tas":6,"vic":1},{"ts":"2013-11-15T11:50:00Z","nsw":7,"qld":3,"sa":0,"tas":6,"vic":1}]} 