{"performance":[{"ts":"2013-09-21T18:00:00Z","nsw":"0.27","nt":"0.00","qld":"0.28","sa":"0.15","tas":"0.00","vic":"0.08","wa":"0.10"},{"ts":"2013-09-21T18:10:00Z","nsw":"0.31","nt":"0.00","qld":"0.28","sa":"0.15","tas":"0.00","vic":"0.05","wa":"0.10"},{"ts":"2013-09-21T18:20:00Z","nsw":"0.30","nt":"0.00","qld":"0.31","sa":"0.10","tas":"0.00","vic":"0.07","wa":"0.10"},{"ts":"2013-09-21T18:30:00Z","nsw":"0.30","nt":"0.00","qld":"0.28","sa":"0.15","tas":"0.00","vic":"0.08","wa":"0.10"},{"ts":"2013-09-21T18:40:00Z","nsw":"0.29","nt":"0.00","qld":"0.28","sa":"0.15","tas":"0.00","vic":"0.06","wa":"0.10"},{"ts":"2013-09-21T18:50:00Z","nsw":"0.26","nt":"0.00","qld":"0.28","sa":"0.15","tas":"0.00","vic":"0.05","wa":"0.10"},{"ts":"2013-09-21T19:00:00Z","nsw":"0.29","nt":"0.00","qld":"0.28","sa":"0.12","tas":"0.00","vic":"0.07","wa":"0.10"},{"ts":"2013-09-21T19:10:00Z","nsw":"0.27","nt":"0.00","qld":"0.26","sa":"0.15","tas":"0.00","vic":"0.07","wa":"0.11"},{"ts":"2013-09-21T19:20:00Z","nsw":"0.31","nt":"0.00","qld":"0.32","sa":"0.11","tas":"0.00","vic":"0.05","wa":"0.11"},{"ts":"2013-09-21T19:30:00Z","nsw":"0.26","nt":"0.00","qld":"0.20","sa":"0.16","tas":"0.00","vic":"0.07","wa":"0.12"},{"ts":"2013-09-21T19:40:00Z","nsw":"0.29","nt":"0.00","qld":"0.16","sa":"0.09","tas":"0.00","vic":"0.05","wa":"0.10"},{"ts":"2013-09-21T19:50:00Z","nsw":"0.62","nt":"0.00","qld":"0.84","sa":"0.15","tas":"0.00","vic":"0.07","wa":"0.11"},{"ts":"2013-09-21T20:00:00Z","nsw":"1.34","nt":"0.00","qld":"1.81","sa":"0.15","tas":"0.00","vic":"0.04","wa":"0.11"},{"ts":"2013-09-21T20:10:00Z","nsw":"2.12","nt":"0.00","qld":"3.22","sa":"0.10","tas":"0.03","vic":"0.04","wa":"0.11"},{"ts":"2013-09-21T20:20:00Z","nsw":"3.11","nt":"0.00","qld":"5.11","sa":"0.15","tas":"0.00","vic":"0.12","wa":"0.12"},{"ts":"2013-09-21T20:30:00Z","nsw":"3.80","nt":"0.00","qld":"7.08","sa":"0.14","tas":"0.11","vic":"0.56","wa":"0.11"},{"ts":"2013-09-21T20:40:00Z","nsw":"5.95","nt":"0.00","qld":"8.88","sa":"0.16","tas":"0.30","vic":"1.62","wa":"0.11"},{"ts":"2013-09-21T20:50:00Z","nsw":"7.68","nt":"0.00","qld":"11.71","sa":"0.73","tas":"0.58","vic":"2.57","wa":"0.11"},{"ts":"2013-09-21T21:00:00Z","nsw":"10.17","nt":"0.00","qld":"15.59","sa":"1.50","tas":"1.07","vic":"3.79","wa":"0.12"},{"ts":"2013-09-21T21:10:00Z","nsw":"12.56","nt":"0.00","qld":"18.77","sa":"2.53","tas":"1.60","vic":"4.51","wa":"0.12"},{"ts":"2013-09-21T21:20:00Z","nsw":"15.24","nt":"0.00","qld":"22.17","sa":"3.83","tas":"2.32","vic":"5.70","wa":"0.14"},{"ts":"2013-09-21T21:30:00Z","nsw":"17.98","nt":"0.00","qld":"24.74","sa":"5.64","tas":"2.68","vic":"5.85","wa":"0.13"},{"ts":"2013-09-21T21:40:00Z","nsw":"21.29","nt":"0.55","qld":"27.48","sa":"7.15","tas":"3.64","vic":"6.53","wa":"0.11"},{"ts":"2013-09-21T21:50:00Z","nsw":"23.59","nt":"0.95","qld":"30.32","sa":"9.95","tas":"4.22","vic":"7.83","wa":"0.18"},{"ts":"2013-09-21T22:00:00Z","nsw":"26.50","nt":"1.24","qld":"34.09","sa":"12.14","tas":"5.49","vic":"9.59","wa":"0.20"},{"ts":"2013-09-21T22:10:00Z","nsw":"28.62","nt":"1.97","qld":"37.26","sa":"15.22","tas":"6.91","vic":"10.47","wa":"0.25"},{"ts":"2013-09-21T22:20:00Z","nsw":"31.64","nt":"2.38","qld":"40.43","sa":"18.84","tas":"8.13","vic":"12.36","wa":"0.29"},{"ts":"2013-09-21T22:30:00Z","nsw":"34.71","nt":"3.16","qld":"42.77","sa":"23.21","tas":"8.16","vic":"13.79","wa":"0.67"},{"ts":"2013-09-21T22:40:00Z","nsw":"37.50","nt":"3.47","qld":"46.94","sa":"24.18","tas":"9.27","vic":"17.09","wa":"1.45"},{"ts":"2013-09-21T22:50:00Z","nsw":"38.86","nt":"4.39","qld":"50.10","sa":"29.81","tas":"9.92","vic":"21.05","wa":"1.70"},{"ts":"2013-09-21T23:00:00Z","nsw":"42.70","nt":"4.68","qld":"51.56","sa":"27.97","tas":"8.81","vic":"23.30","wa":"2.36"},{"ts":"2013-09-21T23:10:00Z","nsw":"44.27","nt":"7.34","qld":"51.91","sa":"36.84","tas":"9.90","vic":"28.74","wa":"3.49"},{"ts":"2013-09-21T23:20:00Z","nsw":"47.12","nt":"8.54","qld":"53.40","sa":"35.32","tas":"12.53","vic":"28.79","wa":"7.19"},{"ts":"2013-09-21T23:30:00Z","nsw":"49.96","nt":"13.73","qld":"53.24","sa":"40.36","tas":"14.96","vic":"30.45","wa":"10.45"},{"ts":"2013-09-21T23:40:00Z","nsw":"52.21","nt":"18.01","qld":"54.34","sa":"40.98","tas":"20.77","vic":"35.32","wa":"12.85"},{"ts":"2013-09-21T23:50:00Z","nsw":"52.79","nt":"20.74","qld":"54.64","sa":"48.90","tas":"20.74","vic":"38.41","wa":"14.23"},{"ts":"2013-09-22T00:00:00Z","nsw":"56.52","nt":"25.48","qld":"55.90","sa":"46.29","tas":"22.10","vic":"44.41","wa":"9.88"},{"ts":"2013-09-22T00:10:00Z","nsw":"57.59","nt":"17.04","qld":"56.84","sa":"52.16","tas":"25.29","vic":"45.80","wa":"15.35"},{"ts":"2013-09-22T00:20:00Z","nsw":"57.43","nt":"17.57","qld":"59.75","sa":"49.87","tas":"26.41","vic":"52.87","wa":"22.32"},{"ts":"2013-09-22T00:30:00Z","nsw":"60.07","nt":"14.16","qld":"60.21","sa":"56.46","tas":"26.50","vic":"52.46","wa":"27.13"},{"ts":"2013-09-22T00:40:00Z","nsw":"59.75","nt":"13.20","qld":"62.83","sa":"58.66","tas":"30.66","vic":"57.54","wa":"38.08"},{"ts":"2013-09-22T00:50:00Z","nsw":"60.45","nt":"14.14","qld":"61.27","sa":"62.01","tas":"27.11","vic":"58.04","wa":"38.05"},{"ts":"2013-09-22T01:00:00Z","nsw":"61.35","nt":"16.52","qld":"63.49","sa":"60.50","tas":"26.95","vic":"61.96","wa":"45.62"},{"ts":"2013-09-22T01:10:00Z","nsw":"60.82","nt":"25.81","qld":"63.48","sa":"62.83","tas":"26.34","vic":"60.60","wa":"42.13"},{"ts":"2013-09-22T01:20:00Z","nsw":"62.64","nt":"26.73","qld":"61.89","sa":"66.76","tas":"29.84","vic":"65.03","wa":"45.13"},{"ts":"2013-09-22T01:30:00Z","nsw":"63.03","nt":"31.57","qld":"61.65","sa":"69.17","tas":"27.88","vic":"64.60","wa":"44.31"},{"ts":"2013-09-22T01:40:00Z","nsw":"63.03","nt":"25.07","qld":"62.03","sa":"69.16","tas":"31.84","vic":"66.99","wa":"47.34"},{"ts":"2013-09-22T01:50:00Z","nsw":"61.87","nt":"23.07","qld":"59.99","sa":"69.67","tas":"30.58","vic":"65.26","wa":"46.03"},{"ts":"2013-09-22T02:00:00Z","nsw":"62.42","nt":"22.94","qld":"63.77","sa":"70.52","tas":"33.35","vic":"68.50","wa":"55.86"},{"ts":"2013-09-22T02:10:00Z","nsw":"60.44","nt":"31.94","qld":"62.52","sa":"71.77","tas":"28.85","vic":"66.76","wa":"47.70"},{"ts":"2013-09-22T02:20:00Z","nsw":"62.16","nt":"29.34","qld":"61.61","sa":"71.51","tas":"28.40","vic":"67.53","wa":"40.48"},{"ts":"2013-09-22T02:30:00Z","nsw":"60.76","nt":"29.22","qld":"59.33","sa":"72.48","tas":"27.73","vic":"65.06","wa":"33.05"},{"ts":"2013-09-22T02:40:00Z","nsw":"61.28","nt":"42.28","qld":"60.52","sa":"72.09","tas":"30.93","vic":"65.23","wa":"37.61"},{"ts":"2013-09-22T02:50:00Z","nsw":"60.24","nt":"42.63","qld":"60.31","sa":"71.88","tas":"30.04","vic":"63.76","wa":"43.59"},{"ts":"2013-09-22T03:00:00Z","nsw":"60.80","nt":"48.04","qld":"60.25","sa":"71.41","tas":"31.84","vic":"63.25","wa":"52.92"},{"ts":"2013-09-22T03:10:00Z","nsw":"60.06","nt":"65.42","qld":"59.49","sa":"71.06","tas":"31.21","vic":"57.27","wa":"51.55"},{"ts":"2013-09-22T03:20:00Z","nsw":"58.63","nt":"60.00","qld":"60.73","sa":"70.17","tas":"32.28","vic":"55.20","wa":"57.38"},{"ts":"2013-09-22T03:30:00Z","nsw":"59.56","nt":"76.94","qld":"59.31","sa":"71.03","tas":"32.97","vic":"49.67","wa":"58.98"},{"ts":"2013-09-22T03:40:00Z","nsw":"57.47","nt":"69.55","qld":"60.16","sa":"70.20","tas":"34.41","vic":"53.27","wa":"63.66"},{"ts":"2013-09-22T03:50:00Z","nsw":"54.86","nt":"63.73","qld":"59.12","sa":"69.40","tas":"34.52","vic":"48.68","wa":"61.23"},{"ts":"2013-09-22T04:00:00Z","nsw":"55.89","nt":"73.36","qld":"57.78","sa":"65.52","tas":"32.92","vic":"48.16","wa":"53.33"},{"ts":"2013-09-22T04:10:00Z","nsw":"51.82","nt":"73.51","qld":"55.51","sa":"68.45","tas":"27.07","vic":"46.50","wa":"53.41"},{"ts":"2013-09-22T04:20:00Z","nsw":"51.49","nt":"72.13","qld":"53.90","sa":"63.23","tas":"28.27","vic":"47.59","wa":"55.10"},{"ts":"2013-09-22T04:30:00Z","nsw":"47.94","nt":"68.73","qld":"51.27","sa":"65.27","tas":"24.00","vic":"45.75","wa":"52.24"},{"ts":"2013-09-22T04:40:00Z","nsw":"46.90","nt":"67.87","qld":"49.22","sa":"61.24","tas":"23.71","vic":"45.41","wa":"46.08"},{"ts":"2013-09-22T04:50:00Z","nsw":"43.08","nt":"69.60","qld":"45.88","sa":"61.42","tas":"17.70","vic":"43.03","wa":"44.57"},{"ts":"2013-09-22T05:00:00Z","nsw":"42.54","nt":"56.15","qld":"43.83","sa":"58.43","tas":"20.50","vic":"44.09","wa":"44.45"},{"ts":"2013-09-22T05:10:00Z","nsw":"37.66","nt":"65.06","qld":"40.17","sa":"57.86","tas":"16.38","vic":"40.18","wa":"41.94"},{"ts":"2013-09-22T05:20:00Z","nsw":"36.29","nt":"62.82","qld":"37.93","sa":"53.32","tas":"18.34","vic":"41.62","wa":"50.58"},{"ts":"2013-09-22T05:30:00Z","nsw":"33.23","nt":"60.24","qld":"34.62","sa":"53.14","tas":"13.86","vic":"38.35","wa":"36.78"},{"ts":"2013-09-22T05:40:00Z","nsw":"31.58","nt":"59.30","qld":"31.38","sa":"49.02","tas":"14.18","vic":"36.95","wa":"36.15"},{"ts":"2013-09-22T05:50:00Z","nsw":"28.02","nt":"57.51","qld":"27.93","sa":"47.66","tas":"12.40","vic":"33.35","wa":"41.93"},{"ts":"2013-09-22T06:00:00Z","nsw":"25.60","nt":"55.02","qld":"25.15","sa":"43.94","tas":"13.38","vic":"32.79","wa":"46.92"},{"ts":"2013-09-22T06:10:00Z","nsw":"22.46","nt":"52.24","qld":"21.62","sa":"41.78","tas":"12.23","vic":"28.47","wa":"39.31"},{"ts":"2013-09-22T06:20:00Z","nsw":"20.77","nt":"50.38","qld":"18.86","sa":"38.17","tas":"13.22","vic":"26.89","wa":"33.50"},{"ts":"2013-09-22T06:30:00Z","nsw":"16.07","nt":"48.45","qld":"15.70","sa":"35.78","tas":"10.04","vic":"23.70","wa":"29.25"},{"ts":"2013-09-22T06:40:00Z","nsw":"13.35","nt":"44.23","qld":"12.35","sa":"31.91","tas":"9.66","vic":"20.35","wa":"29.38"},{"ts":"2013-09-22T06:50:00Z","nsw":"10.27","nt":"41.07","qld":"9.51","sa":"29.24","tas":"8.41","vic":"17.83","wa":"28.27"},{"ts":"2013-09-22T07:00:00Z","nsw":"8.22","nt":"38.70","qld":"7.01","sa":"26.52","tas":"6.46","vic":"14.40","wa":"28.94"},{"ts":"2013-09-22T07:10:00Z","nsw":"5.57","nt":"33.93","qld":"4.80","sa":"23.25","tas":"4.62","vic":"11.15","wa":"26.54"},{"ts":"2013-09-22T07:20:00Z","nsw":"4.45","nt":"31.34","qld":"2.91","sa":"18.80","tas":"3.58","vic":"8.51","wa":"30.84"},{"ts":"2013-09-22T07:30:00Z","nsw":"2.93","nt":"29.98","qld":"1.71","sa":"16.27","tas":"2.66","vic":"6.12","wa":"25.98"},{"ts":"2013-09-22T07:40:00Z","nsw":"1.88","nt":"23.37","qld":"0.81","sa":"12.49","tas":"1.58","vic":"4.21","wa":"24.54"},{"ts":"2013-09-22T07:50:00Z","nsw":"1.24","nt":"21.76","qld":"0.52","sa":"10.17","tas":"0.78","vic":"2.72","wa":"20.13"},{"ts":"2013-09-22T08:00:00Z","nsw":"0.74","nt":"12.92","qld":"0.50","sa":"7.54","tas":"0.31","vic":"1.49","wa":"28.62"},{"ts":"2013-09-22T08:10:00Z","nsw":"0.51","nt":"11.70","qld":"0.40","sa":"5.03","tas":"0.16","vic":"0.76","wa":"18.56"},{"ts":"2013-09-22T08:20:00Z","nsw":"0.35","nt":"8.04","qld":"0.44","sa":"2.84","tas":"0.11","vic":"0.47","wa":"12.28"},{"ts":"2013-09-22T08:30:00Z","nsw":"0.32","nt":"4.99","qld":"0.45","sa":"1.46","tas":"0.11","vic":"0.38","wa":"9.91"},{"ts":"2013-09-22T08:40:00Z","nsw":"0.33","nt":"3.37","qld":"0.35","sa":"0.50","tas":"0.11","vic":"0.26","wa":"9.39"},{"ts":"2013-09-22T08:50:00Z","nsw":"0.45","nt":"1.82","qld":"0.28","sa":"0.33","tas":"0.08","vic":"0.15","wa":"5.75"},{"ts":"2013-09-22T09:00:00Z","nsw":"0.45","nt":"1.29","qld":"0.27","sa":"0.26","tas":"0.49","vic":"0.12","wa":"7.18"},{"ts":"2013-09-22T09:10:00Z","nsw":"0.47","nt":"0.62","qld":"0.30","sa":"0.28","tas":"0.49","vic":"0.10","wa":"5.59"},{"ts":"2013-09-22T09:20:00Z","nsw":"0.42","nt":"0.52","qld":"0.28","sa":"0.27","tas":"0.08","vic":"0.10","wa":"4.23"},{"ts":"2013-09-22T09:30:00Z","nsw":"0.38","nt":"0.51","qld":"0.33","sa":"0.26","tas":"0.09","vic":"0.08","wa":"3.37"},{"ts":"2013-09-22T09:40:00Z","nsw":"0.42","nt":"0.64","qld":"0.31","sa":"0.24","tas":"0.09","vic":"0.11","wa":"2.08"},{"ts":"2013-09-22T09:50:00Z","nsw":"0.38","nt":"0.61","qld":"0.32","sa":"0.24","tas":"0.09","vic":"0.10","wa":"0.94"},{"ts":"2013-09-22T10:00:00Z","nsw":"0.39","nt":"0.61","qld":"0.35","sa":"0.25","tas":"0.09","vic":"0.12","wa":"0.48"},{"ts":"2013-09-22T10:10:00Z","nsw":"0.43","nt":"0.61","qld":"0.30","sa":"0.25","tas":"0.09","vic":"0.08","wa":"0.34"},{"ts":"2013-09-22T10:20:00Z","nsw":"0.39","nt":"0.26","qld":"0.35","sa":"0.25","tas":"0.09","vic":"0.12","wa":"0.33"},{"ts":"2013-09-22T10:30:00Z","nsw":"0.41","nt":"0.26","qld":"0.35","sa":"0.18","tas":"0.09","vic":"0.10","wa":"0.28"},{"ts":"2013-09-22T10:40:00Z","nsw":"0.42","nt":"0.26","qld":"0.33","sa":"0.18","tas":"0.09","vic":"0.11","wa":"0.26"},{"ts":"2013-09-22T10:50:00Z","nsw":"0.38","nt":"0.26","qld":"0.33","sa":"0.23","tas":"0.09","vic":"0.13","wa":"0.20"},{"ts":"2013-09-22T11:00:00Z","nsw":"0.25","qld":"0.34","sa":"0.12","tas":"0.09","vic":"0.08","wa":"0.06"},{"ts":"2013-09-22T11:10:00Z","nsw":"0.43","nt":"0.26","qld":"0.33","sa":"0.18","tas":"0.09","vic":"0.10","wa":"0.12"},{"ts":"2013-09-22T11:20:00Z","nsw":"0.48","nt":"0.26","qld":"0.35","sa":"0.18","tas":"0.09","vic":"0.13","wa":"0.13"},{"ts":"2013-09-22T11:30:00Z","nsw":"0.38","nt":"0.26","qld":"0.35","sa":"0.18","tas":"0.09","vic":"0.11","wa":"0.14"},{"ts":"2013-09-22T11:40:00Z","nsw":"0.43","nt":"0.26","qld":"0.33","sa":"0.12","tas":"0.09","vic":"0.14","wa":"0.13"},{"ts":"2013-09-22T11:50:00Z","nsw":"0.41","nt":"0.26","qld":"0.34","sa":"0.17","tas":"0.09","vic":"0.13","wa":"0.13"},{"ts":"2013-09-22T12:00:00Z","nsw":"0.41","nt":"0.26","qld":"0.34","sa":"0.12","tas":"0.09","vic":"0.11","wa":"0.15"},{"ts":"2013-09-22T12:10:00Z","nsw":"0.41","nt":"0.26","qld":"0.36","sa":"0.12","tas":"0.09","vic":"0.10","wa":"0.14"},{"ts":"2013-09-22T12:20:00Z","nsw":"0.40","nt":"0.26","qld":"0.31","sa":"0.12","tas":"0.09","vic":"0.06","wa":"0.14"},{"ts":"2013-09-22T12:30:00Z","nsw":"0.39","nt":"0.26","qld":"0.32","sa":"0.17","tas":"0.09","vic":"0.08","wa":"0.14"},{"ts":"2013-09-22T12:40:00Z","nsw":"0.39","nt":"0.26","qld":"0.29","sa":"0.17","tas":"0.09","vic":"0.10","wa":"0.14"},{"ts":"2013-09-22T12:50:00Z","nsw":"0.40","nt":"0.26","qld":"0.30","sa":"0.12","tas":"0.09","vic":"0.10","wa":"0.15"}],"contribution":[{"ts":"2013-09-21T18:00:00Z","nsw":"0.03","qld":"0.05","sa":"0.05","tas":"0.00","vic":"0.01","wa":"0.02"},{"ts":"2013-09-21T18:10:00Z","nsw":"0.03","qld":"0.05","sa":"0.05","tas":"0.00","vic":"0.01"},{"ts":"2013-09-21T18:20:00Z","nsw":"0.03","qld":"0.06","sa":"0.04","tas":"0.00","vic":"0.01"},{"ts":"2013-09-21T18:30:00Z","nsw":"0.03","qld":"0.05","sa":"0.05","tas":"0.00","vic":"0.01","wa":"0.02"},{"ts":"2013-09-21T18:40:00Z","nsw":"0.03","qld":"0.05","sa":"0.05","tas":"0.00","vic":"0.01"},{"ts":"2013-09-21T18:50:00Z","nsw":"0.03","qld":"0.05","sa":"0.05","tas":"0.00","vic":"0.01"},{"ts":"2013-09-21T19:00:00Z","nsw":"0.03","qld":"0.05","sa":"0.04","tas":"0.00","vic":"0.01","wa":"0.02"},{"ts":"2013-09-21T19:10:00Z","nsw":"0.03","qld":"0.05","sa":"0.05","tas":"0.00","vic":"0.01"},{"ts":"2013-09-21T19:20:00Z","nsw":"0.03","qld":"0.06","sa":"0.04","tas":"0.00","vic":"0.01"},{"ts":"2013-09-21T19:30:00Z","nsw":"0.03","qld":"0.04","sa":"0.05","tas":"0.00","vic":"0.01","wa":"0.02"},{"ts":"2013-09-21T19:40:00Z","nsw":"0.03","qld":"0.03","sa":"0.03","tas":"0.00","vic":"0.01"},{"ts":"2013-09-21T19:50:00Z","nsw":"0.06","qld":"0.15","sa":"0.05","tas":"0.00","vic":"0.01"},{"ts":"2013-09-21T20:00:00Z","nsw":"0.13","qld":"0.33","sa":"0.05","tas":"0.00","vic":"0.00","wa":"0.02"},{"ts":"2013-09-21T20:10:00Z","nsw":"0.20","qld":"0.58","sa":"0.03","tas":"0.00","vic":"0.00"},{"ts":"2013-09-21T20:20:00Z","nsw":"0.30","qld":"0.93","sa":"0.05","tas":"0.00","vic":"0.01"},{"ts":"2013-09-21T20:30:00Z","nsw":"0.36","qld":"1.27","sa":"0.04","tas":"0.00","vic":"0.06","wa":"0.02"},{"ts":"2013-09-21T20:40:00Z","nsw":"0.54","qld":"1.55","sa":"0.05","tas":"0.01","vic":"0.17"},{"ts":"2013-09-21T20:50:00Z","nsw":"0.69","qld":"2.04","sa":"0.24","tas":"0.02","vic":"0.27"},{"ts":"2013-09-21T21:00:00Z","nsw":"0.91","qld":"2.69","sa":"0.49","tas":"0.04","vic":"0.39","wa":"0.02"},{"ts":"2013-09-21T21:10:00Z","nsw":"1.11","qld":"3.21","sa":"0.85","tas":"0.06","vic":"0.47"},{"ts":"2013-09-21T21:20:00Z","nsw":"1.34","qld":"3.70","sa":"1.27","tas":"0.08","vic":"0.59"},{"ts":"2013-09-21T21:30:00Z","nsw":"1.55","qld":"4.13","sa":"1.85","tas":"0.09","vic":"0.60","wa":"0.03"},{"ts":"2013-09-21T21:40:00Z","nsw":"1.79","qld":"4.56","sa":"2.39","tas":"0.12","vic":"0.65"},{"ts":"2013-09-21T21:50:00Z","nsw":"1.96","qld":"4.97","sa":"3.28","tas":"0.14","vic":"0.76"},{"ts":"2013-09-21T22:00:00Z","nsw":"2.17","qld":"5.53","sa":"3.97","tas":"0.18","vic":"0.92","wa":"0.04"},{"ts":"2013-09-21T22:10:00Z","nsw":"2.29","qld":"5.95","sa":"4.89","tas":"0.22","vic":"0.99"},{"ts":"2013-09-21T22:20:00Z","nsw":"2.49","qld":"6.37","sa":"5.92","tas":"0.26","vic":"1.16"},{"ts":"2013-09-21T22:30:00Z","nsw":"2.75","qld":"6.69","sa":"7.33","tas":"0.26","vic":"1.29","wa":"0.13"},{"ts":"2013-09-21T22:40:00Z","nsw":"2.94","qld":"7.21","sa":"7.62","tas":"0.29","vic":"1.59"},{"ts":"2013-09-21T22:50:00Z","nsw":"3.01","qld":"7.65","sa":"9.37","tas":"0.30","vic":"1.92"},{"ts":"2013-09-21T23:00:00Z","nsw":"3.27","qld":"7.85","sa":"8.72","tas":"0.27","vic":"2.10","wa":"0.45"},{"ts":"2013-09-21T23:10:00Z","nsw":"3.36","qld":"7.85","sa":"11.22","tas":"0.30","vic":"2.56"},{"ts":"2013-09-21T23:20:00Z","nsw":"3.58","qld":"8.06","sa":"10.91","tas":"0.38","vic":"2.57"},{"ts":"2013-09-21T23:30:00Z","nsw":"3.80","qld":"8.05","sa":"12.25","tas":"0.46","vic":"2.74","wa":"1.90"},{"ts":"2013-09-21T23:40:00Z","nsw":"3.91","qld":"8.16","sa":"12.36","tas":"0.63","vic":"3.18"},{"ts":"2013-09-21T23:50:00Z","nsw":"3.94","qld":"8.22","sa":"14.68","tas":"0.63","vic":"3.45"},{"ts":"2013-09-22T00:00:00Z","nsw":"4.29","qld":"8.29","sa":"14.13","tas":"0.67","vic":"3.95","wa":"1.75"},{"ts":"2013-09-22T00:10:00Z","nsw":"4.35","qld":"8.48","sa":"15.69","tas":"0.77","vic":"4.07"},{"ts":"2013-09-22T00:20:00Z","nsw":"4.33","qld":"8.94","sa":"15.31","tas":"0.80","vic":"4.71"},{"ts":"2013-09-22T00:30:00Z","nsw":"4.52","qld":"8.90","sa":"17.17","tas":"0.82","vic":"4.70","wa":"4.46"},{"ts":"2013-09-22T00:40:00Z","nsw":"4.51","qld":"9.31","sa":"17.59","tas":"0.96","vic":"5.16"},{"ts":"2013-09-22T00:50:00Z","nsw":"4.58","qld":"9.01","sa":"18.44","tas":"0.88","vic":"5.20"},{"ts":"2013-09-22T01:00:00Z","nsw":"4.68","qld":"9.45","sa":"18.69","tas":"0.83","vic":"5.55","wa":"7.24"},{"ts":"2013-09-22T01:10:00Z","nsw":"4.69","qld":"9.47","sa":"19.27","tas":"0.81","vic":"5.44"},{"ts":"2013-09-22T01:20:00Z","nsw":"4.82","qld":"9.31","sa":"20.42","tas":"0.92","vic":"5.80"},{"ts":"2013-09-22T01:30:00Z","nsw":"4.85","qld":"9.34","sa":"20.81","tas":"0.88","vic":"5.78","wa":"6.96"},{"ts":"2013-09-22T01:40:00Z","nsw":"4.80","qld":"9.43","sa":"20.82","tas":"0.99","vic":"5.94"},{"ts":"2013-09-22T01:50:00Z","nsw":"4.73","qld":"9.05","sa":"20.88","tas":"0.97","vic":"5.78"},{"ts":"2013-09-22T02:00:00Z","nsw":"4.83","qld":"9.49","sa":"21.31","tas":"1.06","vic":"6.03","wa":"8.48"},{"ts":"2013-09-22T02:10:00Z","nsw":"4.69","qld":"9.40","sa":"21.56","tas":"0.92","vic":"5.96"},{"ts":"2013-09-22T02:20:00Z","nsw":"4.82","qld":"9.24","sa":"21.48","tas":"0.92","vic":"5.99"},{"ts":"2013-09-22T02:30:00Z","nsw":"4.75","qld":"8.87","sa":"21.79","tas":"0.90","vic":"5.78","wa":"5.16"},{"ts":"2013-09-22T02:40:00Z","nsw":"4.83","qld":"9.04","sa":"21.70","tas":"1.00","vic":"5.85"},{"ts":"2013-09-22T02:50:00Z","nsw":"4.75","qld":"9.09","sa":"21.64","tas":"0.98","vic":"5.65"},{"ts":"2013-09-22T03:00:00Z","nsw":"4.81","qld":"8.96","sa":"21.61","tas":"1.02","vic":"5.61","wa":"7.79"},{"ts":"2013-09-22T03:10:00Z","nsw":"4.73","qld":"8.93","sa":"21.17","tas":"0.98","vic":"5.11"},{"ts":"2013-09-22T03:20:00Z","nsw":"4.64","qld":"9.03","sa":"20.96","tas":"1.02","vic":"4.93"},{"ts":"2013-09-22T03:30:00Z","nsw":"4.74","qld":"8.85","sa":"21.35","tas":"1.06","vic":"4.50","wa":"8.76"},{"ts":"2013-09-22T03:40:00Z","nsw":"4.54","qld":"9.05","sa":"20.76","tas":"1.13","vic":"4.80"},{"ts":"2013-09-22T03:50:00Z","nsw":"4.37","qld":"8.87","sa":"20.78","tas":"1.15","vic":"4.33"},{"ts":"2013-09-22T04:00:00Z","nsw":"4.47","qld":"8.56","sa":"19.78","tas":"1.08","vic":"4.32","wa":"8.11"},{"ts":"2013-09-22T04:10:00Z","nsw":"4.11","qld":"8.26","sa":"20.35","tas":"0.88","vic":"4.17"},{"ts":"2013-09-22T04:20:00Z","nsw":"4.10","qld":"8.05","sa":"19.04","tas":"0.91","vic":"4.31"},{"ts":"2013-09-22T04:30:00Z","nsw":"3.82","qld":"7.74","sa":"19.53","tas":"0.77","vic":"4.16","wa":"7.84"},{"ts":"2013-09-22T04:40:00Z","nsw":"3.74","qld":"7.41","sa":"18.27","tas":"0.76","vic":"4.11"},{"ts":"2013-09-22T04:50:00Z","nsw":"3.43","qld":"6.91","sa":"18.33","tas":"0.56","vic":"3.91"},{"ts":"2013-09-22T05:00:00Z","nsw":"3.40","qld":"6.63","sa":"17.61","tas":"0.65","vic":"3.98","wa":"6.74"},{"ts":"2013-09-22T05:10:00Z","nsw":"3.01","qld":"6.02","sa":"17.24","tas":"0.53","vic":"3.67"},{"ts":"2013-09-22T05:20:00Z","nsw":"2.90","qld":"5.68","sa":"15.99","tas":"0.59","vic":"3.76"},{"ts":"2013-09-22T05:30:00Z","nsw":"2.65","qld":"5.16","sa":"15.90","tas":"0.44","vic":"3.49","wa":"5.70"},{"ts":"2013-09-22T05:40:00Z","nsw":"2.48","qld":"4.68","sa":"14.74","tas":"0.45","vic":"3.35"},{"ts":"2013-09-22T05:50:00Z","nsw":"2.24","qld":"4.18","sa":"14.49","tas":"0.39","vic":"3.04"},{"ts":"2013-09-22T06:00:00Z","nsw":"2.03","qld":"3.76","sa":"13.22","tas":"0.43","vic":"2.96","wa":"7.09"},{"ts":"2013-09-22T06:10:00Z","nsw":"1.78","qld":"3.21","sa":"12.45","tas":"0.39","vic":"2.58"},{"ts":"2013-09-22T06:20:00Z","nsw":"1.65","qld":"2.80","sa":"11.39","tas":"0.42","vic":"2.41"},{"ts":"2013-09-22T06:30:00Z","nsw":"1.27","qld":"2.32","sa":"10.76","tas":"0.32","vic":"2.12","wa":"4.54"},{"ts":"2013-09-22T06:40:00Z","nsw":"1.05","qld":"1.79","sa":"9.46","tas":"0.31","vic":"1.82"},{"ts":"2013-09-22T06:50:00Z","nsw":"0.80","qld":"1.38","sa":"8.60","tas":"0.27","vic":"1.58"},{"ts":"2013-09-22T07:00:00Z","nsw":"0.64","qld":"1.00","sa":"7.72","tas":"0.20","vic":"1.27","wa":"4.36"},{"ts":"2013-09-22T07:10:00Z","nsw":"0.43","qld":"0.69","sa":"6.73","tas":"0.14","vic":"0.99"},{"ts":"2013-09-22T07:20:00Z","nsw":"0.34","qld":"0.42","sa":"5.37","tas":"0.11","vic":"0.75"},{"ts":"2013-09-22T07:30:00Z","nsw":"0.23","qld":"0.25","sa":"4.64","tas":"0.08","vic":"0.53","wa":"3.92"},{"ts":"2013-09-22T07:40:00Z","nsw":"0.14","qld":"0.11","sa":"3.51","tas":"0.05","vic":"0.36"},{"ts":"2013-09-22T07:50:00Z","nsw":"0.09","qld":"0.07","sa":"2.82","tas":"0.02","vic":"0.23"},{"ts":"2013-09-22T08:00:00Z","nsw":"0.05","qld":"0.07","sa":"2.10","tas":"0.01","vic":"0.13","wa":"4.23"},{"ts":"2013-09-22T08:10:00Z","nsw":"0.04","qld":"0.05","sa":"1.36","tas":"0.00","vic":"0.06"},{"ts":"2013-09-22T08:20:00Z","nsw":"0.02","qld":"0.06","sa":"0.76","tas":"0.00","vic":"0.04"},{"ts":"2013-09-22T08:30:00Z","nsw":"0.02","qld":"0.06","sa":"0.39","tas":"0.00","vic":"0.03","wa":"1.46"},{"ts":"2013-09-22T08:40:00Z","nsw":"0.02","qld":"0.05","sa":"0.13","tas":"0.00","vic":"0.02"},{"ts":"2013-09-22T08:50:00Z","nsw":"0.03","qld":"0.04","sa":"0.09","tas":"0.00","vic":"0.01"},{"ts":"2013-09-22T09:00:00Z","nsw":"0.03","qld":"0.04","sa":"0.07","tas":"0.01","vic":"0.01","wa":"1.02"},{"ts":"2013-09-22T09:10:00Z","nsw":"0.03","qld":"0.04","sa":"0.07","tas":"0.01","vic":"0.01"},{"ts":"2013-09-22T09:20:00Z","nsw":"0.03","qld":"0.04","sa":"0.07","tas":"0.00","vic":"0.01"},{"ts":"2013-09-22T09:30:00Z","nsw":"0.03","qld":"0.05","sa":"0.07","tas":"0.00","vic":"0.01","wa":"0.46"},{"ts":"2013-09-22T09:40:00Z","nsw":"0.03","qld":"0.04","sa":"0.06","tas":"0.00","vic":"0.01"},{"ts":"2013-09-22T09:50:00Z","nsw":"0.03","qld":"0.04","sa":"0.06","tas":"0.00","vic":"0.01"},{"ts":"2013-09-22T10:00:00Z","nsw":"0.03","qld":"0.05","sa":"0.07","tas":"0.00","vic":"0.01","wa":"0.06"},{"ts":"2013-09-22T10:10:00Z","nsw":"0.03","qld":"0.04","sa":"0.07","tas":"0.00","vic":"0.01"},{"ts":"2013-09-22T10:20:00Z","nsw":"0.03","qld":"0.05","sa":"0.07","tas":"0.00","vic":"0.01"},{"ts":"2013-09-22T10:30:00Z","nsw":"0.03","qld":"0.05","sa":"0.05","tas":"0.00","vic":"0.01","wa":"0.03"},{"ts":"2013-09-22T10:40:00Z","nsw":"0.03","qld":"0.05","sa":"0.05","tas":"0.00","vic":"0.01"},{"ts":"2013-09-22T10:50:00Z","nsw":"0.03","qld":"0.05","sa":"0.06","tas":"0.00","vic":"0.01"},{"ts":"2013-09-22T11:00:00Z","nsw":"0.02","qld":"0.05","sa":"0.03","tas":"0.00","vic":"0.01","wa":"0.01"},{"ts":"2013-09-22T11:10:00Z","nsw":"0.03","qld":"0.05","sa":"0.05","tas":"0.00","vic":"0.01"},{"ts":"2013-09-22T11:20:00Z","nsw":"0.04","qld":"0.05","sa":"0.05","tas":"0.00","vic":"0.01"},{"ts":"2013-09-22T11:30:00Z","nsw":"0.03","qld":"0.05","sa":"0.05","tas":"0.00","vic":"0.01","wa":"0.02"},{"ts":"2013-09-22T11:40:00Z","nsw":"0.03","qld":"0.05","sa":"0.03","tas":"0.00","vic":"0.01"},{"ts":"2013-09-22T11:50:00Z","nsw":"0.03","qld":"0.05","sa":"0.05","tas":"0.00","vic":"0.01"},{"ts":"2013-09-22T12:00:00Z","nsw":"0.03","qld":"0.05","sa":"0.04","tas":"0.00","vic":"0.01","wa":"0.02"},{"ts":"2013-09-22T12:10:00Z","nsw":"0.03","qld":"0.05","sa":"0.04","tas":"0.00","vic":"0.01"},{"ts":"2013-09-22T12:20:00Z","nsw":"0.03","qld":"0.05","sa":"0.04","tas":"0.00","vic":"0.01"},{"ts":"2013-09-22T12:30:00Z","nsw":"0.03","qld":"0.05","sa":"0.05","tas":"0.00","vic":"0.01","wa":"0.02"},{"ts":"2013-09-22T12:40:00Z","nsw":"0.03","qld":"0.04","sa":"0.05","tas":"0.00","vic":"0.01"},{"ts":"2013-09-22T12:50:00Z","nsw":"0.03","qld":"0.05","sa":"0.04","tas":"0.00","vic":"0.01"}],"demand":[{"ts":"2013-09-21T18:00:00Z","nsw":5903,"qld":4311,"sa":1101,"tas":918,"vic":4048,"wa":1592},{"ts":"2013-09-21T18:10:00Z","nsw":5818,"qld":4353,"sa":1096,"tas":896,"vic":4078},{"ts":"2013-09-21T18:20:00Z","nsw":5804,"qld":4329,"sa":1099,"tas":939,"vic":4053},{"ts":"2013-09-21T18:30:00Z","nsw":5728,"qld":4331,"sa":1106,"tas":947,"vic":4005,"wa":1569},{"ts":"2013-09-21T18:40:00Z","nsw":5782,"qld":4345,"sa":1099,"tas":944,"vic":4008},{"ts":"2013-09-21T18:50:00Z","nsw":5761,"qld":4365,"sa":1097,"tas":941,"vic":4010},{"ts":"2013-09-21T19:00:00Z","nsw":5838,"qld":4416,"sa":1089,"tas":949,"vic":4029,"wa":1568},{"ts":"2013-09-21T19:10:00Z","nsw":5824,"qld":4349,"sa":1077,"tas":965,"vic":4034},{"ts":"2013-09-21T19:20:00Z","nsw":5805,"qld":4435,"sa":1088,"tas":963,"vic":4086},{"ts":"2013-09-21T19:30:00Z","nsw":5848,"qld":4411,"sa":1102,"tas":968,"vic":4077,"wa":1576},{"ts":"2013-09-21T19:40:00Z","nsw":5836,"qld":4463,"sa":1109,"tas":966,"vic":4073},{"ts":"2013-09-21T19:50:00Z","nsw":5862,"qld":4432,"sa":1121,"tas":969,"vic":4122},{"ts":"2013-09-21T20:00:00Z","nsw":5902,"qld":4403,"sa":1120,"tas":978,"vic":4167,"wa":1548},{"ts":"2013-09-21T20:10:00Z","nsw":5942,"qld":4407,"sa":1108,"tas":986,"vic":4191},{"ts":"2013-09-21T20:20:00Z","nsw":6014,"qld":4450,"sa":1113,"tas":995,"vic":4193},{"ts":"2013-09-21T20:30:00Z","nsw":6127,"qld":4456,"sa":1130,"tas":1004,"vic":4136,"wa":1552},{"ts":"2013-09-21T20:40:00Z","nsw":6232,"qld":4557,"sa":1140,"tas":1016,"vic":4182},{"ts":"2013-09-21T20:50:00Z","nsw":6269,"qld":4552,"sa":1121,"tas":1018,"vic":4249},{"ts":"2013-09-21T21:00:00Z","nsw":6331,"qld":4656,"sa":1138,"tas":1029,"vic":4233,"wa":1568},{"ts":"2013-09-21T21:10:00Z","nsw":6411,"qld":4647,"sa":1112,"tas":1043,"vic":4213},{"ts":"2013-09-21T21:20:00Z","nsw":6489,"qld":4696,"sa":1115,"tas":1068,"vic":4269},{"ts":"2013-09-21T21:30:00Z","nsw":6560,"qld":4669,"sa":1115,"tas":1093,"vic":4277,"wa":1526},{"ts":"2013-09-21T21:40:00Z","nsw":6646,"qld":4676,"sa":1103,"tas":1102,"vic":4418},{"ts":"2013-09-21T21:50:00Z","nsw":6769,"qld":4733,"sa":1104,"tas":1114,"vic":4457},{"ts":"2013-09-21T22:00:00Z","nsw":6827,"qld":4737,"sa":1096,"tas":1121,"vic":4570,"wa":1557},{"ts":"2013-09-21T22:10:00Z","nsw":6973,"qld":4749,"sa":1105,"tas":1138,"vic":4628},{"ts":"2013-09-21T22:20:00Z","nsw":7023,"qld":4823,"sa":1110,"tas":1153,"vic":4636},{"ts":"2013-09-21T22:30:00Z","nsw":7007,"qld":4851,"sa":1100,"tas":1178,"vic":4657,"wa":1584},{"ts":"2013-09-21T22:40:00Z","nsw":7070,"qld":4876,"sa":1102,"tas":1192,"vic":4698},{"ts":"2013-09-21T22:50:00Z","nsw":7136,"qld":4955,"sa":1095,"tas":1205,"vic":4735},{"ts":"2013-09-21T23:00:00Z","nsw":7198,"qld":4932,"sa":1099,"tas":1216,"vic":4798,"wa":1597},{"ts":"2013-09-21T23:10:00Z","nsw":7284,"qld":4956,"sa":1087,"tas":1208,"vic":4840},{"ts":"2013-09-21T23:20:00Z","nsw":7271,"qld":4975,"sa":1079,"tas":1199,"vic":4814},{"ts":"2013-09-21T23:30:00Z","nsw":7215,"qld":4978,"sa":1087,"tas":1198,"vic":4763,"wa":1660},{"ts":"2013-09-21T23:40:00Z","nsw":7296,"qld":4973,"sa":1072,"tas":1202,"vic":4751},{"ts":"2013-09-21T23:50:00Z","nsw":7304,"qld":4968,"sa":1072,"tas":1195,"vic":4750},{"ts":"2013-09-22T00:00:00Z","nsw":7255,"qld":4981,"sa":1044,"tas":1201,"vic":4764,"wa":1704},{"ts":"2013-09-22T00:10:00Z","nsw":7203,"qld":4979,"sa":1044,"tas":1196,"vic":4752},{"ts":"2013-09-22T00:20:00Z","nsw":7256,"qld":4967,"sa":1027,"tas":1193,"vic":4715},{"ts":"2013-09-22T00:30:00Z","nsw":7188,"qld":4981,"sa":1017,"tas":1184,"vic":4682,"wa":1788},{"ts":"2013-09-22T00:40:00Z","nsw":7194,"qld":4972,"sa":1019,"tas":1155,"vic":4677},{"ts":"2013-09-22T00:50:00Z","nsw":7191,"qld":4991,"sa":1003,"tas":1139,"vic":4674},{"ts":"2013-09-22T01:00:00Z","nsw":7101,"qld":4979,"sa":998,"tas":1177,"vic":4657,"wa":1797},{"ts":"2013-09-22T01:10:00Z","nsw":7046,"qld":4903,"sa":991,"tas":1180,"vic":4640},{"ts":"2013-09-22T01:20:00Z","nsw":7070,"qld":4891,"sa":975,"tas":1181,"vic":4647},{"ts":"2013-09-22T01:30:00Z","nsw":7053,"qld":4881,"sa":983,"tas":1161,"vic":4646,"wa":1821},{"ts":"2013-09-22T01:40:00Z","nsw":7103,"qld":4874,"sa":983,"tas":1160,"vic":4688},{"ts":"2013-09-22T01:50:00Z","nsw":7057,"qld":4907,"sa":983,"tas":1145,"vic":4690},{"ts":"2013-09-22T02:00:00Z","nsw":7064,"qld":4932,"sa":977,"tas":1141,"vic":4666,"wa":1853},{"ts":"2013-09-22T02:10:00Z","nsw":6999,"qld":4940,"sa":985,"tas":1130,"vic":4667},{"ts":"2013-09-22T02:20:00Z","nsw":6986,"qld":4933,"sa":983,"tas":1123,"vic":4673},{"ts":"2013-09-22T02:30:00Z","nsw":6984,"qld":4909,"sa":974,"tas":1120,"vic":4674,"wa":1868},{"ts":"2013-09-22T02:40:00Z","nsw":6873,"qld":4969,"sa":982,"tas":1124,"vic":4634},{"ts":"2013-09-22T02:50:00Z","nsw":6916,"qld":4902,"sa":977,"tas":1122,"vic":4691},{"ts":"2013-09-22T03:00:00Z","nsw":6879,"qld":4958,"sa":975,"tas":1138,"vic":4680,"wa":1928},{"ts":"2013-09-22T03:10:00Z","nsw":6888,"qld":4921,"sa":999,"tas":1157,"vic":4688},{"ts":"2013-09-22T03:20:00Z","nsw":6825,"qld":4908,"sa":986,"tas":1145,"vic":4705},{"ts":"2013-09-22T03:30:00Z","nsw":6884,"qld":4921,"sa":987,"tas":1122,"vic":4649,"wa":1890},{"ts":"2013-09-22T03:40:00Z","nsw":6888,"qld":4929,"sa":1001,"tas":1103,"vic":4673},{"ts":"2013-09-22T03:50:00Z","nsw":6857,"qld":4946,"sa":991,"tas":1096,"vic":4736},{"ts":"2013-09-22T04:00:00Z","nsw":6832,"qld":5003,"sa":1006,"tas":1109,"vic":4698,"wa":1860},{"ts":"2013-09-22T04:10:00Z","nsw":6855,"qld":4999,"sa":1011,"tas":1118,"vic":4703},{"ts":"2013-09-22T04:20:00Z","nsw":6845,"qld":4995,"sa":1011,"tas":1128,"vic":4650},{"ts":"2013-09-22T04:30:00Z","nsw":6874,"qld":4987,"sa":1015,"tas":1142,"vic":4648,"wa":1890},{"ts":"2013-09-22T04:40:00Z","nsw":6894,"qld":4979,"sa":1020,"tas":1146,"vic":4651},{"ts":"2013-09-22T04:50:00Z","nsw":6923,"qld":5003,"sa":1025,"tas":1156,"vic":4673},{"ts":"2013-09-22T05:00:00Z","nsw":6881,"qld":5006,"sa":1029,"tas":1146,"vic":4694,"wa":1891},{"ts":"2013-09-22T05:10:00Z","nsw":6947,"qld":5085,"sa":1043,"tas":1139,"vic":4651},{"ts":"2013-09-22T05:20:00Z","nsw":6954,"qld":5113,"sa":1046,"tas":1138,"vic":4688},{"ts":"2013-09-22T05:30:00Z","nsw":7013,"qld":5163,"sa":1049,"tas":1151,"vic":4679,"wa":1871},{"ts":"2013-09-22T05:40:00Z","nsw":7073,"qld":5189,"sa":1065,"tas":1154,"vic":4714},{"ts":"2013-09-22T05:50:00Z","nsw":7023,"qld":5215,"sa":1064,"tas":1154,"vic":4693},{"ts":"2013-09-22T06:00:00Z","nsw":7060,"qld":5249,"sa":1078,"tas":1150,"vic":4747,"wa":1891},{"ts":"2013-09-22T06:10:00Z","nsw":7069,"qld":5288,"sa":1099,"tas":1155,"vic":4761},{"ts":"2013-09-22T06:20:00Z","nsw":7053,"qld":5358,"sa":1116,"tas":1161,"vic":4818},{"ts":"2013-09-22T06:30:00Z","nsw":7140,"qld":5420,"sa":1129,"tas":1159,"vic":4817,"wa":1893},{"ts":"2013-09-22T06:40:00Z","nsw":7185,"qld":5477,"sa":1154,"tas":1159,"vic":4843},{"ts":"2013-09-22T06:50:00Z","nsw":7274,"qld":5547,"sa":1174,"tas":1163,"vic":4903},{"ts":"2013-09-22T07:00:00Z","nsw":7282,"qld":5629,"sa":1198,"tas":1203,"vic":4938,"wa":1951},{"ts":"2013-09-22T07:10:00Z","nsw":7317,"qld":5656,"sa":1215,"tas":1234,"vic":4941},{"ts":"2013-09-22T07:20:00Z","nsw":7405,"qld":5641,"sa":1246,"tas":1251,"vic":4996},{"ts":"2013-09-22T07:30:00Z","nsw":7455,"qld":5614,"sa":1265,"tas":1254,"vic":5078,"wa":1958},{"ts":"2013-09-22T07:40:00Z","nsw":7608,"qld":5764,"sa":1287,"tas":1255,"vic":5178},{"ts":"2013-09-22T07:50:00Z","nsw":7745,"qld":5897,"sa":1317,"tas":1276,"vic":5217},{"ts":"2013-09-22T08:00:00Z","nsw":7946,"qld":5901,"sa":1326,"tas":1298,"vic":5271,"wa":1992},{"ts":"2013-09-22T08:10:00Z","nsw":8095,"qld":5959,"sa":1368,"tas":1308,"vic":5364},{"ts":"2013-09-22T08:20:00Z","nsw":8211,"qld":5952,"sa":1372,"tas":1319,"vic":5450},{"ts":"2013-09-22T08:30:00Z","nsw":8343,"qld":5993,"sa":1379,"tas":1328,"vic":5524,"wa":2052},{"ts":"2013-09-22T08:40:00Z","nsw":8270,"qld":6116,"sa":1404,"tas":1335,"vic":5652},{"ts":"2013-09-22T08:50:00Z","nsw":8257,"qld":5965,"sa":1404,"tas":1329,"vic":5671},{"ts":"2013-09-22T09:00:00Z","nsw":8146,"qld":5894,"sa":1415,"tas":1329,"vic":5662,"wa":2139},{"ts":"2013-09-22T09:10:00Z","nsw":8099,"qld":5914,"sa":1451,"tas":1320,"vic":5602},{"ts":"2013-09-22T09:20:00Z","nsw":7994,"qld":5846,"sa":1445,"tas":1311,"vic":5528},{"ts":"2013-09-22T09:30:00Z","nsw":7987,"qld":5808,"sa":1437,"tas":1304,"vic":5548,"wa":2238},{"ts":"2013-09-22T09:40:00Z","nsw":7909,"qld":5860,"sa":1432,"tas":1287,"vic":5538},{"ts":"2013-09-22T09:50:00Z","nsw":7867,"qld":5841,"sa":1406,"tas":1283,"vic":5508},{"ts":"2013-09-22T10:00:00Z","nsw":7836,"qld":5841,"sa":1392,"tas":1286,"vic":5459,"wa":2360},{"ts":"2013-09-22T10:10:00Z","nsw":7781,"qld":5846,"sa":1379,"tas":1296,"vic":5386},{"ts":"2013-09-22T10:20:00Z","nsw":7684,"qld":5808,"sa":1379,"tas":1290,"vic":5393},{"ts":"2013-09-22T10:30:00Z","nsw":7685,"qld":5768,"sa":1379,"tas":1276,"vic":5340,"wa":2489},{"ts":"2013-09-22T10:40:00Z","nsw":7637,"qld":5720,"sa":1374,"tas":1259,"vic":5321},{"ts":"2013-09-22T10:50:00Z","nsw":7622,"qld":5720,"sa":1355,"tas":1250,"vic":5280},{"ts":"2013-09-22T11:00:00Z","nsw":7540,"qld":5635,"sa":1346,"tas":1232,"vic":5234,"wa":2570},{"ts":"2013-09-22T11:10:00Z","nsw":7522,"qld":5518,"sa":1335,"tas":1220,"vic":5182},{"ts":"2013-09-22T11:20:00Z","nsw":7437,"qld":5521,"sa":1320,"tas":1209,"vic":5115},{"ts":"2013-09-22T11:30:00Z","nsw":7384,"qld":5462,"sa":1319,"tas":1197,"vic":5117,"wa":2526},{"ts":"2013-09-22T11:40:00Z","nsw":7411,"qld":5474,"sa":1304,"tas":1177,"vic":5046},{"ts":"2013-09-22T11:50:00Z","nsw":7299,"qld":5426,"sa":1283,"tas":1164,"vic":4974},{"ts":"2013-09-22T12:00:00Z","nsw":7273,"qld":5307,"sa":1275,"tas":1137,"vic":4907,"wa":2464},{"ts":"2013-09-22T12:10:00Z","nsw":7304,"qld":5326,"sa":1264,"tas":1111,"vic":4913},{"ts":"2013-09-22T12:20:00Z","nsw":7302,"qld":5308,"sa":1259,"tas":1098,"vic":4893},{"ts":"2013-09-22T12:30:00Z","nsw":7323,"qld":5232,"sa":1244,"tas":1093,"vic":4918,"wa":2424},{"ts":"2013-09-22T12:40:00Z","nsw":7215,"qld":5288,"sa":1209,"tas":1058,"vic":4851},{"ts":"2013-09-22T12:50:00Z","nsw":7108,"qld":5198,"sa":1204,"tas":1044,"vic":4853}],"output":[{"ts":"2013-09-21T18:00:00Z","nsw":1,"qld":2,"sa":0,"tas":0,"vic":0,"wa":0},{"ts":"2013-09-21T18:10:00Z","nsw":1,"qld":2,"sa":0,"tas":0,"vic":0},{"ts":"2013-09-21T18:20:00Z","nsw":1,"qld":2,"sa":0,"tas":0,"vic":0},{"ts":"2013-09-21T18:30:00Z","nsw":1,"qld":2,"sa":0,"tas":0,"vic":0,"wa":0},{"ts":"2013-09-21T18:40:00Z","nsw":1,"qld":2,"sa":0,"tas":0,"vic":0},{"ts":"2013-09-21T18:50:00Z","nsw":1,"qld":2,"sa":0,"tas":0,"vic":0},{"ts":"2013-09-21T19:00:00Z","nsw":1,"qld":2,"sa":0,"tas":0,"vic":0,"wa":0},{"ts":"2013-09-21T19:10:00Z","nsw":1,"qld":2,"sa":0,"tas":0,"vic":0},{"ts":"2013-09-21T19:20:00Z","nsw":1,"qld":2,"sa":0,"tas":0,"vic":0},{"ts":"2013-09-21T19:30:00Z","nsw":1,"qld":1,"sa":0,"tas":0,"vic":0,"wa":0},{"ts":"2013-09-21T19:40:00Z","nsw":1,"qld":1,"sa":0,"tas":0,"vic":0},{"ts":"2013-09-21T19:50:00Z","nsw":3,"qld":6,"sa":0,"tas":0,"vic":0},{"ts":"2013-09-21T20:00:00Z","nsw":7,"qld":14,"sa":0,"tas":0,"vic":0,"wa":0},{"ts":"2013-09-21T20:10:00Z","nsw":12,"qld":26,"sa":0,"tas":0,"vic":0},{"ts":"2013-09-21T20:20:00Z","nsw":17,"qld":41,"sa":0,"tas":0,"vic":0},{"ts":"2013-09-21T20:30:00Z","nsw":21,"qld":57,"sa":0,"tas":0,"vic":2,"wa":0},{"ts":"2013-09-21T20:40:00Z","nsw":33,"qld":72,"sa":0,"tas":0,"vic":7},{"ts":"2013-09-21T20:50:00Z","nsw":43,"qld":94,"sa":2,"tas":0,"vic":11},{"ts":"2013-09-21T21:00:00Z","nsw":58,"qld":126,"sa":5,"tas":0,"vic":16,"wa":0},{"ts":"2013-09-21T21:10:00Z","nsw":71,"qld":152,"sa":9,"tas":0,"vic":19},{"ts":"2013-09-21T21:20:00Z","nsw":86,"qld":179,"sa":14,"tas":0,"vic":25},{"ts":"2013-09-21T21:30:00Z","nsw":102,"qld":200,"sa":21,"tas":0,"vic":25,"wa":0},{"ts":"2013-09-21T21:40:00Z","nsw":121,"qld":222,"sa":26,"tas":1,"vic":28},{"ts":"2013-09-21T21:50:00Z","nsw":134,"qld":245,"sa":37,"tas":1,"vic":34},{"ts":"2013-09-21T22:00:00Z","nsw":151,"qld":276,"sa":45,"tas":2,"vic":42,"wa":0},{"ts":"2013-09-21T22:10:00Z","nsw":163,"qld":302,"sa":57,"tas":2,"vic":46},{"ts":"2013-09-21T22:20:00Z","nsw":180,"qld":327,"sa":70,"tas":2,"vic":54},{"ts":"2013-09-21T22:30:00Z","nsw":198,"qld":346,"sa":87,"tas":3,"vic":60,"wa":2},{"ts":"2013-09-21T22:40:00Z","nsw":214,"qld":380,"sa":90,"tas":3,"vic":75},{"ts":"2013-09-21T22:50:00Z","nsw":221,"qld":406,"sa":111,"tas":3,"vic":92},{"ts":"2013-09-21T23:00:00Z","nsw":243,"qld":418,"sa":104,"tas":3,"vic":102,"wa":7},{"ts":"2013-09-21T23:10:00Z","nsw":252,"qld":421,"sa":138,"tas":3,"vic":126},{"ts":"2013-09-21T23:20:00Z","nsw":268,"qld":433,"sa":132,"tas":4,"vic":126},{"ts":"2013-09-21T23:30:00Z","nsw":285,"qld":431,"sa":151,"tas":5,"vic":134,"wa":32},{"ts":"2013-09-21T23:40:00Z","nsw":297,"qld":440,"sa":153,"tas":7,"vic":155},{"ts":"2013-09-21T23:50:00Z","nsw":301,"qld":443,"sa":183,"tas":7,"vic":169},{"ts":"2013-09-22T00:00:00Z","nsw":322,"qld":453,"sa":173,"tas":8,"vic":195,"wa":30},{"ts":"2013-09-22T00:10:00Z","nsw":328,"qld":461,"sa":195,"tas":9,"vic":201},{"ts":"2013-09-22T00:20:00Z","nsw":327,"qld":484,"sa":186,"tas":9,"vic":233},{"ts":"2013-09-22T00:30:00Z","nsw":342,"qld":488,"sa":211,"tas":9,"vic":231,"wa":83},{"ts":"2013-09-22T00:40:00Z","nsw":341,"qld":509,"sa":219,"tas":11,"vic":253},{"ts":"2013-09-22T00:50:00Z","nsw":345,"qld":497,"sa":232,"tas":9,"vic":255},{"ts":"2013-09-22T01:00:00Z","nsw":350,"qld":515,"sa":226,"tas":9,"vic":273,"wa":140},{"ts":"2013-09-22T01:10:00Z","nsw":347,"qld":514,"sa":235,"tas":9,"vic":267},{"ts":"2013-09-22T01:20:00Z","nsw":357,"qld":502,"sa":250,"tas":10,"vic":286},{"ts":"2013-09-22T01:30:00Z","nsw":359,"qld":500,"sa":259,"tas":10,"vic":284,"wa":136},{"ts":"2013-09-22T01:40:00Z","nsw":359,"qld":503,"sa":259,"tas":11,"vic":295},{"ts":"2013-09-22T01:50:00Z","nsw":353,"qld":486,"sa":261,"tas":11,"vic":287},{"ts":"2013-09-22T02:00:00Z","nsw":356,"qld":517,"sa":264,"tas":12,"vic":302,"wa":171},{"ts":"2013-09-22T02:10:00Z","nsw":345,"qld":507,"sa":269,"tas":10,"vic":294},{"ts":"2013-09-22T02:20:00Z","nsw":354,"qld":499,"sa":268,"tas":10,"vic":297},{"ts":"2013-09-22T02:30:00Z","nsw":346,"qld":481,"sa":271,"tas":10,"vic":286,"wa":101},{"ts":"2013-09-22T02:40:00Z","nsw":349,"qld":490,"sa":270,"tas":11,"vic":287},{"ts":"2013-09-22T02:50:00Z","nsw":343,"qld":489,"sa":269,"tas":11,"vic":281},{"ts":"2013-09-22T03:00:00Z","nsw":347,"qld":488,"sa":267,"tas":11,"vic":278,"wa":162},{"ts":"2013-09-22T03:10:00Z","nsw":342,"qld":482,"sa":266,"tas":11,"vic":252},{"ts":"2013-09-22T03:20:00Z","nsw":334,"qld":492,"sa":263,"tas":11,"vic":243},{"ts":"2013-09-22T03:30:00Z","nsw":339,"qld":481,"sa":266,"tas":12,"vic":219,"wa":181},{"ts":"2013-09-22T03:40:00Z","nsw":328,"qld":488,"sa":263,"tas":12,"vic":234},{"ts":"2013-09-22T03:50:00Z","nsw":313,"qld":479,"sa":260,"tas":12,"vic":214},{"ts":"2013-09-22T04:00:00Z","nsw":319,"qld":468,"sa":245,"tas":12,"vic":212,"wa":164},{"ts":"2013-09-22T04:10:00Z","nsw":295,"qld":450,"sa":256,"tas":9,"vic":205},{"ts":"2013-09-22T04:20:00Z","nsw":293,"qld":437,"sa":237,"tas":10,"vic":209},{"ts":"2013-09-22T04:30:00Z","nsw":273,"qld":415,"sa":244,"tas":8,"vic":201,"wa":160},{"ts":"2013-09-22T04:40:00Z","nsw":267,"qld":399,"sa":229,"tas":8,"vic":200},{"ts":"2013-09-22T04:50:00Z","nsw":245,"qld":372,"sa":230,"tas":6,"vic":189},{"ts":"2013-09-22T05:00:00Z","nsw":242,"qld":355,"sa":219,"tas":7,"vic":194,"wa":136},{"ts":"2013-09-22T05:10:00Z","nsw":214,"qld":325,"sa":216,"tas":6,"vic":177},{"ts":"2013-09-22T05:20:00Z","nsw":207,"qld":307,"sa":199,"tas":6,"vic":183},{"ts":"2013-09-22T05:30:00Z","nsw":189,"qld":280,"sa":199,"tas":5,"vic":169,"wa":113},{"ts":"2013-09-22T05:40:00Z","nsw":180,"qld":254,"sa":183,"tas":5,"vic":162},{"ts":"2013-09-22T05:50:00Z","nsw":159,"qld":226,"sa":178,"tas":4,"vic":147},{"ts":"2013-09-22T06:00:00Z","nsw":146,"qld":204,"sa":164,"tas":4,"vic":144,"wa":144},{"ts":"2013-09-22T06:10:00Z","nsw":128,"qld":175,"sa":156,"tas":4,"vic":125},{"ts":"2013-09-22T06:20:00Z","nsw":118,"qld":153,"sa":143,"tas":4,"vic":118},{"ts":"2013-09-22T06:30:00Z","nsw":91,"qld":127,"sa":134,"tas":3,"vic":104,"wa":89},{"ts":"2013-09-22T06:40:00Z","nsw":76,"qld":100,"sa":119,"tas":3,"vic":89},{"ts":"2013-09-22T06:50:00Z","nsw":58,"qld":77,"sa":109,"tas":3,"vic":78},{"ts":"2013-09-22T07:00:00Z","nsw":46,"qld":56,"sa":99,"tas":2,"vic":63,"wa":89},{"ts":"2013-09-22T07:10:00Z","nsw":31,"qld":38,"sa":87,"tas":1,"vic":49},{"ts":"2013-09-22T07:20:00Z","nsw":25,"qld":23,"sa":70,"tas":1,"vic":37},{"ts":"2013-09-22T07:30:00Z","nsw":16,"qld":13,"sa":60,"tas":0,"vic":26,"wa":79},{"ts":"2013-09-22T07:40:00Z","nsw":10,"qld":6,"sa":46,"tas":0,"vic":18},{"ts":"2013-09-22T07:50:00Z","nsw":7,"qld":4,"sa":38,"tas":0,"vic":11},{"ts":"2013-09-22T08:00:00Z","nsw":4,"qld":4,"sa":28,"tas":0,"vic":6,"wa":88},{"ts":"2013-09-22T08:10:00Z","nsw":2,"qld":3,"sa":18,"tas":0,"vic":3},{"ts":"2013-09-22T08:20:00Z","nsw":1,"qld":3,"sa":10,"tas":0,"vic":2},{"ts":"2013-09-22T08:30:00Z","nsw":1,"qld":3,"sa":5,"tas":0,"vic":1,"wa":30},{"ts":"2013-09-22T08:40:00Z","nsw":1,"qld":2,"sa":1,"tas":0,"vic":1},{"ts":"2013-09-22T08:50:00Z","nsw":2,"qld":2,"sa":1,"tas":0,"vic":0},{"ts":"2013-09-22T09:00:00Z","nsw":2,"qld":2,"sa":0,"tas":0,"vic":0,"wa":22},{"ts":"2013-09-22T09:10:00Z","nsw":2,"qld":2,"sa":1,"tas":0,"vic":0},{"ts":"2013-09-22T09:20:00Z","nsw":2,"qld":2,"sa":1,"tas":0,"vic":0},{"ts":"2013-09-22T09:30:00Z","nsw":2,"qld":2,"sa":0,"tas":0,"vic":0,"wa":10},{"ts":"2013-09-22T09:40:00Z","nsw":2,"qld":2,"sa":0,"tas":0,"vic":0},{"ts":"2013-09-22T09:50:00Z","nsw":2,"qld":2,"sa":0,"tas":0,"vic":0},{"ts":"2013-09-22T10:00:00Z","nsw":2,"qld":2,"sa":0,"tas":0,"vic":0,"wa":1},{"ts":"2013-09-22T10:10:00Z","nsw":2,"qld":2,"sa":0,"tas":0,"vic":0},{"ts":"2013-09-22T10:20:00Z","nsw":2,"qld":2,"sa":0,"tas":0,"vic":0},{"ts":"2013-09-22T10:30:00Z","nsw":2,"qld":2,"sa":0,"tas":0,"vic":0,"wa":0},{"ts":"2013-09-22T10:40:00Z","nsw":2,"qld":2,"sa":0,"tas":0,"vic":0},{"ts":"2013-09-22T10:50:00Z","nsw":2,"qld":2,"sa":0,"tas":0,"vic":0},{"ts":"2013-09-22T11:00:00Z","nsw":1,"qld":2,"sa":0,"tas":0,"vic":0,"wa":0},{"ts":"2013-09-22T11:10:00Z","nsw":2,"qld":2,"sa":0,"tas":0,"vic":0},{"ts":"2013-09-22T11:20:00Z","nsw":2,"qld":2,"sa":0,"tas":0,"vic":0},{"ts":"2013-09-22T11:30:00Z","nsw":2,"qld":2,"sa":0,"tas":0,"vic":0,"wa":0},{"ts":"2013-09-22T11:40:00Z","nsw":2,"qld":2,"sa":0,"tas":0,"vic":0},{"ts":"2013-09-22T11:50:00Z","nsw":2,"qld":2,"sa":0,"tas":0,"vic":0},{"ts":"2013-09-22T12:00:00Z","nsw":2,"qld":2,"sa":0,"tas":0,"vic":0,"wa":0},{"ts":"2013-09-22T12:10:00Z","nsw":2,"qld":2,"sa":0,"tas":0,"vic":0},{"ts":"2013-09-22T12:20:00Z","nsw":2,"qld":2,"sa":0,"tas":0,"vic":0},{"ts":"2013-09-22T12:30:00Z","nsw":2,"qld":2,"sa":0,"tas":0,"vic":0,"wa":0},{"ts":"2013-09-22T12:40:00Z","nsw":2,"qld":2,"sa":0,"tas":0,"vic":0},{"ts":"2013-09-22T12:50:00Z","nsw":2,"qld":2,"sa":0,"tas":0,"vic":0}]} 