{"performance":[{"ts":"2013-12-02T17:00:00Z","nsw":"0.27","nt":"0.00","qld":"0.38","sa":"0.21","tas":"0.00","vic":"0.17","wa":"0.14"},{"ts":"2013-12-02T17:10:00Z","nsw":"0.42","nt":"0.00","qld":"0.37","sa":"0.21","tas":"0.00","vic":"0.16","wa":"0.14"},{"ts":"2013-12-02T17:20:00Z","nsw":"0.38","nt":"0.00","qld":"0.33","sa":"0.21","tas":"0.00","vic":"0.14","wa":"0.14"},{"ts":"2013-12-02T17:30:00Z","nsw":"0.38","nt":"0.00","qld":"0.36","sa":"0.21","tas":"0.00","vic":"0.18","wa":"0.15"},{"ts":"2013-12-02T17:40:00Z","nsw":"0.37","nt":"0.00","qld":"0.36","sa":"0.22","tas":"0.00","vic":"0.23","wa":"0.14"},{"ts":"2013-12-02T17:50:00Z","nsw":"0.41","nt":"0.00","qld":"0.34","sa":"0.20","tas":"0.00","vic":"0.19","wa":"0.15"},{"ts":"2013-12-02T18:00:00Z","nsw":"0.42","nt":"0.00","qld":"0.34","sa":"0.20","tas":"0.00","vic":"0.25","wa":"0.14"},{"ts":"2013-12-02T18:10:00Z","nsw":"0.50","nt":"0.00","qld":"0.35","sa":"0.21","tas":"0.00","vic":"0.24","wa":"0.15"},{"ts":"2013-12-02T18:20:00Z","nsw":"0.47","nt":"0.00","qld":"0.34","sa":"0.21","tas":"0.00","vic":"0.17","wa":"0.14"},{"ts":"2013-12-02T18:30:00Z","nsw":"0.48","nt":"0.00","qld":"0.34","sa":"0.21","tas":"0.01","vic":"0.17","wa":"0.15"},{"ts":"2013-12-02T18:40:00Z","nsw":"0.50","nt":"0.00","qld":"0.12","sa":"0.22","tas":"0.26","vic":"0.15","wa":"0.15"},{"ts":"2013-12-02T18:50:00Z","nsw":"0.84","nt":"0.00","qld":"0.55","sa":"0.19","tas":"0.57","vic":"0.14","wa":"0.16"},{"ts":"2013-12-02T19:00:00Z","nsw":"1.25","nt":"0.00","qld":"1.24","sa":"0.19","tas":"1.20","vic":"0.29","wa":"0.15"},{"ts":"2013-12-02T19:10:00Z","nsw":"1.76","nt":"0.00","qld":"2.30","sa":"0.18","tas":"1.92","vic":"0.77","wa":"0.15"},{"ts":"2013-12-02T19:20:00Z","nsw":"2.45","nt":"0.00","qld":"3.67","sa":"0.18","tas":"2.31","vic":"1.44","wa":"0.14"},{"ts":"2013-12-02T19:30:00Z","nsw":"3.27","nt":"0.00","qld":"5.06","sa":"0.21","tas":"3.18","vic":"2.15","wa":"0.16"},{"ts":"2013-12-02T19:40:00Z","nsw":"4.34","nt":"0.00","qld":"6.71","sa":"0.66","tas":"5.22","vic":"2.94","wa":"0.14"},{"ts":"2013-12-02T19:50:00Z","nsw":"6.05","nt":"0.00","qld":"8.57","sa":"1.23","tas":"6.97","vic":"3.63","wa":"0.15"},{"ts":"2013-12-02T20:00:00Z","nsw":"8.20","nt":"0.00","qld":"10.41","sa":"1.97","tas":"8.25","vic":"4.95","wa":"0.14"},{"ts":"2013-12-02T20:10:00Z","nsw":"9.87","nt":"0.00","qld":"13.18","sa":"2.91","tas":"9.89","vic":"6.71","wa":"0.15"},{"ts":"2013-12-02T20:20:00Z","nsw":"11.38","nt":"0.00","qld":"15.91","sa":"4.04","tas":"12.07","vic":"8.49","wa":"0.14"},{"ts":"2013-12-02T20:30:00Z","nsw":"13.31","nt":"0.00","qld":"18.23","sa":"5.78","tas":"14.23","vic":"10.66","wa":"0.14"},{"ts":"2013-12-02T20:40:00Z","nsw":"14.47","nt":"0.00","qld":"21.75","sa":"6.46","tas":"16.89","vic":"13.10","wa":"0.14"},{"ts":"2013-12-02T20:50:00Z","nsw":"16.62","nt":"0.00","qld":"24.73","sa":"9.37","tas":"18.29","vic":"15.42","wa":"0.14"},{"ts":"2013-12-02T21:00:00Z","nsw":"19.42","nt":"0.70","qld":"28.02","sa":"8.76","tas":"20.57","vic":"17.65","wa":"0.12"},{"ts":"2013-12-02T21:10:00Z","nsw":"22.52","nt":"1.05","qld":"31.70","sa":"10.81","tas":"21.68","vic":"20.27","wa":"0.22"},{"ts":"2013-12-02T21:20:00Z","nsw":"24.51","nt":"1.36","qld":"34.78","sa":"12.12","tas":"26.21","vic":"23.33","wa":"0.54"},{"ts":"2013-12-02T21:30:00Z","nsw":"28.27","nt":"2.39","qld":"37.82","sa":"15.78","tas":"28.55","vic":"25.55","wa":"1.32"},{"ts":"2013-12-02T21:40:00Z","nsw":"30.58","nt":"4.31","qld":"42.11","sa":"18.06","tas":"27.70","vic":"29.07","wa":"2.58"},{"ts":"2013-12-02T21:50:00Z","nsw":"32.06","nt":"4.64","qld":"44.48","sa":"22.43","tas":"27.54","vic":"30.51","wa":"3.92"},{"ts":"2013-12-02T22:00:00Z","nsw":"34.70","nt":"6.15","qld":"46.87","sa":"23.69","tas":"29.58","vic":"33.72","wa":"6.13"},{"ts":"2013-12-02T22:10:00Z","nsw":"37.92","nt":"8.54","qld":"49.00","sa":"28.48","tas":"32.22","vic":"36.80","wa":"7.30"},{"ts":"2013-12-02T22:20:00Z","nsw":"40.51","nt":"9.84","qld":"52.57","sa":"29.86","tas":"36.52","vic":"38.98","wa":"9.74"},{"ts":"2013-12-02T22:30:00Z","nsw":"43.46","nt":"11.05","qld":"53.81","sa":"33.56","tas":"38.15","vic":"42.01","wa":"11.92"},{"ts":"2013-12-02T22:40:00Z","nsw":"45.76","nt":"17.18","qld":"57.12","sa":"36.70","tas":"43.03","vic":"43.96","wa":"14.31"},{"ts":"2013-12-02T22:50:00Z","nsw":"45.27","nt":"15.39","qld":"57.91","sa":"40.59","tas":"44.64","vic":"44.30","wa":"14.56"},{"ts":"2013-12-02T23:00:00Z","nsw":"49.60","nt":"16.63","qld":"60.44","sa":"37.76","tas":"49.13","vic":"43.98","wa":"18.04"},{"ts":"2013-12-02T23:10:00Z","nsw":"51.48","nt":"23.67","qld":"59.88","sa":"42.65","tas":"57.15","vic":"37.30","wa":"20.30"},{"ts":"2013-12-02T23:20:00Z","nsw":"53.70","nt":"25.45","qld":"63.79","sa":"42.72","tas":"58.20","vic":"38.29","wa":"24.04"},{"ts":"2013-12-02T23:30:00Z","nsw":"56.24","nt":"29.78","qld":"63.76","sa":"47.47","tas":"61.35","vic":"33.43","wa":"27.52"},{"ts":"2013-12-02T23:40:00Z","nsw":"58.68","nt":"30.83","qld":"64.81","sa":"40.31","tas":"63.24","vic":"29.80","wa":"31.67"},{"ts":"2013-12-02T23:50:00Z","nsw":"56.83","nt":"34.44","qld":"67.09","sa":"53.31","tas":"60.27","vic":"29.30","wa":"34.92"},{"ts":"2013-12-03T00:00:00Z","nsw":"58.99","nt":"41.01","qld":"68.63","sa":"50.92","tas":"64.33","vic":"27.96","wa":"39.25"},{"ts":"2013-12-03T00:10:00Z","nsw":"59.53","nt":"37.42","qld":"68.32","sa":"51.62","tas":"66.67","vic":"25.30","wa":"40.07"},{"ts":"2013-12-03T00:20:00Z","nsw":"60.37","nt":"51.08","qld":"69.24","sa":"49.20","tas":"71.55","vic":"30.53","wa":"43.57"},{"ts":"2013-12-03T00:30:00Z","nsw":"63.95","nt":"46.42","qld":"68.39","sa":"38.07","tas":"69.67","vic":"29.10","wa":"48.84"},{"ts":"2013-12-03T00:40:00Z","nsw":"63.33","nt":"59.19","qld":"71.34","sa":"24.07","tas":"75.23","vic":"32.28","wa":"51.36"},{"ts":"2013-12-03T00:50:00Z","nsw":"64.20","nt":"63.36","qld":"71.71","sa":"29.10","tas":"77.76","vic":"35.87","wa":"53.02"},{"ts":"2013-12-03T01:00:00Z","nsw":"64.45","nt":"60.98","qld":"71.37","sa":"24.91","tas":"76.33","vic":"38.86","wa":"56.64"},{"ts":"2013-12-03T01:10:00Z","nsw":"63.32","nt":"64.00","qld":"71.30","sa":"48.94","tas":"72.11","vic":"33.89","wa":"58.04"},{"ts":"2013-12-03T01:20:00Z","nsw":"63.33","nt":"70.97","qld":"71.43","sa":"44.72","tas":"76.50","vic":"30.40","wa":"61.29"},{"ts":"2013-12-03T01:30:00Z","nsw":"64.58","nt":"65.74","qld":"71.50","sa":"33.64","tas":"76.81","vic":"27.81","wa":"64.61"},{"ts":"2013-12-03T01:40:00Z","nsw":"64.55","nt":"69.64","qld":"72.23","sa":"29.21","tas":"79.41","vic":"26.90","wa":"64.92"},{"ts":"2013-12-03T01:50:00Z","nsw":"67.77","nt":"73.22","qld":"72.57","sa":"39.04","tas":"75.85","vic":"28.14","wa":"68.82"},{"ts":"2013-12-03T02:00:00Z","nsw":"68.17","nt":"71.24","qld":"72.42","sa":"39.80","tas":"72.74","vic":"25.32","wa":"68.41"},{"ts":"2013-12-03T02:10:00Z","nsw":"66.63","nt":"72.30","qld":"70.95","sa":"51.17","tas":"70.59","vic":"22.28","wa":"69.63"},{"ts":"2013-12-03T02:20:00Z","nsw":"67.32","nt":"74.46","qld":"71.47","sa":"49.72","tas":"72.86","vic":"23.51","wa":"71.79"},{"ts":"2013-12-03T02:30:00Z","nsw":"68.52","nt":"74.30","qld":"70.64","sa":"63.66","tas":"75.01","vic":"22.92","wa":"74.34"},{"ts":"2013-12-03T02:40:00Z","nsw":"68.79","nt":"70.07","qld":"70.83","sa":"55.44","tas":"75.03","vic":"27.36","wa":"74.73"},{"ts":"2013-12-03T02:50:00Z","nsw":"67.87","nt":"75.11","qld":"70.08","sa":"52.16","tas":"66.91","vic":"32.65","wa":"74.62"},{"ts":"2013-12-03T03:00:00Z","nsw":"66.12","nt":"73.49","qld":"70.34","sa":"49.14","tas":"70.32","vic":"42.89","wa":"75.20"},{"ts":"2013-12-03T03:10:00Z","nsw":"64.40","nt":"78.19","qld":"69.95","sa":"48.45","tas":"67.30","vic":"48.03","wa":"76.62"},{"ts":"2013-12-03T03:20:00Z","nsw":"66.84","nt":"76.55","qld":"69.34","sa":"29.70","tas":"63.68","vic":"55.10","wa":"77.69"},{"ts":"2013-12-03T03:30:00Z","nsw":"64.79","nt":"75.61","qld":"67.62","sa":"21.89","tas":"61.24","vic":"53.01","wa":"78.53"},{"ts":"2013-12-03T03:40:00Z","nsw":"61.21","nt":"67.23","qld":"67.20","sa":"15.92","tas":"62.67","vic":"60.41","wa":"77.22"},{"ts":"2013-12-03T03:50:00Z","nsw":"62.41","nt":"75.44","qld":"65.07","sa":"18.07","tas":"63.94","vic":"53.24","wa":"78.69"},{"ts":"2013-12-03T04:00:00Z","nsw":"60.45","nt":"68.43","qld":"63.57","sa":"18.00","tas":"65.12","vic":"47.86","wa":"78.55"},{"ts":"2013-12-03T04:10:00Z","nsw":"59.18","nt":"71.10","qld":"61.81","sa":"18.00","tas":"60.15","vic":"39.58","wa":"78.90"},{"ts":"2013-12-03T04:20:00Z","nsw":"58.09","nt":"66.06","qld":"61.00","sa":"15.60","tas":"64.93","vic":"43.73","wa":"78.63"},{"ts":"2013-12-03T04:30:00Z","nsw":"54.31","nt":"63.38","qld":"58.20","sa":"15.82","tas":"59.03","vic":"35.83","wa":"77.64"},{"ts":"2013-12-03T04:40:00Z","nsw":"54.71","nt":"55.46","qld":"55.80","sa":"15.20","tas":"60.99","vic":"38.45","wa":"77.01"},{"ts":"2013-12-03T04:50:00Z","nsw":"52.41","nt":"61.26","qld":"53.35","sa":"17.15","tas":"61.54","vic":"33.16","wa":"77.22"},{"ts":"2013-12-03T05:00:00Z","nsw":"50.98","nt":"57.72","qld":"50.63","sa":"21.43","tas":"56.77","vic":"34.05","wa":"77.43"},{"ts":"2013-12-03T05:10:00Z","nsw":"47.39","nt":"63.81","qld":"48.26","sa":"22.27","tas":"52.27","vic":"34.85","wa":"76.43"},{"ts":"2013-12-03T05:20:00Z","nsw":"45.41","nt":"67.14","qld":"46.00","sa":"20.07","tas":"53.36","vic":"37.28","wa":"76.42"},{"ts":"2013-12-03T05:30:00Z","nsw":"42.69","nt":"64.17","qld":"42.19","sa":"19.18","tas":"50.29","vic":"34.06","wa":"75.18"},{"ts":"2013-12-03T05:40:00Z","nsw":"38.96","nt":"54.49","qld":"39.93","sa":"19.36","tas":"49.06","vic":"31.86","wa":"73.30"},{"ts":"2013-12-03T05:50:00Z","nsw":"34.19","nt":"55.65","qld":"37.44","sa":"21.21","tas":"42.52","vic":"25.84","wa":"73.05"},{"ts":"2013-12-03T06:00:00Z","nsw":"31.97","nt":"52.09","qld":"33.57","sa":"17.02","tas":"42.26","vic":"24.86","wa":"72.24"},{"ts":"2013-12-03T06:10:00Z","nsw":"28.41","nt":"43.37","qld":"30.45","sa":"17.66","tas":"38.42","vic":"26.85","wa":"69.62"},{"ts":"2013-12-03T06:20:00Z","nsw":"25.62","nt":"21.82","qld":"27.45","sa":"12.85","tas":"36.51","vic":"29.14","wa":"69.51"},{"ts":"2013-12-03T06:30:00Z","nsw":"22.36","nt":"15.34","qld":"24.08","sa":"9.90","tas":"30.21","vic":"27.53","wa":"68.02"},{"ts":"2013-12-03T06:40:00Z","nsw":"18.60","nt":"13.99","qld":"20.98","sa":"7.11","tas":"30.58","vic":"23.87","wa":"66.31"},{"ts":"2013-12-03T06:50:00Z","nsw":"16.78","nt":"11.68","qld":"17.67","sa":"5.31","tas":"21.08","vic":"19.38","wa":"63.45"},{"ts":"2013-12-03T07:00:00Z","nsw":"14.98","nt":"10.60","qld":"14.74","sa":"4.77","tas":"24.13","vic":"18.95","wa":"62.24"},{"ts":"2013-12-03T07:10:00Z","nsw":"12.31","nt":"11.13","qld":"12.21","sa":"5.05","tas":"20.03","vic":"14.81","wa":"59.46"},{"ts":"2013-12-03T07:20:00Z","nsw":"11.35","nt":"11.38","qld":"10.00","sa":"5.80","tas":"20.22","vic":"12.39","wa":"57.74"},{"ts":"2013-12-03T07:30:00Z","nsw":"8.70","nt":"13.15","qld":"7.91","sa":"4.86","tas":"15.25","vic":"9.38","wa":"54.71"},{"ts":"2013-12-03T07:40:00Z","nsw":"7.13","nt":"10.82","qld":"5.99","sa":"3.41","tas":"13.17","vic":"6.96","wa":"52.33"},{"ts":"2013-12-03T07:50:00Z","nsw":"6.27","nt":"9.12","qld":"4.57","sa":"2.70","tas":"8.56","vic":"5.44","wa":"49.16"},{"ts":"2013-12-03T08:00:00Z","nsw":"4.76","nt":"7.91","qld":"3.09","sa":"2.56","tas":"6.47","vic":"4.15","wa":"46.95"},{"ts":"2013-12-03T08:10:00Z","nsw":"3.87","nt":"5.68","qld":"1.83","sa":"2.17","tas":"4.67","vic":"2.92","wa":"43.43"},{"ts":"2013-12-03T08:20:00Z","nsw":"2.76","nt":"4.83","qld":"1.04","sa":"1.42","tas":"4.26","vic":"1.99","wa":"40.52"},{"ts":"2013-12-03T08:30:00Z","nsw":"1.86","nt":"4.11","qld":"0.64","sa":"1.27","tas":"3.75","vic":"1.47","wa":"37.41"},{"ts":"2013-12-03T08:40:00Z","nsw":"1.28","nt":"3.17","qld":"0.58","sa":"1.10","tas":"2.95","vic":"1.09","wa":"34.12"},{"ts":"2013-12-03T08:50:00Z","nsw":"0.98","nt":"2.38","qld":"0.54","sa":"0.95","tas":"2.31","vic":"0.97","wa":"30.56"},{"ts":"2013-12-03T09:00:00Z","nsw":"0.85","nt":"2.37","qld":"0.60","sa":"0.58","tas":"1.57","vic":"0.77","wa":"27.20"},{"ts":"2013-12-03T09:10:00Z","nsw":"0.81","nt":"1.52","qld":"0.76","sa":"0.45","tas":"1.06","vic":"0.75","wa":"23.65"},{"ts":"2013-12-03T09:20:00Z","nsw":"0.84","nt":"0.76","qld":"0.76","sa":"0.43","tas":"0.43","vic":"0.62","wa":"20.25"},{"ts":"2013-12-03T09:30:00Z","nsw":"1.17","nt":"0.54","qld":"0.76","sa":"0.49","tas":"0.17","vic":"0.57","wa":"16.78"},{"ts":"2013-12-03T09:40:00Z","nsw":"0.90","nt":"0.41","qld":"0.80","sa":"0.41","tas":"0.13","vic":"0.59","wa":"14.60"},{"ts":"2013-12-03T09:50:00Z","nsw":"1.19","nt":"0.56","qld":"0.83","sa":"0.29","tas":"0.12","vic":"0.43","wa":"11.72"},{"ts":"2013-12-03T10:00:00Z","nsw":"1.06","nt":"0.56","qld":"0.81","sa":"0.35","tas":"0.15","vic":"0.19","wa":"9.27"},{"ts":"2013-12-03T10:10:00Z","nsw":"1.60","nt":"0.46","qld":"0.38","sa":"0.32","tas":"0.18","vic":"0.32","wa":"7.77"},{"ts":"2013-12-03T10:20:00Z","nsw":"1.18","nt":"0.46","qld":"0.35","sa":"0.34","tas":"0.18","vic":"0.20","wa":"5.90"},{"ts":"2013-12-03T10:30:00Z","nsw":"0.91","nt":"0.46","qld":"0.38","sa":"0.30","tas":"0.18","vic":"0.39","wa":"4.32"},{"ts":"2013-12-03T10:40:00Z","nsw":"0.62","nt":"0.46","qld":"0.36","sa":"0.33","tas":"0.18","vic":"0.70","wa":"3.35"},{"ts":"2013-12-03T10:50:00Z","nsw":"0.69","nt":"0.46","qld":"0.36","sa":"0.32","tas":"0.18","vic":"0.20","wa":"1.81"},{"ts":"2013-12-03T11:00:00Z","nsw":"0.78","nt":"0.46","qld":"0.40","sa":"0.31","tas":"0.18","vic":"0.20","wa":"0.76"},{"ts":"2013-12-03T11:10:00Z","nsw":"1.58","nt":"0.46","qld":"0.38","sa":"0.33","tas":"0.18","vic":"0.19","wa":"0.35"},{"ts":"2013-12-03T11:20:00Z","nsw":"0.93","nt":"0.46","qld":"0.36","sa":"0.33","tas":"0.18","vic":"0.21","wa":"0.19"},{"ts":"2013-12-03T11:30:00Z","nsw":"0.76","nt":"0.46","qld":"0.39","sa":"0.35","tas":"0.18","vic":"0.19","wa":"0.25"},{"ts":"2013-12-03T11:40:00Z","nsw":"0.61","nt":"0.46","qld":"0.35","sa":"0.34","tas":"0.18","vic":"0.38","wa":"0.30"},{"ts":"2013-12-03T11:50:00Z","nsw":"0.54","nt":"0.46","qld":"0.37","sa":"0.32","tas":"0.18","vic":"0.18","wa":"0.34"}],"contribution":[{"ts":"2013-12-02T17:00:00Z","nsw":"0.03","qld":"0.08","sa":"0.07","tas":"0.00","vic":"0.02","wa":"0.03"},{"ts":"2013-12-02T17:10:00Z","nsw":"0.05","qld":"0.08","sa":"0.07","tas":"0.00","vic":"0.02","wa":"0.03"},{"ts":"2013-12-02T17:20:00Z","nsw":"0.04","qld":"0.07","sa":"0.07","tas":"0.00","vic":"0.02","wa":"0.03"},{"ts":"2013-12-02T17:30:00Z","nsw":"0.04","qld":"0.08","sa":"0.07","tas":"0.00","vic":"0.02","wa":"0.03"},{"ts":"2013-12-02T17:40:00Z","nsw":"0.04","qld":"0.08","sa":"0.08","tas":"0.00","vic":"0.03","wa":"0.03"},{"ts":"2013-12-02T17:50:00Z","nsw":"0.04","qld":"0.07","sa":"0.07","tas":"0.00","vic":"0.02","wa":"0.03"},{"ts":"2013-12-02T18:00:00Z","nsw":"0.04","qld":"0.07","sa":"0.07","tas":"0.00","vic":"0.03","wa":"0.03"},{"ts":"2013-12-02T18:10:00Z","nsw":"0.05","qld":"0.07","sa":"0.07","tas":"0.00","vic":"0.03","wa":"0.03"},{"ts":"2013-12-02T18:20:00Z","nsw":"0.05","qld":"0.07","sa":"0.07","tas":"0.00","vic":"0.02","wa":"0.03"},{"ts":"2013-12-02T18:30:00Z","nsw":"0.05","qld":"0.07","sa":"0.07","tas":"0.00","vic":"0.02","wa":"0.03"},{"ts":"2013-12-02T18:40:00Z","nsw":"0.05","qld":"0.02","sa":"0.08","tas":"0.01","vic":"0.02","wa":"0.03"},{"ts":"2013-12-02T18:50:00Z","nsw":"0.08","qld":"0.12","sa":"0.06","tas":"0.03","vic":"0.02","wa":"0.04"},{"ts":"2013-12-02T19:00:00Z","nsw":"0.12","qld":"0.26","sa":"0.06","tas":"0.06","vic":"0.03","wa":"0.03"},{"ts":"2013-12-02T19:10:00Z","nsw":"0.17","qld":"0.47","sa":"0.06","tas":"0.09","vic":"0.08","wa":"0.03"},{"ts":"2013-12-02T19:20:00Z","nsw":"0.23","qld":"0.75","sa":"0.06","tas":"0.11","vic":"0.14","wa":"0.03"},{"ts":"2013-12-02T19:30:00Z","nsw":"0.30","qld":"1.01","sa":"0.07","tas":"0.15","vic":"0.21","wa":"0.03"},{"ts":"2013-12-02T19:40:00Z","nsw":"0.39","qld":"1.33","sa":"0.21","tas":"0.23","vic":"0.28","wa":"0.03"},{"ts":"2013-12-02T19:50:00Z","nsw":"0.53","qld":"1.67","sa":"0.39","tas":"0.31","vic":"0.34","wa":"0.03"},{"ts":"2013-12-02T20:00:00Z","nsw":"0.71","qld":"1.99","sa":"0.62","tas":"0.36","vic":"0.45","wa":"0.03"},{"ts":"2013-12-02T20:10:00Z","nsw":"0.84","qld":"2.46","sa":"0.89","tas":"0.43","vic":"0.60","wa":"0.03"},{"ts":"2013-12-02T20:20:00Z","nsw":"0.94","qld":"2.90","sa":"1.22","tas":"0.50","vic":"0.73","wa":"0.03"},{"ts":"2013-12-02T20:30:00Z","nsw":"1.08","qld":"3.24","sa":"1.71","tas":"0.58","vic":"0.90","wa":"0.03"},{"ts":"2013-12-02T20:40:00Z","nsw":"1.16","qld":"3.78","sa":"1.86","tas":"0.69","vic":"1.08","wa":"0.03"},{"ts":"2013-12-02T20:50:00Z","nsw":"1.32","qld":"4.25","sa":"2.62","tas":"0.74","vic":"1.27","wa":"0.03"},{"ts":"2013-12-02T21:00:00Z","nsw":"1.54","qld":"4.65","sa":"2.40","tas":"0.84","vic":"1.45","wa":"0.03"},{"ts":"2013-12-02T21:10:00Z","nsw":"1.77","qld":"5.15","sa":"2.92","tas":"0.89","vic":"1.65","wa":"0.05"},{"ts":"2013-12-02T21:20:00Z","nsw":"1.91","qld":"5.61","sa":"3.20","tas":"1.07","vic":"1.89","wa":"0.12"},{"ts":"2013-12-02T21:30:00Z","nsw":"2.21","qld":"6.01","sa":"4.17","tas":"1.19","vic":"2.06","wa":"0.28"},{"ts":"2013-12-02T21:40:00Z","nsw":"2.35","qld":"6.63","sa":"4.82","tas":"1.15","vic":"2.35","wa":"0.53"},{"ts":"2013-12-02T21:50:00Z","nsw":"2.45","qld":"6.99","sa":"6.00","tas":"1.19","vic":"2.42","wa":"0.80"},{"ts":"2013-12-02T22:00:00Z","nsw":"2.64","qld":"7.28","sa":"6.26","tas":"1.26","vic":"2.66","wa":"1.19"},{"ts":"2013-12-02T22:10:00Z","nsw":"2.84","qld":"7.58","sa":"7.48","tas":"1.37","vic":"2.84","wa":"1.36"},{"ts":"2013-12-02T22:20:00Z","nsw":"3.02","qld":"8.10","sa":"7.79","tas":"1.59","vic":"2.98","wa":"1.80"},{"ts":"2013-12-02T22:30:00Z","nsw":"3.20","qld":"8.28","sa":"8.66","tas":"1.64","vic":"3.20","wa":"2.19"},{"ts":"2013-12-02T22:40:00Z","nsw":"3.38","qld":"8.77","sa":"9.52","tas":"1.87","vic":"3.34","wa":"2.59"},{"ts":"2013-12-02T22:50:00Z","nsw":"3.32","qld":"8.78","sa":"10.40","tas":"1.92","vic":"3.37","wa":"2.60"},{"ts":"2013-12-02T23:00:00Z","nsw":"3.61","qld":"9.10","sa":"9.70","tas":"2.12","vic":"3.33","wa":"3.10"},{"ts":"2013-12-02T23:10:00Z","nsw":"3.72","qld":"9.09","sa":"10.70","tas":"2.48","vic":"2.85","wa":"3.42"},{"ts":"2013-12-02T23:20:00Z","nsw":"3.87","qld":"9.64","sa":"10.91","tas":"2.53","vic":"2.86","wa":"3.98"},{"ts":"2013-12-02T23:30:00Z","nsw":"4.09","qld":"9.64","sa":"11.77","tas":"2.66","vic":"2.54","wa":"4.40"},{"ts":"2013-12-02T23:40:00Z","nsw":"4.22","qld":"9.74","sa":"9.98","tas":"2.73","vic":"2.26","wa":"5.02"},{"ts":"2013-12-02T23:50:00Z","nsw":"4.07","qld":"10.02","sa":"12.86","tas":"2.61","vic":"2.22","wa":"5.50"},{"ts":"2013-12-03T00:00:00Z","nsw":"4.21","qld":"10.27","sa":"12.44","tas":"2.81","vic":"2.14","wa":"6.15"},{"ts":"2013-12-03T00:10:00Z","nsw":"4.26","qld":"10.20","sa":"12.52","tas":"2.96","vic":"1.93","wa":"6.17"},{"ts":"2013-12-03T00:20:00Z","nsw":"4.35","qld":"10.28","sa":"12.25","tas":"3.24","vic":"2.32","wa":"6.67"},{"ts":"2013-12-03T00:30:00Z","nsw":"4.58","qld":"10.14","sa":"9.22","tas":"3.15","vic":"2.22","wa":"7.50"},{"ts":"2013-12-03T00:40:00Z","nsw":"4.53","qld":"10.56","sa":"5.87","tas":"3.46","vic":"2.45","wa":"7.89"},{"ts":"2013-12-03T00:50:00Z","nsw":"4.57","qld":"10.60","sa":"7.04","tas":"3.54","vic":"2.70","wa":"8.13"},{"ts":"2013-12-03T01:00:00Z","nsw":"4.61","qld":"10.56","sa":"6.28","tas":"3.47","vic":"2.94","wa":"8.61"},{"ts":"2013-12-03T01:10:00Z","nsw":"4.50","qld":"10.54","sa":"11.81","tas":"3.27","vic":"2.55","wa":"8.81"},{"ts":"2013-12-03T01:20:00Z","nsw":"4.52","qld":"10.51","sa":"11.17","tas":"3.43","vic":"2.27","wa":"9.28"},{"ts":"2013-12-03T01:30:00Z","nsw":"4.63","qld":"10.53","sa":"8.30","tas":"3.44","vic":"2.09","wa":"9.74"},{"ts":"2013-12-03T01:40:00Z","nsw":"4.58","qld":"10.53","sa":"7.18","tas":"3.55","vic":"2.03","wa":"9.87"},{"ts":"2013-12-03T01:50:00Z","nsw":"4.79","qld":"10.64","sa":"9.55","tas":"3.40","vic":"2.11","wa":"10.40"},{"ts":"2013-12-03T02:00:00Z","nsw":"4.83","qld":"10.55","sa":"9.89","tas":"3.24","vic":"1.91","wa":"10.40"},{"ts":"2013-12-03T02:10:00Z","nsw":"4.75","qld":"10.29","sa":"12.55","tas":"3.13","vic":"1.68","wa":"10.56"},{"ts":"2013-12-03T02:20:00Z","nsw":"4.73","qld":"10.42","sa":"12.71","tas":"3.27","vic":"1.76","wa":"10.87"},{"ts":"2013-12-03T02:30:00Z","nsw":"4.81","qld":"10.32","sa":"15.59","tas":"3.38","vic":"1.73","wa":"11.16"},{"ts":"2013-12-03T02:40:00Z","nsw":"4.78","qld":"10.35","sa":"13.58","tas":"3.43","vic":"2.06","wa":"11.22"},{"ts":"2013-12-03T02:50:00Z","nsw":"4.74","qld":"10.22","sa":"12.52","tas":"3.05","vic":"2.44","wa":"11.21"},{"ts":"2013-12-03T03:00:00Z","nsw":"4.63","qld":"10.36","sa":"11.73","tas":"3.32","vic":"3.23","wa":"11.33"},{"ts":"2013-12-03T03:10:00Z","nsw":"4.52","qld":"10.22","sa":"11.39","tas":"3.12","vic":"3.57"},{"ts":"2013-12-03T03:20:00Z","nsw":"4.68","qld":"10.16","sa":"7.20","tas":"2.90","vic":"4.07","wa":"11.61"},{"ts":"2013-12-03T03:30:00Z","nsw":"4.48","qld":"9.89","sa":"5.25","tas":"2.77","vic":"3.93","wa":"11.72"},{"ts":"2013-12-03T03:40:00Z","nsw":"4.28","qld":"9.83","sa":"3.95","tas":"2.81","vic":"4.40","wa":"11.58"},{"ts":"2013-12-03T03:50:00Z","nsw":"4.30","qld":"9.47","sa":"4.32","tas":"2.90","vic":"3.94","wa":"11.76"},{"ts":"2013-12-03T04:00:00Z","nsw":"4.19","qld":"9.32","sa":"4.31","tas":"2.96","vic":"3.59","wa":"11.69"},{"ts":"2013-12-03T04:10:00Z","nsw":"4.09","qld":"9.01","sa":"4.31","tas":"2.75","vic":"2.95","wa":"11.77"},{"ts":"2013-12-03T04:20:00Z","nsw":"4.04","qld":"8.93","sa":"3.77","tas":"3.00","vic":"3.24","wa":"11.76"},{"ts":"2013-12-03T04:30:00Z","nsw":"3.77","qld":"8.56","sa":"3.85","tas":"2.67","vic":"2.70","wa":"11.71"},{"ts":"2013-12-03T04:40:00Z","nsw":"3.79","qld":"8.24","sa":"3.75","tas":"2.68","vic":"2.86","wa":"11.60"},{"ts":"2013-12-03T04:50:00Z","nsw":"3.59","qld":"7.85","sa":"4.30","tas":"2.71","vic":"2.47","wa":"11.60"},{"ts":"2013-12-03T05:00:00Z","nsw":"3.52","qld":"7.48","sa":"5.43","tas":"2.50","vic":"2.51","wa":"11.59"},{"ts":"2013-12-03T05:10:00Z","nsw":"3.23","qld":"7.12","sa":"5.66","tas":"2.32","vic":"2.57","wa":"11.43"},{"ts":"2013-12-03T05:20:00Z","nsw":"3.09","qld":"6.78","sa":"5.04","tas":"2.34","vic":"2.75","wa":"11.41"},{"ts":"2013-12-03T05:30:00Z","nsw":"2.88","qld":"6.20","sa":"4.81","tas":"2.18","vic":"2.53","wa":"11.21"},{"ts":"2013-12-03T05:40:00Z","nsw":"2.65","qld":"5.83","sa":"4.91","tas":"2.14","vic":"2.36","wa":"10.94"},{"ts":"2013-12-03T05:50:00Z","nsw":"2.32","qld":"5.55","sa":"5.37","tas":"1.87","vic":"1.92","wa":"10.89"},{"ts":"2013-12-03T06:00:00Z","nsw":"2.18","qld":"4.93","sa":"4.29","tas":"1.86","vic":"1.86","wa":"10.70"},{"ts":"2013-12-03T06:10:00Z","nsw":"1.94","qld":"4.48","sa":"4.42","tas":"1.67","vic":"2.00","wa":"10.33"},{"ts":"2013-12-03T06:20:00Z","nsw":"1.75","qld":"4.04","sa":"3.23","tas":"1.61","vic":"2.17","wa":"10.31"},{"ts":"2013-12-03T06:30:00Z","nsw":"1.53","qld":"3.51","sa":"2.53","tas":"1.34","vic":"2.03","wa":"10.10"},{"ts":"2013-12-03T06:40:00Z","nsw":"1.28","qld":"3.07","sa":"1.85","tas":"1.33","vic":"1.77","wa":"9.82"},{"ts":"2013-12-03T06:50:00Z","nsw":"1.16","qld":"2.58","sa":"1.37","tas":"0.92","vic":"1.44","wa":"9.44"},{"ts":"2013-12-03T07:00:00Z","nsw":"1.04","qld":"2.18","sa":"1.24","tas":"1.06","vic":"1.43","wa":"9.32"},{"ts":"2013-12-03T07:10:00Z","nsw":"0.87","qld":"1.80","sa":"1.33","tas":"0.89","vic":"1.13","wa":"8.96"},{"ts":"2013-12-03T07:20:00Z","nsw":"0.81","qld":"1.50","sa":"1.53","tas":"0.89","vic":"0.96","wa":"8.72"},{"ts":"2013-12-03T07:30:00Z","nsw":"0.62","qld":"1.17","sa":"1.34","tas":"0.67","vic":"0.74","wa":"8.29"},{"ts":"2013-12-03T07:40:00Z","nsw":"0.51","qld":"0.90","sa":"0.95","tas":"0.59","vic":"0.55","wa":"7.92"},{"ts":"2013-12-03T07:50:00Z","nsw":"0.45","qld":"0.69","sa":"0.74","tas":"0.39","vic":"0.43","wa":"7.44"},{"ts":"2013-12-03T08:00:00Z","nsw":"0.34","qld":"0.46","sa":"0.70","tas":"0.29","vic":"0.34","wa":"7.11"},{"ts":"2013-12-03T08:10:00Z","nsw":"0.29","qld":"0.28","sa":"0.61","tas":"0.21","vic":"0.24","wa":"6.58"},{"ts":"2013-12-03T08:20:00Z","nsw":"0.21","qld":"0.16","sa":"0.40","tas":"0.19","vic":"0.16","wa":"6.15"},{"ts":"2013-12-03T08:30:00Z","nsw":"0.14","qld":"0.10","sa":"0.36","tas":"0.17","vic":"0.12","wa":"5.70"},{"ts":"2013-12-03T08:40:00Z","nsw":"0.10","qld":"0.09","sa":"0.31","tas":"0.13","vic":"0.09","wa":"5.22"},{"ts":"2013-12-03T08:50:00Z","nsw":"0.07","qld":"0.08","sa":"0.27","tas":"0.10","vic":"0.08","wa":"4.70"},{"ts":"2013-12-03T09:00:00Z","nsw":"0.06","qld":"0.09","sa":"0.16","tas":"0.07","vic":"0.06","wa":"4.20"},{"ts":"2013-12-03T09:10:00Z","nsw":"0.06","qld":"0.11","sa":"0.12","tas":"0.05","vic":"0.06","wa":"3.67"},{"ts":"2013-12-03T09:20:00Z","nsw":"0.06","qld":"0.11","sa":"0.12","tas":"0.02","vic":"0.05","wa":"3.15"},{"ts":"2013-12-03T09:30:00Z","nsw":"0.09","qld":"0.12","sa":"0.14","tas":"0.01","vic":"0.05","wa":"2.61"},{"ts":"2013-12-03T09:40:00Z","nsw":"0.07","qld":"0.12","sa":"0.12","tas":"0.01","vic":"0.05","wa":"2.27"},{"ts":"2013-12-03T09:50:00Z","nsw":"0.09","qld":"0.13","sa":"0.08","tas":"0.01","vic":"0.04","wa":"1.83"},{"ts":"2013-12-03T10:00:00Z","nsw":"0.08","qld":"0.13","sa":"0.10","tas":"0.01","vic":"0.02","wa":"1.45"},{"ts":"2013-12-03T10:10:00Z","nsw":"0.12","qld":"0.06","sa":"0.09","tas":"0.01","vic":"0.03","wa":"1.22"},{"ts":"2013-12-03T10:20:00Z","nsw":"0.09","qld":"0.05","sa":"0.10","tas":"0.01","vic":"0.02","wa":"0.93"},{"ts":"2013-12-03T10:30:00Z","nsw":"0.07","qld":"0.06","sa":"0.09","tas":"0.01","vic":"0.03","wa":"0.69"},{"ts":"2013-12-03T10:40:00Z","nsw":"0.05","qld":"0.06","sa":"0.10","tas":"0.01","vic":"0.06","wa":"0.53"},{"ts":"2013-12-03T10:50:00Z","nsw":"0.06","qld":"0.06","sa":"0.10","tas":"0.01","vic":"0.02","wa":"0.29"},{"ts":"2013-12-03T11:00:00Z","nsw":"0.06","qld":"0.06","sa":"0.10","tas":"0.01","vic":"0.02","wa":"0.12"},{"ts":"2013-12-03T11:10:00Z","nsw":"0.13","qld":"0.06","sa":"0.10","tas":"0.01","vic":"0.02","wa":"0.06"},{"ts":"2013-12-03T11:20:00Z","nsw":"0.08","qld":"0.06","sa":"0.10","tas":"0.01","vic":"0.02","wa":"0.03"},{"ts":"2013-12-03T11:30:00Z","nsw":"0.06","qld":"0.06","sa":"0.11","tas":"0.01","vic":"0.02","wa":"0.04"},{"ts":"2013-12-03T11:40:00Z","nsw":"0.05","qld":"0.06","sa":"0.11","tas":"0.01","vic":"0.04","wa":"0.05"},{"ts":"2013-12-03T11:50:00Z","nsw":"0.05","qld":"0.06","sa":"0.10","tas":"0.01","vic":"0.02","wa":"0.05"}],"demand":[{"ts":"2013-12-02T17:00:00Z","nsw":6054,"qld":4628,"sa":1252,"tas":974,"vic":4558,"wa":1601},{"ts":"2013-12-02T17:10:00Z","nsw":6036,"qld":4566,"sa":1252,"tas":983,"vic":4547,"wa":1598},{"ts":"2013-12-02T17:20:00Z","nsw":6014,"qld":4616,"sa":1231,"tas":988,"vic":4551,"wa":1599},{"ts":"2013-12-02T17:30:00Z","nsw":5951,"qld":4622,"sa":1262,"tas":1001,"vic":4584,"wa":1590},{"ts":"2013-12-02T17:40:00Z","nsw":6066,"qld":4592,"sa":1261,"tas":994,"vic":4614,"wa":1589},{"ts":"2013-12-02T17:50:00Z","nsw":6130,"qld":4667,"sa":1265,"tas":1000,"vic":4620,"wa":1588},{"ts":"2013-12-02T18:00:00Z","nsw":6221,"qld":4588,"sa":1274,"tas":1010,"vic":4625,"wa":1587},{"ts":"2013-12-02T18:10:00Z","nsw":6310,"qld":4659,"sa":1267,"tas":1015,"vic":4715,"wa":1584},{"ts":"2013-12-02T18:20:00Z","nsw":6289,"qld":4690,"sa":1258,"tas":1019,"vic":4752,"wa":1580},{"ts":"2013-12-02T18:30:00Z","nsw":6260,"qld":4696,"sa":1265,"tas":1015,"vic":4868,"wa":1581},{"ts":"2013-12-02T18:40:00Z","nsw":6409,"qld":4734,"sa":1285,"tas":1033,"vic":4898,"wa":1578},{"ts":"2013-12-02T18:50:00Z","nsw":6533,"qld":4663,"sa":1308,"tas":1053,"vic":4847,"wa":1576},{"ts":"2013-12-02T19:00:00Z","nsw":6656,"qld":4767,"sa":1323,"tas":1068,"vic":4986,"wa":1575},{"ts":"2013-12-02T19:10:00Z","nsw":6879,"qld":4837,"sa":1335,"tas":1096,"vic":5148,"wa":1574},{"ts":"2013-12-02T19:20:00Z","nsw":7041,"qld":4843,"sa":1341,"tas":1110,"vic":5305,"wa":1578},{"ts":"2013-12-02T19:30:00Z","nsw":7193,"qld":4931,"sa":1349,"tas":1129,"vic":5374,"wa":1583},{"ts":"2013-12-02T19:40:00Z","nsw":7339,"qld":4969,"sa":1381,"tas":1145,"vic":5406,"wa":1583},{"ts":"2013-12-02T19:50:00Z","nsw":7494,"qld":5002,"sa":1393,"tas":1168,"vic":5517,"wa":1582},{"ts":"2013-12-02T20:00:00Z","nsw":7507,"qld":5092,"sa":1411,"tas":1197,"vic":5671,"wa":1592},{"ts":"2013-12-02T20:10:00Z","nsw":7654,"qld":5237,"sa":1442,"tas":1193,"vic":5799,"wa":1595},{"ts":"2013-12-02T20:20:00Z","nsw":7824,"qld":5331,"sa":1461,"tas":1254,"vic":5950,"wa":1594},{"ts":"2013-12-02T20:30:00Z","nsw":7945,"qld":5434,"sa":1478,"tas":1266,"vic":6086,"wa":1611},{"ts":"2013-12-02T20:40:00Z","nsw":8087,"qld":5512,"sa":1530,"tas":1261,"vic":6187,"wa":1613},{"ts":"2013-12-02T20:50:00Z","nsw":8097,"qld":5539,"sa":1557,"tas":1258,"vic":6197,"wa":1608},{"ts":"2013-12-02T21:00:00Z","nsw":8156,"qld":5709,"sa":1583,"tas":1264,"vic":6119,"wa":1603},{"ts":"2013-12-02T21:10:00Z","nsw":8147,"qld":5804,"sa":1599,"tas":1247,"vic":6165,"wa":1606},{"ts":"2013-12-02T21:20:00Z","nsw":8163,"qld":5862,"sa":1618,"tas":1246,"vic":6267,"wa":1608},{"ts":"2013-12-02T21:30:00Z","nsw":8229,"qld":5879,"sa":1604,"tas":1232,"vic":6303,"wa":1661},{"ts":"2013-12-02T21:40:00Z","nsw":8316,"qld":5907,"sa":1574,"tas":1225,"vic":6261,"wa":1680},{"ts":"2013-12-02T21:50:00Z","nsw":8349,"qld":5899,"sa":1561,"tas":1179,"vic":6360,"wa":1691},{"ts":"2013-12-02T22:00:00Z","nsw":8334,"qld":5919,"sa":1572,"tas":1201,"vic":6423,"wa":1766},{"ts":"2013-12-02T22:10:00Z","nsw":8484,"qld":5899,"sa":1564,"tas":1189,"vic":6527,"wa":1844},{"ts":"2013-12-02T22:20:00Z","nsw":8527,"qld":5915,"sa":1568,"tas":1182,"vic":6531,"wa":1847},{"ts":"2013-12-02T22:30:00Z","nsw":8556,"qld":5900,"sa":1561,"tas":1182,"vic":6538,"wa":1854},{"ts":"2013-12-02T22:40:00Z","nsw":8525,"qld":5916,"sa":1549,"tas":1173,"vic":6575,"wa":1873},{"ts":"2013-12-02T22:50:00Z","nsw":8621,"qld":5956,"sa":1551,"tas":1177,"vic":6551,"wa":1895},{"ts":"2013-12-02T23:00:00Z","nsw":8680,"qld":5957,"sa":1556,"tas":1170,"vic":6586,"wa":1961},{"ts":"2013-12-02T23:10:00Z","nsw":8692,"qld":5964,"sa":1568,"tas":1162,"vic":6578,"wa":1993},{"ts":"2013-12-02T23:20:00Z","nsw":8720,"qld":5934,"sa":1554,"tas":1160,"vic":6679,"wa":2019},{"ts":"2013-12-02T23:30:00Z","nsw":8673,"qld":5952,"sa":1583,"tas":1164,"vic":6631,"wa":2082},{"ts":"2013-12-02T23:40:00Z","nsw":8685,"qld":5956,"sa":1622,"tas":1165,"vic":6664,"wa":2085},{"ts":"2013-12-02T23:50:00Z","nsw":8702,"qld":5976,"sa":1585,"tas":1165,"vic":6636,"wa":2088},{"ts":"2013-12-03T00:00:00Z","nsw":8763,"qld":5964,"sa":1587,"tas":1147,"vic":6630,"wa":2085},{"ts":"2013-12-03T00:10:00Z","nsw":8755,"qld":5974,"sa":1595,"tas":1128,"vic":6635,"wa":2121},{"ts":"2013-12-03T00:20:00Z","nsw":8660,"qld":6005,"sa":1586,"tas":1090,"vic":6618,"wa":2122},{"ts":"2013-12-03T00:30:00Z","nsw":8725,"qld":5980,"sa":1681,"tas":1093,"vic":6632,"wa":2096},{"ts":"2013-12-03T00:40:00Z","nsw":8722,"qld":5992,"sa":1720,"tas":1087,"vic":6617,"wa":2086},{"ts":"2013-12-03T00:50:00Z","nsw":8751,"qld":6009,"sa":1706,"tas":1097,"vic":6661,"wa":2083},{"ts":"2013-12-03T01:00:00Z","nsw":8724,"qld":6009,"sa":1653,"tas":1102,"vic":6632,"wa":2091},{"ts":"2013-12-03T01:10:00Z","nsw":8809,"qld":6001,"sa":1597,"tas":1108,"vic":6707,"wa":2090},{"ts":"2013-12-03T01:20:00Z","nsw":8740,"qld":6037,"sa":1600,"tas":1117,"vic":6718,"wa":2084},{"ts":"2013-12-03T01:30:00Z","nsw":8722,"qld":6019,"sa":1654,"tas":1115,"vic":6717,"wa":2082},{"ts":"2013-12-03T01:40:00Z","nsw":8781,"qld":6073,"sa":1676,"tas":1112,"vic":6711,"wa":2062},{"ts":"2013-12-03T01:50:00Z","nsw":8777,"qld":6058,"sa":1629,"tas":1116,"vic":6725,"wa":2062},{"ts":"2013-12-03T02:00:00Z","nsw":8777,"qld":6071,"sa":1606,"tas":1123,"vic":6726,"wa":2050},{"ts":"2013-12-03T02:10:00Z","nsw":8764,"qld":6104,"sa":1566,"tas":1125,"vic":6720,"wa":2052},{"ts":"2013-12-03T02:20:00Z","nsw":8853,"qld":6089,"sa":1520,"tas":1114,"vic":6759,"wa":2049},{"ts":"2013-12-03T02:30:00Z","nsw":8887,"qld":6092,"sa":1543,"tas":1102,"vic":6726,"wa":2059},{"ts":"2013-12-03T02:40:00Z","nsw":8952,"qld":6128,"sa":1583,"tas":1093,"vic":6701,"wa":2058},{"ts":"2013-12-03T02:50:00Z","nsw":8919,"qld":6096,"sa":1630,"tas":1086,"vic":6686,"wa":2056},{"ts":"2013-12-03T03:00:00Z","nsw":8875,"qld":6085,"sa":1649,"tas":1067,"vic":6652,"wa":2048},{"ts":"2013-12-03T03:10:00Z","nsw":8899,"qld":6086,"sa":1664,"tas":1088,"vic":6703},{"ts":"2013-12-03T03:20:00Z","nsw":8927,"qld":6085,"sa":1702,"tas":1105,"vic":6679,"wa":2057},{"ts":"2013-12-03T03:30:00Z","nsw":8970,"qld":6107,"sa":1748,"tas":1118,"vic":6689,"wa":2057},{"ts":"2013-12-03T03:40:00Z","nsw":8978,"qld":6117,"sa":1749,"tas":1116,"vic":6704,"wa":2051},{"ts":"2013-12-03T03:50:00Z","nsw":9063,"qld":6146,"sa":1779,"tas":1106,"vic":6705,"wa":2055},{"ts":"2013-12-03T04:00:00Z","nsw":9060,"qld":6153,"sa":1777,"tas":1108,"vic":6669,"wa":2064},{"ts":"2013-12-03T04:10:00Z","nsw":9031,"qld":6151,"sa":1773,"tas":1100,"vic":6693,"wa":2058},{"ts":"2013-12-03T04:20:00Z","nsw":9028,"qld":6175,"sa":1767,"tas":1095,"vic":6692,"wa":2053},{"ts":"2013-12-03T04:30:00Z","nsw":9040,"qld":6193,"sa":1752,"tas":1124,"vic":6681,"wa":2037},{"ts":"2013-12-03T04:40:00Z","nsw":9110,"qld":6176,"sa":1718,"tas":1147,"vic":6741,"wa":2043},{"ts":"2013-12-03T04:50:00Z","nsw":9186,"qld":6222,"sa":1684,"tas":1144,"vic":6762,"wa":2048},{"ts":"2013-12-03T05:00:00Z","nsw":9185,"qld":6244,"sa":1654,"tas":1149,"vic":6811,"wa":2056},{"ts":"2013-12-03T05:10:00Z","nsw":9322,"qld":6275,"sa":1656,"tas":1145,"vic":6776,"wa":2060},{"ts":"2013-12-03T05:20:00Z","nsw":9327,"qld":6289,"sa":1683,"tas":1157,"vic":6800,"wa":2064},{"ts":"2013-12-03T05:30:00Z","nsw":9372,"qld":6302,"sa":1683,"tas":1171,"vic":6772,"wa":2071},{"ts":"2013-12-03T05:40:00Z","nsw":9365,"qld":6398,"sa":1665,"tas":1158,"vic":6785,"wa":2077},{"ts":"2013-12-03T05:50:00Z","nsw":9375,"qld":6365,"sa":1660,"tas":1155,"vic":6820,"wa":2080},{"ts":"2013-12-03T06:00:00Z","nsw":9376,"qld":6426,"sa":1681,"tas":1152,"vic":6777,"wa":2097},{"ts":"2013-12-03T06:10:00Z","nsw":9396,"qld":6446,"sa":1697,"tas":1165,"vic":6762,"wa":2104},{"ts":"2013-12-03T06:20:00Z","nsw":9409,"qld":6477,"sa":1701,"tas":1159,"vic":6802,"wa":2104},{"ts":"2013-12-03T06:30:00Z","nsw":9412,"qld":6531,"sa":1689,"tas":1160,"vic":6820,"wa":2107},{"ts":"2013-12-03T06:40:00Z","nsw":9374,"qld":6590,"sa":1676,"tas":1173,"vic":6828,"wa":2119},{"ts":"2013-12-03T06:50:00Z","nsw":9384,"qld":6607,"sa":1696,"tas":1183,"vic":6838,"wa":2119},{"ts":"2013-12-03T07:00:00Z","nsw":9233,"qld":6571,"sa":1680,"tas":1174,"vic":6733,"wa":2107},{"ts":"2013-12-03T07:10:00Z","nsw":9187,"qld":6574,"sa":1664,"tas":1162,"vic":6651,"wa":2102},{"ts":"2013-12-03T07:20:00Z","nsw":9085,"qld":6570,"sa":1619,"tas":1157,"vic":6629,"wa":2103},{"ts":"2013-12-03T07:30:00Z","nsw":9064,"qld":6581,"sa":1585,"tas":1158,"vic":6568,"wa":2105},{"ts":"2013-12-03T07:40:00Z","nsw":9078,"qld":6536,"sa":1596,"tas":1141,"vic":6530,"wa":2118},{"ts":"2013-12-03T07:50:00Z","nsw":9027,"qld":6557,"sa":1617,"tas":1136,"vic":6437,"wa":2126},{"ts":"2013-12-03T08:00:00Z","nsw":8966,"qld":6555,"sa":1604,"tas":1142,"vic":6377,"wa":2136},{"ts":"2013-12-03T08:10:00Z","nsw":8738,"qld":6426,"sa":1568,"tas":1138,"vic":6301,"wa":2147},{"ts":"2013-12-03T08:20:00Z","nsw":8720,"qld":6400,"sa":1571,"tas":1141,"vic":6288,"wa":2150},{"ts":"2013-12-03T08:30:00Z","nsw":8675,"qld":6481,"sa":1582,"tas":1149,"vic":6261,"wa":2153},{"ts":"2013-12-03T08:40:00Z","nsw":8620,"qld":6533,"sa":1561,"tas":1162,"vic":6211,"wa":2157},{"ts":"2013-12-03T08:50:00Z","nsw":8639,"qld":6522,"sa":1558,"tas":1164,"vic":6225,"wa":2154},{"ts":"2013-12-03T09:00:00Z","nsw":8683,"qld":6569,"sa":1585,"tas":1166,"vic":6153,"wa":2159},{"ts":"2013-12-03T09:10:00Z","nsw":8755,"qld":6617,"sa":1596,"tas":1169,"vic":6134,"wa":2159},{"ts":"2013-12-03T09:20:00Z","nsw":8794,"qld":6554,"sa":1566,"tas":1187,"vic":6135,"wa":2166},{"ts":"2013-12-03T09:30:00Z","nsw":8752,"qld":6487,"sa":1550,"tas":1192,"vic":6109,"wa":2180},{"ts":"2013-12-03T09:40:00Z","nsw":8710,"qld":6484,"sa":1527,"tas":1184,"vic":6110,"wa":2188},{"ts":"2013-12-03T09:50:00Z","nsw":8648,"qld":6422,"sa":1533,"tas":1180,"vic":6100,"wa":2192},{"ts":"2013-12-03T10:00:00Z","nsw":8613,"qld":6356,"sa":1525,"tas":1173,"vic":6058,"wa":2188},{"ts":"2013-12-03T10:10:00Z","nsw":8480,"qld":6350,"sa":1529,"tas":1183,"vic":5998,"wa":2192},{"ts":"2013-12-03T10:20:00Z","nsw":8322,"qld":6281,"sa":1510,"tas":1183,"vic":5974,"wa":2192},{"ts":"2013-12-03T10:30:00Z","nsw":8197,"qld":6267,"sa":1476,"tas":1180,"vic":5907,"wa":2177},{"ts":"2013-12-03T10:40:00Z","nsw":8154,"qld":6266,"sa":1473,"tas":1172,"vic":5784,"wa":2177},{"ts":"2013-12-03T10:50:00Z","nsw":8054,"qld":6256,"sa":1450,"tas":1165,"vic":5689,"wa":2179},{"ts":"2013-12-03T11:00:00Z","nsw":8095,"qld":6160,"sa":1437,"tas":1152,"vic":5569,"wa":2182},{"ts":"2013-12-03T11:10:00Z","nsw":8156,"qld":6277,"sa":1428,"tas":1147,"vic":5445,"wa":2186},{"ts":"2013-12-03T11:20:00Z","nsw":8048,"qld":6238,"sa":1419,"tas":1127,"vic":5445,"wa":2190},{"ts":"2013-12-03T11:30:00Z","nsw":7982,"qld":6133,"sa":1438,"tas":1122,"vic":5361,"wa":2212},{"ts":"2013-12-03T11:40:00Z","nsw":7897,"qld":6108,"sa":1406,"tas":1109,"vic":5240,"wa":2230},{"ts":"2013-12-03T11:50:00Z","nsw":7723,"qld":5994,"sa":1382,"tas":1107,"vic":5175,"wa":2233}],"output":[{"ts":"2013-12-02T17:00:00Z","nsw":1,"qld":3,"sa":0,"tas":0,"vic":0,"wa":0},{"ts":"2013-12-02T17:10:00Z","nsw":2,"qld":3,"sa":0,"tas":0,"vic":0,"wa":0},{"ts":"2013-12-02T17:20:00Z","nsw":2,"qld":3,"sa":0,"tas":0,"vic":0,"wa":0},{"ts":"2013-12-02T17:30:00Z","nsw":2,"qld":3,"sa":0,"tas":0,"vic":0,"wa":0},{"ts":"2013-12-02T17:40:00Z","nsw":2,"qld":3,"sa":0,"tas":0,"vic":1,"wa":0},{"ts":"2013-12-02T17:50:00Z","nsw":2,"qld":3,"sa":0,"tas":0,"vic":0,"wa":0},{"ts":"2013-12-02T18:00:00Z","nsw":2,"qld":3,"sa":0,"tas":0,"vic":1,"wa":0},{"ts":"2013-12-02T18:10:00Z","nsw":3,"qld":3,"sa":0,"tas":0,"vic":1,"wa":0},{"ts":"2013-12-02T18:20:00Z","nsw":3,"qld":3,"sa":0,"tas":0,"vic":0,"wa":0},{"ts":"2013-12-02T18:30:00Z","nsw":3,"qld":3,"sa":0,"tas":0,"vic":0,"wa":0},{"ts":"2013-12-02T18:40:00Z","nsw":3,"qld":1,"sa":0,"tas":0,"vic":0,"wa":0},{"ts":"2013-12-02T18:50:00Z","nsw":5,"qld":5,"sa":0,"tas":0,"vic":0,"wa":0},{"ts":"2013-12-02T19:00:00Z","nsw":8,"qld":12,"sa":0,"tas":0,"vic":1,"wa":0},{"ts":"2013-12-02T19:10:00Z","nsw":11,"qld":22,"sa":0,"tas":0,"vic":3,"wa":0},{"ts":"2013-12-02T19:20:00Z","nsw":16,"qld":36,"sa":0,"tas":1,"vic":7,"wa":0},{"ts":"2013-12-02T19:30:00Z","nsw":21,"qld":50,"sa":0,"tas":1,"vic":11,"wa":0},{"ts":"2013-12-02T19:40:00Z","nsw":28,"qld":66,"sa":2,"tas":2,"vic":15,"wa":0},{"ts":"2013-12-02T19:50:00Z","nsw":39,"qld":84,"sa":5,"tas":3,"vic":18,"wa":0},{"ts":"2013-12-02T20:00:00Z","nsw":53,"qld":103,"sa":8,"tas":4,"vic":25,"wa":0},{"ts":"2013-12-02T20:10:00Z","nsw":64,"qld":130,"sa":12,"tas":5,"vic":34,"wa":0},{"ts":"2013-12-02T20:20:00Z","nsw":74,"qld":157,"sa":17,"tas":6,"vic":43,"wa":0},{"ts":"2013-12-02T20:30:00Z","nsw":86,"qld":180,"sa":25,"tas":7,"vic":55,"wa":0},{"ts":"2013-12-02T20:40:00Z","nsw":94,"qld":215,"sa":28,"tas":8,"vic":67,"wa":0},{"ts":"2013-12-02T20:50:00Z","nsw":108,"qld":245,"sa":41,"tas":9,"vic":79,"wa":0},{"ts":"2013-12-02T21:00:00Z","nsw":126,"qld":277,"sa":38,"tas":10,"vic":91,"wa":0},{"ts":"2013-12-02T21:10:00Z","nsw":147,"qld":314,"sa":47,"tas":11,"vic":104,"wa":0},{"ts":"2013-12-02T21:20:00Z","nsw":159,"qld":345,"sa":53,"tas":13,"vic":120,"wa":1},{"ts":"2013-12-02T21:30:00Z","nsw":184,"qld":375,"sa":70,"tas":14,"vic":131,"wa":4},{"ts":"2013-12-02T21:40:00Z","nsw":199,"qld":417,"sa":80,"tas":14,"vic":149,"wa":8},{"ts":"2013-12-02T21:50:00Z","nsw":209,"qld":441,"sa":99,"tas":14,"vic":157,"wa":13},{"ts":"2013-12-02T22:00:00Z","nsw":226,"qld":464,"sa":105,"tas":15,"vic":173,"wa":21},{"ts":"2013-12-02T22:10:00Z","nsw":247,"qld":486,"sa":126,"tas":16,"vic":189,"wa":25},{"ts":"2013-12-02T22:20:00Z","nsw":264,"qld":521,"sa":132,"tas":18,"vic":201,"wa":33},{"ts":"2013-12-02T22:30:00Z","nsw":283,"qld":533,"sa":148,"tas":19,"vic":216,"wa":41},{"ts":"2013-12-02T22:40:00Z","nsw":298,"qld":566,"sa":162,"tas":22,"vic":226,"wa":49},{"ts":"2013-12-02T22:50:00Z","nsw":295,"qld":574,"sa":180,"tas":23,"vic":228,"wa":50},{"ts":"2013-12-02T23:00:00Z","nsw":323,"qld":599,"sa":167,"tas":25,"vic":226,"wa":62},{"ts":"2013-12-02T23:10:00Z","nsw":336,"qld":594,"sa":189,"tas":29,"vic":192,"wa":70},{"ts":"2013-12-02T23:20:00Z","nsw":350,"qld":632,"sa":189,"tas":30,"vic":197,"wa":83},{"ts":"2013-12-02T23:30:00Z","nsw":367,"qld":632,"sa":210,"tas":31,"vic":172,"wa":95},{"ts":"2013-12-02T23:40:00Z","nsw":383,"qld":642,"sa":178,"tas":32,"vic":153,"wa":110},{"ts":"2013-12-02T23:50:00Z","nsw":371,"qld":665,"sa":236,"tas":31,"vic":151,"wa":121},{"ts":"2013-12-03T00:00:00Z","nsw":385,"qld":680,"sa":226,"tas":33,"vic":144,"wa":136},{"ts":"2013-12-03T00:10:00Z","nsw":388,"qld":677,"sa":229,"tas":34,"vic":130,"wa":139},{"ts":"2013-12-03T00:20:00Z","nsw":394,"qld":686,"sa":218,"tas":37,"vic":157,"wa":151},{"ts":"2013-12-03T00:30:00Z","nsw":417,"qld":678,"sa":168,"tas":36,"vic":150,"wa":169},{"ts":"2013-12-03T00:40:00Z","nsw":413,"qld":707,"sa":106,"tas":38,"vic":166,"wa":178},{"ts":"2013-12-03T00:50:00Z","nsw":419,"qld":711,"sa":129,"tas":40,"vic":185,"wa":184},{"ts":"2013-12-03T01:00:00Z","nsw":420,"qld":708,"sa":110,"tas":39,"vic":200,"wa":197},{"ts":"2013-12-03T01:10:00Z","nsw":413,"qld":707,"sa":217,"tas":37,"vic":174,"wa":201},{"ts":"2013-12-03T01:20:00Z","nsw":413,"qld":708,"sa":198,"tas":39,"vic":156,"wa":213},{"ts":"2013-12-03T01:30:00Z","nsw":421,"qld":709,"sa":149,"tas":39,"vic":143,"wa":224},{"ts":"2013-12-03T01:40:00Z","nsw":421,"qld":716,"sa":129,"tas":41,"vic":138,"wa":225},{"ts":"2013-12-03T01:50:00Z","nsw":442,"qld":719,"sa":173,"tas":39,"vic":145,"wa":239},{"ts":"2013-12-03T02:00:00Z","nsw":445,"qld":718,"sa":176,"tas":37,"vic":130,"wa":238},{"ts":"2013-12-03T02:10:00Z","nsw":435,"qld":703,"sa":227,"tas":36,"vic":114,"wa":242},{"ts":"2013-12-03T02:20:00Z","nsw":439,"qld":708,"sa":220,"tas":37,"vic":121,"wa":249},{"ts":"2013-12-03T02:30:00Z","nsw":447,"qld":700,"sa":282,"tas":38,"vic":118,"wa":258},{"ts":"2013-12-03T02:40:00Z","nsw":449,"qld":702,"sa":246,"tas":38,"vic":141,"wa":260},{"ts":"2013-12-03T02:50:00Z","nsw":443,"qld":695,"sa":231,"tas":34,"vic":168,"wa":259},{"ts":"2013-12-03T03:00:00Z","nsw":431,"qld":697,"sa":218,"tas":36,"vic":221,"wa":261},{"ts":"2013-12-03T03:10:00Z","nsw":420,"qld":693,"sa":215,"tas":34,"vic":247},{"ts":"2013-12-03T03:20:00Z","nsw":436,"qld":687,"sa":131,"tas":32,"vic":284,"wa":270},{"ts":"2013-12-03T03:30:00Z","nsw":423,"qld":670,"sa":97,"tas":31,"vic":273,"wa":273},{"ts":"2013-12-03T03:40:00Z","nsw":399,"qld":666,"sa":70,"tas":32,"vic":311,"wa":268},{"ts":"2013-12-03T03:50:00Z","nsw":407,"qld":645,"sa":80,"tas":33,"vic":274,"wa":273},{"ts":"2013-12-03T04:00:00Z","nsw":394,"qld":630,"sa":79,"tas":33,"vic":246,"wa":273},{"ts":"2013-12-03T04:10:00Z","nsw":386,"qld":613,"sa":79,"tas":31,"vic":204,"wa":274},{"ts":"2013-12-03T04:20:00Z","nsw":379,"qld":605,"sa":69,"tas":33,"vic":225,"wa":273},{"ts":"2013-12-03T04:30:00Z","nsw":354,"qld":577,"sa":70,"tas":30,"vic":184,"wa":270},{"ts":"2013-12-03T04:40:00Z","nsw":357,"qld":553,"sa":67,"tas":31,"vic":198,"wa":267},{"ts":"2013-12-03T04:50:00Z","nsw":342,"qld":529,"sa":76,"tas":31,"vic":171,"wa":268},{"ts":"2013-12-03T05:00:00Z","nsw":332,"qld":502,"sa":95,"tas":29,"vic":175,"wa":269},{"ts":"2013-12-03T05:10:00Z","nsw":309,"qld":478,"sa":98,"tas":27,"vic":179,"wa":265},{"ts":"2013-12-03T05:20:00Z","nsw":296,"qld":456,"sa":89,"tas":27,"vic":192,"wa":265},{"ts":"2013-12-03T05:30:00Z","nsw":278,"qld":418,"sa":85,"tas":26,"vic":175,"wa":261},{"ts":"2013-12-03T05:40:00Z","nsw":254,"qld":396,"sa":85,"tas":25,"vic":164,"wa":255},{"ts":"2013-12-03T05:50:00Z","nsw":223,"qld":371,"sa":94,"tas":22,"vic":133,"wa":254},{"ts":"2013-12-03T06:00:00Z","nsw":208,"qld":333,"sa":75,"tas":21,"vic":128,"wa":251},{"ts":"2013-12-03T06:10:00Z","nsw":185,"qld":302,"sa":78,"tas":19,"vic":138,"wa":242},{"ts":"2013-12-03T06:20:00Z","nsw":167,"qld":272,"sa":57,"tas":18,"vic":150,"wa":241},{"ts":"2013-12-03T06:30:00Z","nsw":145,"qld":238,"sa":43,"tas":15,"vic":142,"wa":236},{"ts":"2013-12-03T06:40:00Z","nsw":121,"qld":208,"sa":31,"tas":15,"vic":123,"wa":230},{"ts":"2013-12-03T06:50:00Z","nsw":109,"qld":175,"sa":23,"tas":10,"vic":99,"wa":220},{"ts":"2013-12-03T07:00:00Z","nsw":97,"qld":146,"sa":21,"tas":12,"vic":97,"wa":216},{"ts":"2013-12-03T07:10:00Z","nsw":80,"qld":121,"sa":22,"tas":10,"vic":76,"wa":206},{"ts":"2013-12-03T07:20:00Z","nsw":74,"qld":99,"sa":25,"tas":10,"vic":63,"wa":200},{"ts":"2013-12-03T07:30:00Z","nsw":56,"qld":78,"sa":21,"tas":7,"vic":48,"wa":190},{"ts":"2013-12-03T07:40:00Z","nsw":46,"qld":59,"sa":15,"tas":6,"vic":35,"wa":182},{"ts":"2013-12-03T07:50:00Z","nsw":40,"qld":45,"sa":11,"tas":4,"vic":28,"wa":171},{"ts":"2013-12-03T08:00:00Z","nsw":31,"qld":30,"sa":11,"tas":3,"vic":21,"wa":163},{"ts":"2013-12-03T08:10:00Z","nsw":25,"qld":18,"sa":9,"tas":2,"vic":15,"wa":151},{"ts":"2013-12-03T08:20:00Z","nsw":18,"qld":10,"sa":6,"tas":2,"vic":10,"wa":141},{"ts":"2013-12-03T08:30:00Z","nsw":12,"qld":6,"sa":5,"tas":1,"vic":7,"wa":130},{"ts":"2013-12-03T08:40:00Z","nsw":8,"qld":5,"sa":4,"tas":1,"vic":5,"wa":118},{"ts":"2013-12-03T08:50:00Z","nsw":6,"qld":5,"sa":4,"tas":1,"vic":5,"wa":106},{"ts":"2013-12-03T09:00:00Z","nsw":5,"qld":5,"sa":2,"tas":0,"vic":3,"wa":94},{"ts":"2013-12-03T09:10:00Z","nsw":5,"qld":7,"sa":1,"tas":0,"vic":3,"wa":82},{"ts":"2013-12-03T09:20:00Z","nsw":5,"qld":7,"sa":1,"tas":0,"vic":3,"wa":70},{"ts":"2013-12-03T09:30:00Z","nsw":7,"qld":7,"sa":2,"tas":0,"vic":2,"wa":58},{"ts":"2013-12-03T09:40:00Z","nsw":5,"qld":7,"sa":1,"tas":0,"vic":3,"wa":50},{"ts":"2013-12-03T09:50:00Z","nsw":7,"qld":8,"sa":1,"tas":0,"vic":2,"wa":40},{"ts":"2013-12-03T10:00:00Z","nsw":6,"qld":8,"sa":1,"tas":0,"vic":0,"wa":32},{"ts":"2013-12-03T10:10:00Z","nsw":10,"qld":3,"sa":1,"tas":0,"vic":1,"wa":27},{"ts":"2013-12-03T10:20:00Z","nsw":7,"qld":3,"sa":1,"tas":0,"vic":1,"wa":20},{"ts":"2013-12-03T10:30:00Z","nsw":5,"qld":3,"sa":1,"tas":0,"vic":1,"wa":15},{"ts":"2013-12-03T10:40:00Z","nsw":4,"qld":3,"sa":1,"tas":0,"vic":3,"wa":11},{"ts":"2013-12-03T10:50:00Z","nsw":4,"qld":3,"sa":1,"tas":0,"vic":1,"wa":6},{"ts":"2013-12-03T11:00:00Z","nsw":5,"qld":3,"sa":1,"tas":0,"vic":1,"wa":2},{"ts":"2013-12-03T11:10:00Z","nsw":10,"qld":3,"sa":1,"tas":0,"vic":0,"wa":1},{"ts":"2013-12-03T11:20:00Z","nsw":6,"qld":3,"sa":1,"tas":0,"vic":1,"wa":0},{"ts":"2013-12-03T11:30:00Z","nsw":4,"qld":3,"sa":1,"tas":0,"vic":0,"wa":0},{"ts":"2013-12-03T11:40:00Z","nsw":3,"qld":3,"sa":1,"tas":0,"vic":1,"wa":1},{"ts":"2013-12-03T11:50:00Z","nsw":3,"qld":3,"sa":1,"tas":0,"vic":0,"wa":1}]}