{"performance":[{"ts":"2014-02-13T17:00:00Z","nsw":"0.13","qld":"0.03","sa":"0.03","tas":"0.00","vic":"0.04","wa":"0.00"},{"ts":"2014-02-13T17:10:00Z","nsw":"0.20","qld":"0.06","sa":"0.04","tas":"0.00","vic":"0.09","wa":"0.00"},{"ts":"2014-02-13T17:20:00Z","nsw":"0.28","nt":"0.00","qld":"0.08","sa":"0.14","tas":"0.07","vic":"0.25","wa":"0.13"},{"ts":"2014-02-13T17:30:00Z","nsw":"0.30","nt":"0.00","qld":"0.09","sa":"0.14","tas":"0.07","vic":"0.16","wa":"0.13"},{"ts":"2014-02-13T17:40:00Z","nsw":"0.29","nt":"0.00","qld":"0.08","sa":"0.15","tas":"0.07","vic":"0.09","wa":"0.12"},{"ts":"2014-02-13T17:50:00Z","nsw":"0.30","nt":"0.00","qld":"0.09","sa":"0.14","tas":"0.07","vic":"0.09","wa":"0.13"},{"ts":"2014-02-13T18:00:00Z","nsw":"0.27","nt":"0.00","qld":"0.09","sa":"0.14","tas":"0.07","vic":"0.15","wa":"0.12"},{"ts":"2014-02-13T18:10:00Z","nsw":"0.31","nt":"0.00","qld":"0.08","sa":"0.13","tas":"0.06","vic":"0.07","wa":"0.13"},{"ts":"2014-02-13T18:20:00Z","nsw":"0.32","nt":"0.00","qld":"0.08","sa":"0.14","tas":"0.06","vic":"0.14","wa":"0.12"},{"ts":"2014-02-13T18:30:00Z","nsw":"0.28","nt":"0.00","qld":"0.06","sa":"0.14","tas":"0.06","vic":"0.08","wa":"0.13"},{"ts":"2014-02-13T18:40:00Z","nsw":"0.31","nt":"0.00","qld":"0.07","sa":"0.13","tas":"0.06","vic":"0.13","wa":"0.12"},{"ts":"2014-02-13T18:50:00Z","nsw":"0.33","nt":"0.00","qld":"0.07","sa":"0.14","tas":"0.06","vic":"0.08","wa":"0.13"},{"ts":"2014-02-13T19:00:00Z","nsw":"0.31","nt":"0.00","qld":"0.07","sa":"0.14","tas":"0.06","vic":"0.05","wa":"0.14"},{"ts":"2014-02-13T19:10:00Z","nsw":"0.45","nt":"0.00","qld":"0.07","sa":"0.01","tas":"0.15","vic":"0.09","wa":"0.00"},{"ts":"2014-02-13T19:20:00Z","nsw":"0.32","nt":"0.00","qld":"0.09","sa":"0.09","tas":"0.06","vic":"0.07","wa":"0.08"},{"ts":"2014-02-13T19:30:00Z","nsw":"0.38","nt":"0.00","qld":"0.04","sa":"0.15","tas":"0.06","vic":"0.18","wa":"0.13"},{"ts":"2014-02-13T19:40:00Z","nsw":"0.71","nt":"0.00","qld":"0.35","sa":"0.14","tas":"0.07","vic":"0.12","wa":"0.12"},{"ts":"2014-02-13T19:50:00Z","nsw":"0.50","nt":"0.00","qld":"0.89","sa":"0.14","tas":"0.24","vic":"0.23","wa":"0.14"},{"ts":"2014-02-13T20:00:00Z","nsw":"0.57","nt":"0.00","qld":"1.49","sa":"0.06","tas":"0.27","vic":"0.16","wa":"0.24"},{"ts":"2014-02-13T20:10:00Z","nsw":"0.93","nt":"0.00","qld":"2.37","sa":"0.14","tas":"0.71","vic":"0.40","wa":"0.13"},{"ts":"2014-02-13T20:20:00Z","nsw":"1.19","nt":"0.00","qld":"3.97","sa":"0.14","tas":"1.46","vic":"1.29","wa":"0.12"},{"ts":"2014-02-13T20:30:00Z","nsw":"1.31","nt":"0.00","qld":"4.58","sa":"0.11","tas":"1.47","vic":"2.06","wa":"0.15"},{"ts":"2014-02-13T20:40:00Z","nsw":"1.40","nt":"0.00","qld":"6.73","sa":"0.15","tas":"1.48","vic":"2.66","wa":"0.16"},{"ts":"2014-02-13T20:50:00Z","nsw":"2.14","nt":"0.00","qld":"6.89","sa":"0.15","tas":"2.29","vic":"2.91","wa":"0.13"},{"ts":"2014-02-13T21:00:00Z","nsw":"2.93","nt":"0.00","qld":"7.75","sa":"0.20","tas":"3.02","vic":"4.03","wa":"0.13"},{"ts":"2014-02-13T21:10:00Z","nsw":"3.87","nt":"0.00","qld":"9.99","sa":"0.45","tas":"5.11","vic":"5.51","wa":"0.16"},{"ts":"2014-02-13T21:20:00Z","nsw":"4.08","nt":"0.00","qld":"13.43","sa":"1.11","tas":"5.76","vic":"7.52","wa":"0.13"},{"ts":"2014-02-13T21:30:00Z","nsw":"5.45","nt":"0.53","qld":"20.08","sa":"0.93","tas":"9.13","vic":"9.31","wa":"0.15"},{"ts":"2014-02-13T21:40:00Z","nsw":"7.59","nt":"1.46","qld":"24.02","sa":"1.04","tas":"12.95","vic":"10.70","wa":"0.13"},{"ts":"2014-02-13T21:50:00Z","nsw":"9.45","nt":"1.69","qld":"24.82","sa":"1.80","tas":"14.30","vic":"11.70","wa":"0.12"},{"ts":"2014-02-13T22:00:00Z","nsw":"10.61","nt":"2.35","qld":"24.45","sa":"3.39","tas":"18.05","vic":"13.95","wa":"0.28"},{"ts":"2014-02-13T22:10:00Z","nsw":"11.67","nt":"3.17","qld":"25.18","sa":"3.23","tas":"14.23","vic":"15.00","wa":"0.78"},{"ts":"2014-02-13T22:20:00Z","nsw":"12.57","nt":"3.89","qld":"28.71","sa":"3.59","tas":"20.62","vic":"16.56","wa":"1.95"},{"ts":"2014-02-13T22:30:00Z","nsw":"13.17","nt":"6.12","qld":"30.76","sa":"4.47","tas":"21.89","vic":"17.51","wa":"3.18"},{"ts":"2014-02-13T22:40:00Z","nsw":"14.13","nt":"9.72","qld":"33.79","sa":"4.98","tas":"22.91","vic":"19.39","wa":"4.55"},{"ts":"2014-02-13T22:50:00Z","nsw":"14.67","nt":"13.19","qld":"34.77","sa":"6.11","tas":"23.13","vic":"21.98","wa":"6.17"},{"ts":"2014-02-13T23:00:00Z","nsw":"14.80","nt":"19.31","qld":"35.82","sa":"8.08","tas":"27.73","vic":"21.08","wa":"8.06"},{"ts":"2014-02-13T23:10:00Z","nsw":"15.45","nt":"22.54","qld":"37.20","sa":"9.65","tas":"27.74","vic":"22.53","wa":"9.90"},{"ts":"2014-02-13T23:20:00Z","nsw":"16.43","nt":"21.95","qld":"39.72","sa":"9.26","tas":"29.64","vic":"21.68","wa":"12.24"},{"ts":"2014-02-13T23:30:00Z","nsw":"16.68","nt":"23.61","qld":"39.51","sa":"7.58","tas":"28.99","vic":"22.41","wa":"14.61"},{"ts":"2014-02-13T23:40:00Z","nsw":"18.00","nt":"26.04","qld":"41.01","sa":"7.64","tas":"31.63","vic":"22.72","wa":"17.02"},{"ts":"2014-02-13T23:50:00Z","nsw":"18.37","nt":"19.84","qld":"44.45","sa":"7.38","tas":"26.10","vic":"23.43","wa":"19.31"},{"ts":"2014-02-14T00:00:00Z","nsw":"19.34","nt":"26.71","qld":"46.35","sa":"6.64","tas":"29.59","vic":"26.27","wa":"22.31"},{"ts":"2014-02-14T00:10:00Z","nsw":"18.84","nt":"28.09","qld":"44.59","sa":"5.97","tas":"28.26","vic":"26.20","wa":"26.11"},{"ts":"2014-02-14T00:20:00Z","nsw":"19.84","nt":"33.09","qld":"46.04","sa":"6.77","tas":"35.28","vic":"26.30","wa":"28.50"},{"ts":"2014-02-14T00:30:00Z","nsw":"21.08","nt":"34.91","qld":"48.93","sa":"7.03","tas":"33.16","vic":"27.28","wa":"32.12"},{"ts":"2014-02-14T00:40:00Z","nsw":"25.22","nt":"43.94","qld":"53.62","sa":"6.51","tas":"38.65","vic":"28.40","wa":"34.64"},{"ts":"2014-02-14T00:50:00Z","nsw":"26.89","nt":"48.84","qld":"53.59","sa":"7.75","tas":"31.59","vic":"30.57","wa":"38.15"},{"ts":"2014-02-14T01:00:00Z","nsw":"26.82","nt":"48.42","qld":"53.29","sa":"8.54","tas":"36.98","vic":"29.58","wa":"41.91"},{"ts":"2014-02-14T01:10:00Z","nsw":"23.41","nt":"52.14","qld":"52.26","sa":"7.46","tas":"33.36","vic":"30.87","wa":"45.14"},{"ts":"2014-02-14T01:20:00Z","nsw":"25.09","nt":"58.62","qld":"53.66","sa":"6.93","tas":"41.94","vic":"31.81","wa":"47.21"},{"ts":"2014-02-14T01:30:00Z","nsw":"25.42","nt":"55.22","qld":"51.70","sa":"8.16","tas":"38.78","vic":"31.21","wa":"49.16"},{"ts":"2014-02-14T01:40:00Z","nsw":"25.24","nt":"58.74","qld":"50.30","sa":"8.26","tas":"44.32","vic":"32.15","wa":"50.53"},{"ts":"2014-02-14T01:50:00Z","nsw":"24.74","nt":"56.06","qld":"49.07","sa":"8.19","tas":"41.30","vic":"31.21","wa":"52.51"},{"ts":"2014-02-14T02:00:00Z","nsw":"25.04","nt":"44.70","qld":"51.01","sa":"9.72","tas":"44.75","vic":"31.79","wa":"55.87"},{"ts":"2014-02-14T02:10:00Z","nsw":"22.86","nt":"58.45","qld":"54.83","sa":"12.14","tas":"39.33","vic":"30.86","wa":"56.02"},{"ts":"2014-02-14T02:20:00Z","nsw":"23.01","nt":"51.53","qld":"57.25","sa":"13.85","tas":"43.68","vic":"30.87","wa":"58.79"},{"ts":"2014-02-14T02:30:00Z","nsw":"23.80","nt":"57.03","qld":"56.17","sa":"15.52","tas":"40.51","vic":"29.55","wa":"59.56"},{"ts":"2014-02-14T02:40:00Z","nsw":"23.36","nt":"56.51","qld":"57.74","sa":"15.66","tas":"43.73","vic":"31.45","wa":"60.73"},{"ts":"2014-02-14T02:50:00Z","nsw":"21.31","nt":"62.52","qld":"55.41","sa":"18.33","tas":"41.95","vic":"31.68","wa":"61.76"},{"ts":"2014-02-14T03:00:00Z","nsw":"20.46","nt":"68.50","qld":"55.98","sa":"18.76","tas":"45.60","vic":"30.76","wa":"64.61"},{"ts":"2014-02-14T03:10:00Z","nsw":"19.49","nt":"76.31","qld":"54.53","sa":"19.04","tas":"46.54","vic":"31.21","wa":"64.63"},{"ts":"2014-02-14T03:20:00Z","nsw":"19.41","nt":"66.59","qld":"53.08","sa":"18.02","tas":"45.22","vic":"31.88","wa":"65.86"},{"ts":"2014-02-14T03:30:00Z","nsw":"18.85","nt":"70.84","qld":"49.15","sa":"18.28","tas":"40.79","vic":"30.21","wa":"67.17"},{"ts":"2014-02-14T03:40:00Z","nsw":"20.17","nt":"73.96","qld":"46.38","sa":"16.33","tas":"39.29","vic":"29.62","wa":"68.35"},{"ts":"2014-02-14T03:50:00Z","nsw":"17.97","nt":"70.89","qld":"42.39","sa":"14.96","tas":"37.72","vic":"29.32","wa":"69.64"},{"ts":"2014-02-14T04:00:00Z","nsw":"16.85","nt":"72.85","qld":"39.72","sa":"12.68","tas":"42.90","vic":"28.40","wa":"68.56"},{"ts":"2014-02-14T04:10:00Z","nsw":"16.59","nt":"74.07","qld":"36.47","sa":"10.88","tas":"37.18","vic":"26.89","wa":"69.67"},{"ts":"2014-02-14T04:20:00Z","nsw":"18.01","nt":"72.92","qld":"36.04","sa":"8.67","tas":"37.41","vic":"25.83","wa":"71.45"},{"ts":"2014-02-14T04:30:00Z","nsw":"18.39","nt":"72.04","qld":"34.88","sa":"8.37","tas":"38.00","vic":"25.55","wa":"69.64"},{"ts":"2014-02-14T04:40:00Z","nsw":"19.40","nt":"73.13","qld":"35.22","sa":"8.79","tas":"34.92","vic":"24.04","wa":"70.56"},{"ts":"2014-02-14T04:50:00Z","nsw":"19.27","nt":"71.09","qld":"36.75","sa":"10.30","tas":"33.78","vic":"22.53","wa":"70.56"},{"ts":"2014-02-14T05:00:00Z","nsw":"21.08","nt":"72.60","qld":"36.77","sa":"12.85","tas":"33.33","vic":"22.21","wa":"71.08"},{"ts":"2014-02-14T05:10:00Z","nsw":"20.63","nt":"69.69","qld":"35.67","sa":"15.45","tas":"30.45","vic":"21.43","wa":"70.73"},{"ts":"2014-02-14T05:20:00Z","nsw":"20.52","nt":"70.90","qld":"34.86","sa":"17.51","tas":"29.30","vic":"19.07","wa":"70.92"},{"ts":"2014-02-14T05:30:00Z","nsw":"18.75","nt":"67.38","qld":"32.84","sa":"19.99","tas":"27.15","vic":"18.44","wa":"69.24"},{"ts":"2014-02-14T05:40:00Z","nsw":"17.88","nt":"60.01","qld":"31.19","sa":"20.66","tas":"25.56","vic":"18.08","wa":"68.24"},{"ts":"2014-02-14T05:50:00Z","nsw":"19.29","nt":"62.56","qld":"30.85","sa":"20.89","tas":"23.85","vic":"16.04","wa":"67.08"},{"ts":"2014-02-14T06:00:00Z","nsw":"17.96","nt":"61.80","qld":"30.66","sa":"19.42","tas":"21.64","vic":"15.48","wa":"68.82"},{"ts":"2014-02-14T06:10:00Z","nsw":"15.13","nt":"55.55","qld":"29.22","sa":"18.41","tas":"20.32","vic":"14.01","wa":"65.57"},{"ts":"2014-02-14T06:20:00Z","nsw":"13.52","nt":"58.70","qld":"27.81","sa":"18.52","tas":"20.37","vic":"14.08","wa":"65.43"},{"ts":"2014-02-14T06:30:00Z","nsw":"11.30","nt":"56.57","qld":"24.54","sa":"19.42","tas":"17.32","vic":"11.61","wa":"62.88"},{"ts":"2014-02-14T06:40:00Z","nsw":"10.58","nt":"52.82","qld":"19.78","sa":"16.62","tas":"15.76","vic":"10.55","wa":"62.65"},{"ts":"2014-02-14T06:50:00Z","nsw":"9.01","nt":"53.82","qld":"16.29","sa":"15.36","tas":"12.54","vic":"10.01","wa":"61.60"},{"ts":"2014-02-14T07:00:00Z","nsw":"7.66","nt":"46.94","qld":"13.82","sa":"14.62","tas":"11.80","vic":"9.97","wa":"61.77"},{"ts":"2014-02-14T07:10:00Z","nsw":"6.18","nt":"43.13","qld":"11.92","sa":"12.67","tas":"9.95","vic":"8.41","wa":"58.33"},{"ts":"2014-02-14T07:20:00Z","nsw":"5.49","nt":"35.83","qld":"11.48","sa":"10.73","tas":"9.75","vic":"7.66","wa":"55.58"},{"ts":"2014-02-14T07:30:00Z","nsw":"4.69","nt":"28.60","qld":"9.20","sa":"9.80","tas":"7.44","vic":"6.99","wa":"53.27"},{"ts":"2014-02-14T07:40:00Z","nsw":"4.20","nt":"20.55","qld":"7.13","sa":"8.55","tas":"6.43","vic":"6.24","wa":"54.34"},{"ts":"2014-02-14T07:50:00Z","nsw":"3.50","nt":"20.40","qld":"5.07","sa":"7.98","tas":"5.21","vic":"5.34","wa":"52.12"},{"ts":"2014-02-14T08:00:00Z","nsw":"2.59","nt":"21.53","qld":"3.46","sa":"6.47","tas":"4.42","vic":"4.46","wa":"47.17"},{"ts":"2014-02-14T08:10:00Z","nsw":"1.88","nt":"15.61","qld":"2.01","sa":"5.39","tas":"3.57","vic":"3.70","wa":"44.16"},{"ts":"2014-02-14T08:20:00Z","nsw":"1.44","nt":"12.86","qld":"1.01","sa":"4.86","tas":"2.90","vic":"3.22","wa":"42.42"},{"ts":"2014-02-14T08:30:00Z","nsw":"0.99","nt":"8.49","qld":"0.37","sa":"4.77","tas":"2.10","vic":"2.49","wa":"39.21"},{"ts":"2014-02-14T08:40:00Z","nsw":"0.84","nt":"6.83","qld":"0.20","sa":"3.94","tas":"1.41","vic":"1.68","wa":"36.82"},{"ts":"2014-02-14T08:50:00Z","nsw":"0.68","nt":"4.73","qld":"0.16","sa":"3.16","tas":"0.85","vic":"1.27","wa":"34.03"},{"ts":"2014-02-14T09:00:00Z","nsw":"0.61","nt":"4.30","qld":"0.21","sa":"2.24","tas":"0.49","vic":"0.94","wa":"29.77"},{"ts":"2014-02-14T09:10:00Z","nsw":"0.46","nt":"3.09","qld":"0.20","sa":"1.45","tas":"0.30","vic":"0.77","wa":"26.68"},{"ts":"2014-02-14T09:20:00Z","nsw":"0.45","nt":"2.39","qld":"0.20","sa":"0.79","tas":"0.11","vic":"0.73","wa":"23.68"},{"ts":"2014-02-14T09:30:00Z","nsw":"0.51","nt":"1.13","qld":"0.18","sa":"0.43","tas":"0.09","vic":"0.50","wa":"20.23"},{"ts":"2014-02-14T09:40:00Z","nsw":"0.48","nt":"0.46","qld":"0.19","sa":"0.32","tas":"0.09","vic":"0.41","wa":"17.55"},{"ts":"2014-02-14T09:50:00Z","nsw":"0.54","nt":"0.33","qld":"0.19","sa":"0.35","tas":"0.08","vic":"0.13","wa":"13.75"},{"ts":"2014-02-14T10:00:00Z","nsw":"0.50","nt":"0.46","qld":"0.19","sa":"0.29","tas":"0.07","vic":"0.87","wa":"11.56"},{"ts":"2014-02-14T10:10:00Z","nsw":"0.57","nt":"0.49","qld":"0.19","sa":"0.29","tas":"0.08","vic":"0.14","wa":"8.50"},{"ts":"2014-02-14T10:20:00Z","nsw":"0.60","nt":"0.46","qld":"0.19","sa":"0.28","tas":"0.07","vic":"0.41","wa":"7.08"},{"ts":"2014-02-14T10:30:00Z","nsw":"0.45","nt":"0.58","qld":"0.19","sa":"0.29","tas":"0.07","vic":"0.82","wa":"4.93"},{"ts":"2014-02-14T10:40:00Z","nsw":"0.52","nt":"0.58","qld":"0.18","sa":"0.26","tas":"0.08","vic":"0.12","wa":"3.65"},{"ts":"2014-02-14T10:50:00Z","nsw":"0.50","nt":"0.58","qld":"0.19","sa":"0.26","tas":"0.08","vic":"0.04","wa":"2.04"},{"ts":"2014-02-14T11:00:00Z","nsw":"0.46","nt":"0.58","qld":"0.19","sa":"0.23","tas":"0.08","vic":"0.58","wa":"1.19"},{"ts":"2014-02-14T11:10:00Z","nsw":"0.49","nt":"0.58","qld":"0.18","sa":"0.27","tas":"0.08","vic":"0.06","wa":"0.67"},{"ts":"2014-02-14T11:20:00Z","nsw":"0.43","nt":"0.58","qld":"0.59","sa":"0.25","tas":"0.08","vic":"0.06","wa":"0.72"},{"ts":"2014-02-14T11:30:00Z","nsw":"0.41","nt":"0.58","qld":"0.19","sa":"0.22","tas":"0.08","vic":"0.25","wa":"0.99"},{"ts":"2014-02-14T11:40:00Z","nsw":"0.41","nt":"0.58","qld":"0.19","sa":"0.22","tas":"0.08","vic":"0.07","wa":"1.20"},{"ts":"2014-02-14T11:50:00Z","nsw":"0.42","nt":"0.58","qld":"0.19","sa":"0.23","tas":"0.08","vic":"0.87","wa":"1.27"}],"contribution":[{"ts":"2014-02-13T17:00:00Z","nsw":"0.01","qld":"0.01","sa":"0.01","tas":"0.00","vic":"0.00","wa":"0.00"},{"ts":"2014-02-13T17:10:00Z","nsw":"0.02","qld":"0.01","sa":"0.01","tas":"0.00","vic":"0.01","wa":"0.00"},{"ts":"2014-02-13T17:20:00Z","nsw":"0.03","qld":"0.02","sa":"0.05","tas":"0.00","vic":"0.03","wa":"0.02"},{"ts":"2014-02-13T17:30:00Z","nsw":"0.03","qld":"0.02","sa":"0.05","tas":"0.00","vic":"0.02","wa":"0.02"},{"ts":"2014-02-13T17:40:00Z","nsw":"0.03","qld":"0.02","sa":"0.05","tas":"0.00","vic":"0.01","wa":"0.02"},{"ts":"2014-02-13T17:50:00Z","nsw":"0.03","qld":"0.02","sa":"0.05","tas":"0.00","vic":"0.01","wa":"0.02"},{"ts":"2014-02-13T18:00:00Z","nsw":"0.03","qld":"0.02","sa":"0.05","tas":"0.00","vic":"0.02","wa":"0.02"},{"ts":"2014-02-13T18:10:00Z","nsw":"0.03","qld":"0.02","sa":"0.04","tas":"0.00","vic":"0.01","wa":"0.02"},{"ts":"2014-02-13T18:20:00Z","nsw":"0.03","qld":"0.02","sa":"0.05","tas":"0.00","vic":"0.01","wa":"0.02"},{"ts":"2014-02-13T18:30:00Z","nsw":"0.03","qld":"0.01","sa":"0.05","tas":"0.00","vic":"0.01"},{"ts":"2014-02-13T18:40:00Z","nsw":"0.03","qld":"0.01","sa":"0.04","tas":"0.00","vic":"0.01","wa":"0.02"},{"ts":"2014-02-13T18:50:00Z","nsw":"0.03","qld":"0.01","sa":"0.05","tas":"0.00","vic":"0.01","wa":"0.02"},{"ts":"2014-02-13T19:00:00Z","nsw":"0.03","qld":"0.01","sa":"0.04","tas":"0.00","vic":"0.01","wa":"0.02"},{"ts":"2014-02-13T19:10:00Z","nsw":"0.04","qld":"0.01","sa":"0.00","tas":"0.01","vic":"0.01","wa":"0.00"},{"ts":"2014-02-13T19:20:00Z","nsw":"0.03","qld":"0.02","sa":"0.03","tas":"0.00","vic":"0.01","wa":"0.02"},{"ts":"2014-02-13T19:30:00Z","nsw":"0.03","qld":"0.01","sa":"0.05","tas":"0.00","vic":"0.02","wa":"0.02"},{"ts":"2014-02-13T19:40:00Z","nsw":"0.06","qld":"0.07","sa":"0.04","tas":"0.00","vic":"0.01","wa":"0.02"},{"ts":"2014-02-13T19:50:00Z","nsw":"0.04","qld":"0.16","sa":"0.04","tas":"0.01","vic":"0.02","wa":"0.03"},{"ts":"2014-02-13T20:00:00Z","nsw":"0.05","qld":"0.27","sa":"0.02","tas":"0.01","vic":"0.01","wa":"0.04"},{"ts":"2014-02-13T20:10:00Z","nsw":"0.07","qld":"0.43","sa":"0.04","tas":"0.03","vic":"0.03","wa":"0.02"},{"ts":"2014-02-13T20:20:00Z","nsw":"0.09","qld":"0.69","sa":"0.04","tas":"0.06","vic":"0.11","wa":"0.02"},{"ts":"2014-02-13T20:30:00Z","nsw":"0.10","qld":"0.78","sa":"0.03","tas":"0.06","vic":"0.17"},{"ts":"2014-02-13T20:40:00Z","nsw":"0.10","qld":"1.12","sa":"0.04","tas":"0.06","vic":"0.22","wa":"0.03"},{"ts":"2014-02-13T20:50:00Z","nsw":"0.16","qld":"1.13","sa":"0.04","tas":"0.10","vic":"0.24"},{"ts":"2014-02-13T21:00:00Z","nsw":"0.21","qld":"1.24","sa":"0.05","tas":"0.12","vic":"0.32","wa":"0.02"},{"ts":"2014-02-13T21:10:00Z","nsw":"0.28","qld":"1.56","sa":"0.11","tas":"0.21","vic":"0.46","wa":"0.03"},{"ts":"2014-02-13T21:20:00Z","nsw":"0.29","qld":"2.08","sa":"0.27","tas":"0.25","vic":"0.61","wa":"0.02"},{"ts":"2014-02-13T21:30:00Z","nsw":"0.39","qld":"3.01","sa":"0.23","tas":"0.39","vic":"0.75","wa":"0.03"},{"ts":"2014-02-13T21:40:00Z","nsw":"0.54","qld":"3.59","sa":"0.26","tas":"0.56","vic":"0.86","wa":"0.02"},{"ts":"2014-02-13T21:50:00Z","nsw":"0.67","qld":"3.69","sa":"0.44","tas":"0.62","vic":"0.93","wa":"0.02"},{"ts":"2014-02-13T22:00:00Z","nsw":"0.75","qld":"3.59","sa":"0.83","tas":"0.78","vic":"1.11"},{"ts":"2014-02-13T22:10:00Z","nsw":"0.81","qld":"3.71","sa":"0.80","tas":"0.62","vic":"1.17","wa":"0.13"},{"ts":"2014-02-13T22:20:00Z","nsw":"0.86","qld":"4.22","sa":"0.87","tas":"0.88","vic":"1.28","wa":"0.32"},{"ts":"2014-02-13T22:30:00Z","nsw":"0.90","qld":"4.48","sa":"1.08","tas":"0.95","vic":"1.37","wa":"0.51"},{"ts":"2014-02-13T22:40:00Z","nsw":"0.97","qld":"4.88","sa":"1.20","tas":"0.99","vic":"1.50","wa":"0.72"},{"ts":"2014-02-13T22:50:00Z","nsw":"1.01","qld":"4.99","sa":"1.45","tas":"1.00","vic":"1.68","wa":"0.97"},{"ts":"2014-02-13T23:00:00Z","nsw":"1.01","qld":"5.10","sa":"1.91","tas":"1.19","vic":"1.62","wa":"1.22"},{"ts":"2014-02-13T23:10:00Z","nsw":"1.05","qld":"5.32","sa":"2.29","tas":"1.19","vic":"1.71","wa":"1.48"},{"ts":"2014-02-13T23:20:00Z","nsw":"1.10","qld":"5.61","sa":"2.18","tas":"1.27","vic":"1.65","wa":"1.79"},{"ts":"2014-02-13T23:30:00Z","nsw":"1.12","qld":"5.66","sa":"1.78","tas":"1.27","vic":"1.70","wa":"2.08"},{"ts":"2014-02-13T23:40:00Z","nsw":"1.22","qld":"5.84","sa":"1.79","tas":"1.38","vic":"1.72","wa":"2.41"},{"ts":"2014-02-13T23:50:00Z","nsw":"1.25","qld":"6.22","sa":"1.73","tas":"1.15","vic":"1.75","wa":"2.71"},{"ts":"2014-02-14T00:00:00Z","nsw":"1.31","qld":"6.42","sa":"1.57","tas":"1.30","vic":"1.96","wa":"3.09"},{"ts":"2014-02-14T00:10:00Z","nsw":"1.27","qld":"6.30","sa":"1.41","tas":"1.25","vic":"1.95","wa":"3.56"},{"ts":"2014-02-14T00:20:00Z","nsw":"1.35","qld":"6.44","sa":"1.60","tas":"1.57","vic":"1.97","wa":"3.87"},{"ts":"2014-02-14T00:30:00Z","nsw":"1.43","qld":"6.74","sa":"1.65","tas":"1.49","vic":"2.04","wa":"4.29"},{"ts":"2014-02-14T00:40:00Z","nsw":"1.70","qld":"7.36","sa":"1.53","tas":"1.73","vic":"2.13","wa":"4.59"},{"ts":"2014-02-14T00:50:00Z","nsw":"1.82","qld":"7.34","sa":"1.84","tas":"1.42","vic":"2.28","wa":"5.01"},{"ts":"2014-02-14T01:00:00Z","nsw":"1.83","qld":"7.38","sa":"2.02","tas":"1.65","vic":"2.19","wa":"5.45"},{"ts":"2014-02-14T01:10:00Z","nsw":"1.60","qld":"7.17","sa":"1.78","tas":"1.54","vic":"2.29","wa":"5.77"},{"ts":"2014-02-14T01:20:00Z","nsw":"1.72","qld":"7.34","sa":"1.65","tas":"1.93","vic":"2.34","wa":"6.00"},{"ts":"2014-02-14T01:30:00Z","nsw":"1.75","qld":"7.09","sa":"1.95","tas":"1.79","vic":"2.32","wa":"6.17"},{"ts":"2014-02-14T01:40:00Z","nsw":"1.72","qld":"6.87","sa":"1.99","tas":"2.02","vic":"2.36","wa":"6.29"},{"ts":"2014-02-14T01:50:00Z","nsw":"1.68","qld":"6.68","sa":"1.97","tas":"1.89","vic":"2.31","wa":"6.50"},{"ts":"2014-02-14T02:00:00Z","nsw":"1.72","qld":"6.93","sa":"2.33","tas":"2.04","vic":"2.34"},{"ts":"2014-02-14T02:10:00Z","nsw":"1.56","qld":"7.35","sa":"2.91","tas":"1.79","vic":"2.28","wa":"6.84"},{"ts":"2014-02-14T02:20:00Z","nsw":"1.57","qld":"7.65","sa":"3.36","tas":"2.00","vic":"2.30","wa":"7.14"},{"ts":"2014-02-14T02:30:00Z","nsw":"1.62","qld":"7.50","sa":"3.73","tas":"1.97","vic":"2.19","wa":"7.06"},{"ts":"2014-02-14T02:40:00Z","nsw":"1.59","qld":"7.65","sa":"3.76","tas":"2.14","vic":"2.31","wa":"7.24"},{"ts":"2014-02-14T02:50:00Z","nsw":"1.45","qld":"7.35","sa":"4.39","tas":"2.05","vic":"2.33","wa":"7.34"},{"ts":"2014-02-14T03:00:00Z","nsw":"1.39","qld":"7.49","sa":"4.51","tas":"2.19","vic":"2.26","wa":"7.48"},{"ts":"2014-02-14T03:10:00Z","nsw":"1.34","qld":"7.17","sa":"4.57","tas":"2.23","vic":"2.32","wa":"7.45"},{"ts":"2014-02-14T03:20:00Z","nsw":"1.33","qld":"7.01","sa":"4.32","tas":"2.12","vic":"2.34","wa":"7.56"},{"ts":"2014-02-14T03:30:00Z","nsw":"1.29","qld":"6.51","sa":"4.28","tas":"1.93","vic":"2.22","wa":"7.60"},{"ts":"2014-02-14T03:40:00Z","nsw":"1.39","qld":"6.15","sa":"3.82","tas":"1.88","vic":"2.18","wa":"7.71"},{"ts":"2014-02-14T03:50:00Z","nsw":"1.23","qld":"5.64","sa":"3.56","tas":"1.83","vic":"2.15","wa":"7.83"},{"ts":"2014-02-14T04:00:00Z","nsw":"1.17","qld":"5.27","sa":"3.03","tas":"2.08","vic":"2.10","wa":"7.71"},{"ts":"2014-02-14T04:10:00Z","nsw":"1.15","qld":"4.86","sa":"2.60","tas":"1.80","vic":"1.99","wa":"7.81"},{"ts":"2014-02-14T04:20:00Z","nsw":"1.25","qld":"4.81","sa":"2.06","tas":"1.82","vic":"1.91","wa":"7.98"},{"ts":"2014-02-14T04:30:00Z","nsw":"1.28","qld":"4.68","sa":"2.01","tas":"1.84","vic":"1.90","wa":"7.78"},{"ts":"2014-02-14T04:40:00Z","nsw":"1.34","qld":"4.72","sa":"2.15","tas":"1.68","vic":"1.78","wa":"7.86"},{"ts":"2014-02-14T04:50:00Z","nsw":"1.34","qld":"4.95","sa":"2.49","tas":"1.59","vic":"1.67","wa":"7.86"},{"ts":"2014-02-14T05:00:00Z","nsw":"1.46","qld":"4.92","sa":"3.11","tas":"1.54","vic":"1.65"},{"ts":"2014-02-14T05:10:00Z","nsw":"1.43","qld":"4.83","sa":"3.76","tas":"1.41","vic":"1.59","wa":"7.80"},{"ts":"2014-02-14T05:20:00Z","nsw":"1.43","qld":"4.67","sa":"4.22","tas":"1.34","vic":"1.40","wa":"7.81"},{"ts":"2014-02-14T05:30:00Z","nsw":"1.30","qld":"4.41","sa":"4.88","tas":"1.24","vic":"1.35","wa":"7.60"},{"ts":"2014-02-14T05:40:00Z","nsw":"1.23","qld":"4.22","sa":"5.05","tas":"1.17","vic":"1.33","wa":"7.47"},{"ts":"2014-02-14T05:50:00Z","nsw":"1.33","qld":"4.14","sa":"5.08","tas":"1.09","vic":"1.18","wa":"7.33"},{"ts":"2014-02-14T06:00:00Z","nsw":"1.24","qld":"4.12","sa":"4.69","tas":"1.00","vic":"1.16"},{"ts":"2014-02-14T06:10:00Z","nsw":"1.05","qld":"3.93","sa":"4.44","tas":"0.94","vic":"1.06","wa":"7.09"},{"ts":"2014-02-14T06:20:00Z","nsw":"0.95","qld":"3.72","sa":"4.60","tas":"0.93","vic":"1.06","wa":"7.06"},{"ts":"2014-02-14T06:30:00Z","nsw":"0.79","qld":"3.31","sa":"4.94","tas":"0.79","vic":"0.87","wa":"6.77"},{"ts":"2014-02-14T06:40:00Z","nsw":"0.74","qld":"2.67","sa":"4.31","tas":"0.72","vic":"0.79","wa":"6.77"},{"ts":"2014-02-14T06:50:00Z","nsw":"0.64","qld":"2.21","sa":"4.01","tas":"0.57","vic":"0.76","wa":"6.67"},{"ts":"2014-02-14T07:00:00Z","nsw":"0.55","qld":"1.88","sa":"3.80","tas":"0.53","vic":"0.76"},{"ts":"2014-02-14T07:10:00Z","nsw":"0.45","qld":"1.65","sa":"3.33","tas":"0.45","vic":"0.66","wa":"6.35"},{"ts":"2014-02-14T07:20:00Z","nsw":"0.40","qld":"1.58","sa":"2.82","tas":"0.44","vic":"0.60","wa":"6.04"},{"ts":"2014-02-14T07:30:00Z","nsw":"0.35","qld":"1.28","sa":"2.59","tas":"0.33","vic":"0.55","wa":"5.79"},{"ts":"2014-02-14T07:40:00Z","nsw":"0.31","qld":"1.00","sa":"2.33","tas":"0.28","vic":"0.50","wa":"5.83"},{"ts":"2014-02-14T07:50:00Z","nsw":"0.26","qld":"0.72","sa":"2.16","tas":"0.23","vic":"0.43","wa":"5.59"},{"ts":"2014-02-14T08:00:00Z","nsw":"0.20","qld":"0.49","sa":"1.76","tas":"0.20","vic":"0.36"},{"ts":"2014-02-14T08:10:00Z","nsw":"0.14","qld":"0.29","sa":"1.48","tas":"0.16","vic":"0.30","wa":"4.74"},{"ts":"2014-02-14T08:20:00Z","nsw":"0.11","qld":"0.15","sa":"1.33","tas":"0.13","vic":"0.27","wa":"4.56"},{"ts":"2014-02-14T08:30:00Z","nsw":"0.08","qld":"0.05","sa":"1.32","tas":"0.10","vic":"0.21","wa":"4.21"},{"ts":"2014-02-14T08:40:00Z","nsw":"0.06","qld":"0.03","sa":"1.12","tas":"0.06","vic":"0.14","wa":"3.96"},{"ts":"2014-02-14T08:50:00Z","nsw":"0.05","qld":"0.02","sa":"0.91","tas":"0.04","vic":"0.11","wa":"3.68"},{"ts":"2014-02-14T09:00:00Z","nsw":"0.05","qld":"0.03","sa":"0.64","tas":"0.02","vic":"0.08"},{"ts":"2014-02-14T09:10:00Z","nsw":"0.03","qld":"0.03","sa":"0.41","tas":"0.01","vic":"0.07","wa":"2.93"},{"ts":"2014-02-14T09:20:00Z","nsw":"0.03","qld":"0.03","sa":"0.23","tas":"0.00","vic":"0.06","wa":"2.62"},{"ts":"2014-02-14T09:30:00Z","nsw":"0.04","qld":"0.03","sa":"0.12","tas":"0.00","vic":"0.04","wa":"2.27"},{"ts":"2014-02-14T09:40:00Z","nsw":"0.04","qld":"0.03","sa":"0.09","tas":"0.00","vic":"0.03","wa":"1.97"},{"ts":"2014-02-14T09:50:00Z","nsw":"0.04","qld":"0.03","sa":"0.10","tas":"0.00","vic":"0.01","wa":"1.54"},{"ts":"2014-02-14T10:00:00Z","nsw":"0.04","qld":"0.03","sa":"0.08","tas":"0.00","vic":"0.07"},{"ts":"2014-02-14T10:10:00Z","nsw":"0.04","qld":"0.03","sa":"0.08","tas":"0.00","vic":"0.01","wa":"0.99"},{"ts":"2014-02-14T10:20:00Z","nsw":"0.05","qld":"0.03","sa":"0.08","tas":"0.00","vic":"0.04","wa":"0.83"},{"ts":"2014-02-14T10:30:00Z","nsw":"0.04","qld":"0.03","sa":"0.08","tas":"0.00","vic":"0.07","wa":"0.59"},{"ts":"2014-02-14T10:40:00Z","nsw":"0.04","qld":"0.03","sa":"0.07","tas":"0.00","vic":"0.01","wa":"0.44"},{"ts":"2014-02-14T10:50:00Z","nsw":"0.04","qld":"0.03","sa":"0.07","tas":"0.00","vic":"0.00","wa":"0.24"},{"ts":"2014-02-14T11:00:00Z","nsw":"0.04","qld":"0.03","sa":"0.07","tas":"0.00","vic":"0.05"},{"ts":"2014-02-14T11:10:00Z","nsw":"0.04","qld":"0.03","sa":"0.08","tas":"0.00","vic":"0.01","wa":"0.08"},{"ts":"2014-02-14T11:20:00Z","nsw":"0.03","qld":"0.09","sa":"0.07","tas":"0.00","vic":"0.01","wa":"0.09"},{"ts":"2014-02-14T11:30:00Z","nsw":"0.03","qld":"0.03","sa":"0.07","tas":"0.00","vic":"0.02","wa":"0.12"},{"ts":"2014-02-14T11:40:00Z","nsw":"0.03","qld":"0.03","sa":"0.07","tas":"0.00","vic":"0.01","wa":"0.15"},{"ts":"2014-02-14T11:50:00Z","nsw":"0.03","qld":"0.03","sa":"0.07","tas":"0.00","vic":"0.08","wa":"0.16"}],"demand":[{"ts":"2014-02-13T17:00:00Z","nsw":6343,"qld":4834,"sa":1372,"tas":1029,"vic":4638,"wa":2006},{"ts":"2014-02-13T17:10:00Z","nsw":6378,"qld":4845,"sa":1382,"tas":1026,"vic":4654,"wa":1995},{"ts":"2014-02-13T17:20:00Z","nsw":6417,"qld":4880,"sa":1364,"tas":1025,"vic":4667,"wa":1991},{"ts":"2014-02-13T17:30:00Z","nsw":6458,"qld":4828,"sa":1361,"tas":1026,"vic":4641,"wa":1970},{"ts":"2014-02-13T17:40:00Z","nsw":6470,"qld":4871,"sa":1372,"tas":1026,"vic":4662,"wa":1965},{"ts":"2014-02-13T17:50:00Z","nsw":6497,"qld":4885,"sa":1364,"tas":1033,"vic":4698,"wa":1960},{"ts":"2014-02-13T18:00:00Z","nsw":6496,"qld":4893,"sa":1361,"tas":1039,"vic":4781,"wa":1945},{"ts":"2014-02-13T18:10:00Z","nsw":6676,"qld":4940,"sa":1371,"tas":1043,"vic":4824,"wa":1944},{"ts":"2014-02-13T18:20:00Z","nsw":6767,"qld":4908,"sa":1376,"tas":1037,"vic":4854,"wa":1944},{"ts":"2014-02-13T18:30:00Z","nsw":6801,"qld":4868,"sa":1393,"tas":1056,"vic":4869},{"ts":"2014-02-13T18:40:00Z","nsw":6928,"qld":4919,"sa":1401,"tas":1062,"vic":4828,"wa":1929},{"ts":"2014-02-13T18:50:00Z","nsw":7011,"qld":4920,"sa":1400,"tas":1073,"vic":4881,"wa":1928},{"ts":"2014-02-13T19:00:00Z","nsw":7074,"qld":5051,"sa":1395,"tas":1083,"vic":4971,"wa":1925},{"ts":"2014-02-13T19:10:00Z","nsw":7369,"qld":5084,"sa":1391,"tas":1097,"vic":5192,"wa":1913},{"ts":"2014-02-13T19:20:00Z","nsw":7555,"qld":5189,"sa":1407,"tas":1115,"vic":5306,"wa":1910},{"ts":"2014-02-13T19:30:00Z","nsw":7692,"qld":5207,"sa":1440,"tas":1126,"vic":5398,"wa":1891},{"ts":"2014-02-13T19:40:00Z","nsw":7823,"qld":5293,"sa":1474,"tas":1131,"vic":5532,"wa":1886},{"ts":"2014-02-13T19:50:00Z","nsw":7997,"qld":5323,"sa":1497,"tas":1148,"vic":5674,"wa":1884},{"ts":"2014-02-13T20:00:00Z","nsw":8110,"qld":5448,"sa":1517,"tas":1181,"vic":5792,"wa":1887},{"ts":"2014-02-13T20:10:00Z","nsw":8318,"qld":5545,"sa":1544,"tas":1205,"vic":5981,"wa":1892},{"ts":"2014-02-13T20:20:00Z","nsw":8528,"qld":5688,"sa":1598,"tas":1210,"vic":6077,"wa":1890},{"ts":"2014-02-13T20:30:00Z","nsw":8568,"qld":5818,"sa":1614,"tas":1233,"vic":6167},{"ts":"2014-02-13T20:40:00Z","nsw":8819,"qld":5896,"sa":1667,"tas":1239,"vic":6244,"wa":1897},{"ts":"2014-02-13T20:50:00Z","nsw":8938,"qld":6029,"sa":1713,"tas":1244,"vic":6354},{"ts":"2014-02-13T21:00:00Z","nsw":8993,"qld":6159,"sa":1762,"tas":1249,"vic":6313,"wa":1925},{"ts":"2014-02-13T21:10:00Z","nsw":8943,"qld":6308,"sa":1776,"tas":1233,"vic":6238,"wa":1942},{"ts":"2014-02-13T21:20:00Z","nsw":9032,"qld":6331,"sa":1793,"tas":1208,"vic":6304,"wa":1956},{"ts":"2014-02-13T21:30:00Z","nsw":9097,"qld":6405,"sa":1807,"tas":1202,"vic":6370,"wa":2000},{"ts":"2014-02-13T21:40:00Z","nsw":9199,"qld":6376,"sa":1789,"tas":1193,"vic":6372,"wa":2012},{"ts":"2014-02-13T21:50:00Z","nsw":9179,"qld":6465,"sa":1796,"tas":1192,"vic":6408,"wa":2017},{"ts":"2014-02-13T22:00:00Z","nsw":9230,"qld":6512,"sa":1783,"tas":1188,"vic":6460},{"ts":"2014-02-13T22:10:00Z","nsw":9344,"qld":6501,"sa":1792,"tas":1188,"vic":6540,"wa":2081},{"ts":"2014-02-13T22:20:00Z","nsw":9364,"qld":6473,"sa":1812,"tas":1199,"vic":6568,"wa":2099},{"ts":"2014-02-13T22:30:00Z","nsw":9467,"qld":6522,"sa":1825,"tas":1184,"vic":6500,"wa":2171},{"ts":"2014-02-13T22:40:00Z","nsw":9472,"qld":6527,"sa":1836,"tas":1184,"vic":6547,"wa":2185},{"ts":"2014-02-13T22:50:00Z","nsw":9422,"qld":6586,"sa":1843,"tas":1183,"vic":6645,"wa":2202},{"ts":"2014-02-13T23:00:00Z","nsw":9517,"qld":6618,"sa":1839,"tas":1185,"vic":6654,"wa":2265},{"ts":"2014-02-13T23:10:00Z","nsw":9532,"qld":6608,"sa":1836,"tas":1196,"vic":6667,"wa":2293},{"ts":"2014-02-13T23:20:00Z","nsw":9586,"qld":6597,"sa":1847,"tas":1180,"vic":6693,"wa":2332},{"ts":"2014-02-13T23:30:00Z","nsw":9563,"qld":6529,"sa":1855,"tas":1169,"vic":6671,"wa":2395},{"ts":"2014-02-13T23:40:00Z","nsw":9522,"qld":6562,"sa":1864,"tas":1165,"vic":6702,"wa":2402},{"ts":"2014-02-13T23:50:00Z","nsw":9474,"qld":6642,"sa":1864,"tas":1163,"vic":6759,"wa":2409},{"ts":"2014-02-14T00:00:00Z","nsw":9497,"qld":6672,"sa":1855,"tas":1156,"vic":6790,"wa":2438},{"ts":"2014-02-14T00:10:00Z","nsw":9538,"qld":6656,"sa":1858,"tas":1147,"vic":6791,"wa":2463},{"ts":"2014-02-14T00:20:00Z","nsw":9454,"qld":6659,"sa":1852,"tas":1144,"vic":6735,"wa":2461},{"ts":"2014-02-14T00:30:00Z","nsw":9504,"qld":6704,"sa":1856,"tas":1139,"vic":6751,"wa":2492},{"ts":"2014-02-14T00:40:00Z","nsw":9526,"qld":6662,"sa":1856,"tas":1138,"vic":6724,"wa":2507},{"ts":"2014-02-14T00:50:00Z","nsw":9467,"qld":6693,"sa":1835,"tas":1135,"vic":6791,"wa":2516},{"ts":"2014-02-14T01:00:00Z","nsw":9418,"qld":6685,"sa":1837,"tas":1139,"vic":6784,"wa":2532},{"ts":"2014-02-14T01:10:00Z","nsw":9350,"qld":6700,"sa":1827,"tas":1108,"vic":6810,"wa":2564},{"ts":"2014-02-14T01:20:00Z","nsw":9342,"qld":6747,"sa":1837,"tas":1103,"vic":6826,"wa":2571},{"ts":"2014-02-14T01:30:00Z","nsw":9362,"qld":6748,"sa":1809,"tas":1106,"vic":6775,"wa":2600},{"ts":"2014-02-14T01:40:00Z","nsw":9417,"qld":6795,"sa":1799,"tas":1107,"vic":6844,"wa":2619},{"ts":"2014-02-14T01:50:00Z","nsw":9386,"qld":6831,"sa":1799,"tas":1103,"vic":6805,"wa":2629},{"ts":"2014-02-14T02:00:00Z","nsw":9364,"qld":6810,"sa":1806,"tas":1110,"vic":6835},{"ts":"2014-02-14T02:10:00Z","nsw":9407,"qld":6890,"sa":1791,"tas":1113,"vic":6837,"wa":2654},{"ts":"2014-02-14T02:20:00Z","nsw":9407,"qld":6849,"sa":1776,"tas":1096,"vic":6798,"wa":2660},{"ts":"2014-02-14T02:30:00Z","nsw":9403,"qld":6884,"sa":1778,"tas":1038,"vic":6828,"wa":2726},{"ts":"2014-02-14T02:40:00Z","nsw":9424,"qld":6919,"sa":1785,"tas":1033,"vic":6817,"wa":2708},{"ts":"2014-02-14T02:50:00Z","nsw":9413,"qld":6940,"sa":1772,"tas":1037,"vic":6845,"wa":2711},{"ts":"2014-02-14T03:00:00Z","nsw":9460,"qld":6891,"sa":1769,"tas":1055,"vic":6853,"wa":2781},{"ts":"2014-02-14T03:10:00Z","nsw":9416,"qld":6965,"sa":1774,"tas":1063,"vic":6797,"wa":2794},{"ts":"2014-02-14T03:20:00Z","nsw":9378,"qld":6997,"sa":1779,"tas":1078,"vic":6854,"wa":2803},{"ts":"2014-02-14T03:30:00Z","nsw":9362,"qld":6987,"sa":1806,"tas":1068,"vic":6867,"wa":2843},{"ts":"2014-02-14T03:40:00Z","nsw":9408,"qld":7009,"sa":1818,"tas":1055,"vic":6862,"wa":2845},{"ts":"2014-02-14T03:50:00Z","nsw":9409,"qld":7006,"sa":1811,"tas":1047,"vic":6868,"wa":2853},{"ts":"2014-02-14T04:00:00Z","nsw":9338,"qld":7063,"sa":1808,"tas":1046,"vic":6837,"wa":2857},{"ts":"2014-02-14T04:10:00Z","nsw":9322,"qld":7080,"sa":1808,"tas":1049,"vic":6820,"wa":2861},{"ts":"2014-02-14T04:20:00Z","nsw":9249,"qld":7089,"sa":1824,"tas":1042,"vic":6866,"wa":2865},{"ts":"2014-02-14T04:30:00Z","nsw":9267,"qld":7044,"sa":1807,"tas":1052,"vic":6826,"wa":2873},{"ts":"2014-02-14T04:40:00Z","nsw":9262,"qld":7054,"sa":1778,"tas":1061,"vic":6856,"wa":2879},{"ts":"2014-02-14T04:50:00Z","nsw":9268,"qld":7034,"sa":1785,"tas":1080,"vic":6864,"wa":2879},{"ts":"2014-02-14T05:00:00Z","nsw":9324,"qld":7027,"sa":1769,"tas":1105,"vic":6835},{"ts":"2014-02-14T05:10:00Z","nsw":9276,"qld":6991,"sa":1767,"tas":1107,"vic":6838,"wa":2909},{"ts":"2014-02-14T05:20:00Z","nsw":9246,"qld":7047,"sa":1750,"tas":1114,"vic":6943,"wa":2913},{"ts":"2014-02-14T05:30:00Z","nsw":9280,"qld":7015,"sa":1728,"tas":1114,"vic":6950,"wa":2930},{"ts":"2014-02-14T05:40:00Z","nsw":9377,"qld":7035,"sa":1719,"tas":1118,"vic":6927,"wa":2939},{"ts":"2014-02-14T05:50:00Z","nsw":9347,"qld":7074,"sa":1732,"tas":1112,"vic":6910,"wa":2949},{"ts":"2014-02-14T06:00:00Z","nsw":9311,"qld":7069,"sa":1749,"tas":1104,"vic":6784},{"ts":"2014-02-14T06:10:00Z","nsw":9229,"qld":7090,"sa":1723,"tas":1108,"vic":6781,"wa":2988},{"ts":"2014-02-14T06:20:00Z","nsw":9252,"qld":7142,"sa":1693,"tas":1117,"vic":6800,"wa":2998},{"ts":"2014-02-14T06:30:00Z","nsw":9255,"qld":7125,"sa":1646,"tas":1126,"vic":6845,"wa":3011},{"ts":"2014-02-14T06:40:00Z","nsw":9206,"qld":7161,"sa":1635,"tas":1131,"vic":6784,"wa":3003},{"ts":"2014-02-14T06:50:00Z","nsw":9057,"qld":7145,"sa":1628,"tas":1137,"vic":6733,"wa":3001},{"ts":"2014-02-14T07:00:00Z","nsw":8968,"qld":7099,"sa":1632,"tas":1142,"vic":6662},{"ts":"2014-02-14T07:10:00Z","nsw":8830,"qld":7085,"sa":1624,"tas":1144,"vic":6514,"wa":2995},{"ts":"2014-02-14T07:20:00Z","nsw":8769,"qld":7083,"sa":1641,"tas":1139,"vic":6482,"wa":3008},{"ts":"2014-02-14T07:30:00Z","nsw":8772,"qld":7089,"sa":1629,"tas":1154,"vic":6483,"wa":3015},{"ts":"2014-02-14T07:40:00Z","nsw":8750,"qld":7019,"sa":1597,"tas":1161,"vic":6435,"wa":3053},{"ts":"2014-02-14T07:50:00Z","nsw":8640,"qld":7027,"sa":1609,"tas":1149,"vic":6400,"wa":3061},{"ts":"2014-02-14T08:00:00Z","nsw":8606,"qld":6965,"sa":1597,"tas":1148,"vic":6342},{"ts":"2014-02-14T08:10:00Z","nsw":8505,"qld":6869,"sa":1589,"tas":1149,"vic":6234,"wa":3088},{"ts":"2014-02-14T08:20:00Z","nsw":8485,"qld":6879,"sa":1591,"tas":1140,"vic":6202,"wa":3091},{"ts":"2014-02-14T08:30:00Z","nsw":8514,"qld":6898,"sa":1559,"tas":1149,"vic":6212,"wa":3107},{"ts":"2014-02-14T08:40:00Z","nsw":8517,"qld":6916,"sa":1536,"tas":1159,"vic":6199,"wa":3105},{"ts":"2014-02-14T08:50:00Z","nsw":8530,"qld":6960,"sa":1523,"tas":1159,"vic":6147,"wa":3103},{"ts":"2014-02-14T09:00:00Z","nsw":8641,"qld":7022,"sa":1536,"tas":1158,"vic":6108},{"ts":"2014-02-14T09:10:00Z","nsw":8616,"qld":7073,"sa":1545,"tas":1142,"vic":6026,"wa":3078},{"ts":"2014-02-14T09:20:00Z","nsw":8649,"qld":6961,"sa":1533,"tas":1155,"vic":6048,"wa":3064},{"ts":"2014-02-14T09:30:00Z","nsw":8642,"qld":6963,"sa":1541,"tas":1167,"vic":6088,"wa":3028},{"ts":"2014-02-14T09:40:00Z","nsw":8567,"qld":6912,"sa":1531,"tas":1170,"vic":6120,"wa":3042},{"ts":"2014-02-14T09:50:00Z","nsw":8523,"qld":6897,"sa":1556,"tas":1176,"vic":6147,"wa":3049},{"ts":"2014-02-14T10:00:00Z","nsw":8554,"qld":6793,"sa":1582,"tas":1175,"vic":6144},{"ts":"2014-02-14T10:10:00Z","nsw":8456,"qld":6740,"sa":1585,"tas":1172,"vic":6100,"wa":2951},{"ts":"2014-02-14T10:20:00Z","nsw":8282,"qld":6625,"sa":1580,"tas":1167,"vic":6024,"wa":2937},{"ts":"2014-02-14T10:30:00Z","nsw":8223,"qld":6604,"sa":1551,"tas":1152,"vic":5926,"wa":2902},{"ts":"2014-02-14T10:40:00Z","nsw":8153,"qld":6562,"sa":1541,"tas":1144,"vic":5844,"wa":2894},{"ts":"2014-02-14T10:50:00Z","nsw":8121,"qld":6536,"sa":1529,"tas":1135,"vic":5806,"wa":2886},{"ts":"2014-02-14T11:00:00Z","nsw":8097,"qld":6431,"sa":1527,"tas":1111,"vic":5752},{"ts":"2014-02-14T11:10:00Z","nsw":8193,"qld":6521,"sa":1521,"tas":1108,"vic":5623,"wa":2843},{"ts":"2014-02-14T11:20:00Z","nsw":8174,"qld":6435,"sa":1513,"tas":1096,"vic":5545,"wa":2852},{"ts":"2014-02-14T11:30:00Z","nsw":8071,"qld":6316,"sa":1493,"tas":1090,"vic":5554,"wa":2845},{"ts":"2014-02-14T11:40:00Z","nsw":8048,"qld":6303,"sa":1474,"tas":1083,"vic":5456,"wa":2815},{"ts":"2014-02-14T11:50:00Z","nsw":7894,"qld":6237,"sa":1469,"tas":1078,"vic":5410,"wa":2807}],"output":[{"ts":"2014-02-13T17:00:00Z","nsw":0,"qld":0,"sa":0,"tas":0,"vic":0,"wa":0},{"ts":"2014-02-13T17:10:00Z","nsw":1,"qld":0,"sa":0,"tas":0,"vic":0,"wa":0},{"ts":"2014-02-13T17:20:00Z","nsw":1,"qld":0,"sa":0,"tas":0,"vic":1,"wa":0},{"ts":"2014-02-13T17:30:00Z","nsw":1,"qld":0,"sa":0,"tas":0,"vic":0,"wa":0},{"ts":"2014-02-13T17:40:00Z","nsw":1,"qld":0,"sa":0,"tas":0,"vic":0,"wa":0},{"ts":"2014-02-13T17:50:00Z","nsw":1,"qld":0,"sa":0,"tas":0,"vic":0,"wa":0},{"ts":"2014-02-13T18:00:00Z","nsw":1,"qld":0,"sa":0,"tas":0,"vic":0,"wa":0},{"ts":"2014-02-13T18:10:00Z","nsw":2,"qld":0,"sa":0,"tas":0,"vic":0,"wa":0},{"ts":"2014-02-13T18:20:00Z","nsw":2,"qld":0,"sa":0,"tas":0,"vic":0,"wa":0},{"ts":"2014-02-13T18:30:00Z","nsw":1,"qld":0,"sa":0,"tas":0,"vic":0},{"ts":"2014-02-13T18:40:00Z","nsw":2,"qld":0,"sa":0,"tas":0,"vic":0,"wa":0},{"ts":"2014-02-13T18:50:00Z","nsw":2,"qld":0,"sa":0,"tas":0,"vic":0,"wa":0},{"ts":"2014-02-13T19:00:00Z","nsw":2,"qld":0,"sa":0,"tas":0,"vic":0,"wa":0},{"ts":"2014-02-13T19:10:00Z","nsw":2,"qld":0,"sa":0,"tas":0,"vic":0,"wa":0},{"ts":"2014-02-13T19:20:00Z","nsw":2,"qld":0,"sa":0,"tas":0,"vic":0,"wa":0},{"ts":"2014-02-13T19:30:00Z","nsw":2,"qld":0,"sa":0,"tas":0,"vic":0,"wa":0},{"ts":"2014-02-13T19:40:00Z","nsw":4,"qld":3,"sa":0,"tas":0,"vic":0,"wa":0},{"ts":"2014-02-13T19:50:00Z","nsw":3,"qld":8,"sa":0,"tas":0,"vic":1,"wa":0},{"ts":"2014-02-13T20:00:00Z","nsw":3,"qld":14,"sa":0,"tas":0,"vic":0,"wa":0},{"ts":"2014-02-13T20:10:00Z","nsw":6,"qld":23,"sa":0,"tas":0,"vic":2,"wa":0},{"ts":"2014-02-13T20:20:00Z","nsw":7,"qld":39,"sa":0,"tas":0,"vic":6,"wa":0},{"ts":"2014-02-13T20:30:00Z","nsw":8,"qld":45,"sa":0,"tas":0,"vic":10},{"ts":"2014-02-13T20:40:00Z","nsw":9,"qld":66,"sa":0,"tas":0,"vic":13,"wa":0},{"ts":"2014-02-13T20:50:00Z","nsw":13,"qld":68,"sa":0,"tas":1,"vic":15},{"ts":"2014-02-13T21:00:00Z","nsw":19,"qld":76,"sa":0,"tas":1,"vic":20,"wa":0},{"ts":"2014-02-13T21:10:00Z","nsw":25,"qld":99,"sa":1,"tas":2,"vic":28,"wa":0},{"ts":"2014-02-13T21:20:00Z","nsw":26,"qld":133,"sa":4,"tas":2,"vic":38,"wa":0},{"ts":"2014-02-13T21:30:00Z","nsw":35,"qld":199,"sa":4,"tas":4,"vic":48,"wa":0},{"ts":"2014-02-13T21:40:00Z","nsw":49,"qld":238,"sa":4,"tas":6,"vic":55,"wa":0},{"ts":"2014-02-13T21:50:00Z","nsw":61,"qld":246,"sa":7,"tas":7,"vic":60,"wa":0},{"ts":"2014-02-13T22:00:00Z","nsw":69,"qld":242,"sa":15,"tas":9,"vic":71},{"ts":"2014-02-13T22:10:00Z","nsw":76,"qld":249,"sa":14,"tas":7,"vic":77,"wa":2},{"ts":"2014-02-13T22:20:00Z","nsw":82,"qld":284,"sa":15,"tas":10,"vic":85,"wa":6},{"ts":"2014-02-13T22:30:00Z","nsw":86,"qld":305,"sa":19,"tas":11,"vic":90,"wa":11},{"ts":"2014-02-13T22:40:00Z","nsw":92,"qld":335,"sa":22,"tas":11,"vic":100,"wa":15},{"ts":"2014-02-13T22:50:00Z","nsw":95,"qld":344,"sa":27,"tas":11,"vic":113,"wa":21},{"ts":"2014-02-13T23:00:00Z","nsw":96,"qld":355,"sa":35,"tas":14,"vic":108,"wa":28},{"ts":"2014-02-13T23:10:00Z","nsw":100,"qld":369,"sa":42,"tas":14,"vic":116,"wa":34},{"ts":"2014-02-13T23:20:00Z","nsw":107,"qld":394,"sa":41,"tas":15,"vic":111,"wa":42},{"ts":"2014-02-13T23:30:00Z","nsw":108,"qld":391,"sa":33,"tas":15,"vic":115,"wa":50},{"ts":"2014-02-13T23:40:00Z","nsw":117,"qld":406,"sa":33,"tas":16,"vic":117,"wa":59},{"ts":"2014-02-13T23:50:00Z","nsw":119,"qld":441,"sa":32,"tas":13,"vic":120,"wa":67},{"ts":"2014-02-14T00:00:00Z","nsw":126,"qld":459,"sa":29,"tas":15,"vic":135,"wa":77},{"ts":"2014-02-14T00:10:00Z","nsw":123,"qld":442,"sa":26,"tas":14,"vic":135,"wa":90},{"ts":"2014-02-14T00:20:00Z","nsw":129,"qld":456,"sa":30,"tas":18,"vic":135,"wa":99},{"ts":"2014-02-14T00:30:00Z","nsw":137,"qld":485,"sa":31,"tas":17,"vic":140,"wa":111},{"ts":"2014-02-14T00:40:00Z","nsw":164,"qld":531,"sa":28,"tas":20,"vic":146,"wa":120},{"ts":"2014-02-14T00:50:00Z","nsw":175,"qld":531,"sa":34,"tas":16,"vic":157,"wa":132},{"ts":"2014-02-14T01:00:00Z","nsw":175,"qld":528,"sa":37,"tas":19,"vic":152,"wa":145},{"ts":"2014-02-14T01:10:00Z","nsw":152,"qld":518,"sa":33,"tas":17,"vic":159,"wa":157},{"ts":"2014-02-14T01:20:00Z","nsw":163,"qld":532,"sa":30,"tas":21,"vic":164,"wa":164},{"ts":"2014-02-14T01:30:00Z","nsw":165,"qld":512,"sa":36,"tas":20,"vic":160,"wa":171},{"ts":"2014-02-14T01:40:00Z","nsw":164,"qld":499,"sa":36,"tas":22,"vic":165,"wa":175},{"ts":"2014-02-14T01:50:00Z","nsw":161,"qld":486,"sa":36,"tas":21,"vic":161,"wa":182},{"ts":"2014-02-14T02:00:00Z","nsw":163,"qld":506,"sa":43,"tas":23,"vic":163},{"ts":"2014-02-14T02:10:00Z","nsw":149,"qld":543,"sa":53,"tas":20,"vic":159,"wa":194},{"ts":"2014-02-14T02:20:00Z","nsw":150,"qld":567,"sa":61,"tas":22,"vic":159,"wa":204},{"ts":"2014-02-14T02:30:00Z","nsw":155,"qld":557,"sa":68,"tas":20,"vic":152,"wa":207},{"ts":"2014-02-14T02:40:00Z","nsw":152,"qld":572,"sa":69,"tas":22,"vic":162,"wa":211},{"ts":"2014-02-14T02:50:00Z","nsw":139,"qld":549,"sa":81,"tas":21,"vic":163,"wa":214},{"ts":"2014-02-14T03:00:00Z","nsw":133,"qld":555,"sa":83,"tas":23,"vic":158,"wa":224},{"ts":"2014-02-14T03:10:00Z","nsw":127,"qld":540,"sa":84,"tas":24,"vic":160,"wa":224},{"ts":"2014-02-14T03:20:00Z","nsw":126,"qld":526,"sa":79,"tas":23,"vic":164,"wa":229},{"ts":"2014-02-14T03:30:00Z","nsw":123,"qld":487,"sa":81,"tas":21,"vic":155,"wa":233},{"ts":"2014-02-14T03:40:00Z","nsw":131,"qld":460,"sa":72,"tas":20,"vic":152,"wa":237},{"ts":"2014-02-14T03:50:00Z","nsw":117,"qld":420,"sa":66,"tas":19,"vic":151,"wa":242},{"ts":"2014-02-14T04:00:00Z","nsw":110,"qld":394,"sa":56,"tas":22,"vic":146,"wa":238},{"ts":"2014-02-14T04:10:00Z","nsw":108,"qld":361,"sa":48,"tas":19,"vic":138,"wa":242},{"ts":"2014-02-14T04:20:00Z","nsw":117,"qld":357,"sa":38,"tas":19,"vic":133,"wa":248},{"ts":"2014-02-14T04:30:00Z","nsw":120,"qld":346,"sa":37,"tas":19,"vic":131,"wa":242},{"ts":"2014-02-14T04:40:00Z","nsw":126,"qld":349,"sa":39,"tas":18,"vic":124,"wa":245},{"ts":"2014-02-14T04:50:00Z","nsw":125,"qld":364,"sa":45,"tas":17,"vic":116,"wa":245},{"ts":"2014-02-14T05:00:00Z","nsw":137,"qld":364,"sa":57,"tas":17,"vic":114},{"ts":"2014-02-14T05:10:00Z","nsw":134,"qld":353,"sa":68,"tas":15,"vic":110,"wa":246},{"ts":"2014-02-14T05:20:00Z","nsw":133,"qld":345,"sa":77,"tas":15,"vic":98,"wa":246},{"ts":"2014-02-14T05:30:00Z","nsw":122,"qld":325,"sa":88,"tas":14,"vic":95,"wa":240},{"ts":"2014-02-14T05:40:00Z","nsw":116,"qld":309,"sa":91,"tas":13,"vic":93,"wa":237},{"ts":"2014-02-14T05:50:00Z","nsw":125,"qld":306,"sa":92,"tas":12,"vic":82,"wa":233},{"ts":"2014-02-14T06:00:00Z","nsw":117,"qld":304,"sa":86,"tas":11,"vic":79},{"ts":"2014-02-14T06:10:00Z","nsw":98,"qld":289,"sa":81,"tas":10,"vic":72,"wa":228},{"ts":"2014-02-14T06:20:00Z","nsw":88,"qld":275,"sa":82,"tas":10,"vic":72,"wa":227},{"ts":"2014-02-14T06:30:00Z","nsw":73,"qld":243,"sa":86,"tas":8,"vic":59,"wa":218},{"ts":"2014-02-14T06:40:00Z","nsw":69,"qld":196,"sa":73,"tas":8,"vic":54,"wa":218},{"ts":"2014-02-14T06:50:00Z","nsw":58,"qld":161,"sa":68,"tas":6,"vic":51,"wa":214},{"ts":"2014-02-14T07:00:00Z","nsw":50,"qld":137,"sa":64,"tas":6,"vic":51},{"ts":"2014-02-14T07:10:00Z","nsw":40,"qld":118,"sa":56,"tas":5,"vic":43,"wa":202},{"ts":"2014-02-14T07:20:00Z","nsw":35,"qld":113,"sa":47,"tas":5,"vic":39,"wa":193},{"ts":"2014-02-14T07:30:00Z","nsw":30,"qld":91,"sa":43,"tas":3,"vic":36,"wa":185},{"ts":"2014-02-14T07:40:00Z","nsw":27,"qld":70,"sa":37,"tas":3,"vic":32,"wa":189},{"ts":"2014-02-14T07:50:00Z","nsw":22,"qld":50,"sa":35,"tas":2,"vic":27,"wa":181},{"ts":"2014-02-14T08:00:00Z","nsw":16,"qld":34,"sa":28,"tas":2,"vic":23},{"ts":"2014-02-14T08:10:00Z","nsw":12,"qld":19,"sa":23,"tas":1,"vic":19,"wa":153},{"ts":"2014-02-14T08:20:00Z","nsw":9,"qld":9,"sa":21,"tas":1,"vic":16,"wa":147},{"ts":"2014-02-14T08:30:00Z","nsw":6,"qld":3,"sa":21,"tas":1,"vic":12,"wa":136},{"ts":"2014-02-14T08:40:00Z","nsw":5,"qld":1,"sa":17,"tas":0,"vic":8,"wa":128},{"ts":"2014-02-14T08:50:00Z","nsw":4,"qld":1,"sa":14,"tas":0,"vic":6,"wa":118},{"ts":"2014-02-14T09:00:00Z","nsw":3,"qld":2,"sa":9,"tas":0,"vic":4},{"ts":"2014-02-14T09:10:00Z","nsw":2,"qld":1,"sa":6,"tas":0,"vic":3,"wa":92},{"ts":"2014-02-14T09:20:00Z","nsw":2,"qld":1,"sa":3,"tas":0,"vic":3,"wa":82},{"ts":"2014-02-14T09:30:00Z","nsw":3,"qld":1,"sa":1,"tas":0,"vic":2,"wa":70},{"ts":"2014-02-14T09:40:00Z","nsw":3,"qld":1,"sa":1,"tas":0,"vic":2,"wa":61},{"ts":"2014-02-14T09:50:00Z","nsw":3,"qld":1,"sa":1,"tas":0,"vic":0,"wa":47},{"ts":"2014-02-14T10:00:00Z","nsw":3,"qld":1,"sa":1,"tas":0,"vic":4},{"ts":"2014-02-14T10:10:00Z","nsw":3,"qld":1,"sa":1,"tas":0,"vic":0,"wa":29},{"ts":"2014-02-14T10:20:00Z","nsw":3,"qld":1,"sa":1,"tas":0,"vic":2,"wa":24},{"ts":"2014-02-14T10:30:00Z","nsw":2,"qld":1,"sa":1,"tas":0,"vic":4,"wa":17},{"ts":"2014-02-14T10:40:00Z","nsw":3,"qld":1,"sa":1,"tas":0,"vic":0,"wa":12},{"ts":"2014-02-14T10:50:00Z","nsw":3,"qld":1,"sa":1,"tas":0,"vic":0,"wa":7},{"ts":"2014-02-14T11:00:00Z","nsw":3,"qld":1,"sa":1,"tas":0,"vic":2},{"ts":"2014-02-14T11:10:00Z","nsw":3,"qld":1,"sa":1,"tas":0,"vic":0,"wa":2},{"ts":"2014-02-14T11:20:00Z","nsw":2,"qld":5,"sa":1,"tas":0,"vic":0,"wa":2},{"ts":"2014-02-14T11:30:00Z","nsw":2,"qld":1,"sa":0,"tas":0,"vic":1,"wa":3},{"ts":"2014-02-14T11:40:00Z","nsw":2,"qld":1,"sa":0,"tas":0,"vic":0,"wa":4},{"ts":"2014-02-14T11:50:00Z","nsw":2,"qld":1,"sa":1,"tas":0,"vic":4,"wa":4}]}