{"performance":[{"ts":"2014-03-26T17:00:00Z","nsw":"0.33","nt":"0.00","qld":"0.08","sa":"0.17","tas":"0.08","vic":"0.07","wa":"0.17"},{"ts":"2014-03-26T17:05:00Z","nsw":"0.38","qld":"0.15","sa":"0.18","tas":"0.08","vic":"0.15","wa":"0.08"},{"ts":"2014-03-26T17:10:00Z","nsw":"0.47","nt":"0.00","qld":"0.11","sa":"0.11","tas":"0.08","vic":"0.09","wa":"0.07"},{"ts":"2014-03-26T17:15:00Z","nsw":"0.44","qld":"0.09","sa":"0.18","tas":"0.08","vic":"0.21","wa":"0.19"},{"ts":"2014-03-26T17:20:00Z","nsw":"0.48","nt":"0.00","qld":"0.11","sa":"0.15","tas":"0.08","vic":"0.10","wa":"0.17"},{"ts":"2014-03-26T17:25:00Z","nsw":"0.41","qld":"0.10","sa":"0.18","tas":"0.08","vic":"0.04","wa":"0.07"},{"ts":"2014-03-26T17:30:00Z","nsw":"0.53","nt":"0.00","qld":"0.10","sa":"0.16","tas":"0.08","vic":"0.11","wa":"0.17"},{"ts":"2014-03-26T17:35:00Z","nsw":"0.46","nt":"0.00","qld":"0.11","sa":"0.16","tas":"0.08","vic":"0.05","wa":"0.15"},{"ts":"2014-03-26T17:40:00Z","nsw":"0.45","nt":"0.00","qld":"0.12","sa":"0.16","tas":"0.10","vic":"0.08","wa":"0.19"},{"ts":"2014-03-26T17:45:00Z","nsw":"0.48","nt":"0.00","qld":"0.12","sa":"0.18","tas":"0.08","vic":"0.10","wa":"0.16"},{"ts":"2014-03-26T17:50:00Z","nsw":"0.40","nt":"0.00","qld":"0.10","sa":"0.16","tas":"0.08","vic":"0.06","wa":"0.17"},{"ts":"2014-03-26T17:55:00Z","nsw":"1.74","nt":"0.00","qld":"0.12","sa":"0.16","tas":"0.08","vic":"0.11","wa":"0.16"},{"ts":"2014-03-26T18:00:00Z","nsw":"0.41","nt":"0.00","qld":"0.11","sa":"0.18","tas":"0.08","vic":"0.05","wa":"0.19"},{"ts":"2014-03-26T18:05:00Z","nsw":"1.77","nt":"0.00","qld":"0.12","sa":"0.15","tas":"0.08","vic":"0.06","wa":"0.15"},{"ts":"2014-03-26T18:10:00Z","nsw":"0.39","qld":"0.11","sa":"0.20","tas":"0.07","vic":"0.05","wa":"0.18"},{"ts":"2014-03-26T18:15:00Z","nsw":"1.74","nt":"0.00","qld":"0.12","sa":"0.12","tas":"0.08","vic":"0.10","wa":"0.16"},{"ts":"2014-03-26T18:20:00Z","nsw":"0.42","qld":"0.09","sa":"0.18","tas":"0.08","vic":"0.06","wa":"0.22"},{"ts":"2014-03-26T18:25:00Z","nsw":"1.58","nt":"0.00","qld":"0.12","sa":"0.25","tas":"0.08","vic":"0.06","wa":"0.17"},{"ts":"2014-03-26T18:30:00Z","nsw":"0.36","nt":"0.00","qld":"0.11","sa":"0.17","tas":"0.07","vic":"0.12","wa":"0.16"},{"ts":"2014-03-26T18:35:00Z","nsw":"1.65","nt":"0.00","qld":"0.12","sa":"0.15","tas":"0.08","vic":"0.05","wa":"0.18"},{"ts":"2014-03-26T18:40:00Z","nsw":"0.47","nt":"0.00","qld":"0.11","sa":"0.17","tas":"0.07","vic":"0.04","wa":"0.16"},{"ts":"2014-03-26T18:45:00Z","nsw":"0.45","nt":"0.00","qld":"0.11","sa":"0.16","tas":"0.08","vic":"0.08","wa":"0.07"},{"ts":"2014-03-26T18:50:00Z","nsw":"0.42","nt":"0.00","qld":"0.11","sa":"0.17","tas":"0.07","vic":"0.05","wa":"0.15"},{"ts":"2014-03-26T18:55:00Z","nsw":"0.43","qld":"0.11","sa":"0.20","tas":"0.08","vic":"0.05","wa":"0.18"},{"ts":"2014-03-26T19:00:00Z","nsw":"0.47","nt":"0.00","qld":"0.11","sa":"0.15","tas":"0.07","vic":"0.13","wa":"0.16"},{"ts":"2014-03-26T19:05:00Z","nsw":"0.38","qld":"0.11","sa":"0.18","tas":"0.08","vic":"0.07","wa":"0.17"},{"ts":"2014-03-26T19:10:00Z","nsw":"0.47","nt":"0.00","qld":"0.12","sa":"0.10","tas":"0.07","vic":"0.07","wa":"0.18"},{"ts":"2014-03-26T19:15:00Z","nsw":"0.46","nt":"0.00","qld":"0.11","sa":"0.16","tas":"0.08","vic":"0.12","wa":"0.17"},{"ts":"2014-03-26T19:20:00Z","nsw":"0.66","nt":"0.00","qld":"0.13","sa":"0.15","tas":"0.07","vic":"0.15","wa":"0.17"},{"ts":"2014-03-26T19:25:00Z","nsw":"0.69","nt":"0.00","qld":"0.09","sa":"0.18","tas":"0.07","vic":"0.06","wa":"0.15"},{"ts":"2014-03-26T19:30:00Z","nsw":"0.45","nt":"0.00","qld":"0.12","sa":"0.16","tas":"0.07","vic":"0.06","wa":"0.18"},{"ts":"2014-03-26T19:35:00Z","nsw":"1.18","nt":"0.00","qld":"0.15","sa":"0.17","tas":"0.08","vic":"0.05","wa":"0.16"},{"ts":"2014-03-26T19:40:00Z","nsw":"0.46","qld":"0.12","sa":"0.12","tas":"0.07","vic":"0.10","wa":"0.18"},{"ts":"2014-03-26T19:45:00Z","nsw":"0.58","nt":"0.00","qld":"0.11","sa":"0.15","tas":"0.07","vic":"0.04","wa":"0.06"},{"ts":"2014-03-26T19:50:00Z","nsw":"0.42","qld":"0.09","sa":"0.14","tas":"0.07","vic":"0.19","wa":"0.17"},{"ts":"2014-03-26T19:55:00Z","nsw":"0.55","nt":"0.00","qld":"0.11","sa":"0.15","tas":"0.07","vic":"0.09","wa":"0.17"},{"ts":"2014-03-26T20:00:00Z","nsw":"0.40","nt":"0.00","qld":"0.09","sa":"0.16","tas":"0.08","vic":"0.08","wa":"0.17"},{"ts":"2014-03-26T20:05:00Z","nsw":"0.69","nt":"0.00","qld":"0.09","sa":"0.15","tas":"0.07","vic":"0.08","wa":"0.18"},{"ts":"2014-03-26T20:10:00Z","nsw":"0.57","nt":"0.00","qld":"0.10","sa":"0.15","tas":"0.04","vic":"0.07","wa":"0.15"},{"ts":"2014-03-26T20:15:00Z","nsw":"0.47","nt":"0.00","qld":"0.11","sa":"0.09","tas":"0.04","vic":"0.10","wa":"0.18"},{"ts":"2014-03-26T20:20:00Z","nsw":"0.91","nt":"0.00","qld":"0.20","sa":"0.14","tas":"0.04","vic":"0.05","wa":"0.15"},{"ts":"2014-03-26T20:25:00Z","nsw":"0.50","qld":"0.32","sa":"0.16","tas":"0.04","vic":"0.09","wa":"0.18"},{"ts":"2014-03-26T20:30:00Z","nsw":"0.64","nt":"0.00","qld":"0.51","sa":"0.12","tas":"0.04","vic":"0.06","wa":"0.15"},{"ts":"2014-03-26T20:35:00Z","nsw":"0.57","qld":"0.70","sa":"0.15","tas":"0.26","vic":"0.46","wa":"0.18"},{"ts":"2014-03-26T20:40:00Z","nsw":"0.59","nt":"0.00","qld":"0.96","sa":"0.08","tas":"0.30","vic":"0.18","wa":"0.16"},{"ts":"2014-03-26T20:45:00Z","nsw":"0.54","nt":"0.00","qld":"1.13","sa":"0.15","tas":"0.21","vic":"0.21","wa":"0.16"},{"ts":"2014-03-26T20:50:00Z","nsw":"0.66","nt":"0.00","qld":"1.37","sa":"0.12","tas":"0.64","vic":"0.31","wa":"0.17"},{"ts":"2014-03-26T20:55:00Z","nsw":"0.82","nt":"0.00","qld":"1.59","sa":"0.16","tas":"0.49","vic":"0.62","wa":"0.15"},{"ts":"2014-03-26T21:00:00Z","nsw":"1.09","nt":"0.00","qld":"1.85","sa":"0.13","tas":"1.05","vic":"0.83","wa":"0.17"},{"ts":"2014-03-26T21:05:00Z","nsw":"1.57","nt":"0.00","qld":"2.12","sa":"0.39","tas":"1.02","vic":"1.23","wa":"0.17"},{"ts":"2014-03-26T21:10:00Z","nsw":"1.45","qld":"2.40","sa":"0.82","tas":"1.24","vic":"1.48","wa":"0.17"},{"ts":"2014-03-26T21:15:00Z","nsw":"1.91","nt":"0.00","qld":"2.66","sa":"1.10","tas":"1.30","vic":"1.90","wa":"0.16"},{"ts":"2014-03-26T21:20:00Z","nsw":"1.94","qld":"2.79","sa":"1.59","tas":"1.45","vic":"2.03","wa":"0.18"},{"ts":"2014-03-26T21:25:00Z","nsw":"2.21","nt":"0.00","qld":"3.20","sa":"2.09","tas":"1.33","vic":"2.25","wa":"0.15"},{"ts":"2014-03-26T21:30:00Z","nsw":"2.10","nt":"0.00","qld":"3.45","sa":"2.90","tas":"1.62","vic":"2.35","wa":"0.18"},{"ts":"2014-03-26T21:35:00Z","nsw":"2.51","nt":"0.00","qld":"3.60","sa":"3.79","tas":"1.68","vic":"2.57","wa":"0.18"},{"ts":"2014-03-26T21:40:00Z","nsw":"2.72","nt":"0.46","qld":"4.08","sa":"4.57","tas":"1.93","vic":"2.79","wa":"0.16"},{"ts":"2014-03-26T21:45:00Z","nsw":"2.45","nt":"0.73","qld":"4.76","sa":"5.23","tas":"1.88","vic":"2.94","wa":"0.20"},{"ts":"2014-03-26T21:50:00Z","nsw":"2.80","nt":"1.17","qld":"4.61","sa":"6.57","tas":"2.15","vic":"3.04","wa":"0.16"},{"ts":"2014-03-26T21:55:00Z","nsw":"2.90","nt":"4.60","qld":"5.00","sa":"7.71","tas":"2.12","vic":"3.92","wa":"0.18"},{"ts":"2014-03-26T22:00:00Z","nsw":"3.48","nt":"1.64","qld":"5.73","sa":"9.05","tas":"2.39","vic":"3.68","wa":"0.16"},{"ts":"2014-03-26T22:05:00Z","nsw":"3.65","nt":"7.80","qld":"6.09","sa":"9.99","tas":"2.46","vic":"3.95","wa":"0.17"},{"ts":"2014-03-26T22:10:00Z","nsw":"3.66","nt":"2.94","qld":"6.87","sa":"11.33","tas":"2.81","vic":"4.05","wa":"0.16"},{"ts":"2014-03-26T22:15:00Z","nsw":"3.98","nt":"4.86","qld":"7.46","sa":"11.34","tas":"3.21","vic":"4.33","wa":"0.14"},{"ts":"2014-03-26T22:20:00Z","nsw":"4.28","nt":"4.42","qld":"8.27","sa":"13.03","tas":"4.06","vic":"4.66","wa":"0.13"},{"ts":"2014-03-26T22:25:00Z","nsw":"5.03","nt":"6.86","qld":"9.21","sa":"13.27","tas":"3.88","vic":"4.96","wa":"0.13"},{"ts":"2014-03-26T22:30:00Z","nsw":"4.88","nt":"8.11","qld":"10.23","sa":"15.44","tas":"4.70","vic":"5.46","wa":"0.12"},{"ts":"2014-03-26T22:35:00Z","nsw":"5.96","nt":"7.53","qld":"10.85","sa":"16.40","tas":"4.90","vic":"5.54","wa":"0.16"},{"ts":"2014-03-26T22:40:00Z","nsw":"6.32","nt":"19.95","qld":"11.20","sa":"18.00","tas":"5.90","vic":"6.07","wa":"0.21"},{"ts":"2014-03-26T22:45:00Z","nsw":"6.34","nt":"12.37","qld":"11.49","sa":"19.62","tas":"5.82","vic":"6.48","wa":"0.35"},{"ts":"2014-03-26T22:50:00Z","nsw":"7.23","nt":"26.50","qld":"11.51","sa":"19.72","tas":"6.36","vic":"6.70","wa":"0.55"},{"ts":"2014-03-26T22:55:00Z","nsw":"6.71","nt":"14.29","qld":"11.99","sa":"22.45","tas":"6.25","vic":"7.02","wa":"0.99"},{"ts":"2014-03-26T23:00:00Z","nsw":"7.42","nt":"20.40","qld":"12.00","sa":"21.96","tas":"7.39","vic":"7.67","wa":"1.96"},{"ts":"2014-03-26T23:05:00Z","nsw":"8.00","nt":"17.91","qld":"12.38","sa":"20.82","tas":"8.38","vic":"7.98","wa":"3.09"},{"ts":"2014-03-26T23:10:00Z","nsw":"7.54","nt":"20.65","qld":"12.21","sa":"22.40","tas":"8.32","vic":"7.98","wa":"4.80"},{"ts":"2014-03-26T23:15:00Z","nsw":"8.69","nt":"23.46","qld":"12.38","sa":"22.79","tas":"8.20","vic":"8.44","wa":"6.88"},{"ts":"2014-03-26T23:20:00Z","nsw":"8.90","nt":"22.06","qld":"12.59","sa":"24.57","tas":"8.28","vic":"9.23","wa":"7.53"},{"ts":"2014-03-26T23:25:00Z","nsw":"8.94","nt":"41.75","qld":"12.94","sa":"24.59","tas":"7.82","vic":"9.81","wa":"8.85"},{"ts":"2014-03-26T23:30:00Z","nsw":"8.37","nt":"26.25","qld":"13.64","sa":"27.63","tas":"8.17","vic":"9.69","wa":"10.09"},{"ts":"2014-03-26T23:35:00Z","nsw":"9.66","nt":"31.84","qld":"12.76","sa":"27.30","tas":"8.66","vic":"11.20","wa":"11.09"},{"ts":"2014-03-26T23:40:00Z","nsw":"10.67","nt":"27.51","qld":"12.85","sa":"28.07","tas":"10.09","vic":"12.06","wa":"12.55"},{"ts":"2014-03-26T23:45:00Z","nsw":"9.62","nt":"38.28","qld":"13.34","sa":"29.91","tas":"11.11","vic":"13.62","wa":"14.01"},{"ts":"2014-03-26T23:50:00Z","nsw":"11.30","nt":"29.54","qld":"13.06","sa":"29.76","tas":"10.86","vic":"14.88","wa":"15.51"},{"ts":"2014-03-26T23:55:00Z","nsw":"12.16","nt":"34.16","qld":"12.83","sa":"31.30","tas":"10.31","vic":"16.72","wa":"17.16"},{"ts":"2014-03-27T00:00:00Z","nsw":"11.54","nt":"41.58","qld":"13.72","sa":"31.65","tas":"10.75","vic":"19.52","wa":"18.79"},{"ts":"2014-03-27T00:05:00Z","nsw":"11.01","nt":"38.79","qld":"12.05","sa":"31.62","tas":"10.51","vic":"20.67","wa":"20.79"},{"ts":"2014-03-27T00:10:00Z","nsw":"10.04","nt":"45.07","qld":"12.89","sa":"32.59","tas":"10.88","vic":"21.45","wa":"21.75"},{"ts":"2014-03-27T00:15:00Z","nsw":"12.19","nt":"43.78","qld":"11.60","sa":"35.32","tas":"11.95","vic":"22.96","wa":"23.60"},{"ts":"2014-03-27T00:20:00Z","nsw":"12.47","nt":"59.70","qld":"11.66","sa":"33.95","tas":"13.10","vic":"26.28","wa":"24.32"},{"ts":"2014-03-27T00:25:00Z","nsw":"14.44","nt":"48.96","qld":"11.32","sa":"35.23","tas":"11.90","vic":"27.00","wa":"27.32"},{"ts":"2014-03-27T00:30:00Z","nsw":"13.02","nt":"49.80","qld":"12.81","sa":"33.33","tas":"11.92","vic":"27.62","wa":"28.34"},{"ts":"2014-03-27T00:35:00Z","nsw":"15.52","nt":"52.51","qld":"10.95","sa":"37.23","tas":"12.53","vic":"29.04","wa":"29.06"},{"ts":"2014-03-27T00:40:00Z","nsw":"13.37","nt":"58.13","qld":"11.27","sa":"35.09","tas":"13.22","vic":"32.30","wa":"31.16"},{"ts":"2014-03-27T00:45:00Z","nsw":"12.83","nt":"56.45","qld":"12.22","sa":"36.53","tas":"13.45","vic":"30.59","wa":"32.55"},{"ts":"2014-03-27T00:55:00Z","nsw":"11.07","nt":"59.77","qld":"13.24","sa":"43.46","tas":"11.28","vic":"29.97","wa":"36.19"},{"ts":"2014-03-27T01:00:00Z","nsw":"14.89","nt":"63.09","qld":"12.70","sa":"45.79","tas":"12.81","vic":"32.53","wa":"38.24"},{"ts":"2014-03-27T01:05:00Z","nsw":"15.70","nt":"71.45","qld":"12.93","sa":"45.58","tas":"14.47","vic":"31.61","wa":"40.03"},{"ts":"2014-03-27T01:10:00Z","nsw":"14.05","nt":"62.64","qld":"13.74","sa":"50.23","tas":"12.03","vic":"30.21","wa":"42.07"},{"ts":"2014-03-27T01:15:00Z","nsw":"15.17","nt":"69.69","qld":"13.89","sa":"53.16","tas":"11.27","vic":"31.17","wa":"42.37"},{"ts":"2014-03-27T01:20:00Z","nsw":"16.48","nt":"66.48","qld":"12.52","sa":"53.19","tas":"13.23","vic":"34.07","wa":"46.10"},{"ts":"2014-03-27T01:25:00Z","nsw":"16.70","nt":"73.75","qld":"12.36","sa":"55.32","tas":"12.14","vic":"34.02","wa":"45.38"},{"ts":"2014-03-27T01:30:00Z","nsw":"14.89","nt":"68.77","qld":"12.34","sa":"57.74","tas":"13.43","vic":"33.15","wa":"47.41"},{"ts":"2014-03-27T01:35:00Z","nsw":"15.23","nt":"75.01","qld":"12.46","sa":"59.02","tas":"15.89","vic":"30.87","wa":"49.14"},{"ts":"2014-03-27T01:40:00Z","nsw":"14.94","nt":"68.00","qld":"12.86","sa":"59.23","tas":"19.97","vic":"33.68","wa":"48.76"},{"ts":"2014-03-27T01:45:00Z","nsw":"15.21","nt":"73.47","qld":"13.86","sa":"57.79","tas":"19.96","vic":"32.88","wa":"50.66"},{"ts":"2014-03-27T01:50:00Z","nsw":"12.16","nt":"66.93","qld":"13.46","sa":"59.36","tas":"17.45","vic":"33.09","wa":"51.05"},{"ts":"2014-03-27T01:55:00Z","nsw":"14.38","nt":"79.85","qld":"12.92","sa":"58.14","tas":"21.38","vic":"32.83","wa":"51.77"},{"ts":"2014-03-27T02:00:00Z","nsw":"17.02","nt":"70.61","qld":"14.67","sa":"60.81","tas":"20.50","vic":"33.29","wa":"55.63"},{"ts":"2014-03-27T02:05:00Z","nsw":"17.58","nt":"78.92","qld":"13.37","sa":"58.37","tas":"20.34","vic":"33.32","wa":"53.34"},{"ts":"2014-03-27T02:10:00Z","nsw":"16.22","nt":"72.80","qld":"12.49","sa":"59.05","tas":"15.13","vic":"32.51","wa":"56.86"},{"ts":"2014-03-27T02:15:00Z","nsw":"18.40","nt":"75.92","qld":"14.06","sa":"58.97","tas":"16.46","vic":"32.70","wa":"55.96"},{"ts":"2014-03-27T02:20:00Z","nsw":"16.79","nt":"74.79","qld":"12.75","sa":"59.72","tas":"16.41","vic":"35.70","wa":"57.33"},{"ts":"2014-03-27T02:25:00Z","nsw":"18.11","nt":"78.02","qld":"12.14","sa":"60.70","tas":"17.30","vic":"36.01","wa":"57.63"},{"ts":"2014-03-27T02:30:00Z","nsw":"16.47","nt":"74.12","qld":"13.24","sa":"62.63","tas":"16.09","vic":"33.73","wa":"61.37"},{"ts":"2014-03-27T02:35:00Z","nsw":"18.94","nt":"78.80","qld":"11.90","sa":"62.58","tas":"16.60","vic":"36.02","wa":"60.84"},{"ts":"2014-03-27T02:40:00Z","nsw":"20.38","nt":"76.33","qld":"14.77","sa":"63.52","tas":"14.87","vic":"38.24","wa":"59.50"},{"ts":"2014-03-27T02:45:00Z","nsw":"19.29","nt":"77.56","qld":"12.34","sa":"63.54","tas":"16.48","vic":"37.60","wa":"61.46"},{"ts":"2014-03-27T02:50:00Z","nsw":"19.01","nt":"77.17","qld":"12.05","sa":"62.91","tas":"14.48","vic":"33.94","wa":"60.28"},{"ts":"2014-03-27T02:55:00Z","nsw":"21.22","nt":"82.80","qld":"11.91","sa":"62.11","tas":"12.26","vic":"37.31","wa":"62.92"},{"ts":"2014-03-27T03:00:00Z","nsw":"18.86","nt":"77.21","qld":"12.44","sa":"63.69","tas":"12.58","vic":"43.61","wa":"61.75"},{"ts":"2014-03-27T03:05:00Z","nsw":"18.38","nt":"79.60","qld":"12.86","sa":"61.51","tas":"13.45","vic":"42.95","wa":"62.50"},{"ts":"2014-03-27T03:10:00Z","nsw":"19.56","nt":"78.79","qld":"11.98","sa":"63.55","tas":"11.18","vic":"41.15","wa":"64.54"},{"ts":"2014-03-27T03:15:00Z","nsw":"19.27","nt":"79.87","qld":"11.21","sa":"62.55","tas":"16.55","vic":"45.13","wa":"66.13"},{"ts":"2014-03-27T03:20:00Z","nsw":"20.24","nt":"84.70","qld":"12.85","sa":"60.79","tas":"12.92","vic":"44.05","wa":"65.66"},{"ts":"2014-03-27T03:25:00Z","nsw":"17.34","nt":"80.03","qld":"12.69","sa":"59.50","tas":"11.99","vic":"44.59","wa":"66.48"},{"ts":"2014-03-27T03:30:00Z","nsw":"20.07","nt":"76.44","qld":"11.89","sa":"63.24","tas":"10.75","vic":"41.62","wa":"67.73"},{"ts":"2014-03-27T03:35:00Z","nsw":"14.20","nt":"81.33","qld":"12.97","sa":"61.78","tas":"10.10","vic":"37.15","wa":"65.46"},{"ts":"2014-03-27T03:40:00Z","nsw":"16.30","nt":"78.74","qld":"11.64","sa":"60.86","tas":"9.28","vic":"40.68","wa":"68.50"},{"ts":"2014-03-27T03:45:00Z","nsw":"13.94","nt":"76.80","qld":"13.29","sa":"61.83","tas":"8.72","vic":"40.21","wa":"66.81"},{"ts":"2014-03-27T03:50:00Z","nsw":"14.40","nt":"78.79","qld":"12.50","sa":"62.95","tas":"11.75","vic":"36.43","wa":"70.30"},{"ts":"2014-03-27T03:55:00Z","nsw":"13.64","nt":"78.46","qld":"12.57","sa":"59.96","tas":"12.84","vic":"35.72","wa":"66.97"},{"ts":"2014-03-27T04:00:00Z","nsw":"14.71","nt":"76.79","qld":"12.20","sa":"60.59","tas":"10.95","vic":"40.93","wa":"68.24"},{"ts":"2014-03-27T04:05:00Z","nsw":"14.90","nt":"77.27","qld":"12.85","sa":"57.90","tas":"10.70","vic":"40.13","wa":"69.49"},{"ts":"2014-03-27T04:10:00Z","nsw":"15.85","nt":"83.70","qld":"12.73","sa":"59.97","tas":"13.38","vic":"36.51","wa":"69.01"},{"ts":"2014-03-27T04:15:00Z","nsw":"12.67","nt":"77.27","qld":"11.99","sa":"57.70","tas":"10.08","vic":"33.86","wa":"64.79"},{"ts":"2014-03-27T04:20:00Z","nsw":"14.17","nt":"74.76","qld":"12.12","sa":"58.66","tas":"10.14","vic":"34.78","wa":"69.81"},{"ts":"2014-03-27T04:25:00Z","nsw":"14.42","nt":"78.06","qld":"12.39","sa":"56.34","tas":"10.10","vic":"31.07","wa":"66.05"},{"ts":"2014-03-27T04:30:00Z","nsw":"15.20","nt":"50.60","qld":"12.42","sa":"57.62","tas":"10.21","vic":"29.51","wa":"68.11"},{"ts":"2014-03-27T04:35:00Z","nsw":"11.69","nt":"76.29","qld":"10.86","sa":"57.61","tas":"9.34","vic":"31.51","wa":"66.58"},{"ts":"2014-03-27T04:40:00Z","nsw":"13.32","nt":"82.20","qld":"11.71","sa":"54.95","tas":"11.38","vic":"32.73","wa":"69.53"},{"ts":"2014-03-27T04:45:00Z","nsw":"15.09","nt":"70.47","qld":"11.08","sa":"55.80","tas":"10.16","vic":"33.83","wa":"68.35"},{"ts":"2014-03-27T04:50:00Z","nsw":"14.52","nt":"75.08","qld":"11.43","sa":"55.91","tas":"8.04","vic":"27.13","wa":"67.60"},{"ts":"2014-03-27T04:55:00Z","nsw":"14.90","nt":"73.95","qld":"10.80","sa":"54.86","tas":"7.60","vic":"23.76","wa":"68.73"},{"ts":"2014-03-27T05:00:00Z","nsw":"14.09","nt":"71.26","qld":"10.53","sa":"56.33","tas":"7.86","vic":"22.64","wa":"68.67"},{"ts":"2014-03-27T05:05:00Z","nsw":"18.04","nt":"75.15","qld":"8.93","sa":"53.65","tas":"6.67","vic":"22.23","wa":"68.20"},{"ts":"2014-03-27T05:10:00Z","nsw":"15.22","nt":"66.97","qld":"8.49","sa":"53.35","tas":"6.87","vic":"22.59","wa":"65.56"},{"ts":"2014-03-27T05:15:00Z","nsw":"13.90","nt":"71.31","qld":"8.81","sa":"51.47","tas":"8.63","vic":"24.21","wa":"68.80"},{"ts":"2014-03-27T05:20:00Z","nsw":"14.95","nt":"66.00","qld":"8.71","sa":"49.88","tas":"7.32","vic":"26.55","wa":"68.97"},{"ts":"2014-03-27T05:25:00Z","nsw":"12.31","nt":"62.36","qld":"7.93","sa":"48.53","tas":"6.44","vic":"26.52","wa":"65.44"},{"ts":"2014-03-27T05:30:00Z","nsw":"13.34","nt":"59.61","qld":"7.80","sa":"48.74","tas":"4.61","vic":"24.78","wa":"66.97"},{"ts":"2014-03-27T05:35:00Z","nsw":"13.62","nt":"64.43","qld":"7.17","sa":"45.72","tas":"4.52","vic":"25.77","wa":"68.65"},{"ts":"2014-03-27T05:40:00Z","nsw":"13.18","nt":"61.08","qld":"7.51","sa":"45.24","tas":"3.98","vic":"28.28","wa":"65.13"},{"ts":"2014-03-27T05:45:00Z","nsw":"12.33","nt":"59.43","qld":"6.95","sa":"45.48","tas":"2.87","vic":"25.25","wa":"65.79"},{"ts":"2014-03-27T05:50:00Z","nsw":"11.44","nt":"64.00","qld":"6.92","sa":"43.04","tas":"2.94","vic":"21.96","wa":"65.19"},{"ts":"2014-03-27T05:55:00Z","nsw":"10.41","nt":"55.00","qld":"6.58","sa":"42.44","tas":"3.16","vic":"22.09","wa":"61.89"},{"ts":"2014-03-27T06:00:00Z","nsw":"8.47","nt":"63.31","qld":"6.20","sa":"41.47","tas":"3.41","vic":"23.10","wa":"63.63"},{"ts":"2014-03-27T06:05:00Z","nsw":"8.96","nt":"58.10","qld":"5.21","sa":"40.78","tas":"3.41","vic":"21.63","wa":"61.47"},{"ts":"2014-03-27T06:10:00Z","nsw":"8.30","nt":"63.89","qld":"4.85","sa":"38.42","tas":"2.51","vic":"19.38","wa":"63.52"},{"ts":"2014-03-27T06:15:00Z","nsw":"7.29","nt":"57.71","qld":"4.36","sa":"38.17","tas":"2.08","vic":"17.82","wa":"62.70"},{"ts":"2014-03-27T06:20:00Z","nsw":"6.95","nt":"61.57","qld":"4.36","sa":"37.56","tas":"2.38","vic":"19.07","wa":"61.60"},{"ts":"2014-03-27T06:25:00Z","nsw":"5.26","nt":"52.03","qld":"3.68","sa":"34.72","tas":"2.75","vic":"17.08","wa":"61.30"},{"ts":"2014-03-27T06:30:00Z","nsw":"6.27","nt":"58.43","qld":"3.17","sa":"35.10","tas":"1.79","vic":"16.48","wa":"60.16"},{"ts":"2014-03-27T06:35:00Z","nsw":"6.36","nt":"54.54","qld":"3.81","sa":"33.39","tas":"1.50","vic":"14.69","wa":"60.27"},{"ts":"2014-03-27T06:40:00Z","nsw":"5.55","nt":"56.70","qld":"3.00","sa":"31.19","tas":"1.48","vic":"13.04","wa":"60.58"},{"ts":"2014-03-27T06:45:00Z","nsw":"4.84","nt":"51.02","qld":"2.66","sa":"30.72","tas":"1.14","vic":"13.12","wa":"58.08"},{"ts":"2014-03-27T06:50:00Z","nsw":"4.64","nt":"53.63","qld":"2.17","sa":"28.74","tas":"1.01","vic":"11.78","wa":"57.02"},{"ts":"2014-03-27T06:55:00Z","nsw":"4.62","nt":"49.89","qld":"1.90","sa":"27.09","tas":"1.04","vic":"10.56","wa":"57.39"},{"ts":"2014-03-27T07:00:00Z","nsw":"3.63","nt":"48.66","qld":"1.73","sa":"24.49","tas":"1.34","vic":"9.21","wa":"55.55"},{"ts":"2014-03-27T07:05:00Z","nsw":"3.89","nt":"47.07","qld":"1.60","sa":"23.55","tas":"1.39","vic":"9.70","wa":"52.45"},{"ts":"2014-03-27T07:10:00Z","nsw":"3.02","qld":"1.32","sa":"22.08","tas":"1.06","vic":"6.97","wa":"53.75"},{"ts":"2014-03-27T07:15:00Z","nsw":"2.90","nt":"42.33","qld":"1.07","sa":"20.67","tas":"0.84","vic":"6.68","wa":"52.12"},{"ts":"2014-03-27T07:20:00Z","nsw":"2.69","nt":"44.30","qld":"1.00","sa":"19.57","tas":"0.71","vic":"6.29","wa":"49.99"},{"ts":"2014-03-27T07:25:00Z","nsw":"2.31","nt":"31.60","qld":"0.86","sa":"18.05","tas":"0.70","vic":"6.06","wa":"49.05"},{"ts":"2014-03-27T07:30:00Z","nsw":"1.84","nt":"38.84","qld":"0.85","sa":"17.38","tas":"0.54","vic":"4.98","wa":"48.00"},{"ts":"2014-03-27T07:35:00Z","nsw":"2.13","nt":"36.52","qld":"0.63","sa":"15.55","tas":"0.41","vic":"4.15","wa":"45.32"},{"ts":"2014-03-27T07:40:00Z","nsw":"1.79","nt":"29.85","qld":"0.66","sa":"14.36","tas":"0.33","vic":"3.54","wa":"46.52"},{"ts":"2014-03-27T07:45:00Z","nsw":"1.75","nt":"30.89","qld":"0.43","sa":"12.34","tas":"0.28","vic":"2.71","wa":"45.00"},{"ts":"2014-03-27T07:50:00Z","nsw":"1.62","nt":"6.90","qld":"0.49","sa":"11.19","tas":"0.15","vic":"2.32","wa":"41.98"},{"ts":"2014-03-27T07:55:00Z","nsw":"1.33","nt":"34.41","qld":"0.40","sa":"10.08","tas":"0.08","vic":"1.75","wa":"39.95"},{"ts":"2014-03-27T08:00:00Z","nsw":"1.38","nt":"27.11","qld":"0.59","sa":"9.02","tas":"0.09","vic":"1.14","wa":"40.02"},{"ts":"2014-03-27T08:05:00Z","nsw":"1.33","nt":"22.93","qld":"0.46","sa":"7.33","tas":"0.17","vic":"1.01","wa":"38.43"},{"ts":"2014-03-27T08:10:00Z","nsw":"0.95","nt":"20.28","qld":"0.30","sa":"6.47","tas":"0.12","vic":"0.63","wa":"35.52"},{"ts":"2014-03-27T08:15:00Z","nsw":"0.86","nt":"18.23","qld":"0.28","sa":"5.24","tas":"0.08","vic":"0.54","wa":"34.64"},{"ts":"2014-03-27T08:20:00Z","nsw":"0.72","nt":"12.63","qld":"0.23","sa":"4.22","tas":"0.11","vic":"0.41","wa":"31.96"},{"ts":"2014-03-27T08:25:00Z","nsw":"0.80","nt":"13.63","qld":"0.20","sa":"2.97","tas":"0.14","vic":"0.52","wa":"32.14"},{"ts":"2014-03-27T08:30:00Z","nsw":"0.53","nt":"7.18","qld":"0.16","sa":"1.98","tas":"0.15","vic":"0.33","wa":"29.95"},{"ts":"2014-03-27T08:35:00Z","nsw":"0.68","nt":"8.18","qld":"0.19","sa":"1.76","tas":"0.29","vic":"0.49","wa":"28.05"},{"ts":"2014-03-27T08:40:00Z","nsw":"0.61","nt":"2.27","qld":"0.17","sa":"1.12","tas":"0.36","vic":"0.35","wa":"26.09"},{"ts":"2014-03-27T08:45:00Z","nsw":"0.81","nt":"6.03","qld":"0.11","sa":"0.54","tas":"0.28","vic":"0.34","wa":"24.85"},{"ts":"2014-03-27T08:50:00Z","nsw":"0.61","nt":"2.98","qld":"0.16","sa":"0.76","tas":"0.26","vic":"0.30","wa":"22.02"},{"ts":"2014-03-27T08:55:00Z","nsw":"0.96","nt":"3.55","qld":"0.12","sa":"0.41","tas":"0.29","vic":"0.10","wa":"21.25"},{"ts":"2014-03-27T09:00:00Z","nsw":"0.56","nt":"1.98","qld":"0.15","sa":"0.52","tas":"0.28","vic":"0.06","wa":"18.90"},{"ts":"2014-03-27T09:05:00Z","nsw":"0.69","nt":"1.43","qld":"0.11","sa":"0.39","tas":"0.26","vic":"0.09","wa":"16.87"},{"ts":"2014-03-27T09:10:00Z","nsw":"0.59","nt":"1.26","qld":"0.20","sa":"0.52","tas":"0.26","vic":"0.07","wa":"14.40"},{"ts":"2014-03-27T09:15:00Z","nsw":"0.95","nt":"0.72","qld":"0.14","sa":"0.46","tas":"0.28","vic":"0.62","wa":"13.15"},{"ts":"2014-03-27T09:20:00Z","nsw":"0.61","nt":"0.79","qld":"0.12","sa":"0.51","tas":"0.37","vic":"0.07","wa":"11.53"},{"ts":"2014-03-27T09:25:00Z","nsw":"0.78","nt":"0.37","qld":"0.17","sa":"0.50","tas":"0.26","vic":"0.08","wa":"10.46"},{"ts":"2014-03-27T09:30:00Z","nsw":"0.66","nt":"0.21","qld":"0.14","sa":"0.50","tas":"0.26","vic":"0.89","wa":"8.96"},{"ts":"2014-03-27T09:35:00Z","nsw":"0.79","nt":"0.30","qld":"0.14","sa":"0.50","tas":"0.26","vic":"0.50","wa":"7.53"},{"ts":"2014-03-27T09:40:00Z","nsw":"0.65","nt":"0.24","qld":"0.17","sa":"0.38","tas":"0.26","vic":"0.06","wa":"6.40"},{"ts":"2014-03-27T09:45:00Z","nsw":"0.60","nt":"0.34","qld":"0.13","sa":"0.52","tas":"0.26","vic":"0.22","wa":"5.15"},{"ts":"2014-03-27T09:50:00Z","nsw":"1.36","nt":"0.34","qld":"0.18","sa":"0.52","tas":"0.26","vic":"0.21","wa":"4.15"},{"ts":"2014-03-27T09:55:00Z","nsw":"0.58","nt":"0.24","qld":"0.13","sa":"0.36","tas":"0.26","vic":"0.08","wa":"3.11"},{"ts":"2014-03-27T10:00:00Z","nsw":"0.69","nt":"0.34","qld":"0.17","sa":"0.55","tas":"0.26","vic":"0.05","wa":"2.41"},{"ts":"2014-03-27T10:05:00Z","nsw":"0.49","nt":"0.24","qld":"0.13","sa":"0.49","tas":"0.28","vic":"0.17","wa":"1.77"},{"ts":"2014-03-27T10:10:00Z","nsw":"0.71","nt":"0.41","qld":"0.14","sa":"0.34","tas":"0.28","vic":"0.07","wa":"1.10"},{"ts":"2014-03-27T10:15:00Z","nsw":"0.54","nt":"0.30","qld":"0.20","sa":"0.52","tas":"0.32","vic":"0.07","wa":"0.88"},{"ts":"2014-03-27T10:20:00Z","nsw":"0.80","nt":"0.41","qld":"0.15","sa":"0.50","tas":"0.28","vic":"0.12","wa":"0.68"},{"ts":"2014-03-27T10:25:00Z","nsw":"0.64","nt":"0.30","qld":"0.17","sa":"0.49","tas":"0.32","vic":"0.05","wa":"0.68"},{"ts":"2014-03-27T10:30:00Z","nsw":"0.71","nt":"0.40","qld":"0.15","sa":"0.39","tas":"0.28","vic":"0.07","wa":"0.87"},{"ts":"2014-03-27T10:35:00Z","nsw":"0.82","nt":"0.41","qld":"0.12","sa":"0.32","tas":"0.32","vic":"0.28","wa":"1.02"},{"ts":"2014-03-27T10:40:00Z","nsw":"0.92","qld":"0.18","sa":"0.23","tas":"0.26","vic":"0.16","wa":"1.13"},{"ts":"2014-03-27T10:45:00Z","nsw":"1.63","nt":"0.41","qld":"0.16","sa":"0.34","tas":"0.26","vic":"0.07","wa":"1.22"},{"ts":"2014-03-27T10:50:00Z","nsw":"0.57","nt":"0.30","qld":"0.12","sa":"0.31","tas":"0.32","vic":"0.07","wa":"1.31"},{"ts":"2014-03-27T10:55:00Z","nsw":"0.86","nt":"0.41","qld":"0.17","sa":"0.31","tas":"0.28","vic":"0.06","wa":"1.28"},{"ts":"2014-03-27T11:00:00Z","nsw":"0.47","nt":"0.30","qld":"0.16","sa":"0.34","tas":"0.26","vic":"0.06","wa":"1.11"},{"ts":"2014-03-27T11:05:00Z","nsw":"1.04","nt":"0.41","qld":"0.17","sa":"0.31","tas":"0.26","vic":"0.28","wa":"1.42"},{"ts":"2014-03-27T11:10:00Z","nsw":"0.48","qld":"0.21","sa":"0.35","tas":"0.26","vic":"0.18","wa":"1.43"},{"ts":"2014-03-27T11:15:00Z","nsw":"1.06","nt":"0.41","qld":"0.15","sa":"0.20","tas":"0.26","vic":"0.29","wa":"1.41"},{"ts":"2014-03-27T11:20:00Z","nsw":"0.52","qld":"0.17","sa":"0.33","tas":"0.26","vic":"0.34","wa":"1.26"},{"ts":"2014-03-27T11:25:00Z","nsw":"1.49","nt":"0.41","qld":"0.14","sa":"0.35","tas":"0.29","vic":"0.10","wa":"1.59"},{"ts":"2014-03-27T11:30:00Z","nsw":"0.46","nt":"0.38","qld":"0.17","sa":"0.31","tas":"0.34","vic":"0.05","wa":"1.25"},{"ts":"2014-03-27T11:35:00Z","nsw":"0.86","nt":"0.47","qld":"0.09","sa":"0.33","tas":"0.26","vic":"0.09","wa":"1.99"},{"ts":"2014-03-27T11:40:00Z","nsw":"0.77","nt":"0.41","qld":"0.17","sa":"0.20","tas":"0.26","vic":"0.05","wa":"1.38"},{"ts":"2014-03-27T11:45:00Z","nsw":"0.51","qld":"0.15","sa":"0.33","tas":"0.26","vic":"0.05","wa":"1.66"},{"ts":"2014-03-27T11:50:00Z","nsw":"0.72","nt":"0.41","qld":"0.15","sa":"0.34","tas":"0.26","vic":"0.06","wa":"1.32"},{"ts":"2014-03-27T11:55:00Z","nsw":"0.50","qld":"0.18","sa":"0.32","tas":"0.26","vic":"0.22","wa":"1.71"}],"contribution":[{"ts":"2014-03-26T17:00:00Z","nsw":"0.03","qld":"0.02","sa":"0.07","tas":"0.00","vic":"0.01","wa":"0.03"},{"ts":"2014-03-26T17:05:00Z","nsw":"0.04","qld":"0.03","sa":"0.07","tas":"0.00","vic":"0.02"},{"ts":"2014-03-26T17:10:00Z","nsw":"0.05","qld":"0.02","sa":"0.04","tas":"0.00","vic":"0.01","wa":"0.01"},{"ts":"2014-03-26T17:15:00Z","nsw":"0.05","qld":"0.02","sa":"0.07","tas":"0.00","vic":"0.03"},{"ts":"2014-03-26T17:20:00Z","nsw":"0.05","qld":"0.02","sa":"0.06","tas":"0.00","vic":"0.01","wa":"0.03"},{"ts":"2014-03-26T17:25:00Z","nsw":"0.04","qld":"0.02","sa":"0.07","tas":"0.00","vic":"0.00"},{"ts":"2014-03-26T17:30:00Z","nsw":"0.06","qld":"0.02","sa":"0.06","tas":"0.00","vic":"0.01","wa":"0.03"},{"ts":"2014-03-26T17:35:00Z","nsw":"0.05","qld":"0.02","sa":"0.06","tas":"0.00","vic":"0.01"},{"ts":"2014-03-26T17:40:00Z","nsw":"0.05","qld":"0.03","sa":"0.06","tas":"0.01","vic":"0.01","wa":"0.04"},{"ts":"2014-03-26T17:45:00Z","nsw":"0.05","qld":"0.03","sa":"0.07","tas":"0.00","vic":"0.01"},{"ts":"2014-03-26T17:50:00Z","nsw":"0.04","qld":"0.02","sa":"0.06","tas":"0.00","vic":"0.01","wa":"0.03"},{"ts":"2014-03-26T17:55:00Z","nsw":"0.18","qld":"0.03","sa":"0.06","tas":"0.00","vic":"0.01"},{"ts":"2014-03-26T18:00:00Z","nsw":"0.04","qld":"0.02","sa":"0.07","tas":"0.00","vic":"0.01","wa":"0.04"},{"ts":"2014-03-26T18:05:00Z","nsw":"0.18","qld":"0.02","sa":"0.06","tas":"0.00","vic":"0.01"},{"ts":"2014-03-26T18:10:00Z","nsw":"0.04","qld":"0.02","sa":"0.08","tas":"0.00","vic":"0.01","wa":"0.04"},{"ts":"2014-03-26T18:15:00Z","nsw":"0.17","qld":"0.02","sa":"0.05","tas":"0.00","vic":"0.01"},{"ts":"2014-03-26T18:20:00Z","nsw":"0.04","qld":"0.02","sa":"0.07","tas":"0.00","vic":"0.01","wa":"0.04"},{"ts":"2014-03-26T18:25:00Z","nsw":"0.16","qld":"0.02","sa":"0.10","tas":"0.00","vic":"0.01"},{"ts":"2014-03-26T18:30:00Z","nsw":"0.04","qld":"0.02","sa":"0.06","tas":"0.00","vic":"0.01","wa":"0.03"},{"ts":"2014-03-26T18:35:00Z","nsw":"0.16","qld":"0.03","sa":"0.06","tas":"0.00","vic":"0.01"},{"ts":"2014-03-26T18:40:00Z","nsw":"0.05","qld":"0.02","sa":"0.07","tas":"0.00","vic":"0.00","wa":"0.03"},{"ts":"2014-03-26T18:45:00Z","nsw":"0.04","qld":"0.02","sa":"0.06","tas":"0.00","vic":"0.01"},{"ts":"2014-03-26T18:50:00Z","nsw":"0.04","qld":"0.02","sa":"0.06","tas":"0.00","vic":"0.01"},{"ts":"2014-03-26T18:55:00Z","nsw":"0.04","qld":"0.02","sa":"0.07","tas":"0.00","vic":"0.01"},{"ts":"2014-03-26T19:00:00Z","nsw":"0.04","qld":"0.02","sa":"0.06","tas":"0.00","vic":"0.01"},{"ts":"2014-03-26T19:05:00Z","nsw":"0.04","qld":"0.02","sa":"0.06","tas":"0.00","vic":"0.01"},{"ts":"2014-03-26T19:10:00Z","nsw":"0.04","qld":"0.02","sa":"0.04","tas":"0.00","vic":"0.01"},{"ts":"2014-03-26T19:15:00Z","nsw":"0.04","qld":"0.02","sa":"0.06","tas":"0.00","vic":"0.01"},{"ts":"2014-03-26T19:20:00Z","nsw":"0.06","qld":"0.03","sa":"0.05","tas":"0.00","vic":"0.02"},{"ts":"2014-03-26T19:25:00Z","nsw":"0.06","qld":"0.02","sa":"0.06","tas":"0.00","vic":"0.01"},{"ts":"2014-03-26T19:30:00Z","nsw":"0.04","qld":"0.02","sa":"0.06","tas":"0.00","vic":"0.01"},{"ts":"2014-03-26T19:35:00Z","nsw":"0.10","qld":"0.03","sa":"0.06","tas":"0.00","vic":"0.01"},{"ts":"2014-03-26T19:40:00Z","nsw":"0.04","qld":"0.02","sa":"0.04","tas":"0.00","vic":"0.01"},{"ts":"2014-03-26T19:45:00Z","nsw":"0.05","qld":"0.02","sa":"0.05","tas":"0.00","vic":"0.00"},{"ts":"2014-03-26T19:50:00Z","nsw":"0.03","qld":"0.02","sa":"0.05","tas":"0.00","vic":"0.02"},{"ts":"2014-03-26T19:55:00Z","nsw":"0.04","qld":"0.02","sa":"0.05","tas":"0.00","vic":"0.01"},{"ts":"2014-03-26T20:00:00Z","nsw":"0.03","qld":"0.02","sa":"0.05","tas":"0.00","vic":"0.01"},{"ts":"2014-03-26T20:05:00Z","nsw":"0.05","qld":"0.02","sa":"0.05","tas":"0.00","vic":"0.01"},{"ts":"2014-03-26T20:10:00Z","nsw":"0.04","qld":"0.02","sa":"0.05","tas":"0.00","vic":"0.01"},{"ts":"2014-03-26T20:15:00Z","nsw":"0.04","qld":"0.02","sa":"0.03","tas":"0.00","vic":"0.01"},{"ts":"2014-03-26T20:20:00Z","nsw":"0.07","qld":"0.03","sa":"0.04","tas":"0.00","vic":"0.00"},{"ts":"2014-03-26T20:25:00Z","nsw":"0.04","qld":"0.06","sa":"0.05","tas":"0.00","vic":"0.01"},{"ts":"2014-03-26T20:30:00Z","nsw":"0.05","qld":"0.09","sa":"0.04","tas":"0.00","vic":"0.00"},{"ts":"2014-03-26T20:35:00Z","nsw":"0.04","qld":"0.12","sa":"0.04","tas":"0.01","vic":"0.04"},{"ts":"2014-03-26T20:40:00Z","nsw":"0.04","qld":"0.16","sa":"0.02","tas":"0.01","vic":"0.02"},{"ts":"2014-03-26T20:45:00Z","nsw":"0.04","qld":"0.19","sa":"0.04","tas":"0.01","vic":"0.02"},{"ts":"2014-03-26T20:50:00Z","nsw":"0.05","qld":"0.23","sa":"0.03","tas":"0.03","vic":"0.03"},{"ts":"2014-03-26T20:55:00Z","nsw":"0.06","qld":"0.26","sa":"0.04","tas":"0.02","vic":"0.05"},{"ts":"2014-03-26T21:00:00Z","nsw":"0.08","qld":"0.30","sa":"0.03","tas":"0.05","vic":"0.07"},{"ts":"2014-03-26T21:05:00Z","nsw":"0.11","qld":"0.34","sa":"0.10","tas":"0.04","vic":"0.11"},{"ts":"2014-03-26T21:10:00Z","nsw":"0.11","qld":"0.38","sa":"0.22","tas":"0.05","vic":"0.13"},{"ts":"2014-03-26T21:15:00Z","nsw":"0.14","qld":"0.42","sa":"0.30","tas":"0.06","vic":"0.16"},{"ts":"2014-03-26T21:20:00Z","nsw":"0.14","qld":"0.44","sa":"0.43","tas":"0.06","vic":"0.17"},{"ts":"2014-03-26T21:25:00Z","nsw":"0.16","qld":"0.50","sa":"0.57","tas":"0.06","vic":"0.19"},{"ts":"2014-03-26T21:30:00Z","nsw":"0.15","qld":"0.53","sa":"0.79","tas":"0.07","vic":"0.20"},{"ts":"2014-03-26T21:35:00Z","nsw":"0.18","qld":"0.55","sa":"1.05","tas":"0.07","vic":"0.22"},{"ts":"2014-03-26T21:40:00Z","nsw":"0.20","qld":"0.63","sa":"1.28","tas":"0.09","vic":"0.24"},{"ts":"2014-03-26T21:45:00Z","nsw":"0.18","qld":"0.72","sa":"1.46","tas":"0.08","vic":"0.25"},{"ts":"2014-03-26T21:50:00Z","nsw":"0.20","qld":"0.70","sa":"1.85","tas":"0.09","vic":"0.26"},{"ts":"2014-03-26T21:55:00Z","nsw":"0.21","qld":"0.75","sa":"2.17","tas":"0.09","vic":"0.33"},{"ts":"2014-03-26T22:00:00Z","nsw":"0.25","qld":"0.87","sa":"2.55","tas":"0.10","vic":"0.31"},{"ts":"2014-03-26T22:05:00Z","nsw":"0.26","qld":"0.92","sa":"2.79","tas":"0.11","vic":"0.34"},{"ts":"2014-03-26T22:10:00Z","nsw":"0.26","qld":"1.03","sa":"3.17","tas":"0.12","vic":"0.34"},{"ts":"2014-03-26T22:15:00Z","nsw":"0.28","qld":"1.13","sa":"3.16","tas":"0.14","vic":"0.37"},{"ts":"2014-03-26T22:20:00Z","nsw":"0.31","qld":"1.25","sa":"3.66","tas":"0.18","vic":"0.40"},{"ts":"2014-03-26T22:25:00Z","nsw":"0.36","qld":"1.39","sa":"3.69","tas":"0.17","vic":"0.42"},{"ts":"2014-03-26T22:30:00Z","nsw":"0.35","qld":"1.55","sa":"4.33","tas":"0.21","vic":"0.46"},{"ts":"2014-03-26T22:35:00Z","nsw":"0.42","qld":"1.63","sa":"4.50","tas":"0.22","vic":"0.47"},{"ts":"2014-03-26T22:40:00Z","nsw":"0.45","qld":"1.68","sa":"4.99","tas":"0.26","vic":"0.51"},{"ts":"2014-03-26T22:45:00Z","nsw":"0.45","qld":"1.71","sa":"5.39","tas":"0.26","vic":"0.55"},{"ts":"2014-03-26T22:50:00Z","nsw":"0.51","qld":"1.69","sa":"5.42","tas":"0.29","vic":"0.56"},{"ts":"2014-03-26T22:55:00Z","nsw":"0.47","qld":"1.78","sa":"6.11","tas":"0.28","vic":"0.59"},{"ts":"2014-03-26T23:00:00Z","nsw":"0.52","qld":"1.77","sa":"5.97","tas":"0.34","vic":"0.65"},{"ts":"2014-03-26T23:05:00Z","nsw":"0.56","qld":"1.85","sa":"5.63","tas":"0.38","vic":"0.67"},{"ts":"2014-03-26T23:10:00Z","nsw":"0.53","qld":"1.82","sa":"5.99","tas":"0.38","vic":"0.67"},{"ts":"2014-03-26T23:15:00Z","nsw":"0.61","qld":"1.83","sa":"6.12","tas":"0.37","vic":"0.71"},{"ts":"2014-03-26T23:20:00Z","nsw":"0.63","qld":"1.85","sa":"6.65","tas":"0.38","vic":"0.78"},{"ts":"2014-03-26T23:25:00Z","nsw":"0.63","qld":"1.92","sa":"6.64","tas":"0.35","vic":"0.83"},{"ts":"2014-03-26T23:30:00Z","nsw":"0.59","qld":"2.00","sa":"7.38","tas":"0.37","vic":"0.81"},{"ts":"2014-03-26T23:35:00Z","nsw":"0.68","qld":"1.89","sa":"7.39","tas":"0.39","vic":"0.94"},{"ts":"2014-03-26T23:40:00Z","nsw":"0.75","qld":"1.90","sa":"7.52","tas":"0.46","vic":"1.02"},{"ts":"2014-03-26T23:45:00Z","nsw":"0.68","qld":"1.99","sa":"8.03","tas":"0.51","vic":"1.14"},{"ts":"2014-03-26T23:50:00Z","nsw":"0.79","qld":"1.94","sa":"8.03","tas":"0.50","vic":"1.24"},{"ts":"2014-03-26T23:55:00Z","nsw":"0.86","qld":"1.91","sa":"8.31","tas":"0.47","vic":"1.39"},{"ts":"2014-03-27T00:00:00Z","nsw":"0.81","qld":"2.04","sa":"8.45","tas":"0.49","vic":"1.63"},{"ts":"2014-03-27T00:05:00Z","nsw":"0.78","qld":"1.78","sa":"8.56","tas":"0.48","vic":"1.73"},{"ts":"2014-03-27T00:10:00Z","nsw":"0.71","qld":"1.91","sa":"8.66","tas":"0.50","vic":"1.81"},{"ts":"2014-03-27T00:15:00Z","nsw":"0.86","qld":"1.71","sa":"9.37","tas":"0.55","vic":"1.91"},{"ts":"2014-03-27T00:20:00Z","nsw":"0.88","qld":"1.72","sa":"9.04","tas":"0.61","vic":"2.18"},{"ts":"2014-03-27T00:25:00Z","nsw":"1.02","qld":"1.67","sa":"9.36","tas":"0.55","vic":"2.24"},{"ts":"2014-03-27T00:30:00Z","nsw":"0.92","qld":"1.89","sa":"8.93","tas":"0.55","vic":"2.28"},{"ts":"2014-03-27T00:35:00Z","nsw":"1.09","qld":"1.62","sa":"9.83","tas":"0.58","vic":"2.41"},{"ts":"2014-03-27T00:40:00Z","nsw":"0.95","qld":"1.67","sa":"9.31","tas":"0.61","vic":"2.66"},{"ts":"2014-03-27T00:45:00Z","nsw":"0.91","qld":"1.80","sa":"9.73","tas":"0.62","vic":"2.53"},{"ts":"2014-03-27T00:55:00Z","nsw":"0.79","qld":"1.95","sa":"11.48","tas":"0.51","vic":"2.48"},{"ts":"2014-03-27T01:00:00Z","nsw":"1.06","qld":"1.88","sa":"12.00","tas":"0.58","vic":"2.67"},{"ts":"2014-03-27T01:05:00Z","nsw":"1.12","qld":"1.89","sa":"12.09","tas":"0.66","vic":"2.59"},{"ts":"2014-03-27T01:10:00Z","nsw":"1.00","qld":"2.04","sa":"13.18","tas":"0.55","vic":"2.47"},{"ts":"2014-03-27T01:15:00Z","nsw":"1.08","qld":"2.05","sa":"14.01","tas":"0.52","vic":"2.56"},{"ts":"2014-03-27T01:20:00Z","nsw":"1.17","qld":"1.85","sa":"14.10","tas":"0.61","vic":"2.76"},{"ts":"2014-03-27T01:25:00Z","nsw":"1.18","qld":"1.82","sa":"14.60","tas":"0.56","vic":"2.77"},{"ts":"2014-03-27T01:30:00Z","nsw":"1.06","qld":"1.82","sa":"15.26","tas":"0.63","vic":"2.70"},{"ts":"2014-03-27T01:35:00Z","nsw":"1.09","qld":"1.85","sa":"15.61","tas":"0.74","vic":"2.52"},{"ts":"2014-03-27T01:40:00Z","nsw":"1.08","qld":"1.90","sa":"15.62","tas":"0.93","vic":"2.74"},{"ts":"2014-03-27T01:45:00Z","nsw":"1.09","qld":"2.04","sa":"15.18","tas":"0.93","vic":"2.68"},{"ts":"2014-03-27T01:50:00Z","nsw":"0.87","qld":"1.99","sa":"15.48","tas":"0.82","vic":"2.69","wa":"7.03"},{"ts":"2014-03-27T01:55:00Z","nsw":"1.03","qld":"1.92","sa":"15.31","tas":"1.00","vic":"2.67"},{"ts":"2014-03-27T02:00:00Z","nsw":"1.21","qld":"2.17","sa":"16.01","tas":"0.96","vic":"2.72"},{"ts":"2014-03-27T02:05:00Z","nsw":"1.25","qld":"1.97","sa":"15.40","tas":"0.95","vic":"2.71"},{"ts":"2014-03-27T02:10:00Z","nsw":"1.16","qld":"1.86","sa":"15.36","tas":"0.70","vic":"2.64","wa":"7.84"},{"ts":"2014-03-27T02:15:00Z","nsw":"1.32","qld":"2.05","sa":"15.41","tas":"0.76","vic":"2.65"},{"ts":"2014-03-27T02:20:00Z","nsw":"1.20","qld":"1.88","sa":"15.46","tas":"0.76","vic":"2.89","wa":"7.90"},{"ts":"2014-03-27T02:25:00Z","nsw":"1.29","qld":"1.79","sa":"15.75","tas":"0.80","vic":"2.92"},{"ts":"2014-03-27T02:30:00Z","nsw":"1.18","qld":"1.96","sa":"16.45","tas":"0.75","vic":"2.73","wa":"8.33"},{"ts":"2014-03-27T02:35:00Z","nsw":"1.36","qld":"1.78","sa":"16.34","tas":"0.77","vic":"2.93"},{"ts":"2014-03-27T02:40:00Z","nsw":"1.47","qld":"2.18","sa":"16.46","tas":"0.68","vic":"3.10"},{"ts":"2014-03-27T02:45:00Z","nsw":"1.39","qld":"1.84","sa":"16.44","tas":"0.76","vic":"3.04"},{"ts":"2014-03-27T02:50:00Z","nsw":"1.37","qld":"1.80","sa":"16.18","tas":"0.67","vic":"2.75","wa":"8.20"},{"ts":"2014-03-27T02:55:00Z","nsw":"1.53","qld":"1.78","sa":"16.10","tas":"0.56","vic":"3.02"},{"ts":"2014-03-27T03:00:00Z","nsw":"1.37","qld":"1.85","sa":"16.32","tas":"0.58","vic":"3.50"},{"ts":"2014-03-27T03:05:00Z","nsw":"1.33","qld":"1.91","sa":"15.69","tas":"0.61","vic":"3.46"},{"ts":"2014-03-27T03:10:00Z","nsw":"1.42","qld":"1.79","sa":"16.15","tas":"0.51","vic":"3.32","wa":"8.61"},{"ts":"2014-03-27T03:15:00Z","nsw":"1.39","qld":"1.68","sa":"15.86","tas":"0.75","vic":"3.62"},{"ts":"2014-03-27T03:20:00Z","nsw":"1.46","qld":"1.91","sa":"15.45","tas":"0.59","vic":"3.54","wa":"8.72"},{"ts":"2014-03-27T03:25:00Z","nsw":"1.26","qld":"1.89","sa":"15.24","tas":"0.55","vic":"3.56"},{"ts":"2014-03-27T03:30:00Z","nsw":"1.46","qld":"1.77","sa":"15.85","tas":"0.49","vic":"3.35","wa":"8.95"},{"ts":"2014-03-27T03:35:00Z","nsw":"1.04","qld":"1.93","sa":"15.61","tas":"0.47","vic":"2.99"},{"ts":"2014-03-27T03:40:00Z","nsw":"1.20","qld":"1.74","sa":"15.35","tas":"0.43","vic":"3.27","wa":"9.02"},{"ts":"2014-03-27T03:45:00Z","nsw":"1.02","qld":"1.99","sa":"15.56","tas":"0.41","vic":"3.24"},{"ts":"2014-03-27T03:50:00Z","nsw":"1.06","qld":"1.85","sa":"15.81","tas":"0.56","vic":"2.92","wa":"9.24"},{"ts":"2014-03-27T03:55:00Z","nsw":"1.00","qld":"1.89","sa":"15.06","tas":"0.60","vic":"2.87"},{"ts":"2014-03-27T04:00:00Z","nsw":"1.08","qld":"1.82","sa":"15.26","tas":"0.51","vic":"3.28"},{"ts":"2014-03-27T04:05:00Z","nsw":"1.09","qld":"1.92","sa":"14.75","tas":"0.50","vic":"3.22"},{"ts":"2014-03-27T04:10:00Z","nsw":"1.16","qld":"1.90","sa":"15.09","tas":"0.63","vic":"2.95","wa":"9.05"},{"ts":"2014-03-27T04:15:00Z","nsw":"0.93","qld":"1.80","sa":"14.77","tas":"0.47","vic":"2.75"},{"ts":"2014-03-27T04:20:00Z","nsw":"1.04","qld":"1.81","sa":"14.92","tas":"0.47","vic":"2.81","wa":"9.13"},{"ts":"2014-03-27T04:25:00Z","nsw":"1.06","qld":"1.84","sa":"14.24","tas":"0.46","vic":"2.51"},{"ts":"2014-03-27T04:30:00Z","nsw":"1.12","qld":"1.86","sa":"14.62","tas":"0.47","vic":"2.40","wa":"8.87"},{"ts":"2014-03-27T04:35:00Z","nsw":"0.85","qld":"1.63","sa":"14.84","tas":"0.43","vic":"2.56"},{"ts":"2014-03-27T04:40:00Z","nsw":"0.98","qld":"1.74","sa":"14.23","tas":"0.52","vic":"2.67","wa":"9.03"},{"ts":"2014-03-27T04:45:00Z","nsw":"1.10","qld":"1.67","sa":"14.29","tas":"0.46","vic":"2.75"},{"ts":"2014-03-27T04:50:00Z","nsw":"1.07","qld":"1.71","sa":"14.22","tas":"0.36","vic":"2.20","wa":"8.79"},{"ts":"2014-03-27T04:55:00Z","nsw":"1.09","qld":"1.62","sa":"13.93","tas":"0.34","vic":"1.94"},{"ts":"2014-03-27T05:00:00Z","nsw":"1.03","qld":"1.58","sa":"14.26","tas":"0.35","vic":"1.85"},{"ts":"2014-03-27T05:05:00Z","nsw":"1.33","qld":"1.34","sa":"13.71","tas":"0.30","vic":"1.81"},{"ts":"2014-03-27T05:10:00Z","nsw":"1.12","qld":"1.28","sa":"13.49","tas":"0.30","vic":"1.84","wa":"8.51"},{"ts":"2014-03-27T05:15:00Z","nsw":"1.02","qld":"1.33","sa":"13.05","tas":"0.38","vic":"1.98"},{"ts":"2014-03-27T05:20:00Z","nsw":"1.09","qld":"1.31","sa":"12.62","tas":"0.32","vic":"2.17","wa":"8.91"},{"ts":"2014-03-27T05:25:00Z","nsw":"0.91","qld":"1.19","sa":"12.29","tas":"0.28","vic":"2.15"},{"ts":"2014-03-27T05:30:00Z","nsw":"0.97","qld":"1.17","sa":"12.46","tas":"0.20","vic":"2.02","wa":"8.63"},{"ts":"2014-03-27T05:35:00Z","nsw":"0.99","qld":"1.08","sa":"11.63","tas":"0.20","vic":"2.09"},{"ts":"2014-03-27T05:40:00Z","nsw":"0.96","qld":"1.13","sa":"11.51","tas":"0.17","vic":"2.30","wa":"8.40"},{"ts":"2014-03-27T05:45:00Z","nsw":"0.91","qld":"1.04","sa":"11.50","tas":"0.12","vic":"2.04"},{"ts":"2014-03-27T05:50:00Z","nsw":"0.83","qld":"1.04","sa":"10.95","tas":"0.13","vic":"1.78","wa":"8.39"},{"ts":"2014-03-27T05:55:00Z","nsw":"0.76","qld":"0.98","sa":"10.62","tas":"0.14","vic":"1.79"},{"ts":"2014-03-27T06:00:00Z","nsw":"0.62","qld":"0.93","sa":"10.39","tas":"0.14","vic":"1.87"},{"ts":"2014-03-27T06:05:00Z","nsw":"0.66","qld":"0.78","sa":"10.19","tas":"0.14","vic":"1.75"},{"ts":"2014-03-27T06:10:00Z","nsw":"0.61","qld":"0.73","sa":"9.83","tas":"0.11","vic":"1.57","wa":"8.15"},{"ts":"2014-03-27T06:15:00Z","nsw":"0.53","qld":"0.65","sa":"9.73","tas":"0.09","vic":"1.45"},{"ts":"2014-03-27T06:20:00Z","nsw":"0.51","qld":"0.65","sa":"9.57","tas":"0.10","vic":"1.54","wa":"7.92"},{"ts":"2014-03-27T06:25:00Z","nsw":"0.38","qld":"0.55","sa":"8.97","tas":"0.11","vic":"1.38"},{"ts":"2014-03-27T06:30:00Z","nsw":"0.45","qld":"0.47","sa":"9.00","tas":"0.07","vic":"1.33","wa":"7.74"},{"ts":"2014-03-27T06:35:00Z","nsw":"0.46","qld":"0.57","sa":"8.63","tas":"0.06","vic":"1.20"},{"ts":"2014-03-27T06:40:00Z","nsw":"0.40","qld":"0.44","sa":"7.95","tas":"0.06","vic":"1.06","wa":"7.81"},{"ts":"2014-03-27T06:45:00Z","nsw":"0.35","qld":"0.40","sa":"7.86","tas":"0.05","vic":"1.07"},{"ts":"2014-03-27T06:50:00Z","nsw":"0.33","qld":"0.32","sa":"7.39","tas":"0.04","vic":"0.96","wa":"7.38"},{"ts":"2014-03-27T06:55:00Z","nsw":"0.33","qld":"0.28","sa":"6.97","tas":"0.04","vic":"0.86"},{"ts":"2014-03-27T07:00:00Z","nsw":"0.26","qld":"0.26","sa":"6.32","tas":"0.05","vic":"0.76"},{"ts":"2014-03-27T07:05:00Z","nsw":"0.28","qld":"0.24","sa":"6.01","tas":"0.06","vic":"0.80"},{"ts":"2014-03-27T07:10:00Z","nsw":"0.22","qld":"0.19","sa":"5.65","tas":"0.04","vic":"0.58","wa":"6.94"},{"ts":"2014-03-27T07:15:00Z","nsw":"0.21","qld":"0.16","sa":"5.35","tas":"0.03","vic":"0.56"},{"ts":"2014-03-27T07:20:00Z","nsw":"0.20","qld":"0.15","sa":"5.12","tas":"0.03","vic":"0.53","wa":"6.48"},{"ts":"2014-03-27T07:25:00Z","nsw":"0.17","qld":"0.12","sa":"4.75","tas":"0.03","vic":"0.51"},{"ts":"2014-03-27T07:30:00Z","nsw":"0.13","qld":"0.12","sa":"4.57","tas":"0.02","vic":"0.42","wa":"6.17"},{"ts":"2014-03-27T07:35:00Z","nsw":"0.16","qld":"0.09","sa":"4.07","tas":"0.02","vic":"0.35"},{"ts":"2014-03-27T07:40:00Z","nsw":"0.13","qld":"0.10","sa":"3.77","tas":"0.01","vic":"0.30","wa":"5.99"},{"ts":"2014-03-27T07:45:00Z","nsw":"0.13","qld":"0.06","sa":"3.25","tas":"0.01","vic":"0.23"},{"ts":"2014-03-27T07:50:00Z","nsw":"0.12","qld":"0.07","sa":"3.00","tas":"0.01","vic":"0.20","wa":"5.43"},{"ts":"2014-03-27T07:55:00Z","nsw":"0.10","qld":"0.06","sa":"2.71","tas":"0.00","vic":"0.15"},{"ts":"2014-03-27T08:00:00Z","nsw":"0.10","qld":"0.09","sa":"2.41","tas":"0.00","vic":"0.10"},{"ts":"2014-03-27T08:05:00Z","nsw":"0.10","qld":"0.07","sa":"1.95","tas":"0.01","vic":"0.09"},{"ts":"2014-03-27T08:10:00Z","nsw":"0.07","qld":"0.04","sa":"1.74","tas":"0.00","vic":"0.05","wa":"4.60"},{"ts":"2014-03-27T08:15:00Z","nsw":"0.06","qld":"0.04","sa":"1.43","tas":"0.00","vic":"0.05"},{"ts":"2014-03-27T08:20:00Z","nsw":"0.05","qld":"0.03","sa":"1.16","tas":"0.00","vic":"0.04","wa":"4.15"},{"ts":"2014-03-27T08:25:00Z","nsw":"0.06","qld":"0.03","sa":"0.82","tas":"0.01","vic":"0.04"},{"ts":"2014-03-27T08:30:00Z","nsw":"0.04","qld":"0.02","sa":"0.55","tas":"0.01","vic":"0.03","wa":"3.89"},{"ts":"2014-03-27T08:35:00Z","nsw":"0.05","qld":"0.03","sa":"0.48","tas":"0.01","vic":"0.04"},{"ts":"2014-03-27T08:40:00Z","nsw":"0.04","qld":"0.02","sa":"0.31","tas":"0.01","vic":"0.03","wa":"3.41"},{"ts":"2014-03-27T08:45:00Z","nsw":"0.06","qld":"0.02","sa":"0.15","tas":"0.01","vic":"0.03"},{"ts":"2014-03-27T08:50:00Z","nsw":"0.04","qld":"0.02","sa":"0.21","tas":"0.01","vic":"0.03","wa":"2.89"},{"ts":"2014-03-27T08:55:00Z","nsw":"0.07","qld":"0.02","sa":"0.11","tas":"0.01","vic":"0.01"},{"ts":"2014-03-27T09:00:00Z","nsw":"0.04","qld":"0.02","sa":"0.14","tas":"0.01","vic":"0.00"},{"ts":"2014-03-27T09:05:00Z","nsw":"0.05","qld":"0.02","sa":"0.11","tas":"0.01","vic":"0.01"},{"ts":"2014-03-27T09:10:00Z","nsw":"0.04","qld":"0.03","sa":"0.14","tas":"0.01","vic":"0.01","wa":"1.92"},{"ts":"2014-03-27T09:15:00Z","nsw":"0.07","qld":"0.02","sa":"0.12","tas":"0.01","vic":"0.05"},{"ts":"2014-03-27T09:20:00Z","nsw":"0.05","qld":"0.02","sa":"0.14","tas":"0.02","vic":"0.01","wa":"1.54"},{"ts":"2014-03-27T09:25:00Z","nsw":"0.06","qld":"0.03","sa":"0.13","tas":"0.01","vic":"0.01"},{"ts":"2014-03-27T09:30:00Z","nsw":"0.05","qld":"0.02","sa":"0.14","tas":"0.01","vic":"0.08","wa":"1.19"},{"ts":"2014-03-27T09:35:00Z","nsw":"0.06","qld":"0.02","sa":"0.14","tas":"0.01","vic":"0.04"},{"ts":"2014-03-27T09:40:00Z","nsw":"0.05","qld":"0.03","sa":"0.10","tas":"0.01","vic":"0.01","wa":"0.85"},{"ts":"2014-03-27T09:45:00Z","nsw":"0.05","qld":"0.02","sa":"0.14","tas":"0.01","vic":"0.02"},{"ts":"2014-03-27T09:50:00Z","nsw":"0.11","qld":"0.03","sa":"0.14","tas":"0.01","vic":"0.02","wa":"0.56"},{"ts":"2014-03-27T09:55:00Z","nsw":"0.05","qld":"0.02","sa":"0.10","tas":"0.01","vic":"0.01"},{"ts":"2014-03-27T10:00:00Z","nsw":"0.05","qld":"0.03","sa":"0.16","tas":"0.01","vic":"0.00"},{"ts":"2014-03-27T10:05:00Z","nsw":"0.04","qld":"0.02","sa":"0.14","tas":"0.01","vic":"0.02"},{"ts":"2014-03-27T10:10:00Z","nsw":"0.06","qld":"0.02","sa":"0.10","tas":"0.01","vic":"0.01","wa":"0.15"},{"ts":"2014-03-27T10:15:00Z","nsw":"0.04","qld":"0.03","sa":"0.15","tas":"0.01","vic":"0.01"},{"ts":"2014-03-27T10:20:00Z","nsw":"0.06","qld":"0.02","sa":"0.14","tas":"0.01","vic":"0.01","wa":"0.09"},{"ts":"2014-03-27T10:25:00Z","nsw":"0.05","qld":"0.03","sa":"0.14","tas":"0.01","vic":"0.00"},{"ts":"2014-03-27T10:30:00Z","nsw":"0.06","qld":"0.02","sa":"0.11","tas":"0.01","vic":"0.01","wa":"0.12"},{"ts":"2014-03-27T10:35:00Z","nsw":"0.07","qld":"0.02","sa":"0.09","tas":"0.01","vic":"0.03"},{"ts":"2014-03-27T10:40:00Z","nsw":"0.08","qld":"0.03","sa":"0.07","tas":"0.01","vic":"0.01","wa":"0.15"},{"ts":"2014-03-27T10:45:00Z","nsw":"0.13","qld":"0.03","sa":"0.10","tas":"0.01","vic":"0.01"},{"ts":"2014-03-27T10:50:00Z","nsw":"0.05","qld":"0.02","sa":"0.09","tas":"0.01","vic":"0.01","wa":"0.17"},{"ts":"2014-03-27T10:55:00Z","nsw":"0.07","qld":"0.03","sa":"0.09","tas":"0.01","vic":"0.01"},{"ts":"2014-03-27T11:00:00Z","nsw":"0.04","qld":"0.03","sa":"0.10","tas":"0.01","vic":"0.01"},{"ts":"2014-03-27T11:05:00Z","nsw":"0.09","qld":"0.03","sa":"0.10","tas":"0.01","vic":"0.03"},{"ts":"2014-03-27T11:10:00Z","nsw":"0.04","qld":"0.03","sa":"0.11","tas":"0.01","vic":"0.02","wa":"0.19"},{"ts":"2014-03-27T11:15:00Z","nsw":"0.09","qld":"0.02","sa":"0.06","tas":"0.01","vic":"0.03"},{"ts":"2014-03-27T11:20:00Z","nsw":"0.04","qld":"0.03","sa":"0.10","tas":"0.01","vic":"0.03","wa":"0.17"},{"ts":"2014-03-27T11:25:00Z","nsw":"0.13","qld":"0.02","sa":"0.11","tas":"0.01","vic":"0.01"},{"ts":"2014-03-27T11:30:00Z","nsw":"0.04","qld":"0.03","sa":"0.10","tas":"0.02","vic":"0.00","wa":"0.17"},{"ts":"2014-03-27T11:35:00Z","nsw":"0.07","qld":"0.01","sa":"0.11","tas":"0.01","vic":"0.01"},{"ts":"2014-03-27T11:40:00Z","nsw":"0.06","qld":"0.03","sa":"0.07","tas":"0.01","vic":"0.01","wa":"0.19"},{"ts":"2014-03-27T11:45:00Z","nsw":"0.04","qld":"0.03","sa":"0.10","tas":"0.01","vic":"0.01"},{"ts":"2014-03-27T11:50:00Z","nsw":"0.06","qld":"0.03","sa":"0.11","tas":"0.01","vic":"0.01","wa":"0.18"},{"ts":"2014-03-27T11:55:00Z","nsw":"0.04","qld":"0.03","sa":"0.10","tas":"0.01","vic":"0.02"}],"demand":[{"ts":"2014-03-26T17:00:00Z","nsw":6095,"qld":4591,"sa":1180,"tas":893,"vic":4297,"wa":1794},{"ts":"2014-03-26T17:10:00Z","nsw":6133,"qld":4599,"sa":1176,"tas":898,"vic":4310,"wa":1773},{"ts":"2014-03-26T17:20:00Z","nsw":6141,"qld":4605,"sa":1174,"tas":884,"vic":4291,"wa":1760},{"ts":"2014-03-26T17:30:00Z","nsw":6168,"qld":4558,"sa":1165,"tas":881,"vic":4308,"wa":1754},{"ts":"2014-03-26T17:40:00Z","nsw":6181,"qld":4585,"sa":1170,"tas":892,"vic":4331,"wa":1737},{"ts":"2014-03-26T17:50:00Z","nsw":6210,"qld":4602,"sa":1172,"tas":897,"vic":4341,"wa":1746},{"ts":"2014-03-26T18:00:00Z","nsw":6272,"qld":4623,"sa":1149,"tas":903,"vic":4380,"wa":1730},{"ts":"2014-03-26T18:10:00Z","nsw":6422,"qld":4689,"sa":1155,"tas":922,"vic":4452,"wa":1734},{"ts":"2014-03-26T18:20:00Z","nsw":6487,"qld":4680,"sa":1153,"tas":923,"vic":4505,"wa":1747},{"ts":"2014-03-26T18:30:00Z","nsw":6604,"qld":4702,"sa":1174,"tas":939,"vic":4550,"wa":1742},{"ts":"2014-03-26T18:40:00Z","nsw":6717,"qld":4755,"sa":1184,"tas":952,"vic":4631,"wa":1741},{"ts":"2014-03-26T18:50:00Z","nsw":6841,"qld":4792,"sa":1196,"tas":978,"vic":4688},{"ts":"2014-03-26T19:00:00Z","nsw":7031,"qld":4846,"sa":1211,"tas":994,"vic":4816},{"ts":"2014-03-26T19:10:00Z","nsw":7293,"qld":4953,"sa":1227,"tas":1027,"vic":4972},{"ts":"2014-03-26T19:20:00Z","nsw":7469,"qld":5036,"sa":1245,"tas":1062,"vic":5067},{"ts":"2014-03-26T19:30:00Z","nsw":7714,"qld":5098,"sa":1265,"tas":1074,"vic":5152},{"ts":"2014-03-26T19:40:00Z","nsw":7839,"qld":5185,"sa":1300,"tas":1087,"vic":5299},{"ts":"2014-03-26T19:50:00Z","nsw":8042,"qld":5304,"sa":1334,"tas":1101,"vic":5427},{"ts":"2014-03-26T20:00:00Z","nsw":8150,"qld":5413,"sa":1391,"tas":1103,"vic":5592},{"ts":"2014-03-26T20:10:00Z","nsw":8360,"qld":5550,"sa":1433,"tas":1136,"vic":5783},{"ts":"2014-03-26T20:20:00Z","nsw":8495,"qld":5679,"sa":1468,"tas":1160,"vic":5900},{"ts":"2014-03-26T20:30:00Z","nsw":8697,"qld":5790,"sa":1519,"tas":1190,"vic":6024},{"ts":"2014-03-26T20:40:00Z","nsw":8770,"qld":5913,"sa":1574,"tas":1205,"vic":6090},{"ts":"2014-03-26T20:50:00Z","nsw":8846,"qld":6043,"sa":1598,"tas":1194,"vic":6138},{"ts":"2014-03-26T21:00:00Z","nsw":8929,"qld":6119,"sa":1640,"tas":1194,"vic":6048},{"ts":"2014-03-26T21:10:00Z","nsw":8959,"qld":6259,"sa":1653,"tas":1184,"vic":6014},{"ts":"2014-03-26T21:20:00Z","nsw":8980,"qld":6317,"sa":1639,"tas":1182,"vic":5999},{"ts":"2014-03-26T21:30:00Z","nsw":9011,"qld":6422,"sa":1609,"tas":1175,"vic":6028},{"ts":"2014-03-26T21:40:00Z","nsw":9015,"qld":6443,"sa":1567,"tas":1168,"vic":6010},{"ts":"2014-03-26T21:50:00Z","nsw":9034,"qld":6488,"sa":1545,"tas":1175,"vic":6032},{"ts":"2014-03-26T22:00:00Z","nsw":9045,"qld":6466,"sa":1538,"tas":1177,"vic":6039},{"ts":"2014-03-26T22:10:00Z","nsw":9136,"qld":6518,"sa":1540,"tas":1165,"vic":6062},{"ts":"2014-03-26T22:20:00Z","nsw":9119,"qld":6486,"sa":1528,"tas":1169,"vic":6043},{"ts":"2014-03-26T22:30:00Z","nsw":9148,"qld":6481,"sa":1530,"tas":1158,"vic":6056},{"ts":"2014-03-26T22:40:00Z","nsw":9174,"qld":6509,"sa":1525,"tas":1155,"vic":6058},{"ts":"2014-03-26T22:50:00Z","nsw":9212,"qld":6594,"sa":1529,"tas":1147,"vic":6091},{"ts":"2014-03-26T23:00:00Z","nsw":9238,"qld":6559,"sa":1542,"tas":1137,"vic":6074},{"ts":"2014-03-26T23:10:00Z","nsw":9277,"qld":6574,"sa":1557,"tas":1134,"vic":6059},{"ts":"2014-03-26T23:20:00Z","nsw":9238,"qld":6593,"sa":1533,"tas":1135,"vic":6079},{"ts":"2014-03-26T23:30:00Z","nsw":9223,"qld":6596,"sa":1529,"tas":1141,"vic":6085},{"ts":"2014-03-26T23:40:00Z","nsw":9240,"qld":6543,"sa":1525,"tas":1131,"vic":6063},{"ts":"2014-03-26T23:50:00Z","nsw":9219,"qld":6529,"sa":1522,"tas":1128,"vic":6109},{"ts":"2014-03-27T00:00:00Z","nsw":9161,"qld":6560,"sa":1510,"tas":1119,"vic":6076},{"ts":"2014-03-27T00:10:00Z","nsw":9149,"qld":6575,"sa":1521,"tas":1116,"vic":6044},{"ts":"2014-03-27T00:20:00Z","nsw":9162,"qld":6599,"sa":1514,"tas":1108,"vic":6079},{"ts":"2014-03-27T00:30:00Z","nsw":9152,"qld":6607,"sa":1511,"tas":1111,"vic":6082},{"ts":"2014-03-27T00:40:00Z","nsw":9134,"qld":6606,"sa":1510,"tas":1117,"vic":6085},{"ts":"2014-03-27T00:50:00Z","nsw":9061,"qld":6637,"sa":1488,"tas":1133,"vic":6089},{"ts":"2014-03-27T01:00:00Z","nsw":9056,"qld":6621,"sa":1480,"tas":1136,"vic":6123},{"ts":"2014-03-27T01:10:00Z","nsw":9078,"qld":6569,"sa":1458,"tas":1123,"vic":6136},{"ts":"2014-03-27T01:20:00Z","nsw":9090,"qld":6594,"sa":1437,"tas":1115,"vic":6164},{"ts":"2014-03-27T01:30:00Z","nsw":9016,"qld":6586,"sa":1419,"tas":1103,"vic":6152},{"ts":"2014-03-27T01:40:00Z","nsw":9001,"qld":6602,"sa":1426,"tas":1099,"vic":6162},{"ts":"2014-03-27T01:50:00Z","nsw":9004,"qld":6574,"sa":1433,"tas":1092,"vic":6175,"wa":2348},{"ts":"2014-03-27T02:00:00Z","nsw":9040,"qld":6585,"sa":1420,"tas":1095,"vic":6160},{"ts":"2014-03-27T02:10:00Z","nsw":9015,"qld":6610,"sa":1440,"tas":1112,"vic":6194,"wa":2325},{"ts":"2014-03-27T02:20:00Z","nsw":9040,"qld":6606,"sa":1445,"tas":1110,"vic":6175,"wa":2326},{"ts":"2014-03-27T02:30:00Z","nsw":9004,"qld":6538,"sa":1416,"tas":1105,"vic":6185,"wa":2349},{"ts":"2014-03-27T02:40:00Z","nsw":8938,"qld":6555,"sa":1431,"tas":1116,"vic":6167},{"ts":"2014-03-27T02:50:00Z","nsw":8914,"qld":6528,"sa":1441,"tas":1121,"vic":6179,"wa":2348},{"ts":"2014-03-27T03:00:00Z","nsw":8900,"qld":6553,"sa":1458,"tas":1125,"vic":6190},{"ts":"2014-03-27T03:10:00Z","nsw":8890,"qld":6530,"sa":1468,"tas":1129,"vic":6188,"wa":2385},{"ts":"2014-03-27T03:20:00Z","nsw":8889,"qld":6535,"sa":1472,"tas":1125,"vic":6211,"wa":2391},{"ts":"2014-03-27T03:30:00Z","nsw":8850,"qld":6549,"sa":1486,"tas":1113,"vic":6198,"wa":2396},{"ts":"2014-03-27T03:40:00Z","nsw":8796,"qld":6515,"sa":1489,"tas":1096,"vic":6204,"wa":2402},{"ts":"2014-03-27T03:50:00Z","nsw":8787,"qld":6521,"sa":1494,"tas":1090,"vic":6234,"wa":2403},{"ts":"2014-03-27T04:00:00Z","nsw":8790,"qld":6535,"sa":1489,"tas":1096,"vic":6216},{"ts":"2014-03-27T04:10:00Z","nsw":8797,"qld":6502,"sa":1487,"tas":1101,"vic":6195,"wa":2413},{"ts":"2014-03-27T04:20:00Z","nsw":8792,"qld":6544,"sa":1495,"tas":1113,"vic":6209,"wa":2417},{"ts":"2014-03-27T04:30:00Z","nsw":8827,"qld":6502,"sa":1480,"tas":1126,"vic":6189,"wa":2433},{"ts":"2014-03-27T04:40:00Z","nsw":8813,"qld":6506,"sa":1478,"tas":1138,"vic":6159,"wa":2437},{"ts":"2014-03-27T04:50:00Z","nsw":8782,"qld":6514,"sa":1501,"tas":1147,"vic":6203,"wa":2441},{"ts":"2014-03-27T05:00:00Z","nsw":8768,"qld":6508,"sa":1501,"tas":1157,"vic":6213},{"ts":"2014-03-27T05:10:00Z","nsw":8792,"qld":6499,"sa":1520,"tas":1165,"vic":6198,"wa":2451},{"ts":"2014-03-27T05:20:00Z","nsw":8823,"qld":6516,"sa":1535,"tas":1171,"vic":6198,"wa":2455},{"ts":"2014-03-27T05:30:00Z","nsw":8857,"qld":6531,"sa":1531,"tas":1186,"vic":6214,"wa":2466},{"ts":"2014-03-27T05:40:00Z","nsw":8852,"qld":6538,"sa":1548,"tas":1196,"vic":6233,"wa":2470},{"ts":"2014-03-27T05:50:00Z","nsw":8886,"qld":6550,"sa":1569,"tas":1207,"vic":6238,"wa":2475},{"ts":"2014-03-27T06:00:00Z","nsw":8861,"qld":6577,"sa":1591,"tas":1217,"vic":6268},{"ts":"2014-03-27T06:10:00Z","nsw":8859,"qld":6571,"sa":1568,"tas":1226,"vic":6274,"wa":2489},{"ts":"2014-03-27T06:20:00Z","nsw":8891,"qld":6640,"sa":1570,"tas":1241,"vic":6292,"wa":2491},{"ts":"2014-03-27T06:30:00Z","nsw":9003,"qld":6610,"sa":1572,"tas":1256,"vic":6279,"wa":2494},{"ts":"2014-03-27T06:40:00Z","nsw":9006,"qld":6670,"sa":1600,"tas":1272,"vic":6259,"wa":2487},{"ts":"2014-03-27T06:50:00Z","nsw":9044,"qld":6691,"sa":1602,"tas":1278,"vic":6265,"wa":2490},{"ts":"2014-03-27T07:00:00Z","nsw":8961,"qld":6683,"sa":1623,"tas":1280,"vic":6211},{"ts":"2014-03-27T07:10:00Z","nsw":8881,"qld":6729,"sa":1630,"tas":1261,"vic":6132,"wa":2508},{"ts":"2014-03-27T07:20:00Z","nsw":8922,"qld":6781,"sa":1608,"tas":1261,"vic":6102,"wa":2512},{"ts":"2014-03-27T07:30:00Z","nsw":8949,"qld":6802,"sa":1619,"tas":1262,"vic":6102,"wa":2539},{"ts":"2014-03-27T07:40:00Z","nsw":8947,"qld":6860,"sa":1628,"tas":1256,"vic":6048,"wa":2541},{"ts":"2014-03-27T07:50:00Z","nsw":9002,"qld":6913,"sa":1604,"tas":1253,"vic":6029,"wa":2545},{"ts":"2014-03-27T08:00:00Z","nsw":9026,"qld":6917,"sa":1630,"tas":1257,"vic":6004},{"ts":"2014-03-27T08:10:00Z","nsw":8964,"qld":6793,"sa":1614,"tas":1266,"vic":5966,"wa":2561},{"ts":"2014-03-27T08:20:00Z","nsw":9034,"qld":6785,"sa":1596,"tas":1250,"vic":5986,"wa":2566},{"ts":"2014-03-27T08:30:00Z","nsw":8946,"qld":6858,"sa":1606,"tas":1251,"vic":6016,"wa":2577},{"ts":"2014-03-27T08:40:00Z","nsw":8898,"qld":6774,"sa":1614,"tas":1253,"vic":6058,"wa":2575},{"ts":"2014-03-27T08:50:00Z","nsw":8862,"qld":6717,"sa":1611,"tas":1243,"vic":6087,"wa":2574},{"ts":"2014-03-27T09:00:00Z","nsw":8759,"qld":6611,"sa":1620,"tas":1223,"vic":6116},{"ts":"2014-03-27T09:10:00Z","nsw":8684,"qld":6497,"sa":1633,"tas":1222,"vic":6057,"wa":2565},{"ts":"2014-03-27T09:20:00Z","nsw":8628,"qld":6504,"sa":1653,"tas":1218,"vic":5978,"wa":2563},{"ts":"2014-03-27T09:30:00Z","nsw":8574,"qld":6462,"sa":1636,"tas":1216,"vic":5941,"wa":2583},{"ts":"2014-03-27T09:40:00Z","nsw":8482,"qld":6405,"sa":1608,"tas":1187,"vic":5905,"wa":2582},{"ts":"2014-03-27T09:50:00Z","nsw":8380,"qld":6372,"sa":1595,"tas":1183,"vic":5848,"wa":2574},{"ts":"2014-03-27T10:00:00Z","nsw":8300,"qld":6347,"sa":1554,"tas":1184,"vic":5806},{"ts":"2014-03-27T10:10:00Z","nsw":8193,"qld":6312,"sa":1535,"tas":1173,"vic":5713,"wa":2553},{"ts":"2014-03-27T10:20:00Z","nsw":8038,"qld":6306,"sa":1532,"tas":1165,"vic":5641,"wa":2559},{"ts":"2014-03-27T10:30:00Z","nsw":7933,"qld":6249,"sa":1516,"tas":1158,"vic":5581,"wa":2613},{"ts":"2014-03-27T10:40:00Z","nsw":7923,"qld":6260,"sa":1487,"tas":1129,"vic":5496,"wa":2628},{"ts":"2014-03-27T10:50:00Z","nsw":7837,"qld":6159,"sa":1474,"tas":1127,"vic":5438,"wa":2638},{"ts":"2014-03-27T11:00:00Z","nsw":7852,"qld":6101,"sa":1434,"tas":1117,"vic":5378},{"ts":"2014-03-27T11:10:00Z","nsw":7837,"qld":6204,"sa":1424,"tas":1095,"vic":5287,"wa":2612},{"ts":"2014-03-27T11:20:00Z","nsw":7771,"qld":6124,"sa":1410,"tas":1089,"vic":5193,"wa":2605},{"ts":"2014-03-27T11:30:00Z","nsw":7780,"qld":5994,"sa":1374,"tas":1079,"vic":5147,"wa":2569},{"ts":"2014-03-27T11:40:00Z","nsw":7661,"qld":5958,"sa":1388,"tas":1073,"vic":5098,"wa":2557},{"ts":"2014-03-27T11:50:00Z","nsw":7595,"qld":5885,"sa":1362,"tas":1043,"vic":4957,"wa":2543}],"output":[{"ts":"2014-03-26T17:00:00Z","nsw":2,"qld":1,"sa":0,"tas":0,"vic":0,"wa":0},{"ts":"2014-03-26T17:10:00Z","nsw":2,"qld":0,"sa":0,"tas":0,"vic":0,"wa":0},{"ts":"2014-03-26T17:20:00Z","nsw":2,"qld":1,"sa":0,"tas":0,"vic":0,"wa":0},{"ts":"2014-03-26T17:30:00Z","nsw":3,"qld":1,"sa":0,"tas":0,"vic":0,"wa":0},{"ts":"2014-03-26T17:40:00Z","nsw":3,"qld":1,"sa":0,"tas":0,"vic":0,"wa":0},{"ts":"2014-03-26T17:50:00Z","nsw":7,"qld":1,"sa":0,"tas":0,"vic":0,"wa":0},{"ts":"2014-03-26T18:00:00Z","nsw":7,"qld":1,"sa":0,"tas":0,"vic":0,"wa":0},{"ts":"2014-03-26T18:10:00Z","nsw":6,"qld":1,"sa":0,"tas":0,"vic":0,"wa":0},{"ts":"2014-03-26T18:20:00Z","nsw":6,"qld":0,"sa":0,"tas":0,"vic":0,"wa":0},{"ts":"2014-03-26T18:30:00Z","nsw":6,"qld":1,"sa":0,"tas":0,"vic":0,"wa":0},{"ts":"2014-03-26T18:40:00Z","nsw":3,"qld":1,"sa":0,"tas":0,"vic":0,"wa":0},{"ts":"2014-03-26T18:50:00Z","nsw":2,"qld":1,"sa":0,"tas":0,"vic":0},{"ts":"2014-03-26T19:00:00Z","nsw":2,"qld":1,"sa":0,"tas":0,"vic":0},{"ts":"2014-03-26T19:10:00Z","nsw":3,"qld":1,"sa":0,"tas":0,"vic":0},{"ts":"2014-03-26T19:20:00Z","nsw":4,"qld":1,"sa":0,"tas":0,"vic":0},{"ts":"2014-03-26T19:30:00Z","nsw":5,"qld":1,"sa":0,"tas":0,"vic":0},{"ts":"2014-03-26T19:40:00Z","nsw":3,"qld":1,"sa":0,"tas":0,"vic":0},{"ts":"2014-03-26T19:50:00Z","nsw":3,"qld":0,"sa":0,"tas":0,"vic":0},{"ts":"2014-03-26T20:00:00Z","nsw":3,"qld":0,"sa":0,"tas":0,"vic":0},{"ts":"2014-03-26T20:10:00Z","nsw":3,"qld":1,"sa":0,"tas":0,"vic":0},{"ts":"2014-03-26T20:20:00Z","nsw":4,"qld":2,"sa":0,"tas":0,"vic":0},{"ts":"2014-03-26T20:30:00Z","nsw":3,"qld":5,"sa":0,"tas":0,"vic":1},{"ts":"2014-03-26T20:40:00Z","nsw":3,"qld":10,"sa":0,"tas":0,"vic":1},{"ts":"2014-03-26T20:50:00Z","nsw":4,"qld":14,"sa":0,"tas":0,"vic":2},{"ts":"2014-03-26T21:00:00Z","nsw":8,"qld":19,"sa":1,"tas":0,"vic":5},{"ts":"2014-03-26T21:10:00Z","nsw":10,"qld":25,"sa":4,"tas":0,"vic":8},{"ts":"2014-03-26T21:20:00Z","nsw":13,"qld":29,"sa":8,"tas":0,"vic":11},{"ts":"2014-03-26T21:30:00Z","nsw":15,"qld":34,"sa":14,"tas":0,"vic":12},{"ts":"2014-03-26T21:40:00Z","nsw":16,"qld":43,"sa":21,"tas":0,"vic":14},{"ts":"2014-03-26T21:50:00Z","nsw":18,"qld":47,"sa":31,"tas":1,"vic":17},{"ts":"2014-03-26T22:00:00Z","nsw":23,"qld":58,"sa":42,"tas":1,"vic":19},{"ts":"2014-03-26T22:10:00Z","nsw":24,"qld":71,"sa":50,"tas":1,"vic":21},{"ts":"2014-03-26T22:20:00Z","nsw":30,"qld":86,"sa":58,"tas":2,"vic":24},{"ts":"2014-03-26T22:30:00Z","nsw":35,"qld":104,"sa":70,"tas":2,"vic":28},{"ts":"2014-03-26T22:40:00Z","nsw":41,"qld":112,"sa":83,"tas":3,"vic":32},{"ts":"2014-03-26T22:50:00Z","nsw":45,"qld":116,"sa":93,"tas":3,"vic":35},{"ts":"2014-03-26T23:00:00Z","nsw":50,"qld":120,"sa":94,"tas":4,"vic":40},{"ts":"2014-03-26T23:10:00Z","nsw":52,"qld":121,"sa":100,"tas":4,"vic":42},{"ts":"2014-03-26T23:20:00Z","nsw":58,"qld":126,"sa":109,"tas":4,"vic":49},{"ts":"2014-03-26T23:30:00Z","nsw":58,"qld":130,"sa":121,"tas":4,"vic":53},{"ts":"2014-03-26T23:40:00Z","nsw":66,"qld":129,"sa":128,"tas":5,"vic":66},{"ts":"2014-03-26T23:50:00Z","nsw":76,"qld":128,"sa":135,"tas":5,"vic":81},{"ts":"2014-03-27T00:00:00Z","nsw":73,"qld":127,"sa":140,"tas":5,"vic":103},{"ts":"2014-03-27T00:10:00Z","nsw":72,"qld":121,"sa":150,"tas":5,"vic":114},{"ts":"2014-03-27T00:20:00Z","nsw":87,"qld":113,"sa":153,"tas":6,"vic":137},{"ts":"2014-03-27T00:30:00Z","nsw":93,"qld":117,"sa":156,"tas":6,"vic":146},{"ts":"2014-03-27T00:40:00Z","nsw":85,"qld":116,"sa":158,"tas":6,"vic":162},{"ts":"2014-03-27T00:55:00Z","nsw":84,"qld":128,"sa":198,"tas":6,"vic":161},{"ts":"2014-03-27T01:05:00Z","nsw":97,"qld":132,"sa":212,"tas":6,"vic":159},{"ts":"2014-03-27T01:15:00Z","nsw":103,"qld":131,"sa":236,"tas":6,"vic":168},{"ts":"2014-03-27T01:25:00Z","nsw":103,"qld":122,"sa":250,"tas":6,"vic":173},{"ts":"2014-03-27T01:35:00Z","nsw":98,"qld":125,"sa":262,"tas":9,"vic":166},{"ts":"2014-03-27T01:45:00Z","nsw":89,"qld":135,"sa":259,"tas":9,"vic":170},{"ts":"2014-03-27T01:50:00Z","wa":177},{"ts":"2014-03-27T01:55:00Z","nsw":102,"qld":136,"sa":264,"tas":10,"vic":170},{"ts":"2014-03-27T02:05:00Z","nsw":110,"qld":128,"sa":260,"tas":9,"vic":169},{"ts":"2014-03-27T02:10:00Z","wa":197},{"ts":"2014-03-27T02:15:00Z","nsw":114,"qld":132,"sa":263,"tas":8,"vic":176},{"ts":"2014-03-27T02:20:00Z","wa":199},{"ts":"2014-03-27T02:25:00Z","nsw":112,"qld":125,"sa":273,"tas":8,"vic":179},{"ts":"2014-03-27T02:30:00Z","wa":213},{"ts":"2014-03-27T02:35:00Z","nsw":128,"qld":132,"sa":279,"tas":8,"vic":191},{"ts":"2014-03-27T02:45:00Z","nsw":125,"qld":120,"sa":280,"tas":8,"vic":184},{"ts":"2014-03-27T02:50:00Z","wa":209},{"ts":"2014-03-27T02:55:00Z","nsw":130,"qld":120,"sa":279,"tas":6,"vic":208},{"ts":"2014-03-27T03:05:00Z","nsw":123,"qld":123,"sa":277,"tas":6,"vic":216},{"ts":"2014-03-27T03:10:00Z","wa":224},{"ts":"2014-03-27T03:15:00Z","nsw":128,"qld":119,"sa":273,"tas":7,"vic":230},{"ts":"2014-03-27T03:20:00Z","wa":228},{"ts":"2014-03-27T03:25:00Z","nsw":122,"qld":121,"sa":272,"tas":5,"vic":222},{"ts":"2014-03-27T03:30:00Z","wa":235},{"ts":"2014-03-27T03:35:00Z","nsw":99,"qld":122,"sa":272,"tas":5,"vic":200},{"ts":"2014-03-27T03:40:00Z","wa":238},{"ts":"2014-03-27T03:45:00Z","nsw":92,"qld":127,"sa":276,"tas":5,"vic":197},{"ts":"2014-03-27T03:50:00Z","wa":244},{"ts":"2014-03-27T03:55:00Z","nsw":92,"qld":122,"sa":267,"tas":6,"vic":197},{"ts":"2014-03-27T04:05:00Z","nsw":100,"qld":126,"sa":261,"tas":6,"vic":197},{"ts":"2014-03-27T04:10:00Z","wa":240},{"ts":"2014-03-27T04:15:00Z","nsw":87,"qld":119,"sa":258,"tas":5,"vic":177},{"ts":"2014-03-27T04:20:00Z","wa":242},{"ts":"2014-03-27T04:25:00Z","nsw":96,"qld":123,"sa":252,"tas":5,"vic":156},{"ts":"2014-03-27T04:30:00Z","wa":237},{"ts":"2014-03-27T04:35:00Z","nsw":81,"qld":111,"sa":249,"tas":5,"vic":165},{"ts":"2014-03-27T04:40:00Z","wa":241},{"ts":"2014-03-27T04:45:00Z","nsw":96,"qld":111,"sa":247,"tas":4,"vic":157},{"ts":"2014-03-27T04:50:00Z","wa":235},{"ts":"2014-03-27T04:55:00Z","nsw":94,"qld":105,"sa":246,"tas":4,"vic":119},{"ts":"2014-03-27T05:05:00Z","nsw":108,"qld":86,"sa":237,"tas":3,"vic":115},{"ts":"2014-03-27T05:10:00Z","wa":228},{"ts":"2014-03-27T05:15:00Z","nsw":94,"qld":86,"sa":224,"tas":4,"vic":130},{"ts":"2014-03-27T05:20:00Z","wa":240},{"ts":"2014-03-27T05:25:00Z","nsw":83,"qld":78,"sa":215,"tas":2,"vic":132},{"ts":"2014-03-27T05:30:00Z","wa":233},{"ts":"2014-03-27T05:35:00Z","nsw":87,"qld":72,"sa":201,"tas":2,"vic":139},{"ts":"2014-03-27T05:40:00Z","wa":226},{"ts":"2014-03-27T05:45:00Z","nsw":77,"qld":68,"sa":196,"tas":1,"vic":121},{"ts":"2014-03-27T05:50:00Z","wa":226},{"ts":"2014-03-27T05:55:00Z","nsw":61,"qld":63,"sa":186,"tas":1,"vic":116},{"ts":"2014-03-27T06:05:00Z","nsw":56,"qld":49,"sa":175,"tas":1,"vic":105},{"ts":"2014-03-27T06:10:00Z","wa":221},{"ts":"2014-03-27T06:15:00Z","nsw":46,"qld":43,"sa":168,"tas":1,"vic":95},{"ts":"2014-03-27T06:20:00Z","wa":214},{"ts":"2014-03-27T06:25:00Z","nsw":37,"qld":33,"sa":154,"tas":1,"vic":86},{"ts":"2014-03-27T06:30:00Z","wa":209},{"ts":"2014-03-27T06:35:00Z","nsw":38,"qld":33,"sa":143,"tas":0,"vic":71},{"ts":"2014-03-27T06:40:00Z","wa":210},{"ts":"2014-03-27T06:45:00Z","nsw":30,"qld":23,"sa":131,"tas":0,"vic":64},{"ts":"2014-03-27T06:50:00Z","wa":198},{"ts":"2014-03-27T06:55:00Z","nsw":26,"qld":17,"sa":114,"tas":0,"vic":50},{"ts":"2014-03-27T07:05:00Z","nsw":22,"qld":14,"sa":101,"tas":0,"vic":42},{"ts":"2014-03-27T07:10:00Z","wa":187},{"ts":"2014-03-27T07:15:00Z","nsw":18,"qld":10,"sa":89,"tas":0,"vic":33},{"ts":"2014-03-27T07:20:00Z","wa":173},{"ts":"2014-03-27T07:25:00Z","nsw":13,"qld":8,"sa":78,"tas":0,"vic":28},{"ts":"2014-03-27T07:30:00Z","wa":167},{"ts":"2014-03-27T07:35:00Z","nsw":12,"qld":6,"sa":66,"tas":0,"vic":19},{"ts":"2014-03-27T07:40:00Z","wa":161},{"ts":"2014-03-27T07:45:00Z","nsw":10,"qld":4,"sa":52,"tas":0,"vic":12},{"ts":"2014-03-27T07:50:00Z","wa":146},{"ts":"2014-03-27T07:55:00Z","nsw":8,"qld":4,"sa":42,"tas":0,"vic":7},{"ts":"2014-03-27T08:05:00Z","nsw":7,"qld":3,"sa":30,"tas":0,"vic":4},{"ts":"2014-03-27T08:10:00Z","wa":123},{"ts":"2014-03-27T08:15:00Z","nsw":5,"qld":2,"sa":20,"tas":0,"vic":2},{"ts":"2014-03-27T08:20:00Z","wa":111},{"ts":"2014-03-27T08:25:00Z","nsw":4,"qld":1,"sa":10,"tas":0,"vic":2},{"ts":"2014-03-27T08:30:00Z","wa":104},{"ts":"2014-03-27T08:35:00Z","nsw":4,"qld":1,"sa":6,"tas":0,"vic":2},{"ts":"2014-03-27T08:40:00Z","wa":90},{"ts":"2014-03-27T08:45:00Z","nsw":4,"qld":1,"sa":2,"tas":0,"vic":1},{"ts":"2014-03-27T08:50:00Z","wa":76},{"ts":"2014-03-27T08:55:00Z","nsw":4,"qld":1,"sa":2,"tas":0,"vic":0},{"ts":"2014-03-27T09:05:00Z","nsw":4,"qld":1,"sa":2,"tas":0,"vic":0},{"ts":"2014-03-27T09:10:00Z","wa":50},{"ts":"2014-03-27T09:15:00Z","nsw":5,"qld":1,"sa":2,"tas":0,"vic":1},{"ts":"2014-03-27T09:20:00Z","wa":40},{"ts":"2014-03-27T09:25:00Z","nsw":4,"qld":1,"sa":2,"tas":0,"vic":2},{"ts":"2014-03-27T09:30:00Z","wa":31},{"ts":"2014-03-27T09:35:00Z","nsw":4,"qld":1,"sa":1,"tas":0,"vic":1},{"ts":"2014-03-27T09:40:00Z","wa":22},{"ts":"2014-03-27T09:45:00Z","nsw":6,"qld":1,"sa":2,"tas":0,"vic":1},{"ts":"2014-03-27T09:50:00Z","wa":14},{"ts":"2014-03-27T09:55:00Z","nsw":4,"qld":1,"sa":2,"tas":0,"vic":0},{"ts":"2014-03-27T10:05:00Z","nsw":3,"qld":1,"sa":1,"tas":0,"vic":0},{"ts":"2014-03-27T10:10:00Z","wa":3},{"ts":"2014-03-27T10:15:00Z","nsw":4,"qld":1,"sa":2,"tas":0,"vic":0},{"ts":"2014-03-27T10:20:00Z","wa":2},{"ts":"2014-03-27T10:25:00Z","nsw":4,"qld":1,"sa":1,"tas":0,"vic":0},{"ts":"2014-03-27T10:30:00Z","wa":3},{"ts":"2014-03-27T10:35:00Z","nsw":5,"qld":1,"sa":1,"tas":0,"vic":1},{"ts":"2014-03-27T10:40:00Z","wa":3},{"ts":"2014-03-27T10:45:00Z","nsw":7,"qld":1,"sa":1,"tas":0,"vic":0},{"ts":"2014-03-27T10:50:00Z","wa":4},{"ts":"2014-03-27T10:55:00Z","nsw":4,"qld":1,"sa":1,"tas":0,"vic":0},{"ts":"2014-03-27T11:05:00Z","nsw":4,"qld":1,"sa":1,"tas":0,"vic":1},{"ts":"2014-03-27T11:10:00Z","wa":4},{"ts":"2014-03-27T11:15:00Z","nsw":5,"qld":1,"sa":1,"tas":0,"vic":1},{"ts":"2014-03-27T11:20:00Z","wa":4},{"ts":"2014-03-27T11:25:00Z","nsw":6,"qld":1,"sa":1,"tas":0,"vic":0},{"ts":"2014-03-27T11:30:00Z","wa":4},{"ts":"2014-03-27T11:35:00Z","nsw":5,"qld":1,"sa":1,"tas":0,"vic":0},{"ts":"2014-03-27T11:40:00Z","wa":4},{"ts":"2014-03-27T11:45:00Z","nsw":4,"qld":1,"sa":1,"tas":0,"vic":0},{"ts":"2014-03-27T11:50:00Z","wa":4},{"ts":"2014-03-27T11:55:00Z","nsw":3,"qld":1,"sa":1,"tas":0,"vic":1}]}