{"performance":[{"ts":"2014-02-22T17:00:00Z","nsw":"0.33","nt":"0.00","qld":"0.08","sa":"0.15","tas":"0.08","vic":"0.09","wa":"0.14"},{"ts":"2014-02-22T17:10:00Z","nsw":"0.48","nt":"0.00","qld":"0.08","sa":"0.14","tas":"0.09","vic":"0.08","wa":"0.14"},{"ts":"2014-02-22T17:20:00Z","nsw":"0.41","nt":"0.00","qld":"0.08","sa":"0.14","tas":"0.09","vic":"0.06","wa":"0.13"},{"ts":"2014-02-22T17:30:00Z","nsw":"0.27","nt":"0.00","qld":"0.08","sa":"0.14","tas":"0.09","vic":"0.08","wa":"0.14"},{"ts":"2014-02-22T17:40:00Z","nsw":"0.39","nt":"0.00","qld":"0.07","sa":"0.16","tas":"0.09","vic":"0.06","wa":"0.12"},{"ts":"2014-02-22T17:50:00Z","nsw":"0.40","nt":"0.00","qld":"0.06","sa":"0.15","tas":"0.10","vic":"0.06","wa":"0.14"},{"ts":"2014-02-22T18:00:00Z","nsw":"0.45","qld":"0.06","sa":"0.17","tas":"0.00","vic":"0.16","wa":"0.14"},{"ts":"2014-02-22T18:10:00Z","nsw":"0.26","nt":"0.00","qld":"0.05","sa":"0.18","tas":"0.07","vic":"0.10","wa":"0.21"},{"ts":"2014-02-22T18:20:00Z","nsw":"0.50","nt":"0.00","qld":"0.06","sa":"0.16","tas":"0.07","vic":"0.14","wa":"0.14"},{"ts":"2014-02-22T18:30:00Z","nsw":"0.48","qld":"0.07","sa":"0.16","tas":"0.07","vic":"0.05","wa":"0.15"},{"ts":"2014-02-22T18:40:00Z","nsw":"0.54","qld":"0.06","sa":"0.16","tas":"0.07","vic":"0.12","wa":"0.14"},{"ts":"2014-02-22T18:50:00Z","nsw":"0.51","nt":"0.00","qld":"0.07","sa":"0.16","tas":"0.07","vic":"0.06","wa":"0.16"},{"ts":"2014-02-22T19:00:00Z","nsw":"0.48","nt":"0.00","qld":"0.08","sa":"0.14","tas":"0.07","vic":"0.11","wa":"0.14"},{"ts":"2014-02-22T19:10:00Z","nsw":"0.53","nt":"0.00","qld":"0.09","sa":"0.14","tas":"0.09","vic":"0.05","wa":"0.14"},{"ts":"2014-02-22T19:20:00Z","nsw":"0.46","nt":"0.00","qld":"0.10","sa":"0.14","tas":"0.07","vic":"0.17","wa":"0.15"},{"ts":"2014-02-22T19:30:00Z","nsw":"0.46","nt":"0.00","qld":"0.03","sa":"0.13","tas":"0.06","vic":"0.06","wa":"0.14"},{"ts":"2014-02-22T19:40:00Z","nsw":"0.45","nt":"0.00","qld":"0.07","sa":"0.14","tas":"0.05","vic":"0.11","wa":"0.13"},{"ts":"2014-02-22T19:50:00Z","nsw":"0.51","nt":"0.00","qld":"0.38","sa":"0.12","tas":"0.15","vic":"0.07","wa":"0.13"},{"ts":"2014-02-22T20:00:00Z","nsw":"0.69","qld":"0.64","sa":"0.13","tas":"0.66","vic":"0.14","wa":"0.15"},{"ts":"2014-02-22T20:10:00Z","nsw":"1.24","qld":"1.59","sa":"0.13","tas":"1.49","vic":"0.44","wa":"0.16"},{"ts":"2014-02-22T20:20:00Z","nsw":"2.08","nt":"0.00","qld":"3.31","sa":"0.14","tas":"2.89","vic":"1.00","wa":"0.16"},{"ts":"2014-02-22T20:30:00Z","nsw":"2.65","nt":"0.00","qld":"5.11","sa":"0.10","tas":"4.26","vic":"1.98","wa":"0.16"},{"ts":"2014-02-22T20:40:00Z","nsw":"3.73","nt":"0.00","qld":"6.70","sa":"0.64","tas":"6.68","vic":"3.46","wa":"0.13"},{"ts":"2014-02-22T20:50:00Z","nsw":"4.62","nt":"0.00","qld":"8.80","sa":"1.41","tas":"9.04","vic":"4.84","wa":"0.00"},{"ts":"2014-02-22T21:00:00Z","nsw":"6.65","nt":"0.00","qld":"10.92","sa":"2.31","tas":"12.13","vic":"6.20","wa":"0.13"},{"ts":"2014-02-22T21:10:00Z","nsw":"7.86","nt":"0.00","qld":"12.08","sa":"3.46","tas":"14.20","vic":"8.17","wa":"0.13"},{"ts":"2014-02-22T21:20:00Z","nsw":"10.27","nt":"0.00","qld":"13.40","sa":"4.99","tas":"17.27","vic":"10.84","wa":"0.14"},{"ts":"2014-02-22T21:30:00Z","nsw":"12.10","nt":"0.00","qld":"14.08","sa":"7.07","tas":"18.99","vic":"12.81","wa":"0.15"},{"ts":"2014-02-22T21:40:00Z","nsw":"14.42","nt":"0.69","qld":"16.42","sa":"9.45","tas":"23.49","vic":"15.70","wa":"0.15"},{"ts":"2014-02-22T21:50:00Z","nsw":"15.86","nt":"2.20","qld":"18.04","sa":"11.75","tas":"26.78","vic":"18.91","wa":"0.13"},{"ts":"2014-02-22T22:00:00Z","nsw":"18.08","nt":"2.61","qld":"21.73","sa":"14.41","tas":"30.24","vic":"22.13","wa":"0.11"},{"ts":"2014-02-22T22:10:00Z","nsw":"21.13","nt":"4.71","qld":"25.64","sa":"17.64","tas":"32.46","vic":"25.84","wa":"0.26"},{"ts":"2014-02-22T22:20:00Z","nsw":"26.68","nt":"8.45","qld":"31.72","sa":"20.67","tas":"37.79","vic":"30.20","wa":"1.21"},{"ts":"2014-02-22T22:30:00Z","nsw":"26.74","nt":"8.01","qld":"33.68","sa":"24.18","tas":"38.72","vic":"32.66","wa":"2.32"},{"ts":"2014-02-22T22:40:00Z","nsw":"30.74","nt":"10.81","qld":"36.31","sa":"27.37","tas":"44.06","vic":"35.96","wa":"3.57"},{"ts":"2014-02-22T22:50:00Z","nsw":"30.28","nt":"14.21","qld":"38.93","sa":"30.64","tas":"44.14","vic":"38.50","wa":"5.08"},{"ts":"2014-02-22T23:00:00Z","nsw":"33.33","nt":"17.58","qld":"38.59","sa":"34.15","tas":"48.46","vic":"41.95","wa":"7.62"},{"ts":"2014-02-22T23:10:00Z","nsw":"38.23","nt":"21.70","qld":"40.84","sa":"37.94","tas":"49.92","vic":"44.52","wa":"9.37"},{"ts":"2014-02-22T23:20:00Z","nsw":"39.12","nt":"20.85","qld":"41.78","sa":"40.57","tas":"53.91","vic":"48.03","wa":"11.70"},{"ts":"2014-02-22T23:30:00Z","nsw":"38.94","nt":"21.72","qld":"44.06","sa":"43.51","tas":"55.13","vic":"50.65","wa":"13.88"},{"ts":"2014-02-22T23:40:00Z","nsw":"43.93","nt":"32.85","qld":"45.64","sa":"45.75","tas":"59.24","vic":"53.70","wa":"16.37"},{"ts":"2014-02-22T23:50:00Z","nsw":"42.79","nt":"41.70","qld":"49.10","sa":"48.69","tas":"61.51","vic":"56.49","wa":"19.43"},{"ts":"2014-02-23T00:00:00Z","nsw":"41.51","nt":"35.09","qld":"52.52","sa":"51.58","tas":"64.22","vic":"57.88","wa":"22.17"},{"ts":"2014-02-23T00:10:00Z","nsw":"46.48","nt":"41.55","qld":"53.48","sa":"53.62","tas":"65.73","vic":"58.86","wa":"25.38"},{"ts":"2014-02-23T00:20:00Z","nsw":"48.37","nt":"47.02","qld":"56.31","sa":"55.07","tas":"69.71","vic":"61.78","wa":"28.07"},{"ts":"2014-02-23T00:30:00Z","nsw":"49.81","nt":"45.12","qld":"56.35","sa":"57.61","tas":"70.95","vic":"61.31","wa":"31.79"},{"ts":"2014-02-23T00:40:00Z","nsw":"52.17","nt":"56.57","qld":"58.96","sa":"59.02","tas":"71.40","vic":"64.09","wa":"35.63"},{"ts":"2014-02-23T00:50:00Z","nsw":"52.23","nt":"45.25","qld":"59.47","sa":"61.84","tas":"73.49","vic":"66.07","wa":"39.07"},{"ts":"2014-02-23T01:00:00Z","nsw":"54.65","nt":"44.83","qld":"59.25","sa":"63.99","tas":"72.43","vic":"65.81","wa":"41.45"},{"ts":"2014-02-23T01:10:00Z","nsw":"53.12","nt":"60.34","qld":"59.84","sa":"64.66","tas":"74.48","vic":"68.32","wa":"44.53"},{"ts":"2014-02-23T01:20:00Z","nsw":"55.56","nt":"64.31","qld":"60.63","sa":"65.97","tas":"76.70","vic":"69.35","wa":"46.99"},{"ts":"2014-02-23T01:30:00Z","nsw":"55.85","nt":"68.58","qld":"61.17","sa":"67.79","tas":"76.99","vic":"68.03","wa":"49.11"},{"ts":"2014-02-23T01:40:00Z","nsw":"53.33","nt":"70.06","qld":"60.80","sa":"69.65","tas":"77.79","vic":"68.98","wa":"49.64"},{"ts":"2014-02-23T01:50:00Z","nsw":"55.63","nt":"73.71","qld":"59.53","sa":"69.53","tas":"78.08","vic":"71.31","wa":"52.66"},{"ts":"2014-02-23T02:00:00Z","nsw":"58.90","nt":"57.27","qld":"60.81","sa":"71.51","tas":"79.33","vic":"71.32","wa":"54.81"},{"ts":"2014-02-23T02:10:00Z","nsw":"57.19","nt":"73.36","qld":"60.02","sa":"72.05","tas":"78.66","vic":"71.45","wa":"57.17"},{"ts":"2014-02-23T02:20:00Z","nsw":"59.64","nt":"72.96","qld":"59.71","sa":"72.79","tas":"78.85","vic":"74.06","wa":"57.03"},{"ts":"2014-02-23T02:30:00Z","nsw":"57.52","nt":"68.26","qld":"58.61","sa":"74.98","tas":"77.82","vic":"72.27","wa":"59.84"},{"ts":"2014-02-23T02:40:00Z","nsw":"58.55","nt":"74.43","qld":"59.62","sa":"74.57","tas":"78.79","vic":"72.01","wa":"59.96"},{"ts":"2014-02-23T02:50:00Z","nsw":"56.94","nt":"75.23","qld":"58.25","sa":"73.92","tas":"77.73","vic":"71.92","wa":"62.51"},{"ts":"2014-02-23T03:00:00Z","nsw":"59.83","nt":"60.89","qld":"58.36","sa":"75.76","tas":"78.25","vic":"71.75","wa":"64.75"},{"ts":"2014-02-23T03:10:00Z","nsw":"56.23","nt":"75.03","qld":"53.76","sa":"74.90","tas":"77.86","vic":"70.11","wa":"63.25"},{"ts":"2014-02-23T03:20:00Z","nsw":"56.68","nt":"77.47","qld":"54.28","sa":"74.46","tas":"77.58","vic":"71.39","wa":"66.09"},{"ts":"2014-02-23T03:30:00Z","nsw":"53.83","nt":"77.22","qld":"52.67","sa":"74.24","tas":"76.44","vic":"69.95","wa":"67.12"},{"ts":"2014-02-23T03:40:00Z","nsw":"53.08","nt":"76.19","qld":"53.27","sa":"74.08","tas":"74.60","vic":"71.91","wa":"68.28"},{"ts":"2014-02-23T03:50:00Z","nsw":"53.10","nt":"76.46","qld":"55.08","sa":"73.82","tas":"74.37","vic":"70.42","wa":"69.20"},{"ts":"2014-02-23T04:00:00Z","nsw":"52.95","nt":"75.97","qld":"56.22","sa":"73.32","tas":"73.55","vic":"66.05","wa":"68.80"},{"ts":"2014-02-23T04:10:00Z","nsw":"50.95","nt":"74.85","qld":"51.13","sa":"73.10","tas":"71.49","vic":"66.29","wa":"68.71"},{"ts":"2014-02-23T04:20:00Z","nsw":"50.07","nt":"76.58","qld":"53.87","sa":"71.76","tas":"70.54","vic":"64.57","wa":"67.73"},{"ts":"2014-02-23T04:30:00Z","nsw":"47.82","nt":"73.66","qld":"52.69","sa":"71.92","tas":"68.65","vic":"65.18","wa":"70.32"},{"ts":"2014-02-23T04:40:00Z","nsw":"44.71","nt":"74.13","qld":"52.86","sa":"69.37","tas":"67.14","vic":"63.32","wa":"68.22"},{"ts":"2014-02-23T04:50:00Z","nsw":"41.57","nt":"63.79","qld":"49.94","sa":"70.37","tas":"64.75","vic":"62.14","wa":"67.50"},{"ts":"2014-02-23T05:00:00Z","nsw":"44.17","nt":"65.94","qld":"48.80","sa":"67.74","tas":"63.20","vic":"60.34","wa":"69.97"},{"ts":"2014-02-23T05:10:00Z","nsw":"41.39","nt":"65.14","qld":"46.28","sa":"66.18","tas":"60.86","vic":"57.28","wa":"70.31"},{"ts":"2014-02-23T05:20:00Z","nsw":"39.50","nt":"64.49","qld":"43.62","sa":"63.87","tas":"58.87","vic":"55.91","wa":"68.21"},{"ts":"2014-02-23T05:30:00Z","nsw":"37.81","nt":"61.34","qld":"41.63","sa":"62.30","tas":"56.03","vic":"52.56","wa":"69.18"},{"ts":"2014-02-23T05:40:00Z","nsw":"35.90","nt":"64.52","qld":"39.05","sa":"60.59","tas":"54.45","vic":"49.59","wa":"68.69"},{"ts":"2014-02-23T05:50:00Z","nsw":"34.02","nt":"39.29","qld":"36.67","sa":"58.13","tas":"50.20","vic":"46.58","wa":"66.93"},{"ts":"2014-02-23T06:00:00Z","nsw":"33.31","nt":"38.57","qld":"33.98","sa":"55.60","tas":"46.91","vic":"46.11","wa":"66.13"},{"ts":"2014-02-23T06:10:00Z","nsw":"30.88","nt":"25.48","qld":"30.84","sa":"52.87","tas":"43.31","vic":"43.58","wa":"63.85"},{"ts":"2014-02-23T06:20:00Z","nsw":"26.96","nt":"54.54","qld":"27.64","sa":"49.72","tas":"40.22","vic":"40.02","wa":"63.78"},{"ts":"2014-02-23T06:30:00Z","nsw":"25.23","nt":"40.11","qld":"25.07","sa":"47.93","tas":"36.24","vic":"36.66","wa":"64.50"},{"ts":"2014-02-23T06:40:00Z","nsw":"21.11","nt":"34.85","qld":"22.05","sa":"44.51","tas":"32.39","vic":"32.23","wa":"63.10"},{"ts":"2014-02-23T06:50:00Z","nsw":"18.75","nt":"35.92","qld":"19.18","sa":"41.96","tas":"29.98","vic":"29.15","wa":"61.42"},{"ts":"2014-02-23T07:00:00Z","nsw":"18.48","nt":"41.62","qld":"16.04","sa":"38.91","tas":"27.11","vic":"26.74","wa":"59.56"},{"ts":"2014-02-23T07:10:00Z","nsw":"14.90","nt":"32.96","qld":"13.40","sa":"36.26","tas":"22.75","vic":"23.72","wa":"56.43"},{"ts":"2014-02-23T07:20:00Z","nsw":"11.82","nt":"30.25","qld":"10.75","sa":"32.57","tas":"20.81","vic":"20.67","wa":"54.46"},{"ts":"2014-02-23T07:30:00Z","nsw":"10.34","nt":"27.91","qld":"7.80","sa":"29.46","tas":"17.57","vic":"18.05","wa":"52.99"},{"ts":"2014-02-23T07:40:00Z","nsw":"8.96","nt":"34.29","qld":"5.35","sa":"26.61","tas":"14.78","vic":"14.16","wa":"50.89"},{"ts":"2014-02-23T07:50:00Z","nsw":"6.19","nt":"26.20","qld":"3.48","sa":"23.35","tas":"12.10","vic":"11.27","wa":"47.31"},{"ts":"2014-02-23T08:00:00Z","nsw":"4.85","nt":"27.09","qld":"2.05","sa":"20.54","tas":"9.88","vic":"10.30","wa":"46.82"},{"ts":"2014-02-23T08:10:00Z","nsw":"3.52","nt":"15.33","qld":"0.90","sa":"17.38","tas":"7.86","vic":"7.37","wa":"42.48"},{"ts":"2014-02-23T08:20:00Z","nsw":"2.36","nt":"12.76","qld":"0.48","sa":"14.85","tas":"5.22","vic":"5.43","wa":"39.87"},{"ts":"2014-02-23T08:30:00Z","nsw":"1.67","nt":"12.18","qld":"0.26","sa":"11.77","tas":"3.63","vic":"4.02","wa":"38.05"},{"ts":"2014-02-23T08:40:00Z","nsw":"1.23","nt":"9.45","qld":"0.14","sa":"9.24","tas":"1.87","vic":"2.65","wa":"35.29"},{"ts":"2014-02-23T08:50:00Z","nsw":"1.08","nt":"6.37","qld":"0.16","sa":"6.84","tas":"1.16","vic":"1.72","wa":"32.25"},{"ts":"2014-02-23T09:00:00Z","nsw":"0.78","nt":"7.24","qld":"0.12","sa":"4.80","tas":"0.39","vic":"1.10","wa":"28.68"},{"ts":"2014-02-23T09:10:00Z","nsw":"0.74","nt":"0.23","qld":"0.10","sa":"2.96","tas":"0.18","vic":"0.88","wa":"25.30"},{"ts":"2014-02-23T09:20:00Z","nsw":"0.90","nt":"0.23","qld":"0.10","sa":"1.50","tas":"0.20","vic":"1.03","wa":"21.77"},{"ts":"2014-02-23T09:30:00Z","nsw":"0.59","nt":"2.07","qld":"0.12","sa":"0.90","tas":"0.25","vic":"1.16","wa":"18.26"},{"ts":"2014-02-23T09:40:00Z","nsw":"0.72","nt":"0.56","qld":"0.14","sa":"0.81","tas":"0.29","vic":"0.79","wa":"16.12"},{"ts":"2014-02-23T09:50:00Z","nsw":"0.68","nt":"0.64","qld":"0.14","sa":"0.40","tas":"0.27","vic":"1.05","wa":"12.66"},{"ts":"2014-02-23T10:00:00Z","nsw":"1.68","nt":"0.57","qld":"0.12","sa":"0.33","tas":"0.27","vic":"0.89","wa":"10.12"},{"ts":"2014-02-23T10:10:00Z","nsw":"1.75","nt":"0.85","qld":"0.11","sa":"0.35","tas":"0.24","vic":"1.35","wa":"7.29"},{"ts":"2014-02-23T10:20:00Z","nsw":"1.70","nt":"0.83","qld":"0.09","sa":"0.34","tas":"0.24","vic":"0.81","wa":"5.33"},{"ts":"2014-02-23T10:30:00Z","nsw":"1.68","nt":"1.80","qld":"0.10","sa":"0.30","tas":"0.24","vic":"0.83","wa":"3.62"},{"ts":"2014-02-23T10:40:00Z","nsw":"1.31","qld":"0.09","sa":"0.18","tas":"0.27","vic":"0.96","wa":"2.35"},{"ts":"2014-02-23T10:50:00Z","nsw":"0.65","qld":"0.08","sa":"0.16","tas":"0.27","vic":"0.79","wa":"1.35"},{"ts":"2014-02-23T11:00:00Z","nsw":"0.59","nt":"0.90","qld":"0.11","sa":"0.16","tas":"0.27","vic":"0.99","wa":"0.84"},{"ts":"2014-02-23T11:10:00Z","nsw":"0.65","nt":"0.90","qld":"0.12","sa":"0.15","tas":"0.27","vic":"0.99","wa":"0.94"},{"ts":"2014-02-23T11:20:00Z","nsw":"0.58","nt":"0.80","qld":"0.11","sa":"0.19","tas":"0.27","vic":"0.86","wa":"1.20"},{"ts":"2014-02-23T11:30:00Z","nsw":"0.86","nt":"0.80","qld":"0.12","sa":"0.19","tas":"0.27","vic":"0.78","wa":"1.33"},{"ts":"2014-02-23T11:40:00Z","nsw":"0.79","nt":"0.80","qld":"0.12","sa":"0.20","tas":"0.28","vic":"0.80","wa":"1.43"},{"ts":"2014-02-23T11:50:00Z","nsw":"0.79","nt":"0.76","qld":"0.09","sa":"0.19","tas":"0.26","vic":"0.74","wa":"1.73"}],"contribution":[{"ts":"2014-02-22T17:00:00Z","nsw":"0.04","qld":"0.02","sa":"0.06","tas":"0.00","vic":"0.01","wa":"0.02"},{"ts":"2014-02-22T17:10:00Z","nsw":"0.05","qld":"0.02","sa":"0.06","tas":"0.00","vic":"0.01","wa":"0.02"},{"ts":"2014-02-22T17:20:00Z","nsw":"0.05","qld":"0.02","sa":"0.06","tas":"0.00","vic":"0.01","wa":"0.02"},{"ts":"2014-02-22T17:30:00Z","nsw":"0.03","qld":"0.02","sa":"0.06","tas":"0.00","vic":"0.01","wa":"0.02"},{"ts":"2014-02-22T17:40:00Z","nsw":"0.04","qld":"0.01","sa":"0.07","tas":"0.00","vic":"0.01","wa":"0.02"},{"ts":"2014-02-22T17:50:00Z","nsw":"0.05","qld":"0.01","sa":"0.06","tas":"0.01","vic":"0.01","wa":"0.02"},{"ts":"2014-02-22T18:00:00Z","nsw":"0.05","qld":"0.01","sa":"0.07","tas":"0.00","vic":"0.02"},{"ts":"2014-02-22T18:10:00Z","nsw":"0.03","qld":"0.01","sa":"0.08","tas":"0.00","vic":"0.01","wa":"0.04"},{"ts":"2014-02-22T18:20:00Z","nsw":"0.06","qld":"0.01","sa":"0.07","tas":"0.00","vic":"0.02","wa":"0.02"},{"ts":"2014-02-22T18:30:00Z","nsw":"0.05","qld":"0.01","sa":"0.07","tas":"0.00","vic":"0.01","wa":"0.03"},{"ts":"2014-02-22T18:40:00Z","nsw":"0.06","qld":"0.01","sa":"0.07","tas":"0.00","vic":"0.02","wa":"0.03"},{"ts":"2014-02-22T18:50:00Z","nsw":"0.06","qld":"0.01","sa":"0.07","tas":"0.00","vic":"0.01","wa":"0.03"},{"ts":"2014-02-22T19:00:00Z","nsw":"0.05","qld":"0.02","sa":"0.06","tas":"0.00","vic":"0.01"},{"ts":"2014-02-22T19:10:00Z","nsw":"0.06","qld":"0.02","sa":"0.06","tas":"0.00","vic":"0.01","wa":"0.02"},{"ts":"2014-02-22T19:20:00Z","nsw":"0.05","qld":"0.02","sa":"0.06","tas":"0.00","vic":"0.02","wa":"0.03"},{"ts":"2014-02-22T19:30:00Z","nsw":"0.05","qld":"0.01","sa":"0.05","tas":"0.00","vic":"0.01","wa":"0.03"},{"ts":"2014-02-22T19:40:00Z","nsw":"0.05","qld":"0.01","sa":"0.06","tas":"0.00","vic":"0.01","wa":"0.02"},{"ts":"2014-02-22T19:50:00Z","nsw":"0.06","qld":"0.08","sa":"0.05","tas":"0.01","vic":"0.01","wa":"0.02"},{"ts":"2014-02-22T20:00:00Z","nsw":"0.07","qld":"0.13","sa":"0.05","tas":"0.04","vic":"0.02"},{"ts":"2014-02-22T20:10:00Z","nsw":"0.13","qld":"0.33","sa":"0.05","tas":"0.08","vic":"0.06","wa":"0.03"},{"ts":"2014-02-22T20:20:00Z","nsw":"0.22","qld":"0.68","sa":"0.06","tas":"0.15","vic":"0.13","wa":"0.03"},{"ts":"2014-02-22T20:30:00Z","nsw":"0.27","qld":"1.03","sa":"0.04","tas":"0.22","vic":"0.25"},{"ts":"2014-02-22T20:40:00Z","nsw":"0.38","qld":"1.34","sa":"0.26","tas":"0.35","vic":"0.43","wa":"0.03"},{"ts":"2014-02-22T20:50:00Z","nsw":"0.46","qld":"1.75","sa":"0.58","tas":"0.47","vic":"0.59","wa":"0.00"},{"ts":"2014-02-22T21:00:00Z","nsw":"0.66","qld":"2.13","sa":"0.94","tas":"0.61","vic":"0.74"},{"ts":"2014-02-22T21:10:00Z","nsw":"0.77","qld":"2.29","sa":"1.41","tas":"0.71","vic":"0.98","wa":"0.03"},{"ts":"2014-02-22T21:20:00Z","nsw":"0.99","qld":"2.52","sa":"2.00","tas":"0.86","vic":"1.31","wa":"0.03"},{"ts":"2014-02-22T21:30:00Z","nsw":"1.15","qld":"2.61","sa":"2.73","tas":"0.93","vic":"1.52","wa":"0.03"},{"ts":"2014-02-22T21:40:00Z","nsw":"1.33","qld":"3.08","sa":"3.73","tas":"1.16","vic":"1.82","wa":"0.03"},{"ts":"2014-02-22T21:50:00Z","nsw":"1.45","qld":"3.29","sa":"4.55","tas":"1.32","vic":"2.18","wa":"0.02"},{"ts":"2014-02-22T22:00:00Z","nsw":"1.63","qld":"3.90","sa":"5.55","tas":"1.48","vic":"2.48"},{"ts":"2014-02-22T22:10:00Z","nsw":"1.87","qld":"4.55","sa":"6.65","tas":"1.59","vic":"2.85","wa":"0.05"},{"ts":"2014-02-22T22:20:00Z","nsw":"2.35","qld":"5.56","sa":"7.81","tas":"1.83","vic":"3.34","wa":"0.23"},{"ts":"2014-02-22T22:30:00Z","nsw":"2.35","qld":"5.84","sa":"9.14","tas":"1.87","vic":"3.61"},{"ts":"2014-02-22T22:40:00Z","nsw":"2.65","qld":"6.27","sa":"10.16","tas":"2.14","vic":"3.88","wa":"0.67"},{"ts":"2014-02-22T22:50:00Z","nsw":"2.62","qld":"6.65","sa":"11.31","tas":"2.13","vic":"4.12","wa":"0.95"},{"ts":"2014-02-22T23:00:00Z","nsw":"2.85","qld":"6.53","sa":"12.47","tas":"2.31","vic":"4.49"},{"ts":"2014-02-22T23:10:00Z","nsw":"3.24","qld":"6.87","sa":"13.71","tas":"2.35","vic":"4.68","wa":"1.73"},{"ts":"2014-02-22T23:20:00Z","nsw":"3.30","qld":"7.01","sa":"14.64","tas":"2.51","vic":"5.04","wa":"2.14"},{"ts":"2014-02-22T23:30:00Z","nsw":"3.29","qld":"7.42","sa":"15.59","tas":"2.57","vic":"5.31","wa":"2.45"},{"ts":"2014-02-22T23:40:00Z","nsw":"3.72","qld":"7.72","sa":"16.32","tas":"2.77","vic":"5.59","wa":"2.86"},{"ts":"2014-02-22T23:50:00Z","nsw":"3.62","qld":"8.18","sa":"17.27","tas":"2.89","vic":"5.92","wa":"3.37"},{"ts":"2014-02-23T00:00:00Z","nsw":"3.53","qld":"8.69","sa":"18.19","tas":"3.01","vic":"5.98"},{"ts":"2014-02-23T00:10:00Z","nsw":"3.91","qld":"8.85","sa":"18.75","tas":"3.08","vic":"6.08","wa":"4.22"},{"ts":"2014-02-23T00:20:00Z","nsw":"4.07","qld":"9.20","sa":"19.15","tas":"3.31","vic":"6.41","wa":"4.60"},{"ts":"2014-02-23T00:30:00Z","nsw":"4.20","qld":"9.38","sa":"19.74","tas":"3.36","vic":"6.40"},{"ts":"2014-02-23T00:40:00Z","nsw":"4.37","qld":"9.71","sa":"19.93","tas":"3.40","vic":"6.74","wa":"5.61"},{"ts":"2014-02-23T00:50:00Z","nsw":"4.45","qld":"9.84","sa":"20.96","tas":"3.50","vic":"6.92","wa":"6.09"},{"ts":"2014-02-23T01:00:00Z","nsw":"4.62","qld":"9.90","sa":"21.84","tas":"3.46","vic":"6.80"},{"ts":"2014-02-23T01:10:00Z","nsw":"4.53","qld":"9.87","sa":"22.13","tas":"3.56","vic":"6.97","wa":"6.67"},{"ts":"2014-02-23T01:20:00Z","nsw":"4.70","qld":"10.12","sa":"22.28","tas":"3.73","vic":"7.11","wa":"6.96"},{"ts":"2014-02-23T01:30:00Z","nsw":"4.75","qld":"10.16","sa":"22.73","tas":"3.65","vic":"6.96","wa":"7.04"},{"ts":"2014-02-23T01:40:00Z","nsw":"4.49","qld":"10.06","sa":"23.39","tas":"3.71","vic":"7.05","wa":"7.05"},{"ts":"2014-02-23T01:50:00Z","nsw":"4.70","qld":"9.85","sa":"23.71","tas":"3.76","vic":"7.24","wa":"7.39"},{"ts":"2014-02-23T02:00:00Z","nsw":"5.01","qld":"10.03","sa":"24.23","tas":"3.78","vic":"7.27"},{"ts":"2014-02-23T02:10:00Z","nsw":"4.83","qld":"9.83","sa":"24.18","tas":"3.77","vic":"7.36","wa":"7.70"},{"ts":"2014-02-23T02:20:00Z","nsw":"5.03","qld":"9.88","sa":"24.23","tas":"3.79","vic":"7.54","wa":"7.63"},{"ts":"2014-02-23T02:30:00Z","nsw":"4.85","qld":"9.66","sa":"24.96","tas":"3.81","vic":"7.35","wa":"7.81"},{"ts":"2014-02-23T02:40:00Z","nsw":"5.02","qld":"9.77","sa":"25.20","tas":"3.73","vic":"7.35","wa":"7.80"},{"ts":"2014-02-23T02:50:00Z","nsw":"4.93","qld":"9.51","sa":"25.28","tas":"3.72","vic":"7.32","wa":"8.05"},{"ts":"2014-02-23T03:00:00Z","nsw":"5.10","qld":"9.57","sa":"25.44","tas":"3.75","vic":"7.25","wa":"8.20"},{"ts":"2014-02-23T03:10:00Z","nsw":"4.82","qld":"8.89","sa":"25.53","tas":"3.72","vic":"7.07","wa":"8.00"},{"ts":"2014-02-23T03:20:00Z","nsw":"4.87","qld":"8.90","sa":"25.33","tas":"3.73","vic":"7.18","wa":"8.30"},{"ts":"2014-02-23T03:30:00Z","nsw":"4.65","qld":"8.63","sa":"25.39","tas":"3.66","vic":"7.15","wa":"8.24"},{"ts":"2014-02-23T03:40:00Z","nsw":"4.62","qld":"8.67","sa":"24.57","tas":"3.60","vic":"7.22","wa":"8.35"},{"ts":"2014-02-23T03:50:00Z","nsw":"4.53","qld":"8.89","sa":"24.60","tas":"3.56","vic":"7.06","wa":"8.43"},{"ts":"2014-02-23T04:00:00Z","nsw":"4.53","qld":"9.14","sa":"24.56","tas":"3.52","vic":"6.67"},{"ts":"2014-02-23T04:10:00Z","nsw":"4.33","qld":"8.35","sa":"24.37","tas":"3.42","vic":"6.62","wa":"8.11"},{"ts":"2014-02-23T04:20:00Z","nsw":"4.30","qld":"8.69","sa":"24.14","tas":"3.37","vic":"6.43","wa":"7.97"},{"ts":"2014-02-23T04:30:00Z","nsw":"4.13","qld":"8.53","sa":"24.06","tas":"3.28","vic":"6.49","wa":"8.10"},{"ts":"2014-02-23T04:40:00Z","nsw":"3.83","qld":"8.57","sa":"23.45","tas":"3.20","vic":"6.36","wa":"7.86"},{"ts":"2014-02-23T04:50:00Z","nsw":"3.55","qld":"8.03","sa":"23.35","tas":"3.09","vic":"6.15","wa":"7.76"},{"ts":"2014-02-23T05:00:00Z","nsw":"3.72","qld":"7.87","sa":"23.10","tas":"3.02","vic":"5.96","wa":"7.99"},{"ts":"2014-02-23T05:10:00Z","nsw":"3.54","qld":"7.42","sa":"22.28","tas":"2.94","vic":"5.65","wa":"8.01"},{"ts":"2014-02-23T05:20:00Z","nsw":"3.40","qld":"6.97","sa":"21.57","tas":"2.82","vic":"5.48","wa":"7.77"},{"ts":"2014-02-23T05:30:00Z","nsw":"3.21","qld":"6.72","sa":"20.94","tas":"2.66","vic":"5.17"},{"ts":"2014-02-23T05:40:00Z","nsw":"3.05","qld":"6.24","sa":"20.47","tas":"2.59","vic":"4.82","wa":"7.75"},{"ts":"2014-02-23T05:50:00Z","nsw":"2.86","qld":"5.86","sa":"19.48","tas":"2.36","vic":"4.53","wa":"7.55"},{"ts":"2014-02-23T06:00:00Z","nsw":"2.80","qld":"5.47","sa":"18.70","tas":"2.19","vic":"4.43"},{"ts":"2014-02-23T06:10:00Z","nsw":"2.60","qld":"4.95","sa":"17.69","tas":"2.01","vic":"4.25","wa":"7.17"},{"ts":"2014-02-23T06:20:00Z","nsw":"2.25","qld":"4.40","sa":"16.66","tas":"1.87","vic":"3.86"},{"ts":"2014-02-23T06:30:00Z","nsw":"2.10","qld":"4.00","sa":"15.96","tas":"1.66","vic":"3.49","wa":"7.18"},{"ts":"2014-02-23T06:40:00Z","nsw":"1.76","qld":"3.52","sa":"14.83","tas":"1.48","vic":"3.06","wa":"7.01"},{"ts":"2014-02-23T06:50:00Z","nsw":"1.55","qld":"3.04","sa":"13.85","tas":"1.36","vic":"2.76"},{"ts":"2014-02-23T07:00:00Z","nsw":"1.53","qld":"2.52","sa":"12.83","tas":"1.23","vic":"2.53","wa":"6.57"},{"ts":"2014-02-23T07:10:00Z","nsw":"1.22","qld":"2.13","sa":"11.77","tas":"1.04","vic":"2.26","wa":"6.24"},{"ts":"2014-02-23T07:20:00Z","nsw":"0.98","qld":"1.67","sa":"10.49","tas":"0.95","vic":"1.98","wa":"6.01"},{"ts":"2014-02-23T07:30:00Z","nsw":"0.85","qld":"1.22","sa":"9.41","tas":"0.80","vic":"1.73","wa":"5.81"},{"ts":"2014-02-23T07:40:00Z","nsw":"0.74","qld":"0.84","sa":"8.55","tas":"0.67","vic":"1.36","wa":"5.58"},{"ts":"2014-02-23T07:50:00Z","nsw":"0.51","qld":"0.54","sa":"7.55","tas":"0.55","vic":"1.09","wa":"5.20"},{"ts":"2014-02-23T08:00:00Z","nsw":"0.40","qld":"0.32","sa":"6.64","tas":"0.45","vic":"1.00"},{"ts":"2014-02-23T08:10:00Z","nsw":"0.29","qld":"0.14","sa":"5.61","tas":"0.36","vic":"0.72","wa":"4.66"},{"ts":"2014-02-23T08:20:00Z","nsw":"0.20","qld":"0.07","sa":"4.73","tas":"0.24","vic":"0.53","wa":"4.37"},{"ts":"2014-02-23T08:30:00Z","nsw":"0.14","qld":"0.04","sa":"3.81","tas":"0.17","vic":"0.40","wa":"4.13"},{"ts":"2014-02-23T08:40:00Z","nsw":"0.10","qld":"0.02","sa":"3.03","tas":"0.09","vic":"0.27","wa":"3.84"},{"ts":"2014-02-23T08:50:00Z","nsw":"0.09","qld":"0.02","sa":"2.28","tas":"0.05","vic":"0.17","wa":"3.51"},{"ts":"2014-02-23T09:00:00Z","nsw":"0.06","qld":"0.02","sa":"1.61","tas":"0.02","vic":"0.11"},{"ts":"2014-02-23T09:10:00Z","nsw":"0.06","qld":"0.01","sa":"1.00","tas":"0.01","vic":"0.09","wa":"2.77"},{"ts":"2014-02-23T09:20:00Z","nsw":"0.07","qld":"0.01","sa":"0.50","tas":"0.01","vic":"0.10","wa":"2.39"},{"ts":"2014-02-23T09:30:00Z","nsw":"0.05","qld":"0.02","sa":"0.30","tas":"0.01","vic":"0.12","wa":"2.01"},{"ts":"2014-02-23T09:40:00Z","nsw":"0.06","qld":"0.02","sa":"0.27","tas":"0.01","vic":"0.08","wa":"1.78"},{"ts":"2014-02-23T09:50:00Z","nsw":"0.06","qld":"0.02","sa":"0.13","tas":"0.01","vic":"0.10","wa":"1.40"},{"ts":"2014-02-23T10:00:00Z","nsw":"0.14","qld":"0.02","sa":"0.11","tas":"0.01","vic":"0.09"},{"ts":"2014-02-23T10:10:00Z","nsw":"0.14","qld":"0.02","sa":"0.11","tas":"0.01","vic":"0.13","wa":"0.82"},{"ts":"2014-02-23T10:20:00Z","nsw":"0.14","qld":"0.01","sa":"0.11","tas":"0.01","vic":"0.08","wa":"0.60"},{"ts":"2014-02-23T10:30:00Z","nsw":"0.15","qld":"0.02","sa":"0.10","tas":"0.01","vic":"0.09"},{"ts":"2014-02-23T10:40:00Z","nsw":"0.11","qld":"0.01","sa":"0.06","tas":"0.01","vic":"0.10","wa":"0.27"},{"ts":"2014-02-23T10:50:00Z","nsw":"0.06","qld":"0.01","sa":"0.05","tas":"0.01","vic":"0.08","wa":"0.16"},{"ts":"2014-02-23T11:00:00Z","nsw":"0.05","qld":"0.02","sa":"0.05","tas":"0.01","vic":"0.10"},{"ts":"2014-02-23T11:10:00Z","nsw":"0.06","qld":"0.02","sa":"0.05","tas":"0.01","vic":"0.11","wa":"0.11"},{"ts":"2014-02-23T11:20:00Z","nsw":"0.05","qld":"0.02","sa":"0.07","tas":"0.01","vic":"0.09","wa":"0.14"},{"ts":"2014-02-23T11:30:00Z","nsw":"0.08","qld":"0.02","sa":"0.07","tas":"0.01","vic":"0.08","wa":"0.15"},{"ts":"2014-02-23T11:40:00Z","nsw":"0.07","qld":"0.02","sa":"0.07","tas":"0.01","vic":"0.09","wa":"0.17"},{"ts":"2014-02-23T11:50:00Z","nsw":"0.07","qld":"0.02","sa":"0.07","tas":"0.01","vic":"0.08","wa":"0.20"}],"demand":[{"ts":"2014-02-22T17:00:00Z","nsw":5744,"qld":4646,"sa":1067,"tas":975,"vic":3893,"wa":2023},{"ts":"2014-02-22T17:10:00Z","nsw":5764,"qld":4701,"sa":1080,"tas":978,"vic":3880,"wa":2017},{"ts":"2014-02-22T17:20:00Z","nsw":5742,"qld":4708,"sa":1071,"tas":967,"vic":3855,"wa":2009},{"ts":"2014-02-22T17:30:00Z","nsw":5739,"qld":4725,"sa":1081,"tas":967,"vic":3835,"wa":1952},{"ts":"2014-02-22T17:40:00Z","nsw":5713,"qld":4731,"sa":1076,"tas":964,"vic":3832,"wa":1948},{"ts":"2014-02-22T17:50:00Z","nsw":5712,"qld":4695,"sa":1064,"tas":963,"vic":3822,"wa":1944},{"ts":"2014-02-22T18:00:00Z","nsw":5762,"qld":4754,"sa":1065,"tas":956,"vic":3816},{"ts":"2014-02-22T18:10:00Z","nsw":5759,"qld":4695,"sa":1061,"tas":971,"vic":3850,"wa":1927},{"ts":"2014-02-22T18:20:00Z","nsw":5830,"qld":4712,"sa":1057,"tas":942,"vic":3843,"wa":1923},{"ts":"2014-02-22T18:30:00Z","nsw":5825,"qld":4734,"sa":1072,"tas":921,"vic":3812,"wa":1919},{"ts":"2014-02-22T18:40:00Z","nsw":5791,"qld":4705,"sa":1070,"tas":935,"vic":3832,"wa":1901},{"ts":"2014-02-22T18:50:00Z","nsw":5853,"qld":4741,"sa":1055,"tas":957,"vic":3828,"wa":1895},{"ts":"2014-02-22T19:00:00Z","nsw":5838,"qld":4747,"sa":1053,"tas":962,"vic":3891},{"ts":"2014-02-22T19:10:00Z","nsw":5953,"qld":4767,"sa":1055,"tas":977,"vic":3960,"wa":1882},{"ts":"2014-02-22T19:20:00Z","nsw":6023,"qld":4750,"sa":1065,"tas":978,"vic":4013,"wa":1875},{"ts":"2014-02-22T19:30:00Z","nsw":5958,"qld":4756,"sa":1068,"tas":964,"vic":3960,"wa":1863},{"ts":"2014-02-22T19:40:00Z","nsw":5963,"qld":4800,"sa":1082,"tas":948,"vic":4016,"wa":1864},{"ts":"2014-02-22T19:50:00Z","nsw":6024,"qld":4808,"sa":1082,"tas":950,"vic":3970,"wa":1859},{"ts":"2014-02-22T20:00:00Z","nsw":6100,"qld":4755,"sa":1076,"tas":932,"vic":4042},{"ts":"2014-02-22T20:10:00Z","nsw":6179,"qld":4821,"sa":1085,"tas":946,"vic":4026,"wa":1833},{"ts":"2014-02-22T20:20:00Z","nsw":6190,"qld":4811,"sa":1081,"tas":982,"vic":4104,"wa":1828},{"ts":"2014-02-22T20:30:00Z","nsw":6349,"qld":4863,"sa":1073,"tas":988,"vic":4137},{"ts":"2014-02-22T20:40:00Z","nsw":6409,"qld":4908,"sa":1089,"tas":994,"vic":4168,"wa":1818},{"ts":"2014-02-22T20:50:00Z","nsw":6497,"qld":4926,"sa":1069,"tas":1001,"vic":4230,"wa":1818},{"ts":"2014-02-22T21:00:00Z","nsw":6590,"qld":4996,"sa":1075,"tas":1018,"vic":4303},{"ts":"2014-02-22T21:10:00Z","nsw":6646,"qld":5106,"sa":1077,"tas":1031,"vic":4265,"wa":1832},{"ts":"2014-02-22T21:20:00Z","nsw":6715,"qld":5134,"sa":1085,"tas":1036,"vic":4263,"wa":1827},{"ts":"2014-02-22T21:30:00Z","nsw":6831,"qld":5197,"sa":1102,"tas":1040,"vic":4300,"wa":1825},{"ts":"2014-02-22T21:40:00Z","nsw":7004,"qld":5171,"sa":1084,"tas":1033,"vic":4378,"wa":1825},{"ts":"2014-02-22T21:50:00Z","nsw":7068,"qld":5266,"sa":1091,"tas":1034,"vic":4418,"wa":1819},{"ts":"2014-02-22T22:00:00Z","nsw":7104,"qld":5316,"sa":1093,"tas":1039,"vic":4473},{"ts":"2014-02-22T22:10:00Z","nsw":7235,"qld":5346,"sa":1096,"tas":1042,"vic":4527,"wa":1808},{"ts":"2014-02-22T22:20:00Z","nsw":7222,"qld":5351,"sa":1086,"tas":1047,"vic":4537,"wa":1812},{"ts":"2014-02-22T22:30:00Z","nsw":7309,"qld":5370,"sa":1065,"tas":1050,"vic":4539},{"ts":"2014-02-22T22:40:00Z","nsw":7365,"qld":5410,"sa":1070,"tas":1046,"vic":4602,"wa":1831},{"ts":"2014-02-22T22:50:00Z","nsw":7344,"qld":5429,"sa":1068,"tas":1053,"vic":4603,"wa":1833},{"ts":"2014-02-22T23:00:00Z","nsw":7423,"qld":5477,"sa":1061,"tas":1071,"vic":4602},{"ts":"2014-02-22T23:10:00Z","nsw":7460,"qld":5514,"sa":1053,"tas":1077,"vic":4693,"wa":1854},{"ts":"2014-02-22T23:20:00Z","nsw":7476,"qld":5484,"sa":1047,"tas":1085,"vic":4669,"wa":1860},{"ts":"2014-02-22T23:30:00Z","nsw":7446,"qld":5463,"sa":1040,"tas":1081,"vic":4663,"wa":1926},{"ts":"2014-02-22T23:40:00Z","nsw":7432,"qld":5453,"sa":1043,"tas":1075,"vic":4656,"wa":1938},{"ts":"2014-02-22T23:50:00Z","nsw":7444,"qld":5466,"sa":1037,"tas":1072,"vic":4662,"wa":1940},{"ts":"2014-02-23T00:00:00Z","nsw":7426,"qld":5450,"sa":1033,"tas":1070,"vic":4661},{"ts":"2014-02-23T00:10:00Z","nsw":7453,"qld":5462,"sa":1030,"tas":1066,"vic":4684,"wa":2001},{"ts":"2014-02-23T00:20:00Z","nsw":7411,"qld":5476,"sa":1028,"tas":1057,"vic":4667,"wa":2026},{"ts":"2014-02-23T00:30:00Z","nsw":7418,"qld":5406,"sa":1041,"tas":1055,"vic":4587},{"ts":"2014-02-23T00:40:00Z","nsw":7425,"qld":5411,"sa":1032,"tas":1051,"vic":4583,"wa":2087},{"ts":"2014-02-23T00:50:00Z","nsw":7322,"qld":5412,"sa":1026,"tas":1045,"vic":4619,"wa":2096},{"ts":"2014-02-23T01:00:00Z","nsw":7377,"qld":5362,"sa":1020,"tas":1040,"vic":4667},{"ts":"2014-02-23T01:10:00Z","nsw":7295,"qld":5414,"sa":1006,"tas":1046,"vic":4680,"wa":2166},{"ts":"2014-02-23T01:20:00Z","nsw":7367,"qld":5340,"sa":1011,"tas":1031,"vic":4696,"wa":2185},{"ts":"2014-02-23T01:30:00Z","nsw":7345,"qld":5390,"sa":1009,"tas":1042,"vic":4673,"wa":2257},{"ts":"2014-02-23T01:40:00Z","nsw":7396,"qld":5415,"sa":1000,"tas":1042,"vic":4710,"wa":2275},{"ts":"2014-02-23T01:50:00Z","nsw":7342,"qld":5399,"sa":993,"tas":1038,"vic":4715,"wa":2295},{"ts":"2014-02-23T02:00:00Z","nsw":7307,"qld":5429,"sa":989,"tas":1044,"vic":4678},{"ts":"2014-02-23T02:10:00Z","nsw":7369,"qld":5482,"sa":996,"tas":1034,"vic":4640,"wa":2383},{"ts":"2014-02-23T02:20:00Z","nsw":7359,"qld":5408,"sa":1011,"tas":1036,"vic":4676,"wa":2401},{"ts":"2014-02-23T02:30:00Z","nsw":7368,"qld":5435,"sa":998,"tas":1031,"vic":4691,"wa":2456},{"ts":"2014-02-23T02:40:00Z","nsw":7242,"qld":5487,"sa":979,"tas":1047,"vic":4694,"wa":2466},{"ts":"2014-02-23T02:50:00Z","nsw":7211,"qld":5501,"sa":968,"tas":1039,"vic":4679,"wa":2483},{"ts":"2014-02-23T03:00:00Z","nsw":7284,"qld":5486,"sa":974,"tas":1040,"vic":4691,"wa":2521},{"ts":"2014-02-23T03:10:00Z","nsw":7242,"qld":5456,"sa":973,"tas":1039,"vic":4714,"wa":2529},{"ts":"2014-02-23T03:20:00Z","nsw":7243,"qld":5521,"sa":977,"tas":1032,"vic":4752,"wa":2541},{"ts":"2014-02-23T03:30:00Z","nsw":7211,"qld":5536,"sa":980,"tas":1042,"vic":4716,"wa":2601},{"ts":"2014-02-23T03:40:00Z","nsw":7179,"qld":5588,"sa":998,"tas":1035,"vic":4772,"wa":2607},{"ts":"2014-02-23T03:50:00Z","nsw":7307,"qld":5588,"sa":997,"tas":1041,"vic":4755,"wa":2615},{"ts":"2014-02-23T04:00:00Z","nsw":7297,"qld":5570,"sa":1001,"tas":1041,"vic":4769},{"ts":"2014-02-23T04:10:00Z","nsw":7327,"qld":5582,"sa":1011,"tas":1045,"vic":4828,"wa":2708},{"ts":"2014-02-23T04:20:00Z","nsw":7262,"qld":5617,"sa":1002,"tas":1044,"vic":4849,"wa":2719},{"ts":"2014-02-23T04:30:00Z","nsw":7283,"qld":5603,"sa":1013,"tas":1040,"vic":4849,"wa":2777},{"ts":"2014-02-23T04:40:00Z","nsw":7327,"qld":5617,"sa":1005,"tas":1047,"vic":4808,"wa":2782},{"ts":"2014-02-23T04:50:00Z","nsw":7409,"qld":5665,"sa":1015,"tas":1053,"vic":4893,"wa":2791},{"ts":"2014-02-23T05:00:00Z","nsw":7467,"qld":5677,"sa":1004,"tas":1050,"vic":4926,"wa":2804},{"ts":"2014-02-23T05:10:00Z","nsw":7353,"qld":5750,"sa":1012,"tas":1048,"vic":4951,"wa":2810},{"ts":"2014-02-23T05:20:00Z","nsw":7358,"qld":5764,"sa":1030,"tas":1054,"vic":4961,"wa":2818},{"ts":"2014-02-23T05:30:00Z","nsw":7461,"qld":5747,"sa":1044,"tas":1059,"vic":5006},{"ts":"2014-02-23T05:40:00Z","nsw":7467,"qld":5820,"sa":1054,"tas":1062,"vic":5074,"wa":2843},{"ts":"2014-02-23T05:50:00Z","nsw":7531,"qld":5875,"sa":1065,"tas":1076,"vic":5081,"wa":2850},{"ts":"2014-02-23T06:00:00Z","nsw":7541,"qld":5808,"sa":1092,"tas":1085,"vic":5142},{"ts":"2014-02-23T06:10:00Z","nsw":7564,"qld":5904,"sa":1092,"tas":1093,"vic":5088,"wa":2876},{"ts":"2014-02-23T06:20:00Z","nsw":7655,"qld":5964,"sa":1104,"tas":1102,"vic":5148},{"ts":"2014-02-23T06:30:00Z","nsw":7666,"qld":6019,"sa":1135,"tas":1112,"vic":5225,"wa":2901},{"ts":"2014-02-23T06:40:00Z","nsw":7692,"qld":6026,"sa":1140,"tas":1119,"vic":5269,"wa":2913},{"ts":"2014-02-23T06:50:00Z","nsw":7745,"qld":6083,"sa":1164,"tas":1125,"vic":5291},{"ts":"2014-02-23T07:00:00Z","nsw":7814,"qld":6145,"sa":1188,"tas":1133,"vic":5298,"wa":2948},{"ts":"2014-02-23T07:10:00Z","nsw":7886,"qld":6170,"sa":1215,"tas":1128,"vic":5283,"wa":2950},{"ts":"2014-02-23T07:20:00Z","nsw":7839,"qld":6248,"sa":1233,"tas":1129,"vic":5274,"wa":2962},{"ts":"2014-02-23T07:30:00Z","nsw":7830,"qld":6272,"sa":1259,"tas":1135,"vic":5300,"wa":2992},{"ts":"2014-02-23T07:40:00Z","nsw":7863,"qld":6301,"sa":1262,"tas":1133,"vic":5279,"wa":2996},{"ts":"2014-02-23T07:50:00Z","nsw":7817,"qld":6316,"sa":1275,"tas":1131,"vic":5275,"wa":3001},{"ts":"2014-02-23T08:00:00Z","nsw":7808,"qld":6320,"sa":1285,"tas":1130,"vic":5256},{"ts":"2014-02-23T08:10:00Z","nsw":7787,"qld":6377,"sa":1300,"tas":1129,"vic":5229,"wa":3025},{"ts":"2014-02-23T08:20:00Z","nsw":7771,"qld":6431,"sa":1329,"tas":1118,"vic":5205,"wa":3039},{"ts":"2014-02-23T08:30:00Z","nsw":7792,"qld":6436,"sa":1325,"tas":1124,"vic":5141,"wa":3074},{"ts":"2014-02-23T08:40:00Z","nsw":7752,"qld":6506,"sa":1314,"tas":1117,"vic":5127,"wa":3077},{"ts":"2014-02-23T08:50:00Z","nsw":7813,"qld":6560,"sa":1300,"tas":1101,"vic":5119,"wa":3084},{"ts":"2014-02-23T09:00:00Z","nsw":7905,"qld":6576,"sa":1297,"tas":1106,"vic":5087},{"ts":"2014-02-23T09:10:00Z","nsw":8005,"qld":6500,"sa":1294,"tas":1120,"vic":5134,"wa":3093},{"ts":"2014-02-23T09:20:00Z","nsw":7948,"qld":6469,"sa":1316,"tas":1127,"vic":5157,"wa":3090},{"ts":"2014-02-23T09:30:00Z","nsw":7976,"qld":6430,"sa":1323,"tas":1129,"vic":5190,"wa":3092},{"ts":"2014-02-23T09:40:00Z","nsw":7911,"qld":6362,"sa":1335,"tas":1130,"vic":5228,"wa":3101},{"ts":"2014-02-23T09:50:00Z","nsw":7887,"qld":6255,"sa":1353,"tas":1131,"vic":5233,"wa":3094},{"ts":"2014-02-23T10:00:00Z","nsw":7829,"qld":6211,"sa":1359,"tas":1125,"vic":5194},{"ts":"2014-02-23T10:10:00Z","nsw":7842,"qld":6162,"sa":1356,"tas":1125,"vic":5177,"wa":3079},{"ts":"2014-02-23T10:20:00Z","nsw":7670,"qld":6088,"sa":1350,"tas":1116,"vic":5119,"wa":3067},{"ts":"2014-02-23T10:30:00Z","nsw":7517,"qld":6073,"sa":1327,"tas":1108,"vic":5036},{"ts":"2014-02-23T10:40:00Z","nsw":7566,"qld":6052,"sa":1330,"tas":1094,"vic":5022,"wa":3034},{"ts":"2014-02-23T10:50:00Z","nsw":7479,"qld":5981,"sa":1321,"tas":1076,"vic":4925,"wa":3019},{"ts":"2014-02-23T11:00:00Z","nsw":7477,"qld":5931,"sa":1300,"tas":1059,"vic":4909},{"ts":"2014-02-23T11:10:00Z","nsw":7418,"qld":5989,"sa":1287,"tas":1042,"vic":4817,"wa":2992},{"ts":"2014-02-23T11:20:00Z","nsw":7396,"qld":5939,"sa":1266,"tas":1039,"vic":4779,"wa":2993},{"ts":"2014-02-23T11:30:00Z","nsw":7402,"qld":5825,"sa":1245,"tas":1025,"vic":4732,"wa":2999},{"ts":"2014-02-23T11:40:00Z","nsw":7381,"qld":5725,"sa":1225,"tas":1013,"vic":4707,"wa":2998},{"ts":"2014-02-23T11:50:00Z","nsw":7184,"qld":5660,"sa":1222,"tas":1000,"vic":4659,"wa":2989}],"output":[{"ts":"2014-02-22T17:00:00Z","nsw":2,"qld":0,"sa":0,"tas":0,"vic":0,"wa":0},{"ts":"2014-02-22T17:10:00Z","nsw":3,"qld":0,"sa":0,"tas":0,"vic":0,"wa":0},{"ts":"2014-02-22T17:20:00Z","nsw":2,"qld":0,"sa":0,"tas":0,"vic":0,"wa":0},{"ts":"2014-02-22T17:30:00Z","nsw":1,"qld":0,"sa":0,"tas":0,"vic":0,"wa":0},{"ts":"2014-02-22T17:40:00Z","nsw":2,"qld":0,"sa":0,"tas":0,"vic":0,"wa":0},{"ts":"2014-02-22T17:50:00Z","nsw":2,"qld":0,"sa":0,"tas":0,"vic":0,"wa":0},{"ts":"2014-02-22T18:00:00Z","nsw":2,"qld":0,"sa":0,"tas":0,"vic":0},{"ts":"2014-02-22T18:10:00Z","nsw":1,"qld":0,"sa":0,"tas":0,"vic":0,"wa":0},{"ts":"2014-02-22T18:20:00Z","nsw":3,"qld":0,"sa":0,"tas":0,"vic":0,"wa":0},{"ts":"2014-02-22T18:30:00Z","nsw":3,"qld":0,"sa":0,"tas":0,"vic":0,"wa":0},{"ts":"2014-02-22T18:40:00Z","nsw":3,"qld":0,"sa":0,"tas":0,"vic":0,"wa":0},{"ts":"2014-02-22T18:50:00Z","nsw":3,"qld":0,"sa":0,"tas":0,"vic":0,"wa":0},{"ts":"2014-02-22T19:00:00Z","nsw":3,"qld":0,"sa":0,"tas":0,"vic":0},{"ts":"2014-02-22T19:10:00Z","nsw":3,"qld":0,"sa":0,"tas":0,"vic":0,"wa":0},{"ts":"2014-02-22T19:20:00Z","nsw":3,"qld":0,"sa":0,"tas":0,"vic":0,"wa":0},{"ts":"2014-02-22T19:30:00Z","nsw":2,"qld":0,"sa":0,"tas":0,"vic":0,"wa":0},{"ts":"2014-02-22T19:40:00Z","nsw":2,"qld":0,"sa":0,"tas":0,"vic":0,"wa":0},{"ts":"2014-02-22T19:50:00Z","nsw":3,"qld":3,"sa":0,"tas":0,"vic":0,"wa":0},{"ts":"2014-02-22T20:00:00Z","nsw":4,"qld":6,"sa":0,"tas":0,"vic":0},{"ts":"2014-02-22T20:10:00Z","nsw":8,"qld":15,"sa":0,"tas":0,"vic":2,"wa":0},{"ts":"2014-02-22T20:20:00Z","nsw":13,"qld":32,"sa":0,"tas":1,"vic":5,"wa":0},{"ts":"2014-02-22T20:30:00Z","nsw":17,"qld":50,"sa":0,"tas":2,"vic":10},{"ts":"2014-02-22T20:40:00Z","nsw":24,"qld":66,"sa":2,"tas":3,"vic":17,"wa":0},{"ts":"2014-02-22T20:50:00Z","nsw":30,"qld":87,"sa":6,"tas":4,"vic":24,"wa":0},{"ts":"2014-02-22T21:00:00Z","nsw":43,"qld":108,"sa":10,"tas":6,"vic":31},{"ts":"2014-02-22T21:10:00Z","nsw":51,"qld":119,"sa":15,"tas":7,"vic":42,"wa":0},{"ts":"2014-02-22T21:20:00Z","nsw":67,"qld":132,"sa":22,"tas":8,"vic":55,"wa":0},{"ts":"2014-02-22T21:30:00Z","nsw":79,"qld":139,"sa":31,"tas":9,"vic":66,"wa":0},{"ts":"2014-02-22T21:40:00Z","nsw":94,"qld":162,"sa":41,"tas":12,"vic":80,"wa":0},{"ts":"2014-02-22T21:50:00Z","nsw":103,"qld":178,"sa":52,"tas":13,"vic":97,"wa":0},{"ts":"2014-02-22T22:00:00Z","nsw":118,"qld":215,"sa":63,"tas":15,"vic":114},{"ts":"2014-02-22T22:10:00Z","nsw":137,"qld":254,"sa":78,"tas":16,"vic":133,"wa":0},{"ts":"2014-02-22T22:20:00Z","nsw":174,"qld":314,"sa":91,"tas":19,"vic":155,"wa":4},{"ts":"2014-02-22T22:30:00Z","nsw":174,"qld":334,"sa":107,"tas":20,"vic":168},{"ts":"2014-02-22T22:40:00Z","nsw":200,"qld":360,"sa":121,"tas":22,"vic":185,"wa":12},{"ts":"2014-02-22T22:50:00Z","nsw":197,"qld":386,"sa":136,"tas":22,"vic":198,"wa":17},{"ts":"2014-02-22T23:00:00Z","nsw":217,"qld":382,"sa":151,"tas":25,"vic":216},{"ts":"2014-02-22T23:10:00Z","nsw":249,"qld":405,"sa":168,"tas":25,"vic":229,"wa":32},{"ts":"2014-02-22T23:20:00Z","nsw":255,"qld":414,"sa":180,"tas":27,"vic":247,"wa":40},{"ts":"2014-02-22T23:30:00Z","nsw":254,"qld":437,"sa":193,"tas":28,"vic":261,"wa":48},{"ts":"2014-02-22T23:40:00Z","nsw":286,"qld":452,"sa":203,"tas":30,"vic":277,"wa":56},{"ts":"2014-02-22T23:50:00Z","nsw":279,"qld":487,"sa":216,"tas":31,"vic":291,"wa":67},{"ts":"2014-02-23T00:00:00Z","nsw":271,"qld":521,"sa":228,"tas":33,"vic":298},{"ts":"2014-02-23T00:10:00Z","nsw":303,"qld":530,"sa":238,"tas":34,"vic":303,"wa":88},{"ts":"2014-02-23T00:20:00Z","nsw":315,"qld":558,"sa":244,"tas":36,"vic":318,"wa":97},{"ts":"2014-02-23T00:30:00Z","nsw":325,"qld":559,"sa":255,"tas":36,"vic":316},{"ts":"2014-02-23T00:40:00Z","nsw":340,"qld":584,"sa":261,"tas":36,"vic":330,"wa":124},{"ts":"2014-02-23T00:50:00Z","nsw":341,"qld":589,"sa":274,"tas":38,"vic":340,"wa":135},{"ts":"2014-02-23T01:00:00Z","nsw":356,"qld":587,"sa":284,"tas":37,"vic":339},{"ts":"2014-02-23T01:10:00Z","nsw":346,"qld":593,"sa":287,"tas":38,"vic":352,"wa":154},{"ts":"2014-02-23T01:20:00Z","nsw":362,"qld":601,"sa":292,"tas":39,"vic":357,"wa":163},{"ts":"2014-02-23T01:30:00Z","nsw":364,"qld":606,"sa":300,"tas":39,"vic":350,"wa":170},{"ts":"2014-02-23T01:40:00Z","nsw":348,"qld":603,"sa":309,"tas":40,"vic":355,"wa":172},{"ts":"2014-02-23T01:50:00Z","nsw":363,"qld":590,"sa":308,"tas":40,"vic":367,"wa":183},{"ts":"2014-02-23T02:00:00Z","nsw":384,"qld":603,"sa":317,"tas":41,"vic":367},{"ts":"2014-02-23T02:10:00Z","nsw":373,"qld":595,"sa":319,"tas":40,"vic":368,"wa":198},{"ts":"2014-02-23T02:20:00Z","nsw":389,"qld":592,"sa":323,"tas":40,"vic":382,"wa":198},{"ts":"2014-02-23T02:30:00Z","nsw":375,"qld":581,"sa":332,"tas":40,"vic":372,"wa":208},{"ts":"2014-02-23T02:40:00Z","nsw":382,"qld":591,"sa":331,"tas":40,"vic":371,"wa":208},{"ts":"2014-02-23T02:50:00Z","nsw":371,"qld":577,"sa":328,"tas":40,"vic":371,"wa":217},{"ts":"2014-02-23T03:00:00Z","nsw":390,"qld":578,"sa":336,"tas":40,"vic":370,"wa":225},{"ts":"2014-02-23T03:10:00Z","nsw":367,"qld":533,"sa":332,"tas":40,"vic":361,"wa":220},{"ts":"2014-02-23T03:20:00Z","nsw":370,"qld":538,"sa":330,"tas":40,"vic":368,"wa":229},{"ts":"2014-02-23T03:30:00Z","nsw":351,"qld":522,"sa":329,"tas":39,"vic":360,"wa":233},{"ts":"2014-02-23T03:40:00Z","nsw":346,"qld":528,"sa":328,"tas":38,"vic":370,"wa":237},{"ts":"2014-02-23T03:50:00Z","nsw":346,"qld":546,"sa":327,"tas":38,"vic":363,"wa":240},{"ts":"2014-02-23T04:00:00Z","nsw":345,"qld":557,"sa":325,"tas":38,"vic":340},{"ts":"2014-02-23T04:10:00Z","nsw":332,"qld":507,"sa":324,"tas":37,"vic":341,"wa":239},{"ts":"2014-02-23T04:20:00Z","nsw":326,"qld":534,"sa":318,"tas":36,"vic":333,"wa":235},{"ts":"2014-02-23T04:30:00Z","nsw":312,"qld":522,"sa":319,"tas":35,"vic":336,"wa":244},{"ts":"2014-02-23T04:40:00Z","nsw":291,"qld":524,"sa":307,"tas":34,"vic":326,"wa":237},{"ts":"2014-02-23T04:50:00Z","nsw":271,"qld":495,"sa":312,"tas":33,"vic":320,"wa":234},{"ts":"2014-02-23T05:00:00Z","nsw":288,"qld":484,"sa":300,"tas":32,"vic":311,"wa":243},{"ts":"2014-02-23T05:10:00Z","nsw":270,"qld":459,"sa":293,"tas":31,"vic":295,"wa":244},{"ts":"2014-02-23T05:20:00Z","nsw":257,"qld":432,"sa":283,"tas":30,"vic":288,"wa":237},{"ts":"2014-02-23T05:30:00Z","nsw":246,"qld":413,"sa":276,"tas":29,"vic":271},{"ts":"2014-02-23T05:40:00Z","nsw":234,"qld":387,"sa":268,"tas":28,"vic":255,"wa":239},{"ts":"2014-02-23T05:50:00Z","nsw":222,"qld":363,"sa":258,"tas":25,"vic":240,"wa":232},{"ts":"2014-02-23T06:00:00Z","nsw":217,"qld":337,"sa":246,"tas":24,"vic":237},{"ts":"2014-02-23T06:10:00Z","nsw":201,"qld":305,"sa":234,"tas":22,"vic":224,"wa":222},{"ts":"2014-02-23T06:20:00Z","nsw":176,"qld":274,"sa":220,"tas":20,"vic":206},{"ts":"2014-02-23T06:30:00Z","nsw":164,"qld":248,"sa":212,"tas":18,"vic":189,"wa":224},{"ts":"2014-02-23T06:40:00Z","nsw":137,"qld":218,"sa":197,"tas":16,"vic":166,"wa":219},{"ts":"2014-02-23T06:50:00Z","nsw":122,"qld":190,"sa":186,"tas":15,"vic":150},{"ts":"2014-02-23T07:00:00Z","nsw":120,"qld":159,"sa":172,"tas":14,"vic":137,"wa":207},{"ts":"2014-02-23T07:10:00Z","nsw":97,"qld":132,"sa":160,"tas":11,"vic":122,"wa":196},{"ts":"2014-02-23T07:20:00Z","nsw":77,"qld":106,"sa":144,"tas":10,"vic":106,"wa":189},{"ts":"2014-02-23T07:30:00Z","nsw":67,"qld":77,"sa":130,"tas":9,"vic":93,"wa":184},{"ts":"2014-02-23T07:40:00Z","nsw":58,"qld":53,"sa":118,"tas":7,"vic":73,"wa":177},{"ts":"2014-02-23T07:50:00Z","nsw":40,"qld":34,"sa":103,"tas":6,"vic":58,"wa":164},{"ts":"2014-02-23T08:00:00Z","nsw":31,"qld":20,"sa":91,"tas":5,"vic":53},{"ts":"2014-02-23T08:10:00Z","nsw":22,"qld":8,"sa":77,"tas":4,"vic":38,"wa":147},{"ts":"2014-02-23T08:20:00Z","nsw":15,"qld":4,"sa":65,"tas":2,"vic":28,"wa":138},{"ts":"2014-02-23T08:30:00Z","nsw":10,"qld":2,"sa":52,"tas":1,"vic":20,"wa":132},{"ts":"2014-02-23T08:40:00Z","nsw":8,"qld":1,"sa":41,"tas":0,"vic":13,"wa":122},{"ts":"2014-02-23T08:50:00Z","nsw":7,"qld":1,"sa":30,"tas":0,"vic":8,"wa":112},{"ts":"2014-02-23T09:00:00Z","nsw":5,"qld":1,"sa":21,"tas":0,"vic":5},{"ts":"2014-02-23T09:10:00Z","nsw":4,"qld":0,"sa":13,"tas":0,"vic":4,"wa":88},{"ts":"2014-02-23T09:20:00Z","nsw":5,"qld":0,"sa":6,"tas":0,"vic":5,"wa":75},{"ts":"2014-02-23T09:30:00Z","nsw":3,"qld":1,"sa":4,"tas":0,"vic":5,"wa":63},{"ts":"2014-02-23T09:40:00Z","nsw":4,"qld":1,"sa":3,"tas":0,"vic":4,"wa":56},{"ts":"2014-02-23T09:50:00Z","nsw":4,"qld":1,"sa":1,"tas":0,"vic":5,"wa":44},{"ts":"2014-02-23T10:00:00Z","nsw":10,"qld":1,"sa":1,"tas":0,"vic":4},{"ts":"2014-02-23T10:10:00Z","nsw":11,"qld":1,"sa":1,"tas":0,"vic":6,"wa":25},{"ts":"2014-02-23T10:20:00Z","nsw":11,"qld":0,"sa":1,"tas":0,"vic":4,"wa":18},{"ts":"2014-02-23T10:30:00Z","nsw":10,"qld":0,"sa":1,"tas":0,"vic":4},{"ts":"2014-02-23T10:40:00Z","nsw":8,"qld":0,"sa":0,"tas":0,"vic":4,"wa":8},{"ts":"2014-02-23T10:50:00Z","nsw":4,"qld":0,"sa":0,"tas":0,"vic":4,"wa":4},{"ts":"2014-02-23T11:00:00Z","nsw":3,"qld":1,"sa":0,"tas":0,"vic":5},{"ts":"2014-02-23T11:10:00Z","nsw":4,"qld":1,"sa":0,"tas":0,"vic":5,"wa":3},{"ts":"2014-02-23T11:20:00Z","nsw":3,"qld":1,"sa":0,"tas":0,"vic":4,"wa":4},{"ts":"2014-02-23T11:30:00Z","nsw":5,"qld":1,"sa":0,"tas":0,"vic":4,"wa":4},{"ts":"2014-02-23T11:40:00Z","nsw":5,"qld":1,"sa":0,"tas":0,"vic":4,"wa":4},{"ts":"2014-02-23T11:50:00Z","nsw":5,"qld":0,"sa":0,"tas":0,"vic":3,"wa":6}]}