{"performance":[{"ts":"2014-02-04T17:00:00Z","nsw":"0.39","nt":"0.00","qld":"0.18","sa":"0.12","tas":"0.08","vic":"0.06","wa":"0.15"},{"ts":"2014-02-04T17:10:00Z","nsw":"0.49","nt":"0.00","qld":"0.16","sa":"0.14","tas":"0.07","vic":"0.18","wa":"0.15"},{"ts":"2014-02-04T17:20:00Z","nsw":"0.48","nt":"0.00","qld":"0.15","sa":"0.13","tas":"0.07","vic":"0.19","wa":"0.14"},{"ts":"2014-02-04T17:30:00Z","nsw":"0.50","nt":"0.00","qld":"0.15","sa":"0.14","tas":"0.07","vic":"0.07","wa":"0.15"},{"ts":"2014-02-04T17:40:00Z","nsw":"0.48","nt":"0.00","qld":"0.16","sa":"0.45","tas":"0.07","vic":"0.06","wa":"0.14"},{"ts":"2014-02-04T17:50:00Z","nsw":"0.47","nt":"0.00","qld":"0.16","sa":"0.21","tas":"0.06","vic":"0.11","wa":"0.14"},{"ts":"2014-02-04T18:00:00Z","nsw":"0.50","nt":"0.00","qld":"0.16","sa":"0.23","tas":"0.06","vic":"0.11","wa":"0.14"},{"ts":"2014-02-04T18:10:00Z","nsw":"0.50","nt":"0.00","qld":"0.15","sa":"0.26","tas":"0.06","vic":"0.17","wa":"0.14"},{"ts":"2014-02-04T18:20:00Z","nsw":"0.52","nt":"0.00","qld":"0.15","sa":"0.12","tas":"0.06","vic":"0.10","wa":"0.14"},{"ts":"2014-02-04T18:30:00Z","nsw":"0.48","nt":"0.00","qld":"0.15","sa":"0.14","tas":"0.07","vic":"0.09","wa":"0.60"},{"ts":"2014-02-04T18:40:00Z","nsw":"0.50","nt":"0.00","qld":"0.16","sa":"0.20","tas":"0.07","vic":"0.07","wa":"0.14"},{"ts":"2014-02-04T18:50:00Z","nsw":"0.46","nt":"0.00","qld":"0.16","sa":"0.19","tas":"0.07","vic":"0.10","wa":"0.14"},{"ts":"2014-02-04T19:00:00Z","nsw":"0.56","nt":"0.00","qld":"0.16","sa":"0.24","tas":"0.07","vic":"0.07","wa":"0.14"},{"ts":"2014-02-04T19:10:00Z","nsw":"0.63","nt":"0.00","qld":"0.17","sa":"0.25","tas":"0.05","vic":"0.12","wa":"0.14"},{"ts":"2014-02-04T19:20:00Z","nsw":"0.66","nt":"0.00","qld":"0.07","sa":"0.23","tas":"0.05","vic":"0.11","wa":"0.14"},{"ts":"2014-02-04T19:30:00Z","nsw":"0.61","nt":"0.00","qld":"0.30","sa":"0.21","tas":"0.24","vic":"0.09","wa":"0.15"},{"ts":"2014-02-04T19:40:00Z","nsw":"0.95","nt":"0.00","qld":"0.99","sa":"0.20","tas":"0.67","vic":"0.19","wa":"0.14"},{"ts":"2014-02-04T19:50:00Z","nsw":"1.51","nt":"0.00","qld":"2.13","sa":"0.21","tas":"1.42","vic":"0.54","wa":"0.14"},{"ts":"2014-02-04T20:00:00Z","nsw":"2.36","nt":"0.00","qld":"3.79","sa":"0.22","tas":"2.74","vic":"1.27","wa":"0.14"},{"ts":"2014-02-04T20:10:00Z","nsw":"3.32","nt":"0.00","qld":"5.36","sa":"0.22","tas":"3.96","vic":"2.10","wa":"0.14"},{"ts":"2014-02-04T20:20:00Z","nsw":"4.29","nt":"0.00","qld":"7.26","sa":"0.59","tas":"5.82","vic":"2.97","wa":"0.14"},{"ts":"2014-02-04T20:30:00Z","nsw":"5.69","nt":"0.00","qld":"9.40","sa":"1.22","tas":"7.66","vic":"4.20","wa":"0.14"},{"ts":"2014-02-04T20:40:00Z","nsw":"6.97","nt":"0.00","qld":"11.66","sa":"2.19","tas":"9.83","vic":"5.71","wa":"0.14"},{"ts":"2014-02-04T20:50:00Z","nsw":"8.40","nt":"0.00","qld":"14.70","sa":"3.27","tas":"11.32","vic":"7.16","wa":"0.14"},{"ts":"2014-02-04T21:00:00Z","nsw":"10.42","nt":"0.00","qld":"17.10","sa":"4.39","tas":"13.64","vic":"9.39","wa":"0.14"},{"ts":"2014-02-04T21:10:00Z","nsw":"12.15","nt":"0.00","qld":"20.09","sa":"6.13","tas":"16.83","vic":"11.66","wa":"0.14"},{"ts":"2014-02-04T21:20:00Z","nsw":"13.85","nt":"0.00","qld":"23.30","sa":"7.81","tas":"18.97","vic":"13.92","wa":"0.16"},{"ts":"2014-02-04T21:30:00Z","nsw":"15.40","nt":"0.00","qld":"26.23","sa":"9.68","tas":"22.12","vic":"16.55","wa":"0.19"},{"ts":"2014-02-04T21:40:00Z","nsw":"18.46","nt":"0.08","qld":"28.80","sa":"11.88","tas":"26.24","vic":"19.67","wa":"0.17"},{"ts":"2014-02-04T21:50:00Z","nsw":"19.38","nt":"0.90","qld":"32.07","sa":"14.97","tas":"26.31","vic":"21.98","wa":"0.27"},{"ts":"2014-02-04T22:00:00Z","nsw":"22.27","nt":"1.86","qld":"34.48","sa":"17.54","tas":"31.46","vic":"25.16","wa":"0.82"},{"ts":"2014-02-04T22:10:00Z","nsw":"23.18","nt":"3.49","qld":"37.15","sa":"20.86","tas":"35.49","vic":"27.88","wa":"1.38"},{"ts":"2014-02-04T22:20:00Z","nsw":"25.25","nt":"3.93","qld":"40.10","sa":"23.68","tas":"37.16","vic":"31.10","wa":"2.56"},{"ts":"2014-02-04T22:30:00Z","nsw":"25.86","nt":"5.14","qld":"39.58","sa":"26.44","tas":"40.32","vic":"34.52","wa":"4.10"},{"ts":"2014-02-04T22:40:00Z","nsw":"26.48","nt":"7.29","qld":"40.90","sa":"29.23","tas":"45.94","vic":"37.73","wa":"5.42"},{"ts":"2014-02-04T22:50:00Z","nsw":"27.57","nt":"7.97","qld":"41.30","sa":"32.98","tas":"42.20","vic":"39.80","wa":"6.70"},{"ts":"2014-02-04T23:00:00Z","nsw":"29.61","nt":"6.44","qld":"44.10","sa":"36.15","tas":"48.34","vic":"43.33","wa":"8.43"},{"ts":"2014-02-04T23:10:00Z","nsw":"30.52","nt":"10.57","qld":"45.87","sa":"38.99","tas":"48.55","vic":"45.99","wa":"10.06"},{"ts":"2014-02-04T23:20:00Z","nsw":"34.35","nt":"15.86","qld":"49.25","sa":"42.21","tas":"53.76","vic":"48.86","wa":"12.44"},{"ts":"2014-02-04T23:30:00Z","nsw":"36.09","nt":"14.92","qld":"47.28","sa":"44.41","tas":"51.48","vic":"49.29","wa":"15.25"},{"ts":"2014-02-04T23:40:00Z","nsw":"37.77","nt":"17.15","qld":"50.05","sa":"47.70","tas":"60.17","vic":"52.31","wa":"17.82"},{"ts":"2014-02-04T23:50:00Z","nsw":"37.76","nt":"17.99","qld":"48.98","sa":"49.61","tas":"58.92","vic":"55.13","wa":"20.37"},{"ts":"2014-02-05T00:00:00Z","nsw":"41.39","nt":"20.30","qld":"49.14","sa":"52.69","tas":"65.23","vic":"57.48","wa":"23.21"},{"ts":"2014-02-05T00:10:00Z","nsw":"38.58","nt":"22.20","qld":"49.41","sa":"54.67","tas":"57.67","vic":"58.69","wa":"25.84"},{"ts":"2014-02-05T00:20:00Z","nsw":"41.89","nt":"21.31","qld":"51.99","sa":"56.28","tas":"65.26","vic":"60.40","wa":"29.73"},{"ts":"2014-02-05T00:30:00Z","nsw":"45.07","nt":"23.08","qld":"50.52","sa":"58.62","tas":"60.02","vic":"61.62","wa":"31.32"},{"ts":"2014-02-05T00:40:00Z","nsw":"42.58","nt":"25.43","qld":"51.33","sa":"60.18","tas":"69.75","vic":"63.43","wa":"36.30"},{"ts":"2014-02-05T00:50:00Z","nsw":"44.29","nt":"32.62","qld":"51.98","sa":"61.83","tas":"63.68","vic":"63.93","wa":"38.83"},{"ts":"2014-02-05T01:00:00Z","nsw":"46.38","nt":"36.20","qld":"52.63","sa":"64.33","tas":"66.67","vic":"65.41","wa":"43.05"},{"ts":"2014-02-05T01:10:00Z","nsw":"47.39","nt":"35.34","qld":"50.94","sa":"64.80","tas":"62.88","vic":"65.83","wa":"44.44"},{"ts":"2014-02-05T01:20:00Z","nsw":"48.68","nt":"41.34","qld":"55.61","sa":"67.11","tas":"70.68","vic":"68.32","wa":"47.02"},{"ts":"2014-02-05T01:30:00Z","nsw":"48.65","nt":"41.24","qld":"52.14","sa":"68.74","tas":"66.03","vic":"68.33","wa":"47.93"},{"ts":"2014-02-05T01:40:00Z","nsw":"48.56","nt":"54.86","qld":"53.71","sa":"69.62","tas":"70.69","vic":"68.81","wa":"49.83"},{"ts":"2014-02-05T01:50:00Z","nsw":"45.59","nt":"47.81","qld":"52.71","sa":"69.93","tas":"69.28","vic":"69.57","wa":"53.18"},{"ts":"2014-02-05T02:00:00Z","nsw":"48.93","nt":"45.58","qld":"55.73","sa":"70.45","tas":"73.19","vic":"70.13","wa":"58.16"},{"ts":"2014-02-05T02:10:00Z","nsw":"48.19","nt":"58.80","qld":"53.93","sa":"70.69","tas":"73.71","vic":"69.27","wa":"56.23"},{"ts":"2014-02-05T02:20:00Z","nsw":"49.26","nt":"59.75","qld":"56.12","sa":"72.57","tas":"77.33","vic":"69.87","wa":"57.27"},{"ts":"2014-02-05T02:30:00Z","nsw":"45.85","nt":"58.54","qld":"53.65","sa":"73.60","tas":"70.75","vic":"70.50","wa":"62.37"},{"ts":"2014-02-05T02:40:00Z","nsw":"46.10","nt":"60.59","qld":"53.05","sa":"72.42","tas":"75.44","vic":"69.48","wa":"61.28"},{"ts":"2014-02-05T02:50:00Z","nsw":"44.90","nt":"58.00","qld":"53.03","sa":"73.23","tas":"71.66","vic":"69.70","wa":"62.96"},{"ts":"2014-02-05T03:00:00Z","nsw":"46.91","nt":"54.13","qld":"54.27","sa":"73.96","tas":"72.48","vic":"69.20","wa":"66.49"},{"ts":"2014-02-05T03:10:00Z","nsw":"44.22","nt":"58.21","qld":"55.27","sa":"73.11","tas":"71.39","vic":"68.59","wa":"66.37"},{"ts":"2014-02-05T03:20:00Z","nsw":"44.67","nt":"65.06","qld":"58.33","sa":"73.70","tas":"76.07","vic":"68.30","wa":"68.80"},{"ts":"2014-02-05T03:30:00Z","nsw":"44.82","nt":"68.36","qld":"54.66","sa":"73.84","tas":"72.57","vic":"68.26","wa":"69.66"},{"ts":"2014-02-05T03:40:00Z","nsw":"43.36","nt":"77.29","qld":"56.12","sa":"72.79","tas":"73.35","vic":"67.08","wa":"69.29"},{"ts":"2014-02-05T03:50:00Z","nsw":"42.29","nt":"60.26","qld":"52.14","sa":"73.02","tas":"66.60","vic":"67.60","wa":"70.32"},{"ts":"2014-02-05T04:00:00Z","nsw":"42.01","nt":"62.74","qld":"49.39","sa":"73.01","tas":"71.43","vic":"66.08","wa":"71.22"},{"ts":"2014-02-05T04:10:00Z","nsw":"40.07","nt":"46.29","qld":"48.26","sa":"71.13","tas":"67.97","vic":"63.54","wa":"73.35"},{"ts":"2014-02-05T04:20:00Z","nsw":"40.20","nt":"36.26","qld":"48.40","sa":"70.81","tas":"69.10","vic":"63.18","wa":"71.67"},{"ts":"2014-02-05T04:30:00Z","nsw":"39.45","nt":"32.59","qld":"45.34","sa":"70.13","tas":"66.73","vic":"61.64","wa":"72.52"},{"ts":"2014-02-05T04:40:00Z","nsw":"38.81","nt":"27.56","qld":"40.96","sa":"69.56","tas":"63.80","vic":"59.62","wa":"71.28"},{"ts":"2014-02-05T04:50:00Z","nsw":"38.24","nt":"28.84","qld":"36.91","sa":"67.80","tas":"59.53","vic":"59.21","wa":"69.66"},{"ts":"2014-02-05T05:00:00Z","nsw":"38.85","nt":"24.46","qld":"35.27","sa":"67.60","tas":"61.95","vic":"57.47","wa":"72.31"},{"ts":"2014-02-05T05:10:00Z","nsw":"36.70","nt":"15.13","qld":"31.34","sa":"65.59","tas":"58.86","vic":"55.11","wa":"70.19"},{"ts":"2014-02-05T05:20:00Z","nsw":"36.32","nt":"17.55","qld":"26.80","sa":"64.25","tas":"58.70","vic":"54.46","wa":"69.91"},{"ts":"2014-02-05T05:30:00Z","nsw":"34.16","nt":"15.46","qld":"22.44","sa":"62.76","tas":"54.01","vic":"52.21","wa":"71.74"},{"ts":"2014-02-05T05:40:00Z","nsw":"31.81","nt":"12.94","qld":"19.68","sa":"60.01","tas":"53.20","vic":"50.06","wa":"70.29"},{"ts":"2014-02-05T05:50:00Z","nsw":"29.54","nt":"10.46","qld":"16.03","sa":"59.47","tas":"49.07","vic":"47.51","wa":"69.98"},{"ts":"2014-02-05T06:00:00Z","nsw":"27.03","nt":"5.73","qld":"15.73","sa":"57.56","tas":"48.58","vic":"44.91","wa":"70.78"},{"ts":"2014-02-05T06:10:00Z","nsw":"24.47","nt":"5.89","qld":"16.01","sa":"54.46","tas":"44.32","vic":"42.07","wa":"67.44"},{"ts":"2014-02-05T06:20:00Z","nsw":"23.24","nt":"6.15","qld":"14.75","sa":"51.73","tas":"41.79","vic":"40.46","wa":"66.94"},{"ts":"2014-02-05T06:30:00Z","nsw":"21.42","nt":"3.64","qld":"12.42","sa":"50.20","tas":"36.68","vic":"37.04","wa":"67.53"},{"ts":"2014-02-05T06:40:00Z","nsw":"19.39","nt":"3.76","qld":"10.41","sa":"47.15","tas":"34.61","vic":"34.51","wa":"64.83"},{"ts":"2014-02-05T06:50:00Z","nsw":"15.85","nt":"6.05","qld":"8.54","sa":"44.29","tas":"30.98","vic":"31.64","wa":"63.94"},{"ts":"2014-02-05T07:00:00Z","nsw":"13.65","nt":"6.46","qld":"6.57","sa":"42.45","tas":"27.85","vic":"28.87","wa":"63.88"},{"ts":"2014-02-05T07:10:00Z","nsw":"12.03","nt":"6.47","qld":"5.12","sa":"39.20","tas":"24.36","vic":"25.46","wa":"60.41"},{"ts":"2014-02-05T07:20:00Z","nsw":"11.28","nt":"6.96","qld":"4.19","sa":"36.19","tas":"22.94","vic":"23.23","wa":"58.79"},{"ts":"2014-02-05T07:30:00Z","nsw":"9.97","nt":"7.54","qld":"3.72","sa":"33.20","tas":"19.61","vic":"19.85","wa":"58.29"},{"ts":"2014-02-05T07:40:00Z","nsw":"8.10","nt":"7.75","qld":"3.21","sa":"30.46","tas":"17.13","vic":"17.13","wa":"54.64"},{"ts":"2014-02-05T07:50:00Z","nsw":"7.11","nt":"7.08","qld":"2.36","sa":"27.33","tas":"14.69","vic":"14.96","wa":"53.08"},{"ts":"2014-02-05T08:00:00Z","nsw":"5.83","nt":"5.97","qld":"1.78","sa":"23.89","tas":"12.42","vic":"12.54","wa":"49.53"},{"ts":"2014-02-05T08:10:00Z","nsw":"4.65","nt":"3.37","qld":"1.12","sa":"20.95","tas":"10.16","vic":"9.92","wa":"46.05"},{"ts":"2014-02-05T08:20:00Z","nsw":"3.79","nt":"3.56","qld":"0.78","sa":"17.63","tas":"8.76","vic":"8.06","wa":"44.93"},{"ts":"2014-02-05T08:30:00Z","nsw":"2.75","nt":"3.79","qld":"0.38","sa":"14.65","tas":"7.25","vic":"6.23","wa":"40.97"},{"ts":"2014-02-05T08:40:00Z","nsw":"1.74","nt":"3.19","qld":"0.18","sa":"12.04","tas":"5.84","vic":"5.05","wa":"38.74"},{"ts":"2014-02-05T08:50:00Z","nsw":"1.36","nt":"2.71","qld":"0.15","sa":"9.37","tas":"3.83","vic":"3.78","wa":"34.76"},{"ts":"2014-02-05T09:00:00Z","nsw":"1.13","nt":"2.45","qld":"0.21","sa":"6.96","tas":"2.22","vic":"3.17","wa":"31.81"},{"ts":"2014-02-05T09:10:00Z","nsw":"1.09","nt":"0.70","qld":"0.20","sa":"5.21","tas":"1.05","vic":"2.26","wa":"28.03"},{"ts":"2014-02-05T09:20:00Z","nsw":"0.73","nt":"0.76","qld":"0.19","sa":"3.34","tas":"0.49","vic":"1.34","wa":"25.05"},{"ts":"2014-02-05T09:30:00Z","nsw":"0.67","nt":"0.52","qld":"0.19","sa":"1.87","tas":"0.20","vic":"1.14","wa":"22.39"},{"ts":"2014-02-05T09:40:00Z","nsw":"0.68","nt":"0.39","qld":"0.20","sa":"0.95","tas":"0.17","vic":"1.47","wa":"19.08"},{"ts":"2014-02-05T09:50:00Z","nsw":"0.69","nt":"0.36","qld":"0.23","sa":"0.53","tas":"0.16","vic":"1.62","wa":"16.31"},{"ts":"2014-02-05T10:00:00Z","nsw":"0.78","nt":"0.36","qld":"0.20","sa":"0.41","tas":"0.20","vic":"1.51","wa":"13.35"},{"ts":"2014-02-05T10:10:00Z","nsw":"0.82","nt":"0.36","qld":"0.19","sa":"0.41","tas":"0.17","vic":"1.64","wa":"10.59"},{"ts":"2014-02-05T10:20:00Z","nsw":"0.81","nt":"0.36","qld":"0.18","sa":"0.42","tas":"0.17","vic":"1.79","wa":"8.74"},{"ts":"2014-02-05T10:30:00Z","nsw":"1.51","nt":"0.42","qld":"0.17","sa":"0.42","tas":"0.16","vic":"1.99","wa":"6.37"},{"ts":"2014-02-05T10:40:00Z","nsw":"1.16","nt":"0.42","qld":"0.18","sa":"0.42","tas":"0.18","vic":"2.52","wa":"4.84"},{"ts":"2014-02-05T10:50:00Z","nsw":"0.71","nt":"0.42","qld":"0.18","sa":"0.45","tas":"0.18","vic":"1.69","wa":"3.01"},{"ts":"2014-02-05T11:00:00Z","nsw":"0.65","nt":"0.42","qld":"0.19","sa":"0.41","tas":"0.18","vic":"1.88","wa":"1.86"},{"ts":"2014-02-05T11:10:00Z","nsw":"0.73","nt":"0.42","qld":"0.19","sa":"0.41","tas":"0.18","vic":"1.75","wa":"0.84"},{"ts":"2014-02-05T11:20:00Z","nsw":"0.64","nt":"0.42","qld":"0.20","sa":"0.41","tas":"0.18","vic":"1.71","wa":"0.40"},{"ts":"2014-02-05T11:30:00Z","nsw":"0.65","nt":"0.42","qld":"0.21","sa":"0.40","tas":"0.18","vic":"1.84","wa":"0.30"},{"ts":"2014-02-05T11:40:00Z","nsw":"1.35","nt":"0.42","qld":"0.20","sa":"0.39","tas":"0.18","vic":"1.63","wa":"0.37"},{"ts":"2014-02-05T11:50:00Z","nsw":"0.68","nt":"0.42","qld":"0.19","sa":"0.39","tas":"0.18","vic":"1.65","wa":"0.37"}],"contribution":[{"ts":"2014-02-04T17:00:00Z","nsw":"0.04","qld":"0.04","sa":"0.04","tas":"0.00","vic":"0.01","wa":"0.03"},{"ts":"2014-02-04T17:10:00Z","nsw":"0.05","qld":"0.03","sa":"0.05","tas":"0.00","vic":"0.02","wa":"0.03"},{"ts":"2014-02-04T17:20:00Z","nsw":"0.05","qld":"0.03","sa":"0.05","tas":"0.00","vic":"0.02","wa":"0.02"},{"ts":"2014-02-04T17:30:00Z","nsw":"0.05","qld":"0.03","sa":"0.05","tas":"0.00","vic":"0.01","wa":"0.03"},{"ts":"2014-02-04T17:40:00Z","nsw":"0.05","qld":"0.03","sa":"0.17","tas":"0.00","vic":"0.01","wa":"0.02"},{"ts":"2014-02-04T17:50:00Z","nsw":"0.05","qld":"0.03","sa":"0.08","tas":"0.00","vic":"0.01","wa":"0.03"},{"ts":"2014-02-04T18:00:00Z","nsw":"0.05","qld":"0.03","sa":"0.09","tas":"0.00","vic":"0.01","wa":"0.02"},{"ts":"2014-02-04T18:10:00Z","nsw":"0.05","qld":"0.03","sa":"0.10","tas":"0.00","vic":"0.02","wa":"0.03"},{"ts":"2014-02-04T18:20:00Z","nsw":"0.05","qld":"0.03","sa":"0.05","tas":"0.00","vic":"0.01","wa":"0.02"},{"ts":"2014-02-04T18:30:00Z","nsw":"0.05","qld":"0.03","sa":"0.05","tas":"0.00","vic":"0.01","wa":"0.11"},{"ts":"2014-02-04T18:40:00Z","nsw":"0.05","qld":"0.03","sa":"0.07","tas":"0.00","vic":"0.01","wa":"0.02"},{"ts":"2014-02-04T18:50:00Z","nsw":"0.05","qld":"0.03","sa":"0.07","tas":"0.00","vic":"0.01","wa":"0.03"},{"ts":"2014-02-04T19:00:00Z","nsw":"0.05","qld":"0.03","sa":"0.08","tas":"0.00","vic":"0.01","wa":"0.02"},{"ts":"2014-02-04T19:10:00Z","nsw":"0.06","qld":"0.03","sa":"0.09","tas":"0.00","vic":"0.01","wa":"0.03"},{"ts":"2014-02-04T19:20:00Z","nsw":"0.06","qld":"0.01","sa":"0.08","tas":"0.00","vic":"0.01","wa":"0.03"},{"ts":"2014-02-04T19:30:00Z","nsw":"0.05","qld":"0.06","sa":"0.07","tas":"0.01","vic":"0.01","wa":"0.03"},{"ts":"2014-02-04T19:40:00Z","nsw":"0.08","qld":"0.20","sa":"0.07","tas":"0.03","vic":"0.02","wa":"0.02"},{"ts":"2014-02-04T19:50:00Z","nsw":"0.13","qld":"0.41","sa":"0.07","tas":"0.07","vic":"0.05","wa":"0.03"},{"ts":"2014-02-04T20:00:00Z","nsw":"0.20","qld":"0.72","sa":"0.07","tas":"0.13","vic":"0.12","wa":"0.02"},{"ts":"2014-02-04T20:10:00Z","nsw":"0.28","qld":"0.98","sa":"0.07","tas":"0.18","vic":"0.19","wa":"0.03"},{"ts":"2014-02-04T20:20:00Z","nsw":"0.35","qld":"1.29","sa":"0.19","tas":"0.27","vic":"0.27","wa":"0.02"},{"ts":"2014-02-04T20:30:00Z","nsw":"0.46","qld":"1.62","sa":"0.38","tas":"0.34","vic":"0.37","wa":"0.03"},{"ts":"2014-02-04T20:40:00Z","nsw":"0.55","qld":"1.98","sa":"0.64","tas":"0.44","vic":"0.50","wa":"0.02"},{"ts":"2014-02-04T20:50:00Z","nsw":"0.66","qld":"2.46","sa":"0.93","tas":"0.51","vic":"0.62","wa":"0.03"},{"ts":"2014-02-04T21:00:00Z","nsw":"0.82","qld":"2.78","sa":"1.23","tas":"0.61","vic":"0.81","wa":"0.02"},{"ts":"2014-02-04T21:10:00Z","nsw":"0.94","qld":"3.20","sa":"1.69","tas":"0.77","vic":"1.03","wa":"0.03"},{"ts":"2014-02-04T21:20:00Z","nsw":"1.07","qld":"3.69","sa":"2.11","tas":"0.88","vic":"1.22","wa":"0.03"},{"ts":"2014-02-04T21:30:00Z","nsw":"1.18","qld":"4.07","sa":"2.60","tas":"1.03","vic":"1.45","wa":"0.03"},{"ts":"2014-02-04T21:40:00Z","nsw":"1.41","qld":"4.44","sa":"3.18","tas":"1.22","vic":"1.72","wa":"0.03"},{"ts":"2014-02-04T21:50:00Z","nsw":"1.49","qld":"4.87","sa":"3.99","tas":"1.23","vic":"1.91","wa":"0.05"},{"ts":"2014-02-04T22:00:00Z","nsw":"1.70","qld":"5.24","sa":"4.55","tas":"1.47","vic":"2.18"},{"ts":"2014-02-04T22:10:00Z","nsw":"1.76","qld":"5.53","sa":"5.41","tas":"1.67","vic":"2.40","wa":"0.23"},{"ts":"2014-02-04T22:20:00Z","nsw":"1.89","qld":"6.02","sa":"5.98","tas":"1.80","vic":"2.67","wa":"0.42"},{"ts":"2014-02-04T22:30:00Z","nsw":"1.93","qld":"5.97","sa":"6.65","tas":"1.92","vic":"2.96"},{"ts":"2014-02-04T22:40:00Z","nsw":"1.97","qld":"6.22","sa":"7.23","tas":"2.16","vic":"3.22","wa":"0.86"},{"ts":"2014-02-04T22:50:00Z","nsw":"2.04","qld":"6.23","sa":"8.01","tas":"2.01","vic":"3.40","wa":"1.05"},{"ts":"2014-02-04T23:00:00Z","nsw":"2.19","qld":"6.56","sa":"8.75","tas":"2.31","vic":"3.67","wa":"1.32"},{"ts":"2014-02-04T23:10:00Z","nsw":"2.25","qld":"6.82","sa":"9.39","tas":"2.31","vic":"3.87","wa":"1.47"},{"ts":"2014-02-04T23:20:00Z","nsw":"2.53","qld":"7.16","sa":"10.09","tas":"2.58","vic":"4.12","wa":"1.79"},{"ts":"2014-02-04T23:30:00Z","nsw":"2.65","qld":"6.95","sa":"10.47","tas":"2.48","vic":"4.13","wa":"2.16"},{"ts":"2014-02-04T23:40:00Z","nsw":"2.75","qld":"7.35","sa":"11.08","tas":"2.90","vic":"4.36","wa":"2.45"},{"ts":"2014-02-04T23:50:00Z","nsw":"2.76","qld":"7.17","sa":"11.59","tas":"2.85","vic":"4.53","wa":"2.74"},{"ts":"2014-02-05T00:00:00Z","nsw":"3.01","qld":"7.22","sa":"12.25","tas":"3.17","vic":"4.69"},{"ts":"2014-02-05T00:10:00Z","nsw":"2.79","qld":"7.25","sa":"12.57","tas":"2.83","vic":"4.75","wa":"3.43"},{"ts":"2014-02-05T00:20:00Z","nsw":"3.02","qld":"7.67","sa":"12.78","tas":"3.19","vic":"4.87","wa":"3.91"},{"ts":"2014-02-05T00:30:00Z","nsw":"3.24","qld":"7.42","sa":"13.15","tas":"2.94","vic":"4.94","wa":"4.05"},{"ts":"2014-02-05T00:40:00Z","nsw":"3.11","qld":"7.51","sa":"13.49","tas":"3.36","vic":"5.09","wa":"4.64"},{"ts":"2014-02-05T00:50:00Z","nsw":"3.22","qld":"7.59","sa":"13.80","tas":"3.10","vic":"5.07","wa":"4.92"},{"ts":"2014-02-05T01:00:00Z","nsw":"3.36","qld":"7.68","sa":"14.12","tas":"3.24","vic":"5.16","wa":"5.31"},{"ts":"2014-02-05T01:10:00Z","nsw":"3.45","qld":"7.41","sa":"14.41","tas":"3.04","vic":"5.20","wa":"5.42"},{"ts":"2014-02-05T01:20:00Z","nsw":"3.57","qld":"8.06","sa":"14.32","tas":"3.40","vic":"5.33","wa":"5.70"},{"ts":"2014-02-05T01:30:00Z","nsw":"3.55","qld":"7.61","sa":"14.77","tas":"3.18","vic":"5.33","wa":"5.73"},{"ts":"2014-02-05T01:40:00Z","nsw":"3.54","qld":"7.76","sa":"14.89","tas":"3.45","vic":"5.33","wa":"5.93"},{"ts":"2014-02-05T01:50:00Z","nsw":"3.34","qld":"7.61","sa":"14.99","tas":"3.38","vic":"5.35","wa":"6.29"},{"ts":"2014-02-05T02:00:00Z","nsw":"3.57","qld":"7.97","sa":"15.03","tas":"3.61","vic":"5.36","wa":"6.77"},{"ts":"2014-02-05T02:10:00Z","nsw":"3.53","qld":"7.67","sa":"14.88","tas":"3.58","vic":"5.28","wa":"6.55"},{"ts":"2014-02-05T02:20:00Z","nsw":"3.60","qld":"7.98","sa":"15.28","tas":"3.73","vic":"5.30"},{"ts":"2014-02-05T02:30:00Z","nsw":"3.36","qld":"7.66","sa":"15.36","tas":"3.39","vic":"5.36","wa":"7.13"},{"ts":"2014-02-05T02:40:00Z","nsw":"3.38","qld":"7.56","sa":"14.92","tas":"3.62","vic":"5.23","wa":"6.99"},{"ts":"2014-02-05T02:50:00Z","nsw":"3.28","qld":"7.55","sa":"15.13","tas":"3.48","vic":"5.22","wa":"7.16"},{"ts":"2014-02-05T03:00:00Z","nsw":"3.43","qld":"7.73","sa":"15.24","tas":"3.45","vic":"5.17","wa":"7.42"},{"ts":"2014-02-05T03:10:00Z","nsw":"3.24","qld":"7.79","sa":"14.78","tas":"3.43","vic":"5.14","wa":"7.39"},{"ts":"2014-02-05T03:20:00Z","nsw":"3.25","qld":"8.16","sa":"14.71","tas":"3.61","vic":"5.07","wa":"7.62"},{"ts":"2014-02-05T03:30:00Z","nsw":"3.27","qld":"7.72","sa":"14.64","tas":"3.45","vic":"5.08","wa":"7.60"},{"ts":"2014-02-05T03:40:00Z","nsw":"3.19","qld":"7.92","sa":"14.35","tas":"3.49","vic":"4.95","wa":"7.57"},{"ts":"2014-02-05T03:50:00Z","nsw":"3.10","qld":"7.43","sa":"14.49","tas":"3.19","vic":"4.98","wa":"7.67"},{"ts":"2014-02-05T04:00:00Z","nsw":"3.07","qld":"7.07","sa":"14.57","tas":"3.50","vic":"4.84","wa":"7.66"},{"ts":"2014-02-05T04:10:00Z","nsw":"2.96","qld":"6.88","sa":"14.24","tas":"3.30","vic":"4.66","wa":"7.88"},{"ts":"2014-02-05T04:20:00Z","nsw":"2.97","qld":"6.84","sa":"14.00","tas":"3.31","vic":"4.61","wa":"7.72"},{"ts":"2014-02-05T04:30:00Z","nsw":"2.91","qld":"6.38","sa":"13.79","tas":"3.21","vic":"4.49","wa":"7.80"},{"ts":"2014-02-05T04:40:00Z","nsw":"2.85","qld":"5.81","sa":"13.47","tas":"3.03","vic":"4.37","wa":"7.66"},{"ts":"2014-02-05T04:50:00Z","nsw":"2.80","qld":"5.30","sa":"13.33","tas":"2.85","vic":"4.29","wa":"7.48"},{"ts":"2014-02-05T05:00:00Z","nsw":"2.85","qld":"5.09","sa":"13.28","tas":"3.03","vic":"4.14","wa":"7.65"},{"ts":"2014-02-05T05:10:00Z","nsw":"2.70","qld":"4.51","sa":"12.79","tas":"2.86","vic":"3.92","wa":"7.41"},{"ts":"2014-02-05T05:20:00Z","nsw":"2.68","qld":"3.87","sa":"12.36","tas":"2.84","vic":"3.87","wa":"7.37"},{"ts":"2014-02-05T05:30:00Z","nsw":"2.51","qld":"3.28","sa":"11.81","tas":"2.62","vic":"3.69","wa":"7.52"},{"ts":"2014-02-05T05:40:00Z","nsw":"2.34","qld":"2.88","sa":"11.43","tas":"2.59","vic":"3.53","wa":"7.38"},{"ts":"2014-02-05T05:50:00Z","nsw":"2.17","qld":"2.35","sa":"11.25","tas":"2.43","vic":"3.32","wa":"7.34"},{"ts":"2014-02-05T06:00:00Z","nsw":"1.98","qld":"2.31","sa":"10.83","tas":"2.41","vic":"3.15","wa":"7.38"},{"ts":"2014-02-05T06:10:00Z","nsw":"1.81","qld":"2.34","sa":"10.27","tas":"2.20","vic":"2.97","wa":"7.03"},{"ts":"2014-02-05T06:20:00Z","nsw":"1.71","qld":"2.16","sa":"9.70","tas":"2.04","vic":"2.85","wa":"6.96"},{"ts":"2014-02-05T06:30:00Z","nsw":"1.57","qld":"1.83","sa":"9.38","tas":"1.78","vic":"2.59"},{"ts":"2014-02-05T06:40:00Z","nsw":"1.43","qld":"1.53","sa":"8.89","tas":"1.68","vic":"2.44","wa":"6.72"},{"ts":"2014-02-05T06:50:00Z","nsw":"1.18","qld":"1.26","sa":"8.41","tas":"1.53","vic":"2.24","wa":"6.63"},{"ts":"2014-02-05T07:00:00Z","nsw":"1.02","qld":"0.97","sa":"8.00","tas":"1.36","vic":"2.04","wa":"6.62"},{"ts":"2014-02-05T07:10:00Z","nsw":"0.93","qld":"0.76","sa":"7.45","tas":"1.19","vic":"1.84","wa":"6.26"},{"ts":"2014-02-05T07:20:00Z","nsw":"0.87","qld":"0.62","sa":"6.84","tas":"1.14","vic":"1.70","wa":"6.09"},{"ts":"2014-02-05T07:30:00Z","nsw":"0.77","qld":"0.55","sa":"6.38","tas":"0.98","vic":"1.46","wa":"6.00"},{"ts":"2014-02-05T07:40:00Z","nsw":"0.62","qld":"0.48","sa":"5.82","tas":"0.87","vic":"1.27","wa":"5.61"},{"ts":"2014-02-05T07:50:00Z","nsw":"0.55","qld":"0.35","sa":"5.21","tas":"0.75","vic":"1.12","wa":"5.44"},{"ts":"2014-02-05T08:00:00Z","nsw":"0.45","qld":"0.27","sa":"4.56","tas":"0.62","vic":"0.94","wa":"5.04"},{"ts":"2014-02-05T08:10:00Z","nsw":"0.37","qld":"0.17","sa":"4.05","tas":"0.51","vic":"0.76","wa":"4.71"},{"ts":"2014-02-05T08:20:00Z","nsw":"0.30","qld":"0.12","sa":"3.47","tas":"0.44","vic":"0.62","wa":"4.59"},{"ts":"2014-02-05T08:30:00Z","nsw":"0.22","qld":"0.06","sa":"2.89","tas":"0.37","vic":"0.49","wa":"4.17"},{"ts":"2014-02-05T08:40:00Z","nsw":"0.14","qld":"0.03","sa":"2.39","tas":"0.30","vic":"0.40","wa":"3.95"},{"ts":"2014-02-05T08:50:00Z","nsw":"0.11","qld":"0.02","sa":"1.88","tas":"0.20","vic":"0.30","wa":"3.56"},{"ts":"2014-02-05T09:00:00Z","nsw":"0.09","qld":"0.03","sa":"1.43","tas":"0.11","vic":"0.25","wa":"3.28"},{"ts":"2014-02-05T09:10:00Z","nsw":"0.09","qld":"0.03","sa":"1.09","tas":"0.05","vic":"0.18","wa":"2.90"},{"ts":"2014-02-05T09:20:00Z","nsw":"0.06","qld":"0.03","sa":"0.72","tas":"0.02","vic":"0.11","wa":"2.60"},{"ts":"2014-02-05T09:30:00Z","nsw":"0.05","qld":"0.03","sa":"0.40","tas":"0.01","vic":"0.09","wa":"2.35"},{"ts":"2014-02-05T09:40:00Z","nsw":"0.05","qld":"0.03","sa":"0.21","tas":"0.01","vic":"0.12","wa":"2.01"},{"ts":"2014-02-05T09:50:00Z","nsw":"0.05","qld":"0.04","sa":"0.12","tas":"0.01","vic":"0.13","wa":"1.73"},{"ts":"2014-02-05T10:00:00Z","nsw":"0.06","qld":"0.03","sa":"0.09","tas":"0.01","vic":"0.13","wa":"1.44"},{"ts":"2014-02-05T10:10:00Z","nsw":"0.07","qld":"0.03","sa":"0.09","tas":"0.01","vic":"0.14","wa":"1.15"},{"ts":"2014-02-05T10:20:00Z","nsw":"0.06","qld":"0.03","sa":"0.09","tas":"0.01","vic":"0.15","wa":"0.96"},{"ts":"2014-02-05T10:30:00Z","nsw":"0.12","qld":"0.03","sa":"0.10","tas":"0.01","vic":"0.17","wa":"0.71"},{"ts":"2014-02-05T10:40:00Z","nsw":"0.09","qld":"0.03","sa":"0.10","tas":"0.01","vic":"0.22","wa":"0.54"},{"ts":"2014-02-05T10:50:00Z","nsw":"0.06","qld":"0.03","sa":"0.10","tas":"0.01","vic":"0.15","wa":"0.34"},{"ts":"2014-02-05T11:00:00Z","nsw":"0.05","qld":"0.03","sa":"0.10","tas":"0.01","vic":"0.17","wa":"0.21"},{"ts":"2014-02-05T11:10:00Z","nsw":"0.06","qld":"0.03","sa":"0.10","tas":"0.01","vic":"0.16","wa":"0.10"},{"ts":"2014-02-05T11:20:00Z","nsw":"0.05","qld":"0.03","sa":"0.10","tas":"0.01","vic":"0.16","wa":"0.05"},{"ts":"2014-02-05T11:30:00Z","nsw":"0.05","qld":"0.03","sa":"0.10","tas":"0.01","vic":"0.17","wa":"0.03"},{"ts":"2014-02-05T11:40:00Z","nsw":"0.11","qld":"0.03","sa":"0.10","tas":"0.01","vic":"0.15","wa":"0.04"},{"ts":"2014-02-05T11:50:00Z","nsw":"0.06","qld":"0.03","sa":"0.10","tas":"0.01","vic":"0.16","wa":"0.04"}],"demand":[{"ts":"2014-02-04T17:00:00Z","nsw":5935,"qld":4642,"sa":1226,"tas":941,"vic":4055,"wa":2044},{"ts":"2014-02-04T17:10:00Z","nsw":5931,"qld":4705,"sa":1209,"tas":931,"vic":4103,"wa":2048},{"ts":"2014-02-04T17:20:00Z","nsw":5990,"qld":4650,"sa":1212,"tas":925,"vic":4130,"wa":2041},{"ts":"2014-02-04T17:30:00Z","nsw":5973,"qld":4653,"sa":1201,"tas":926,"vic":4127,"wa":2009},{"ts":"2014-02-04T17:40:00Z","nsw":6003,"qld":4666,"sa":1194,"tas":923,"vic":4161,"wa":1986},{"ts":"2014-02-04T17:50:00Z","nsw":6073,"qld":4626,"sa":1196,"tas":920,"vic":4204,"wa":1978},{"ts":"2014-02-04T18:00:00Z","nsw":6149,"qld":4659,"sa":1195,"tas":920,"vic":4223,"wa":1967},{"ts":"2014-02-04T18:10:00Z","nsw":6290,"qld":4672,"sa":1201,"tas":927,"vic":4307,"wa":1952},{"ts":"2014-02-04T18:20:00Z","nsw":6379,"qld":4699,"sa":1202,"tas":941,"vic":4349,"wa":1947},{"ts":"2014-02-04T18:30:00Z","nsw":6417,"qld":4735,"sa":1219,"tas":941,"vic":4440,"wa":1926},{"ts":"2014-02-04T18:40:00Z","nsw":6516,"qld":4728,"sa":1255,"tas":948,"vic":4466,"wa":1928},{"ts":"2014-02-04T18:50:00Z","nsw":6625,"qld":4768,"sa":1268,"tas":953,"vic":4566,"wa":1928},{"ts":"2014-02-04T19:00:00Z","nsw":6802,"qld":4788,"sa":1255,"tas":964,"vic":4695,"wa":1924},{"ts":"2014-02-04T19:10:00Z","nsw":7003,"qld":4928,"sa":1282,"tas":989,"vic":4907,"wa":1919},{"ts":"2014-02-04T19:20:00Z","nsw":7228,"qld":4888,"sa":1281,"tas":995,"vic":5046,"wa":1916},{"ts":"2014-02-04T19:30:00Z","nsw":7336,"qld":4935,"sa":1314,"tas":1017,"vic":5125,"wa":1908},{"ts":"2014-02-04T19:40:00Z","nsw":7436,"qld":5046,"sa":1352,"tas":1045,"vic":5190,"wa":1902},{"ts":"2014-02-04T19:50:00Z","nsw":7580,"qld":5148,"sa":1371,"tas":1071,"vic":5301,"wa":1901},{"ts":"2014-02-04T20:00:00Z","nsw":7668,"qld":5206,"sa":1385,"tas":1102,"vic":5410,"wa":1899},{"ts":"2014-02-04T20:10:00Z","nsw":7862,"qld":5391,"sa":1418,"tas":1124,"vic":5600,"wa":1901},{"ts":"2014-02-04T20:20:00Z","nsw":8032,"qld":5512,"sa":1415,"tas":1132,"vic":5719,"wa":1898},{"ts":"2014-02-04T20:30:00Z","nsw":8130,"qld":5662,"sa":1450,"tas":1151,"vic":5806,"wa":1895},{"ts":"2014-02-04T20:40:00Z","nsw":8246,"qld":5766,"sa":1516,"tas":1162,"vic":5908,"wa":1893},{"ts":"2014-02-04T20:50:00Z","nsw":8304,"qld":5810,"sa":1543,"tas":1151,"vic":5925,"wa":1895},{"ts":"2014-02-04T21:00:00Z","nsw":8289,"qld":5936,"sa":1569,"tas":1156,"vic":5905,"wa":1920},{"ts":"2014-02-04T21:10:00Z","nsw":8346,"qld":6051,"sa":1599,"tas":1116,"vic":5814,"wa":1944},{"ts":"2014-02-04T21:20:00Z","nsw":8416,"qld":6048,"sa":1608,"tas":1095,"vic":5783,"wa":1955},{"ts":"2014-02-04T21:30:00Z","nsw":8402,"qld":6113,"sa":1620,"tas":1101,"vic":5791,"wa":1992},{"ts":"2014-02-04T21:40:00Z","nsw":8356,"qld":6165,"sa":1606,"tas":1100,"vic":5804,"wa":1988},{"ts":"2014-02-04T21:50:00Z","nsw":8387,"qld":6197,"sa":1611,"tas":1099,"vic":5811,"wa":1999},{"ts":"2014-02-04T22:00:00Z","nsw":8421,"qld":6177,"sa":1627,"tas":1087,"vic":5837},{"ts":"2014-02-04T22:10:00Z","nsw":8490,"qld":6265,"sa":1637,"tas":1068,"vic":5821,"wa":2062},{"ts":"2014-02-04T22:20:00Z","nsw":8533,"qld":6213,"sa":1646,"tas":1062,"vic":5844,"wa":2097},{"ts":"2014-02-04T22:30:00Z","nsw":8616,"qld":6165,"sa":1652,"tas":1070,"vic":5846},{"ts":"2014-02-04T22:40:00Z","nsw":8619,"qld":6139,"sa":1678,"tas":1071,"vic":5833,"wa":2168},{"ts":"2014-02-04T22:50:00Z","nsw":8641,"qld":6197,"sa":1688,"tas":1067,"vic":5838,"wa":2186},{"ts":"2014-02-04T23:00:00Z","nsw":8638,"qld":6231,"sa":1671,"tas":1064,"vic":5854,"wa":2198},{"ts":"2014-02-04T23:10:00Z","nsw":8659,"qld":6254,"sa":1693,"tas":1061,"vic":5879,"wa":2348},{"ts":"2014-02-04T23:20:00Z","nsw":8662,"qld":6276,"sa":1673,"tas":1050,"vic":5872,"wa":2369},{"ts":"2014-02-04T23:30:00Z","nsw":8682,"qld":6262,"sa":1689,"tas":1045,"vic":5902,"wa":2401},{"ts":"2014-02-04T23:40:00Z","nsw":8701,"qld":6259,"sa":1695,"tas":1041,"vic":5938,"wa":2465},{"ts":"2014-02-04T23:50:00Z","nsw":8637,"qld":6302,"sa":1691,"tas":1040,"vic":5977,"wa":2515},{"ts":"2014-02-05T00:00:00Z","nsw":8692,"qld":6267,"sa":1671,"tas":1030,"vic":6041},{"ts":"2014-02-05T00:10:00Z","nsw":8736,"qld":6250,"sa":1682,"tas":1024,"vic":6068,"wa":2533},{"ts":"2014-02-05T00:20:00Z","nsw":8737,"qld":6243,"sa":1707,"tas":1028,"vic":6085,"wa":2544},{"ts":"2014-02-05T00:30:00Z","nsw":8740,"qld":6255,"sa":1714,"tas":1030,"vic":6106,"wa":2584},{"ts":"2014-02-05T00:40:00Z","nsw":8672,"qld":6257,"sa":1707,"tas":1034,"vic":6132,"wa":2598},{"ts":"2014-02-05T00:50:00Z","nsw":8681,"qld":6282,"sa":1725,"tas":1028,"vic":6173,"wa":2613},{"ts":"2014-02-05T01:00:00Z","nsw":8708,"qld":6291,"sa":1739,"tas":1033,"vic":6187,"wa":2671},{"ts":"2014-02-05T01:10:00Z","nsw":8665,"qld":6312,"sa":1733,"tas":1037,"vic":6197,"wa":2696},{"ts":"2014-02-05T01:20:00Z","nsw":8596,"qld":6285,"sa":1770,"tas":1039,"vic":6265,"wa":2708},{"ts":"2014-02-05T01:30:00Z","nsw":8637,"qld":6294,"sa":1762,"tas":1040,"vic":6274,"wa":2742},{"ts":"2014-02-05T01:40:00Z","nsw":8650,"qld":6337,"sa":1769,"tas":1023,"vic":6310,"wa":2751},{"ts":"2014-02-05T01:50:00Z","nsw":8564,"qld":6349,"sa":1773,"tas":1026,"vic":6366,"wa":2756},{"ts":"2014-02-05T02:00:00Z","nsw":8602,"qld":6383,"sa":1774,"tas":1018,"vic":6391,"wa":2784},{"ts":"2014-02-05T02:10:00Z","nsw":8607,"qld":6384,"sa":1792,"tas":1027,"vic":6402,"wa":2790},{"ts":"2014-02-05T02:20:00Z","nsw":8611,"qld":6405,"sa":1785,"tas":1038,"vic":6432},{"ts":"2014-02-05T02:30:00Z","nsw":8565,"qld":6426,"sa":1809,"tas":1034,"vic":6436,"wa":2825},{"ts":"2014-02-05T02:40:00Z","nsw":8632,"qld":6437,"sa":1830,"tas":1035,"vic":6494,"wa":2835},{"ts":"2014-02-05T02:50:00Z","nsw":8636,"qld":6434,"sa":1825,"tas":1025,"vic":6527,"wa":2840},{"ts":"2014-02-05T03:00:00Z","nsw":8616,"qld":6413,"sa":1831,"tas":1040,"vic":6529,"wa":2885},{"ts":"2014-02-05T03:10:00Z","nsw":8642,"qld":6473,"sa":1867,"tas":1045,"vic":6538,"wa":2896},{"ts":"2014-02-05T03:20:00Z","nsw":8661,"qld":6511,"sa":1889,"tas":1048,"vic":6600,"wa":2904},{"ts":"2014-02-05T03:30:00Z","nsw":8656,"qld":6452,"sa":1909,"tas":1049,"vic":6597,"wa":2947},{"ts":"2014-02-05T03:40:00Z","nsw":8616,"qld":6428,"sa":1922,"tas":1046,"vic":6637,"wa":2943},{"ts":"2014-02-05T03:50:00Z","nsw":8640,"qld":6472,"sa":1910,"tas":1033,"vic":6652,"wa":2947},{"ts":"2014-02-05T04:00:00Z","nsw":8639,"qld":6465,"sa":1912,"tas":1026,"vic":6706,"wa":2988},{"ts":"2014-02-05T04:10:00Z","nsw":8549,"qld":6516,"sa":1907,"tas":1037,"vic":6713,"wa":2984},{"ts":"2014-02-05T04:20:00Z","nsw":8600,"qld":6521,"sa":1929,"tas":1046,"vic":6742,"wa":2979},{"ts":"2014-02-05T04:30:00Z","nsw":8632,"qld":6578,"sa":1940,"tas":1043,"vic":6747,"wa":2984},{"ts":"2014-02-05T04:40:00Z","nsw":8643,"qld":6583,"sa":1961,"tas":1056,"vic":6737,"wa":2990},{"ts":"2014-02-05T04:50:00Z","nsw":8672,"qld":6550,"sa":1959,"tas":1044,"vic":6830,"wa":2997},{"ts":"2014-02-05T05:00:00Z","nsw":8649,"qld":6567,"sa":1967,"tas":1034,"vic":6878,"wa":3036},{"ts":"2014-02-05T05:10:00Z","nsw":8654,"qld":6560,"sa":2001,"tas":1039,"vic":6964,"wa":3053},{"ts":"2014-02-05T05:20:00Z","nsw":8608,"qld":6593,"sa":2038,"tas":1040,"vic":6988,"wa":3057},{"ts":"2014-02-05T05:30:00Z","nsw":8697,"qld":6559,"sa":2071,"tas":1034,"vic":7048,"wa":3068},{"ts":"2014-02-05T05:40:00Z","nsw":8713,"qld":6574,"sa":2072,"tas":1029,"vic":7073,"wa":3071},{"ts":"2014-02-05T05:50:00Z","nsw":8731,"qld":6614,"sa":2085,"tas":1019,"vic":7129,"wa":3074},{"ts":"2014-02-05T06:00:00Z","nsw":8756,"qld":6608,"sa":2104,"tas":1015,"vic":7123,"wa":3093},{"ts":"2014-02-05T06:10:00Z","nsw":8665,"qld":6641,"sa":2117,"tas":1019,"vic":7111,"wa":3104},{"ts":"2014-02-05T06:20:00Z","nsw":8699,"qld":6630,"sa":2144,"tas":1040,"vic":7131,"wa":3112},{"ts":"2014-02-05T06:30:00Z","nsw":8761,"qld":6621,"sa":2158,"tas":1047,"vic":7174},{"ts":"2014-02-05T06:40:00Z","nsw":8725,"qld":6651,"sa":2157,"tas":1029,"vic":7121,"wa":3131},{"ts":"2014-02-05T06:50:00Z","nsw":8655,"qld":6648,"sa":2152,"tas":1038,"vic":7121,"wa":3135},{"ts":"2014-02-05T07:00:00Z","nsw":8575,"qld":6627,"sa":2168,"tas":1041,"vic":7125,"wa":3135},{"ts":"2014-02-05T07:10:00Z","nsw":8410,"qld":6669,"sa":2170,"tas":1036,"vic":6978,"wa":3149},{"ts":"2014-02-05T07:20:00Z","nsw":8454,"qld":6689,"sa":2175,"tas":1022,"vic":6938,"wa":3156},{"ts":"2014-02-05T07:30:00Z","nsw":8436,"qld":6644,"sa":2172,"tas":1021,"vic":6918,"wa":3179},{"ts":"2014-02-05T07:40:00Z","nsw":8434,"qld":6621,"sa":2194,"tas":1012,"vic":6833,"wa":3197},{"ts":"2014-02-05T07:50:00Z","nsw":8420,"qld":6641,"sa":2202,"tas":1019,"vic":6806,"wa":3208},{"ts":"2014-02-05T08:00:00Z","nsw":8335,"qld":6615,"sa":2204,"tas":1026,"vic":6798,"wa":3244},{"ts":"2014-02-05T08:10:00Z","nsw":8262,"qld":6509,"sa":2195,"tas":1022,"vic":6679,"wa":3244},{"ts":"2014-02-05T08:20:00Z","nsw":8259,"qld":6450,"sa":2188,"tas":1025,"vic":6636,"wa":3247},{"ts":"2014-02-05T08:30:00Z","nsw":8210,"qld":6449,"sa":2195,"tas":1023,"vic":6578,"wa":3274},{"ts":"2014-02-05T08:40:00Z","nsw":8183,"qld":6466,"sa":2173,"tas":1018,"vic":6529,"wa":3278},{"ts":"2014-02-05T08:50:00Z","nsw":8267,"qld":6530,"sa":2166,"tas":1014,"vic":6470,"wa":3281},{"ts":"2014-02-05T09:00:00Z","nsw":8245,"qld":6549,"sa":2130,"tas":1021,"vic":6417,"wa":3265},{"ts":"2014-02-05T09:10:00Z","nsw":8306,"qld":6510,"sa":2085,"tas":1045,"vic":6328,"wa":3264},{"ts":"2014-02-05T09:20:00Z","nsw":8352,"qld":6474,"sa":2059,"tas":1051,"vic":6232,"wa":3261},{"ts":"2014-02-05T09:30:00Z","nsw":8363,"qld":6439,"sa":2054,"tas":1049,"vic":6203,"wa":3241},{"ts":"2014-02-05T09:40:00Z","nsw":8330,"qld":6411,"sa":2046,"tas":1058,"vic":6193,"wa":3234},{"ts":"2014-02-05T09:50:00Z","nsw":8314,"qld":6328,"sa":2030,"tas":1077,"vic":6191,"wa":3225},{"ts":"2014-02-05T10:00:00Z","nsw":8242,"qld":6289,"sa":1998,"tas":1086,"vic":6187,"wa":3184},{"ts":"2014-02-05T10:10:00Z","nsw":8190,"qld":6228,"sa":1999,"tas":1085,"vic":6154,"wa":3164},{"ts":"2014-02-05T10:20:00Z","nsw":8101,"qld":6268,"sa":1981,"tas":1082,"vic":6111,"wa":3146},{"ts":"2014-02-05T10:30:00Z","nsw":7982,"qld":6229,"sa":1933,"tas":1075,"vic":6081,"wa":3112},{"ts":"2014-02-05T10:40:00Z","nsw":7904,"qld":6226,"sa":1911,"tas":1047,"vic":6005,"wa":3101},{"ts":"2014-02-05T10:50:00Z","nsw":7760,"qld":6157,"sa":1887,"tas":1027,"vic":5895,"wa":3093},{"ts":"2014-02-05T11:00:00Z","nsw":7823,"qld":6146,"sa":1875,"tas":1022,"vic":5794,"wa":3043},{"ts":"2014-02-05T11:10:00Z","nsw":7828,"qld":6233,"sa":1837,"tas":1030,"vic":5682,"wa":3046},{"ts":"2014-02-05T11:20:00Z","nsw":7801,"qld":6204,"sa":1812,"tas":1012,"vic":5564,"wa":3043},{"ts":"2014-02-05T11:30:00Z","nsw":7723,"qld":6079,"sa":1796,"tas":997,"vic":5469,"wa":3008},{"ts":"2014-02-05T11:40:00Z","nsw":7647,"qld":6043,"sa":1748,"tas":995,"vic":5402,"wa":3031},{"ts":"2014-02-05T11:50:00Z","nsw":7569,"qld":5970,"sa":1725,"tas":986,"vic":5296,"wa":3020}],"output":[{"ts":"2014-02-04T17:00:00Z","nsw":2,"qld":1,"sa":0,"tas":0,"vic":0,"wa":0},{"ts":"2014-02-04T17:10:00Z","nsw":3,"qld":1,"sa":0,"tas":0,"vic":0,"wa":0},{"ts":"2014-02-04T17:20:00Z","nsw":3,"qld":1,"sa":0,"tas":0,"vic":0,"wa":0},{"ts":"2014-02-04T17:30:00Z","nsw":3,"qld":1,"sa":0,"tas":0,"vic":0,"wa":0},{"ts":"2014-02-04T17:40:00Z","nsw":3,"qld":1,"sa":2,"tas":0,"vic":0,"wa":0},{"ts":"2014-02-04T17:50:00Z","nsw":3,"qld":1,"sa":0,"tas":0,"vic":0,"wa":0},{"ts":"2014-02-04T18:00:00Z","nsw":3,"qld":1,"sa":1,"tas":0,"vic":0,"wa":0},{"ts":"2014-02-04T18:10:00Z","nsw":3,"qld":1,"sa":1,"tas":0,"vic":0,"wa":0},{"ts":"2014-02-04T18:20:00Z","nsw":3,"qld":1,"sa":0,"tas":0,"vic":0,"wa":0},{"ts":"2014-02-04T18:30:00Z","nsw":3,"qld":1,"sa":0,"tas":0,"vic":0,"wa":2},{"ts":"2014-02-04T18:40:00Z","nsw":3,"qld":1,"sa":0,"tas":0,"vic":0,"wa":0},{"ts":"2014-02-04T18:50:00Z","nsw":2,"qld":1,"sa":0,"tas":0,"vic":0,"wa":0},{"ts":"2014-02-04T19:00:00Z","nsw":3,"qld":1,"sa":1,"tas":0,"vic":0,"wa":0},{"ts":"2014-02-04T19:10:00Z","nsw":4,"qld":1,"sa":1,"tas":0,"vic":0,"wa":0},{"ts":"2014-02-04T19:20:00Z","nsw":4,"qld":0,"sa":1,"tas":0,"vic":0,"wa":0},{"ts":"2014-02-04T19:30:00Z","nsw":3,"qld":2,"sa":0,"tas":0,"vic":0,"wa":0},{"ts":"2014-02-04T19:40:00Z","nsw":6,"qld":9,"sa":0,"tas":0,"vic":0,"wa":0},{"ts":"2014-02-04T19:50:00Z","nsw":9,"qld":21,"sa":0,"tas":0,"vic":2,"wa":0},{"ts":"2014-02-04T20:00:00Z","nsw":15,"qld":37,"sa":0,"tas":1,"vic":6,"wa":0},{"ts":"2014-02-04T20:10:00Z","nsw":21,"qld":53,"sa":0,"tas":2,"vic":10,"wa":0},{"ts":"2014-02-04T20:20:00Z","nsw":28,"qld":72,"sa":2,"tas":3,"vic":15,"wa":0},{"ts":"2014-02-04T20:30:00Z","nsw":37,"qld":93,"sa":5,"tas":3,"vic":21,"wa":0},{"ts":"2014-02-04T20:40:00Z","nsw":45,"qld":115,"sa":9,"tas":5,"vic":29,"wa":0},{"ts":"2014-02-04T20:50:00Z","nsw":54,"qld":145,"sa":14,"tas":5,"vic":36,"wa":0},{"ts":"2014-02-04T21:00:00Z","nsw":68,"qld":169,"sa":19,"tas":7,"vic":48,"wa":0},{"ts":"2014-02-04T21:10:00Z","nsw":79,"qld":199,"sa":27,"tas":8,"vic":60,"wa":0},{"ts":"2014-02-04T21:20:00Z","nsw":90,"qld":231,"sa":34,"tas":9,"vic":71,"wa":0},{"ts":"2014-02-04T21:30:00Z","nsw":100,"qld":260,"sa":42,"tas":11,"vic":85,"wa":0},{"ts":"2014-02-04T21:40:00Z","nsw":120,"qld":285,"sa":52,"tas":13,"vic":101,"wa":0},{"ts":"2014-02-04T21:50:00Z","nsw":126,"qld":318,"sa":66,"tas":13,"vic":113,"wa":0},{"ts":"2014-02-04T22:00:00Z","nsw":145,"qld":342,"sa":77,"tas":16,"vic":129},{"ts":"2014-02-04T22:10:00Z","nsw":151,"qld":368,"sa":92,"tas":18,"vic":143,"wa":4},{"ts":"2014-02-04T22:20:00Z","nsw":164,"qld":397,"sa":105,"tas":19,"vic":160,"wa":8},{"ts":"2014-02-04T22:30:00Z","nsw":168,"qld":392,"sa":117,"tas":20,"vic":178},{"ts":"2014-02-04T22:40:00Z","nsw":172,"qld":405,"sa":129,"tas":23,"vic":194,"wa":18},{"ts":"2014-02-04T22:50:00Z","nsw":180,"qld":409,"sa":146,"tas":21,"vic":205,"wa":23},{"ts":"2014-02-04T23:00:00Z","nsw":193,"qld":437,"sa":160,"tas":25,"vic":223,"wa":29},{"ts":"2014-02-04T23:10:00Z","nsw":199,"qld":455,"sa":173,"tas":25,"vic":237,"wa":35},{"ts":"2014-02-04T23:20:00Z","nsw":224,"qld":488,"sa":187,"tas":27,"vic":252,"wa":43},{"ts":"2014-02-04T23:30:00Z","nsw":235,"qld":469,"sa":197,"tas":26,"vic":254,"wa":53},{"ts":"2014-02-04T23:40:00Z","nsw":246,"qld":496,"sa":211,"tas":31,"vic":269,"wa":62},{"ts":"2014-02-04T23:50:00Z","nsw":246,"qld":485,"sa":220,"tas":30,"vic":284,"wa":70},{"ts":"2014-02-05T00:00:00Z","nsw":270,"qld":487,"sa":233,"tas":33,"vic":296},{"ts":"2014-02-05T00:10:00Z","nsw":251,"qld":490,"sa":242,"tas":29,"vic":302,"wa":89},{"ts":"2014-02-05T00:20:00Z","nsw":273,"qld":515,"sa":249,"tas":33,"vic":311,"wa":103},{"ts":"2014-02-05T00:30:00Z","nsw":294,"qld":501,"sa":260,"tas":31,"vic":317,"wa":108},{"ts":"2014-02-05T00:40:00Z","nsw":277,"qld":509,"sa":267,"tas":36,"vic":327,"wa":126},{"ts":"2014-02-05T00:50:00Z","nsw":289,"qld":515,"sa":274,"tas":32,"vic":329,"wa":135},{"ts":"2014-02-05T01:00:00Z","nsw":302,"qld":522,"sa":285,"tas":34,"vic":337,"wa":149},{"ts":"2014-02-05T01:10:00Z","nsw":309,"qld":505,"sa":287,"tas":32,"vic":339,"wa":154},{"ts":"2014-02-05T01:20:00Z","nsw":317,"qld":551,"sa":297,"tas":36,"vic":352,"wa":163},{"ts":"2014-02-05T01:30:00Z","nsw":317,"qld":517,"sa":305,"tas":34,"vic":352,"wa":166},{"ts":"2014-02-05T01:40:00Z","nsw":317,"qld":532,"sa":309,"tas":36,"vic":354,"wa":173},{"ts":"2014-02-05T01:50:00Z","nsw":297,"qld":522,"sa":310,"tas":35,"vic":358,"wa":185},{"ts":"2014-02-05T02:00:00Z","nsw":319,"qld":552,"sa":312,"tas":37,"vic":361,"wa":202},{"ts":"2014-02-05T02:10:00Z","nsw":314,"qld":534,"sa":313,"tas":38,"vic":357,"wa":195},{"ts":"2014-02-05T02:20:00Z","nsw":321,"qld":556,"sa":322,"tas":40,"vic":360},{"ts":"2014-02-05T02:30:00Z","nsw":299,"qld":532,"sa":326,"tas":36,"vic":363,"wa":217},{"ts":"2014-02-05T02:40:00Z","nsw":300,"qld":526,"sa":321,"tas":39,"vic":358,"wa":213},{"ts":"2014-02-05T02:50:00Z","nsw":293,"qld":526,"sa":325,"tas":37,"vic":359,"wa":219},{"ts":"2014-02-05T03:00:00Z","nsw":306,"qld":538,"sa":328,"tas":37,"vic":356,"wa":231},{"ts":"2014-02-05T03:10:00Z","nsw":288,"qld":548,"sa":324,"tas":36,"vic":353,"wa":230},{"ts":"2014-02-05T03:20:00Z","nsw":291,"qld":578,"sa":327,"tas":39,"vic":352,"wa":239},{"ts":"2014-02-05T03:30:00Z","nsw":292,"qld":542,"sa":327,"tas":37,"vic":352,"wa":242},{"ts":"2014-02-05T03:40:00Z","nsw":283,"qld":556,"sa":323,"tas":37,"vic":346,"wa":241},{"ts":"2014-02-05T03:50:00Z","nsw":276,"qld":517,"sa":324,"tas":34,"vic":348,"wa":244},{"ts":"2014-02-05T04:00:00Z","nsw":274,"qld":489,"sa":324,"tas":36,"vic":340,"wa":247},{"ts":"2014-02-05T04:10:00Z","nsw":261,"qld":478,"sa":315,"tas":35,"vic":327,"wa":255},{"ts":"2014-02-05T04:20:00Z","nsw":262,"qld":480,"sa":314,"tas":35,"vic":325,"wa":249},{"ts":"2014-02-05T04:30:00Z","nsw":257,"qld":449,"sa":311,"tas":34,"vic":317,"wa":252},{"ts":"2014-02-05T04:40:00Z","nsw":253,"qld":406,"sa":308,"tas":33,"vic":307,"wa":248},{"ts":"2014-02-05T04:50:00Z","nsw":249,"qld":366,"sa":300,"tas":30,"vic":305,"wa":242},{"ts":"2014-02-05T05:00:00Z","nsw":253,"qld":349,"sa":300,"tas":32,"vic":296,"wa":251},{"ts":"2014-02-05T05:10:00Z","nsw":239,"qld":310,"sa":291,"tas":30,"vic":284,"wa":244},{"ts":"2014-02-05T05:20:00Z","nsw":237,"qld":265,"sa":285,"tas":30,"vic":280,"wa":243},{"ts":"2014-02-05T05:30:00Z","nsw":223,"qld":222,"sa":278,"tas":27,"vic":269,"wa":249},{"ts":"2014-02-05T05:40:00Z","nsw":207,"qld":195,"sa":266,"tas":27,"vic":258,"wa":244},{"ts":"2014-02-05T05:50:00Z","nsw":192,"qld":159,"sa":263,"tas":25,"vic":245,"wa":243},{"ts":"2014-02-05T06:00:00Z","nsw":176,"qld":156,"sa":255,"tas":25,"vic":231,"wa":246},{"ts":"2014-02-05T06:10:00Z","nsw":159,"qld":158,"sa":241,"tas":22,"vic":217,"wa":234},{"ts":"2014-02-05T06:20:00Z","nsw":151,"qld":146,"sa":229,"tas":21,"vic":208,"wa":232},{"ts":"2014-02-05T06:30:00Z","nsw":139,"qld":123,"sa":222,"tas":18,"vic":191},{"ts":"2014-02-05T06:40:00Z","nsw":126,"qld":103,"sa":209,"tas":17,"vic":178,"wa":225},{"ts":"2014-02-05T06:50:00Z","nsw":103,"qld":84,"sa":196,"tas":16,"vic":163,"wa":222},{"ts":"2014-02-05T07:00:00Z","nsw":89,"qld":65,"sa":188,"tas":14,"vic":148,"wa":222},{"ts":"2014-02-05T07:10:00Z","nsw":78,"qld":50,"sa":174,"tas":12,"vic":131,"wa":210},{"ts":"2014-02-05T07:20:00Z","nsw":73,"qld":41,"sa":160,"tas":11,"vic":119,"wa":204},{"ts":"2014-02-05T07:30:00Z","nsw":65,"qld":36,"sa":147,"tas":10,"vic":102,"wa":202},{"ts":"2014-02-05T07:40:00Z","nsw":52,"qld":31,"sa":135,"tas":8,"vic":88,"wa":190},{"ts":"2014-02-05T07:50:00Z","nsw":46,"qld":23,"sa":121,"tas":7,"vic":77,"wa":184},{"ts":"2014-02-05T08:00:00Z","nsw":38,"qld":17,"sa":106,"tas":6,"vic":64,"wa":172},{"ts":"2014-02-05T08:10:00Z","nsw":30,"qld":11,"sa":92,"tas":5,"vic":51,"wa":160},{"ts":"2014-02-05T08:20:00Z","nsw":24,"qld":7,"sa":78,"tas":4,"vic":41,"wa":156},{"ts":"2014-02-05T08:30:00Z","nsw":17,"qld":3,"sa":65,"tas":3,"vic":32,"wa":142},{"ts":"2014-02-05T08:40:00Z","nsw":11,"qld":1,"sa":53,"tas":3,"vic":26,"wa":134},{"ts":"2014-02-05T08:50:00Z","nsw":8,"qld":1,"sa":41,"tas":1,"vic":19,"wa":120},{"ts":"2014-02-05T09:00:00Z","nsw":7,"qld":2,"sa":30,"tas":1,"vic":16,"wa":110},{"ts":"2014-02-05T09:10:00Z","nsw":7,"qld":1,"sa":23,"tas":0,"vic":11,"wa":97},{"ts":"2014-02-05T09:20:00Z","nsw":4,"qld":1,"sa":14,"tas":0,"vic":6,"wa":87},{"ts":"2014-02-05T09:30:00Z","nsw":4,"qld":1,"sa":8,"tas":0,"vic":5,"wa":77},{"ts":"2014-02-05T09:40:00Z","nsw":4,"qld":1,"sa":4,"tas":0,"vic":7,"wa":66},{"ts":"2014-02-05T09:50:00Z","nsw":4,"qld":2,"sa":2,"tas":0,"vic":8,"wa":56},{"ts":"2014-02-05T10:00:00Z","nsw":5,"qld":1,"sa":1,"tas":0,"vic":7,"wa":46},{"ts":"2014-02-05T10:10:00Z","nsw":5,"qld":1,"sa":1,"tas":0,"vic":8,"wa":36},{"ts":"2014-02-05T10:20:00Z","nsw":5,"qld":1,"sa":1,"tas":0,"vic":9,"wa":30},{"ts":"2014-02-05T10:30:00Z","nsw":9,"qld":1,"sa":1,"tas":0,"vic":10,"wa":22},{"ts":"2014-02-05T10:40:00Z","nsw":7,"qld":1,"sa":1,"tas":0,"vic":13,"wa":16},{"ts":"2014-02-05T10:50:00Z","nsw":4,"qld":1,"sa":1,"tas":0,"vic":8,"wa":10},{"ts":"2014-02-05T11:00:00Z","nsw":4,"qld":1,"sa":1,"tas":0,"vic":9,"wa":6},{"ts":"2014-02-05T11:10:00Z","nsw":4,"qld":1,"sa":1,"tas":0,"vic":9,"wa":2},{"ts":"2014-02-05T11:20:00Z","nsw":4,"qld":2,"sa":1,"tas":0,"vic":8,"wa":1},{"ts":"2014-02-05T11:30:00Z","nsw":4,"qld":2,"sa":1,"tas":0,"vic":9,"wa":1},{"ts":"2014-02-05T11:40:00Z","nsw":8,"qld":1,"sa":1,"tas":0,"vic":8,"wa":1},{"ts":"2014-02-05T11:50:00Z","nsw":4,"qld":1,"sa":1,"tas":0,"vic":8,"wa":1}]} 