{"performance":[{"ts":"2014-03-11T17:00:00Z","nsw":"0.24","qld":"0.13","sa":"0.12","tas":"0.08","vic":"0.07","wa":"0.14"},{"ts":"2014-03-11T17:05:00Z","nsw":"0.29","qld":"0.17","sa":"0.11","tas":"0.07","vic":"0.04","wa":"0.14"},{"ts":"2014-03-11T17:10:00Z","nsw":"0.41","qld":"0.12","sa":"0.17","tas":"0.08","vic":"0.08","wa":"0.14"},{"ts":"2014-03-11T17:15:00Z","nsw":"0.27","qld":"0.12","sa":"0.17","tas":"0.07","vic":"0.16","wa":"0.14"},{"ts":"2014-03-11T17:20:00Z","nsw":"0.41","qld":"0.12","sa":"0.16","tas":"0.07","vic":"0.07","wa":"0.14"},{"ts":"2014-03-11T17:25:00Z","nsw":"0.44","qld":"0.13","sa":"0.18","tas":"0.07","vic":"0.06","wa":"0.14"},{"ts":"2014-03-11T17:30:00Z","nsw":"0.41","qld":"0.12","sa":"0.12","tas":"0.07","vic":"0.06","wa":"0.15"},{"ts":"2014-03-11T17:35:00Z","nsw":"0.38","qld":"0.13","sa":"0.18","tas":"0.08","vic":"0.08","wa":"0.14"},{"ts":"2014-03-11T17:40:00Z","nsw":"0.38","qld":"0.10","sa":"0.15","tas":"0.07","vic":"0.07","wa":"0.14"},{"ts":"2014-03-11T17:45:00Z","nsw":"0.44","qld":"0.13","sa":"0.12","tas":"0.07","vic":"0.07","wa":"0.15"},{"ts":"2014-03-11T17:50:00Z","nsw":"0.42","qld":"0.12","sa":"0.16","tas":"0.07","vic":"0.05","wa":"0.14"},{"ts":"2014-03-11T17:55:00Z","nsw":"0.42","qld":"0.12","sa":"0.17","tas":"0.08","vic":"0.15","wa":"0.16"},{"ts":"2014-03-11T18:00:00Z","nsw":"0.42","qld":"0.13","sa":"0.11","tas":"0.07","vic":"0.14","wa":"0.13"},{"ts":"2014-03-11T18:05:00Z","nsw":"0.46","qld":"0.38","sa":"0.16","tas":"0.08","vic":"0.18","wa":"0.15"},{"ts":"2014-03-11T18:10:00Z","nsw":"0.46","qld":"0.13","sa":"0.17","tas":"0.07","vic":"0.16","wa":"0.13"},{"ts":"2014-03-11T18:15:00Z","nsw":"0.42","qld":"0.35","sa":"0.16","tas":"0.00","vic":"0.34","wa":"0.17"},{"ts":"2014-03-11T18:20:00Z","nsw":"0.44","qld":"0.13","sa":"0.12","tas":"0.06","vic":"0.05","wa":"0.13"},{"ts":"2014-03-11T18:25:00Z","nsw":"0.52","qld":"0.35","sa":"0.16","tas":"0.07","vic":"0.19","wa":"0.17"},{"ts":"2014-03-11T18:30:00Z","nsw":"0.39","qld":"0.13","sa":"0.17","tas":"0.06","vic":"0.05","wa":"0.14"},{"ts":"2014-03-11T18:35:00Z","nsw":"0.46","qld":"0.36","sa":"0.16","tas":"0.07","vic":"0.22","wa":"0.17"},{"ts":"2014-03-11T18:40:00Z","nsw":"0.40","qld":"0.37","sa":"0.17","tas":"0.06","vic":"0.19","wa":"0.14"},{"ts":"2014-03-11T18:45:00Z","nsw":"0.33","qld":"0.12","sa":"0.17","tas":"0.07","vic":"0.05","wa":"0.14"},{"ts":"2014-03-11T18:50:00Z","nsw":"0.40","qld":"0.37","sa":"0.17","tas":"0.06","vic":"0.06","wa":"0.14"},{"ts":"2014-03-11T18:55:00Z","nsw":"0.37","qld":"0.13","sa":"0.11","tas":"0.08","vic":"0.06","wa":"0.06"},{"ts":"2014-03-11T19:00:00Z","nsw":"0.35","qld":"0.36","sa":"0.16","tas":"0.06","vic":"0.06","wa":"0.14"},{"ts":"2014-03-11T19:05:00Z","nsw":"0.48","qld":"0.13","sa":"0.18","tas":"0.09","vic":"0.05","wa":"0.14"},{"ts":"2014-03-11T19:10:00Z","nsw":"0.56","qld":"0.37","sa":"0.17","tas":"0.07","vic":"0.04","wa":"0.14"},{"ts":"2014-03-11T19:15:00Z","nsw":"0.48","qld":"0.13","sa":"0.17","tas":"0.09","vic":"0.03","wa":"0.13"},{"ts":"2014-03-11T19:20:00Z","nsw":"0.75","qld":"0.37","sa":"0.17","tas":"0.07","vic":"0.06","wa":"0.10"},{"ts":"2014-03-11T19:25:00Z","nsw":"0.48","qld":"0.14","sa":"0.17","tas":"0.08","vic":"0.06","wa":"0.13"},{"ts":"2014-03-11T19:30:00Z","nsw":"0.61","qld":"0.35","sa":"0.15","tas":"0.07","vic":"0.04","wa":"0.16"},{"ts":"2014-03-11T19:35:00Z","nsw":"0.45","qld":"0.15","sa":"0.18","tas":"0.09","vic":"0.30","wa":"0.15"},{"ts":"2014-03-11T19:40:00Z","nsw":"0.74","qld":"0.27","sa":"0.13","tas":"0.07","vic":"0.07","wa":"0.14"},{"ts":"2014-03-11T19:45:00Z","nsw":"0.38","qld":"0.05","sa":"0.16","tas":"0.08","vic":"0.24","wa":"0.16"},{"ts":"2014-03-11T19:50:00Z","nsw":"0.65","qld":"0.10","sa":"0.23","tas":"0.00","vic":"0.10","wa":"0.06"},{"ts":"2014-03-11T19:55:00Z","nsw":"0.65","qld":"0.31","sa":"0.22","tas":"0.05","vic":"0.07","wa":"0.15"},{"ts":"2014-03-11T20:00:00Z","nsw":"1.03","qld":"0.67","sa":"0.20","tas":"0.05","vic":"0.16","wa":"0.15"},{"ts":"2014-03-11T20:05:00Z","nsw":"1.08","qld":"1.17","sa":"0.19","tas":"0.05","vic":"0.07","wa":"0.14"},{"ts":"2014-03-11T20:10:00Z","nsw":"1.48","qld":"1.77","sa":"0.16","tas":"0.11","vic":"0.08","wa":"0.14"},{"ts":"2014-03-11T20:15:00Z","nsw":"1.59","qld":"2.48","sa":"0.10","tas":"0.35","vic":"0.08","wa":"0.16"},{"ts":"2014-03-11T20:20:00Z","nsw":"2.32","qld":"3.25","sa":"0.22","tas":"0.72","vic":"0.10","wa":"0.13"},{"ts":"2014-03-11T20:25:00Z","nsw":"2.21","qld":"3.91","sa":"0.20","tas":"1.21","vic":"0.16","wa":"0.16"},{"ts":"2014-03-11T20:30:00Z","nsw":"2.33","qld":"4.39","sa":"0.15","tas":"1.83","vic":"0.31","wa":"0.14"},{"ts":"2014-03-11T20:35:00Z","nsw":"2.78","qld":"5.00","sa":"0.10","tas":"2.73","vic":"0.60","wa":"0.16"},{"ts":"2014-03-11T20:40:00Z","nsw":"3.19","qld":"6.02","sa":"0.14","tas":"3.99","vic":"0.95","wa":"0.13"},{"ts":"2014-03-11T20:45:00Z","nsw":"3.66","qld":"6.96","sa":"0.21","tas":"4.56","vic":"1.30","wa":"0.07"},{"ts":"2014-03-11T20:50:00Z","nsw":"3.78","qld":"8.45","sa":"0.28","tas":"5.31","vic":"1.56","wa":"0.13"},{"ts":"2014-03-11T20:55:00Z","nsw":"4.44","qld":"9.43","sa":"0.71","tas":"6.84","vic":"2.10","wa":"0.16"},{"ts":"2014-03-11T21:00:00Z","nsw":"4.87","qld":"10.17","sa":"1.17","tas":"9.33","vic":"2.50","wa":"0.08"},{"ts":"2014-03-11T21:05:00Z","nsw":"6.07","qld":"12.16","sa":"1.87","tas":"11.65","vic":"3.32","wa":"0.16"},{"ts":"2014-03-11T21:10:00Z","nsw":"6.52","qld":"13.29","sa":"2.49","tas":"12.22","vic":"3.67","wa":"0.12"},{"ts":"2014-03-11T21:15:00Z","nsw":"7.70","qld":"14.04","sa":"3.03","tas":"13.42","vic":"4.30","wa":"0.17"},{"ts":"2014-03-11T21:20:00Z","nsw":"10.02","qld":"15.31","sa":"3.75","tas":"12.59","vic":"5.05","wa":"0.13"},{"ts":"2014-03-11T21:25:00Z","nsw":"11.28","qld":"16.81","sa":"4.59","tas":"10.50","vic":"6.25","wa":"0.17"},{"ts":"2014-03-11T21:30:00Z","nsw":"13.37","qld":"17.64","sa":"5.48","tas":"10.03","vic":"6.50","wa":"0.16"},{"ts":"2014-03-11T21:35:00Z","nsw":"13.71","qld":"18.16","sa":"6.30","tas":"10.94","vic":"7.93","wa":"0.06"},{"ts":"2014-03-11T21:40:00Z","nsw":"15.83","qld":"20.63","sa":"6.79","tas":"11.16","vic":"8.91","wa":"0.14"},{"ts":"2014-03-11T21:45:00Z","nsw":"17.19","qld":"21.35","sa":"8.51","tas":"12.43","vic":"10.31","wa":"0.16"},{"ts":"2014-03-11T21:50:00Z","nsw":"18.93","qld":"22.43","sa":"9.66","tas":"13.02","vic":"10.86","wa":"0.11"},{"ts":"2014-03-11T21:55:00Z","nsw":"19.21","qld":"23.47","sa":"10.73","tas":"13.10","vic":"12.18","wa":"0.18"},{"ts":"2014-03-11T22:00:00Z","nsw":"20.41","qld":"25.45","sa":"11.99","tas":"14.83","vic":"13.74","wa":"0.18"},{"ts":"2014-03-11T22:05:00Z","nsw":"21.23","qld":"28.23","sa":"13.29","tas":"18.49","vic":"14.46","wa":"0.16"},{"ts":"2014-03-11T22:10:00Z","nsw":"22.24","qld":"29.54","sa":"14.60","tas":"18.67","vic":"14.49","wa":"0.20"},{"ts":"2014-03-11T22:15:00Z","nsw":"23.22","qld":"30.85","sa":"16.68","tas":"23.99","vic":"16.09","wa":"0.17"},{"ts":"2014-03-11T22:20:00Z","nsw":"24.20","qld":"33.51","sa":"17.50","tas":"29.12","vic":"18.38","wa":"0.18"},{"ts":"2014-03-11T22:25:00Z","nsw":"25.00","qld":"35.26","sa":"19.03","tas":"28.30","vic":"19.11","wa":"0.27"},{"ts":"2014-03-11T22:30:00Z","nsw":"26.57","qld":"36.26","sa":"20.43","tas":"27.69","vic":"19.72","wa":"0.56"},{"ts":"2014-03-11T22:35:00Z","nsw":"25.46","qld":"37.88","sa":"21.45","tas":"28.88","vic":"21.75","wa":"0.59"},{"ts":"2014-03-11T22:40:00Z","nsw":"25.66","qld":"38.25","sa":"22.99","tas":"32.99","vic":"24.25","wa":"0.93"},{"ts":"2014-03-11T22:45:00Z","nsw":"28.61","qld":"39.29","sa":"24.99","tas":"33.71","vic":"23.43","wa":"1.39"},{"ts":"2014-03-11T22:50:00Z","nsw":"27.77","qld":"39.83","sa":"25.77","tas":"31.57","vic":"23.43","wa":"1.90"},{"ts":"2014-03-11T22:55:00Z","nsw":"28.55","qld":"39.17","sa":"27.93","tas":"28.75","vic":"23.15","wa":"2.79"},{"ts":"2014-03-11T23:00:00Z","nsw":"32.78","qld":"40.01","sa":"29.83","tas":"30.10","vic":"25.81","wa":"4.38"},{"ts":"2014-03-11T23:05:00Z","nsw":"33.20","qld":"39.76","sa":"31.42","tas":"29.23","vic":"25.74","wa":"5.96"},{"ts":"2014-03-11T23:10:00Z","nsw":"34.02","qld":"39.44","sa":"32.83","tas":"26.43","vic":"26.49","wa":"7.01"},{"ts":"2014-03-11T23:15:00Z","nsw":"34.01","qld":"41.95","sa":"33.85","tas":"25.20","vic":"29.21","wa":"8.63"},{"ts":"2014-03-11T23:20:00Z","nsw":"36.84","qld":"44.27","sa":"36.45","tas":"26.85","vic":"32.79","wa":"9.71"},{"ts":"2014-03-11T23:25:00Z","nsw":"39.98","qld":"45.10","sa":"37.09","tas":"30.89","vic":"31.74","wa":"10.45"},{"ts":"2014-03-11T23:30:00Z","nsw":"39.34","qld":"44.10","sa":"36.02","tas":"29.88","vic":"30.79","wa":"11.71"},{"ts":"2014-03-11T23:35:00Z","nsw":"40.57","qld":"45.84","sa":"36.96","tas":"32.70","vic":"32.29","wa":"12.95"},{"ts":"2014-03-11T23:40:00Z","nsw":"43.50","qld":"47.04","sa":"35.92","tas":"41.00","vic":"33.89","wa":"14.91"},{"ts":"2014-03-11T23:45:00Z","nsw":"42.99","qld":"48.54","sa":"36.88","tas":"43.59","vic":"36.44","wa":"16.38"},{"ts":"2014-03-11T23:50:00Z","nsw":"43.01","qld":"47.55","sa":"39.77","tas":"39.44","vic":"33.88","wa":"17.30"},{"ts":"2014-03-11T23:55:00Z","nsw":"43.90","qld":"46.55","sa":"38.78","tas":"40.57","vic":"32.51","wa":"17.63"},{"ts":"2014-03-12T00:00:00Z","nsw":"42.62","qld":"48.39","sa":"43.15","tas":"43.84","vic":"38.89","wa":"19.13"},{"ts":"2014-03-12T00:05:00Z","nsw":"43.06","nt":"0.00","qld":"50.47","sa":"41.98","tas":"43.05","vic":"38.61","wa":"21.01"},{"ts":"2014-03-12T00:10:00Z","nsw":"43.95","qld":"49.44","sa":"44.92","tas":"38.59","vic":"38.05","wa":"20.20"},{"ts":"2014-03-12T00:15:00Z","nsw":"43.38","nt":"25.78","qld":"50.13","sa":"43.81","tas":"41.27","vic":"40.36","wa":"20.76"},{"ts":"2014-03-12T00:20:00Z","nsw":"45.85","nt":"22.75","qld":"52.27","sa":"45.48","tas":"40.18","vic":"44.22","wa":"22.35"},{"ts":"2014-03-12T00:25:00Z","nsw":"41.43","qld":"52.08","sa":"48.62","tas":"35.80","vic":"43.98","wa":"24.16"},{"ts":"2014-03-12T00:30:00Z","nsw":"42.26","nt":"22.36","qld":"54.26","sa":"44.48","tas":"32.31","vic":"42.27","wa":"25.08"},{"ts":"2014-03-12T00:35:00Z","nsw":"36.92","qld":"53.18","sa":"48.86","tas":"32.96","vic":"42.88","wa":"28.71"},{"ts":"2014-03-12T00:40:00Z","nsw":"40.45","nt":"25.95","qld":"56.47","sa":"48.08","tas":"37.71","vic":"45.18","wa":"29.33"},{"ts":"2014-03-12T00:45:00Z","nsw":"39.81","qld":"56.10","sa":"46.32","tas":"36.04","vic":"45.26","wa":"32.87"},{"ts":"2014-03-12T00:50:00Z","nsw":"36.46","nt":"31.44","qld":"57.22","sa":"46.65","tas":"31.84","vic":"46.51","wa":"33.56"},{"ts":"2014-03-12T00:55:00Z","nsw":"38.39","qld":"56.08","sa":"54.12","tas":"34.19","vic":"46.30","wa":"31.55"},{"ts":"2014-03-12T01:00:00Z","nsw":"44.05","nt":"37.92","qld":"58.22","sa":"55.31","tas":"38.40","vic":"49.21","wa":"35.97"},{"ts":"2014-03-12T01:05:00Z","nsw":"42.37","qld":"57.77","sa":"55.83","tas":"43.80","vic":"47.65","wa":"38.52"},{"ts":"2014-03-12T01:10:00Z","nsw":"41.03","nt":"40.59","qld":"57.56","sa":"57.23","tas":"43.00","vic":"47.57","wa":"37.75"},{"ts":"2014-03-12T01:15:00Z","nsw":"44.88","nt":"97.80","qld":"57.19","sa":"57.96","tas":"41.71","vic":"49.84","wa":"36.87"},{"ts":"2014-03-12T01:20:00Z","nsw":"46.99","qld":"57.54","sa":"54.87","tas":"48.86","vic":"53.05","wa":"39.40"},{"ts":"2014-03-12T01:25:00Z","nsw":"45.07","nt":"43.30","qld":"55.60","sa":"56.81","tas":"49.67","vic":"54.21","wa":"41.17"},{"ts":"2014-03-12T01:30:00Z","nsw":"48.05","qld":"54.89","sa":"60.90","tas":"41.07","vic":"52.27","wa":"41.55"},{"ts":"2014-03-12T01:35:00Z","nsw":"45.87","nt":"59.46","qld":"55.97","sa":"62.82","tas":"43.44","vic":"51.69","wa":"43.57"},{"ts":"2014-03-12T01:40:00Z","nsw":"46.72","qld":"56.49","sa":"58.32","tas":"52.71","vic":"55.92","wa":"45.60"},{"ts":"2014-03-12T01:45:00Z","nsw":"47.03","nt":"56.96","qld":"56.74","sa":"58.88","tas":"52.22","vic":"53.95","wa":"48.35"},{"ts":"2014-03-12T01:50:00Z","nsw":"43.56","nt":"48.84","qld":"53.92","sa":"62.36","tas":"51.51","vic":"51.26","wa":"48.66"},{"ts":"2014-03-12T01:55:00Z","nsw":"42.92","nt":"56.89","qld":"53.55","sa":"60.11","tas":"51.94","vic":"50.95","wa":"50.62"},{"ts":"2014-03-12T02:00:00Z","nsw":"45.05","nt":"50.78","qld":"53.81","sa":"56.34","tas":"66.01","vic":"56.91","wa":"51.45"},{"ts":"2014-03-12T02:05:00Z","nsw":"43.06","qld":"56.19","sa":"55.03","tas":"53.63","vic":"54.52","wa":"53.77"},{"ts":"2014-03-12T02:10:00Z","nsw":"41.10","nt":"40.86","qld":"55.19","sa":"62.79","tas":"46.88","vic":"51.47","wa":"51.87"},{"ts":"2014-03-12T02:15:00Z","nsw":"43.79","nt":"53.29","qld":"55.20","sa":"62.23","tas":"44.51","vic":"51.78","wa":"55.41"},{"ts":"2014-03-12T02:20:00Z","nsw":"42.19","nt":"42.36","qld":"54.76","sa":"59.92","tas":"43.69","vic":"55.70","wa":"52.70"},{"ts":"2014-03-12T02:25:00Z","nsw":"42.52","qld":"55.50","sa":"61.87","tas":"44.91","vic":"55.24","wa":"58.67"},{"ts":"2014-03-12T02:30:00Z","nsw":"42.63","nt":"42.15","qld":"56.19","sa":"64.80","tas":"42.97","vic":"53.41","wa":"56.75"},{"ts":"2014-03-12T02:35:00Z","nsw":"40.40","nt":"48.50","qld":"57.08","sa":"60.73","tas":"40.60","vic":"51.08","wa":"55.87"},{"ts":"2014-03-12T02:40:00Z","nsw":"41.57","nt":"48.08","qld":"59.85","sa":"63.79","tas":"45.22","vic":"56.13","wa":"56.24"},{"ts":"2014-03-12T02:45:00Z","nsw":"47.14","nt":"44.60","qld":"62.64","sa":"62.02","tas":"48.06","vic":"54.91","wa":"58.46"},{"ts":"2014-03-12T02:50:00Z","nsw":"45.41","nt":"42.20","qld":"61.88","sa":"61.90","tas":"40.62","vic":"54.63","wa":"58.15"},{"ts":"2014-03-12T02:55:00Z","nsw":"50.26","nt":"55.50","qld":"58.26","sa":"65.13","tas":"41.70","vic":"54.05","wa":"59.48"},{"ts":"2014-03-12T03:00:00Z","nsw":"53.09","nt":"57.77","qld":"60.59","sa":"65.06","tas":"44.98","vic":"59.53","wa":"61.68"},{"ts":"2014-03-12T03:05:00Z","nsw":"54.04","nt":"85.48","qld":"60.43","sa":"61.70","tas":"48.59","vic":"57.04","wa":"61.68"},{"ts":"2014-03-12T03:10:00Z","nsw":"54.40","qld":"61.05","sa":"63.18","tas":"41.27","vic":"57.42","wa":"64.26"},{"ts":"2014-03-12T03:15:00Z","nsw":"53.40","nt":"68.49","qld":"60.88","sa":"65.13","tas":"41.15","vic":"58.13","wa":"63.36"},{"ts":"2014-03-12T03:20:00Z","nsw":"55.96","nt":"84.67","qld":"63.33","sa":"67.40","tas":"47.45","vic":"60.62","wa":"63.65"},{"ts":"2014-03-12T03:25:00Z","nsw":"59.94","nt":"55.91","qld":"60.83","sa":"67.89","tas":"46.63","vic":"59.35","wa":"66.08"},{"ts":"2014-03-12T03:30:00Z","nsw":"52.13","nt":"78.01","qld":"60.93","sa":"66.92","tas":"37.60","vic":"55.26","wa":"65.19"},{"ts":"2014-03-12T03:35:00Z","nsw":"54.30","nt":"71.59","qld":"61.87","sa":"67.93","tas":"40.87","vic":"51.84","wa":"65.45"},{"ts":"2014-03-12T03:40:00Z","nsw":"52.34","nt":"63.73","qld":"61.19","sa":"64.90","tas":"43.16","vic":"55.59","wa":"64.88"},{"ts":"2014-03-12T03:45:00Z","nsw":"47.49","nt":"71.20","qld":"60.80","sa":"68.89","tas":"46.10","vic":"53.02","wa":"64.69"},{"ts":"2014-03-12T03:50:00Z","nsw":"48.30","nt":"38.15","qld":"59.90","sa":"71.16","tas":"39.71","vic":"51.39","wa":"66.22"},{"ts":"2014-03-12T03:55:00Z","nsw":"47.31","nt":"31.50","qld":"57.02","sa":"68.14","tas":"38.82","vic":"51.93","wa":"65.74"},{"ts":"2014-03-12T04:00:00Z","nsw":"45.63","nt":"21.69","qld":"57.45","sa":"69.34","tas":"46.28","vic":"54.59","wa":"66.50"},{"ts":"2014-03-12T04:05:00Z","nsw":"43.72","nt":"25.25","qld":"58.11","sa":"68.07","tas":"43.80","vic":"52.68","wa":"64.62"},{"ts":"2014-03-12T04:10:00Z","nsw":"39.43","nt":"16.02","qld":"56.02","sa":"69.56","tas":"37.67","vic":"49.95","wa":"65.00"},{"ts":"2014-03-12T04:15:00Z","nsw":"38.42","nt":"17.27","qld":"56.64","sa":"68.88","tas":"37.05","vic":"50.44","wa":"66.75"},{"ts":"2014-03-12T04:20:00Z","nsw":"39.95","nt":"11.76","qld":"55.18","sa":"69.69","tas":"45.85","vic":"47.99","wa":"64.55"},{"ts":"2014-03-12T04:25:00Z","nsw":"38.42","nt":"14.77","qld":"54.66","sa":"67.71","tas":"45.97","vic":"50.70","wa":"64.06"},{"ts":"2014-03-12T04:30:00Z","nsw":"36.16","nt":"13.85","qld":"53.18","sa":"69.51","tas":"44.33","vic":"48.73","wa":"65.66"},{"ts":"2014-03-12T04:35:00Z","nsw":"38.24","nt":"14.27","qld":"51.14","sa":"67.03","tas":"45.34","vic":"47.14","wa":"65.82"},{"ts":"2014-03-12T04:40:00Z","nsw":"40.37","nt":"14.33","qld":"51.16","sa":"66.89","tas":"45.77","vic":"48.34","wa":"61.72"},{"ts":"2014-03-12T04:45:00Z","nsw":"36.59","nt":"13.95","qld":"49.37","sa":"65.87","tas":"41.92","vic":"48.97","wa":"65.49"},{"ts":"2014-03-12T04:50:00Z","nsw":"37.89","nt":"13.00","qld":"46.95","sa":"66.97","tas":"37.58","vic":"43.63","wa":"64.96"},{"ts":"2014-03-12T04:55:00Z","nsw":"38.41","nt":"21.41","qld":"46.17","sa":"63.41","tas":"38.46","vic":"45.12","wa":"62.11"},{"ts":"2014-03-12T05:00:00Z","nsw":"37.00","nt":"18.83","qld":"43.95","sa":"65.79","tas":"37.70","vic":"43.98","wa":"64.61"},{"ts":"2014-03-12T05:05:00Z","nsw":"36.51","nt":"26.32","qld":"44.12","sa":"64.41","tas":"37.03","vic":"43.26","wa":"61.76"},{"ts":"2014-03-12T05:10:00Z","nsw":"33.13","nt":"28.99","qld":"42.45","sa":"63.45","tas":"29.27","vic":"40.74","wa":"62.59"},{"ts":"2014-03-12T05:15:00Z","nsw":"31.85","nt":"25.77","qld":"42.89","sa":"62.50","tas":"32.27","vic":"42.18","wa":"59.99"},{"ts":"2014-03-12T05:20:00Z","nsw":"31.55","nt":"34.17","qld":"40.52","sa":"62.36","tas":"34.62","vic":"40.61","wa":"61.94"},{"ts":"2014-03-12T05:25:00Z","nsw":"29.56","nt":"37.83","qld":"39.59","sa":"60.44","tas":"34.28","vic":"41.11","wa":"59.58"},{"ts":"2014-03-12T05:30:00Z","nsw":"26.57","nt":"51.04","qld":"36.25","sa":"59.15","tas":"28.07","vic":"39.40","wa":"60.37"},{"ts":"2014-03-12T05:35:00Z","nsw":"26.38","nt":"42.35","qld":"34.97","sa":"57.16","tas":"28.93","vic":"39.16","wa":"59.70"},{"ts":"2014-03-12T05:40:00Z","nsw":"25.77","nt":"53.52","qld":"35.15","sa":"57.30","tas":"31.28","vic":"36.46","wa":"58.82"},{"ts":"2014-03-12T05:45:00Z","nsw":"25.62","nt":"54.72","qld":"33.36","sa":"55.96","tas":"29.09","vic":"39.69","wa":"62.28"},{"ts":"2014-03-12T05:50:00Z","nsw":"25.70","nt":"27.50","qld":"31.31","sa":"54.71","tas":"24.81","vic":"34.33","wa":"57.62"},{"ts":"2014-03-12T05:55:00Z","nsw":"24.21","nt":"27.70","qld":"29.51","sa":"52.95","tas":"25.83","vic":"34.38","wa":"57.59"},{"ts":"2014-03-12T06:00:00Z","nsw":"23.80","nt":"23.08","qld":"28.40","sa":"52.16","tas":"25.98","vic":"32.88","wa":"56.94"},{"ts":"2014-03-12T06:05:00Z","nsw":"22.29","nt":"23.68","qld":"27.15","sa":"50.32","tas":"25.31","vic":"33.46","wa":"56.29"},{"ts":"2014-03-12T06:10:00Z","nsw":"20.36","nt":"22.87","qld":"24.61","sa":"49.22","tas":"20.73","vic":"30.85","wa":"56.43"},{"ts":"2014-03-12T06:15:00Z","nsw":"18.39","nt":"25.97","qld":"24.79","sa":"48.44","tas":"19.91","vic":"31.25","wa":"54.31"},{"ts":"2014-03-12T06:20:00Z","nsw":"19.09","nt":"4.05","qld":"23.51","sa":"45.85","tas":"19.50","vic":"29.27","wa":"50.76"},{"ts":"2014-03-12T06:25:00Z","nsw":"19.27","nt":"39.58","qld":"21.60","sa":"45.74","tas":"19.21","vic":"30.88","wa":"51.06"},{"ts":"2014-03-12T06:30:00Z","nsw":"16.39","nt":"28.92","qld":"20.18","sa":"43.17","tas":"17.64","vic":"26.81","wa":"47.83"},{"ts":"2014-03-12T06:35:00Z","nsw":"18.12","nt":"36.47","qld":"19.27","sa":"43.19","tas":"16.00","vic":"27.18","wa":"43.78"},{"ts":"2014-03-12T06:40:00Z","nsw":"17.44","nt":"5.95","qld":"18.05","sa":"39.66","tas":"17.31","vic":"24.66","wa":"47.17"},{"ts":"2014-03-12T06:45:00Z","nsw":"17.07","nt":"36.24","qld":"17.77","sa":"38.97","tas":"15.23","vic":"24.37","wa":"45.90"},{"ts":"2014-03-12T06:50:00Z","nsw":"16.30","nt":"37.56","qld":"15.66","sa":"37.46","tas":"14.54","vic":"21.30","wa":"45.83"},{"ts":"2014-03-12T06:55:00Z","nsw":"15.34","nt":"24.13","qld":"14.59","sa":"35.69","tas":"13.56","vic":"21.26","wa":"43.18"},{"ts":"2014-03-12T07:00:00Z","nsw":"14.44","nt":"33.78","qld":"13.17","sa":"34.00","tas":"13.95","vic":"20.07","wa":"46.82"},{"ts":"2014-03-12T07:05:00Z","nsw":"12.35","nt":"30.52","qld":"11.83","sa":"33.62","tas":"11.52","vic":"18.53","wa":"45.14"},{"ts":"2014-03-12T07:10:00Z","nsw":"12.14","nt":"21.38","qld":"9.90","sa":"31.37","tas":"10.59","vic":"15.79","wa":"42.95"},{"ts":"2014-03-12T07:15:00Z","nsw":"10.98","nt":"28.18","qld":"8.83","sa":"30.34","tas":"9.06","vic":"15.51","wa":"42.29"},{"ts":"2014-03-12T07:20:00Z","nsw":"10.28","nt":"20.75","qld":"7.61","sa":"27.66","tas":"9.08","vic":"13.81","wa":"42.06"},{"ts":"2014-03-12T07:25:00Z","nsw":"8.18","nt":"21.40","qld":"6.56","sa":"27.18","tas":"8.41","vic":"13.34","wa":"42.64"},{"ts":"2014-03-12T07:30:00Z","nsw":"6.91","nt":"23.87","qld":"5.61","sa":"24.43","tas":"7.55","vic":"11.16","wa":"41.62"},{"ts":"2014-03-12T07:35:00Z","nsw":"6.12","nt":"35.35","qld":"4.51","sa":"23.42","tas":"6.87","vic":"10.44","wa":"40.19"},{"ts":"2014-03-12T07:40:00Z","nsw":"5.79","nt":"27.75","qld":"3.48","sa":"20.95","tas":"6.80","vic":"8.27","wa":"39.56"},{"ts":"2014-03-12T07:45:00Z","nsw":"5.15","nt":"22.98","qld":"2.74","sa":"20.10","tas":"6.31","vic":"7.90","wa":"37.67"},{"ts":"2014-03-12T07:50:00Z","nsw":"4.18","nt":"36.37","qld":"1.89","sa":"18.00","tas":"5.28","vic":"6.02","wa":"34.30"},{"ts":"2014-03-12T07:55:00Z","nsw":"3.84","nt":"21.07","qld":"1.37","sa":"16.86","tas":"4.68","vic":"5.13","wa":"31.73"},{"ts":"2014-03-12T08:00:00Z","nsw":"2.85","nt":"19.07","qld":"0.94","sa":"14.63","tas":"4.36","vic":"4.29","wa":"32.45"},{"ts":"2014-03-12T08:05:00Z","nsw":"3.06","nt":"18.16","qld":"0.59","sa":"13.56","tas":"3.50","vic":"3.62","wa":"29.57"},{"ts":"2014-03-12T08:10:00Z","nsw":"2.36","nt":"20.08","qld":"0.43","sa":"11.76","tas":"2.74","vic":"2.91","wa":"27.64"},{"ts":"2014-03-12T08:15:00Z","nsw":"1.79","nt":"15.58","qld":"0.40","sa":"10.38","tas":"2.20","vic":"2.57","wa":"26.74"},{"ts":"2014-03-12T08:20:00Z","nsw":"1.98","nt":"19.23","qld":"0.32","sa":"9.30","tas":"1.87","vic":"2.10","wa":"27.70"},{"ts":"2014-03-12T08:25:00Z","nsw":"1.69","nt":"13.39","qld":"0.30","sa":"7.85","tas":"1.25","vic":"1.61","wa":"26.20"},{"ts":"2014-03-12T08:30:00Z","nsw":"1.61","nt":"15.05","qld":"0.40","sa":"6.34","tas":"0.72","vic":"1.22","wa":"24.97"},{"ts":"2014-03-12T08:35:00Z","nsw":"1.40","nt":"10.96","qld":"0.52","sa":"5.29","tas":"0.42","vic":"1.02","wa":"21.62"},{"ts":"2014-03-12T08:40:00Z","nsw":"1.73","nt":"9.94","qld":"0.53","sa":"4.33","tas":"0.35","vic":"0.81","wa":"20.42"},{"ts":"2014-03-12T08:45:00Z","nsw":"1.88","nt":"9.33","qld":"0.45","sa":"3.28","tas":"0.24","vic":"0.75","wa":"18.86"},{"ts":"2014-03-12T08:50:00Z","nsw":"1.86","nt":"6.70","qld":"0.25","sa":"2.49","tas":"0.21","vic":"0.51","wa":"16.17"},{"ts":"2014-03-12T08:55:00Z","nsw":"2.03","nt":"4.30","qld":"0.50","sa":"1.73","tas":"0.26","vic":"0.77","wa":"15.73"},{"ts":"2014-03-12T09:00:00Z","nsw":"1.48","nt":"5.58","qld":"0.56","sa":"1.07","tas":"0.28","vic":"0.50","wa":"14.86"},{"ts":"2014-03-12T09:05:00Z","nsw":"1.73","nt":"2.38","qld":"0.55","sa":"0.61","tas":"0.33","vic":"1.02","wa":"13.56"},{"ts":"2014-03-12T09:10:00Z","nsw":"1.58","nt":"2.12","qld":"0.62","sa":"0.45","tas":"0.35","vic":"0.38","wa":"12.13"},{"ts":"2014-03-12T09:15:00Z","nsw":"2.18","nt":"2.02","qld":"0.56","sa":"0.39","tas":"0.24","vic":"0.91","wa":"10.82"},{"ts":"2014-03-12T09:20:00Z","nsw":"1.78","nt":"0.81","qld":"0.61","sa":"0.39","tas":"0.23","vic":"0.19","wa":"9.55"},{"ts":"2014-03-12T09:25:00Z","nsw":"1.99","nt":"0.56","qld":"0.20","sa":"0.37","tas":"0.21","vic":"0.67","wa":"9.08"},{"ts":"2014-03-12T09:30:00Z","nsw":"1.97","nt":"0.41","qld":"0.60","sa":"0.33","tas":"0.17","vic":"1.06","wa":"7.47"},{"ts":"2014-03-12T09:35:00Z","nsw":"1.59","nt":"0.51","qld":"0.58","sa":"0.27","tas":"0.20","vic":"0.09","wa":"6.57"},{"ts":"2014-03-12T09:40:00Z","nsw":"2.52","nt":"0.22","qld":"0.54","sa":"0.26","tas":"0.20","vic":"0.75","wa":"6.18"},{"ts":"2014-03-12T09:45:00Z","nsw":"1.56","nt":"0.45","qld":"0.61","sa":"0.31","tas":"0.22","vic":"0.09","wa":"5.51"},{"ts":"2014-03-12T09:50:00Z","nsw":"0.51","nt":"0.23","qld":"0.56","sa":"0.30","tas":"0.20","vic":"0.80","wa":"4.86"},{"ts":"2014-03-12T09:55:00Z","nsw":"0.64","nt":"0.51","qld":"0.55","sa":"0.34","tas":"0.22","vic":"0.09","wa":"4.28"},{"ts":"2014-03-12T10:00:00Z","nsw":"0.71","nt":"0.23","qld":"0.55","sa":"0.34","tas":"0.16","vic":"0.82","wa":"3.83"},{"ts":"2014-03-12T10:05:00Z","nsw":"0.47","nt":"0.51","qld":"0.60","sa":"0.34","tas":"0.29","vic":"0.08","wa":"3.25"},{"ts":"2014-03-12T10:10:00Z","nsw":"0.72","nt":"0.49","qld":"0.19","sa":"0.31","tas":"0.25","vic":"0.70","wa":"2.58"},{"ts":"2014-03-12T10:15:00Z","nsw":"0.29","nt":"0.41","qld":"0.22","sa":"0.26","tas":"0.25","vic":"1.07","wa":"2.08"},{"ts":"2014-03-12T10:20:00Z","nsw":"0.66","nt":"0.66","qld":"0.20","sa":"0.25","tas":"0.22","vic":"0.16","wa":"1.51"},{"ts":"2014-03-12T10:25:00Z","nsw":"0.50","qld":"0.22","sa":"0.28","tas":"0.24","vic":"1.06","wa":"1.18"},{"ts":"2014-03-12T10:30:00Z","nsw":"0.64","nt":"0.66","qld":"0.28","sa":"0.36","tas":"0.27","vic":"0.11","wa":"0.81"},{"ts":"2014-03-12T10:35:00Z","nsw":"0.66","qld":"0.20","sa":"0.22","tas":"0.24","vic":"0.80","wa":"0.50"},{"ts":"2014-03-12T10:40:00Z","nsw":"0.32","nt":"0.66","qld":"0.23","sa":"0.23","tas":"0.27","vic":"0.30","wa":"0.38"},{"ts":"2014-03-12T10:45:00Z","nsw":"0.71","qld":"0.13","sa":"0.21","tas":"0.24","vic":"0.91","wa":"0.31"},{"ts":"2014-03-12T10:50:00Z","nsw":"0.30","nt":"0.66","qld":"0.20","sa":"0.18","tas":"0.22","vic":"0.08","wa":"0.25"},{"ts":"2014-03-12T10:55:00Z","nsw":"0.67","qld":"0.25","sa":"0.16","tas":"0.24","vic":"0.71","wa":"0.30"},{"ts":"2014-03-12T11:00:00Z","nsw":"0.47","nt":"0.66","qld":"0.26","sa":"0.26","tas":"0.24","vic":"0.84","wa":"0.35"},{"ts":"2014-03-12T11:05:00Z","nsw":"0.50","nt":"0.53","qld":"0.21","sa":"0.24","tas":"0.24","vic":"0.07","wa":"0.35"},{"ts":"2014-03-12T11:10:00Z","nsw":"0.49","nt":"0.85","qld":"0.28","sa":"0.22","tas":"0.24","vic":"0.75","wa":"0.37"},{"ts":"2014-03-12T11:15:00Z","nsw":"0.47","nt":"0.66","qld":"0.21","sa":"0.19","tas":"0.19","vic":"0.08","wa":"0.20"},{"ts":"2014-03-12T11:20:00Z","nsw":"0.58","qld":"0.24","sa":"0.23","tas":"0.21","vic":"0.79","wa":"0.29"},{"ts":"2014-03-12T11:25:00Z","nsw":"0.47","nt":"0.66","qld":"0.22","sa":"0.16","tas":"0.27","vic":"0.08","wa":"0.18"},{"ts":"2014-03-12T11:30:00Z","nsw":"1.35","qld":"0.21","sa":"0.21","tas":"0.27","vic":"0.89","wa":"0.25"},{"ts":"2014-03-12T11:35:00Z","nsw":"0.52","nt":"0.66","qld":"0.18","sa":"0.15","tas":"0.19","vic":"0.09","wa":"0.41"},{"ts":"2014-03-12T11:40:00Z","nsw":"0.53","qld":"0.24","sa":"0.21","tas":"0.24","vic":"0.89","wa":"0.29"},{"ts":"2014-03-12T11:45:00Z","nsw":"0.27","nt":"0.66","qld":"0.22","sa":"0.14","tas":"0.19","vic":"0.07","wa":"0.28"},{"ts":"2014-03-12T11:50:00Z","nsw":"0.50","qld":"0.21","sa":"0.19","tas":"0.24","vic":"0.74","wa":"0.23"},{"ts":"2014-03-12T11:55:00Z","nsw":"0.47","nt":"0.66","qld":"0.21","sa":"0.19","tas":"0.24","vic":"1.00","wa":"0.33"}],"contribution":[{"ts":"2014-03-11T17:00:00Z","nsw":"0.03","qld":"0.03","sa":"0.04","tas":"0.00","vic":"0.01","wa":"0.03"},{"ts":"2014-03-11T17:05:00Z","nsw":"0.03","qld":"0.04","sa":"0.04","tas":"0.00","vic":"0.01"},{"ts":"2014-03-11T17:10:00Z","nsw":"0.04","qld":"0.03","sa":"0.06","tas":"0.00","vic":"0.01","wa":"0.03"},{"ts":"2014-03-11T17:15:00Z","nsw":"0.03","qld":"0.03","sa":"0.07","tas":"0.00","vic":"0.02"},{"ts":"2014-03-11T17:20:00Z","nsw":"0.04","qld":"0.03","sa":"0.06","tas":"0.00","vic":"0.01","wa":"0.03"},{"ts":"2014-03-11T17:25:00Z","nsw":"0.05","qld":"0.03","sa":"0.07","tas":"0.00","vic":"0.01"},{"ts":"2014-03-11T17:30:00Z","nsw":"0.04","qld":"0.03","sa":"0.05","tas":"0.00","vic":"0.01"},{"ts":"2014-03-11T17:35:00Z","nsw":"0.04","qld":"0.03","sa":"0.07","tas":"0.00","vic":"0.01"},{"ts":"2014-03-11T17:40:00Z","nsw":"0.04","qld":"0.02","sa":"0.06","tas":"0.00","vic":"0.01","wa":"0.03"},{"ts":"2014-03-11T17:45:00Z","nsw":"0.05","qld":"0.03","sa":"0.05","tas":"0.00","vic":"0.01"},{"ts":"2014-03-11T17:50:00Z","nsw":"0.05","qld":"0.03","sa":"0.06","tas":"0.00","vic":"0.01","wa":"0.03"},{"ts":"2014-03-11T17:55:00Z","nsw":"0.04","qld":"0.03","sa":"0.07","tas":"0.00","vic":"0.02"},{"ts":"2014-03-11T18:00:00Z","nsw":"0.05","qld":"0.03","sa":"0.04","tas":"0.00","vic":"0.02","wa":"0.02"},{"ts":"2014-03-11T18:05:00Z","nsw":"0.05","qld":"0.08","sa":"0.07","tas":"0.00","vic":"0.02"},{"ts":"2014-03-11T18:10:00Z","nsw":"0.05","qld":"0.03","sa":"0.07","tas":"0.00","vic":"0.02","wa":"0.02"},{"ts":"2014-03-11T18:15:00Z","nsw":"0.04","qld":"0.08","sa":"0.06","tas":"0.00","vic":"0.04"},{"ts":"2014-03-11T18:20:00Z","nsw":"0.04","qld":"0.03","sa":"0.05","tas":"0.00","vic":"0.01","wa":"0.02"},{"ts":"2014-03-11T18:25:00Z","nsw":"0.05","qld":"0.08","sa":"0.06","tas":"0.00","vic":"0.02"},{"ts":"2014-03-11T18:30:00Z","nsw":"0.04","qld":"0.03","sa":"0.07","tas":"0.00","vic":"0.01","wa":"0.03"},{"ts":"2014-03-11T18:35:00Z","nsw":"0.05","qld":"0.08","sa":"0.06","tas":"0.00","vic":"0.02"},{"ts":"2014-03-11T18:40:00Z","nsw":"0.04","qld":"0.08","sa":"0.07","tas":"0.00","vic":"0.02","wa":"0.03"},{"ts":"2014-03-11T18:45:00Z","nsw":"0.03","qld":"0.03","sa":"0.07","tas":"0.00","vic":"0.01"},{"ts":"2014-03-11T18:50:00Z","nsw":"0.04","qld":"0.08","sa":"0.06","tas":"0.00","vic":"0.01","wa":"0.03"},{"ts":"2014-03-11T18:55:00Z","nsw":"0.04","qld":"0.03","sa":"0.04","tas":"0.00","vic":"0.01"},{"ts":"2014-03-11T19:00:00Z","nsw":"0.03","qld":"0.08","sa":"0.06","tas":"0.00","vic":"0.01"},{"ts":"2014-03-11T19:05:00Z","nsw":"0.05","qld":"0.03","sa":"0.06","tas":"0.00","vic":"0.01"},{"ts":"2014-03-11T19:10:00Z","nsw":"0.05","qld":"0.08","sa":"0.06","tas":"0.00","vic":"0.00","wa":"0.03"},{"ts":"2014-03-11T19:15:00Z","nsw":"0.04","qld":"0.03","sa":"0.06","tas":"0.00","vic":"0.00"},{"ts":"2014-03-11T19:20:00Z","nsw":"0.07","qld":"0.07","sa":"0.06","tas":"0.00","vic":"0.01","wa":"0.02"},{"ts":"2014-03-11T19:25:00Z","nsw":"0.04","qld":"0.03","sa":"0.06","tas":"0.00","vic":"0.01"},{"ts":"2014-03-11T19:30:00Z","nsw":"0.05","qld":"0.07","sa":"0.05","tas":"0.00","vic":"0.00","wa":"0.03"},{"ts":"2014-03-11T19:35:00Z","nsw":"0.04","qld":"0.03","sa":"0.06","tas":"0.00","vic":"0.03"},{"ts":"2014-03-11T19:40:00Z","nsw":"0.06","qld":"0.05","sa":"0.04","tas":"0.00","vic":"0.01","wa":"0.03"},{"ts":"2014-03-11T19:45:00Z","nsw":"0.03","qld":"0.01","sa":"0.06","tas":"0.00","vic":"0.02"},{"ts":"2014-03-11T19:50:00Z","nsw":"0.05","qld":"0.02","sa":"0.07","tas":"0.00","vic":"0.01","wa":"0.01"},{"ts":"2014-03-11T19:55:00Z","nsw":"0.05","qld":"0.06","sa":"0.07","tas":"0.00","vic":"0.01"},{"ts":"2014-03-11T20:00:00Z","nsw":"0.09","qld":"0.13","sa":"0.07","tas":"0.00","vic":"0.01","wa":"0.03"},{"ts":"2014-03-11T20:05:00Z","nsw":"0.09","qld":"0.22","sa":"0.06","tas":"0.00","vic":"0.01"},{"ts":"2014-03-11T20:10:00Z","nsw":"0.12","qld":"0.33","sa":"0.05","tas":"0.01","vic":"0.01","wa":"0.03"},{"ts":"2014-03-11T20:15:00Z","nsw":"0.13","qld":"0.45","sa":"0.03","tas":"0.02","vic":"0.01"},{"ts":"2014-03-11T20:20:00Z","nsw":"0.18","qld":"0.58","sa":"0.07","tas":"0.03","vic":"0.01","wa":"0.03"},{"ts":"2014-03-11T20:25:00Z","nsw":"0.17","qld":"0.70","sa":"0.06","tas":"0.05","vic":"0.01"},{"ts":"2014-03-11T20:30:00Z","nsw":"0.18","qld":"0.78","sa":"0.05","tas":"0.08","vic":"0.03","wa":"0.03"},{"ts":"2014-03-11T20:35:00Z","nsw":"0.22","qld":"0.87","sa":"0.03","tas":"0.12","vic":"0.05"},{"ts":"2014-03-11T20:40:00Z","nsw":"0.25","qld":"1.04","sa":"0.04","tas":"0.17","vic":"0.08","wa":"0.02"},{"ts":"2014-03-11T20:45:00Z","nsw":"0.28","qld":"1.20","sa":"0.06","tas":"0.20","vic":"0.11"},{"ts":"2014-03-11T20:50:00Z","nsw":"0.29","qld":"1.43","sa":"0.08","tas":"0.23","vic":"0.13","wa":"0.03"},{"ts":"2014-03-11T20:55:00Z","nsw":"0.34","qld":"1.57","sa":"0.20","tas":"0.30","vic":"0.18"},{"ts":"2014-03-11T21:00:00Z","nsw":"0.37","qld":"1.68","sa":"0.33","tas":"0.41","vic":"0.21","wa":"0.01"},{"ts":"2014-03-11T21:05:00Z","nsw":"0.46","qld":"1.99","sa":"0.52","tas":"0.52","vic":"0.29"},{"ts":"2014-03-11T21:10:00Z","nsw":"0.50","qld":"2.14","sa":"0.69","tas":"0.54","vic":"0.31","wa":"0.02"},{"ts":"2014-03-11T21:15:00Z","nsw":"0.59","qld":"2.24","sa":"0.84","tas":"0.59","vic":"0.37"},{"ts":"2014-03-11T21:20:00Z","nsw":"0.76","qld":"2.41","sa":"1.04","tas":"0.57","vic":"0.43","wa":"0.02"},{"ts":"2014-03-11T21:25:00Z","nsw":"0.85","qld":"2.64","sa":"1.27","tas":"0.48","vic":"0.54"},{"ts":"2014-03-11T21:30:00Z","nsw":"1.00","qld":"2.74","sa":"1.50","tas":"0.46","vic":"0.56"},{"ts":"2014-03-11T21:35:00Z","nsw":"1.04","qld":"2.84","sa":"1.76","tas":"0.49","vic":"0.68"},{"ts":"2014-03-11T21:40:00Z","nsw":"1.18","qld":"3.22","sa":"1.91","tas":"0.51","vic":"0.77","wa":"0.02"},{"ts":"2014-03-11T21:45:00Z","nsw":"1.28","qld":"3.32","sa":"2.39","tas":"0.56","vic":"0.89"},{"ts":"2014-03-11T21:50:00Z","nsw":"1.42","qld":"3.48","sa":"2.74","tas":"0.57","vic":"0.93","wa":"0.02"},{"ts":"2014-03-11T21:55:00Z","nsw":"1.43","qld":"3.63","sa":"3.02","tas":"0.57","vic":"1.04"},{"ts":"2014-03-11T22:00:00Z","nsw":"1.52","qld":"3.94","sa":"3.37","tas":"0.66","vic":"1.17"},{"ts":"2014-03-11T22:05:00Z","nsw":"1.57","qld":"4.34","sa":"3.69","tas":"0.84","vic":"1.23"},{"ts":"2014-03-11T22:10:00Z","nsw":"1.63","qld":"4.55","sa":"4.13","tas":"0.85","vic":"1.24","wa":"0.03"},{"ts":"2014-03-11T22:15:00Z","nsw":"1.71","qld":"4.69","sa":"4.66","tas":"1.10","vic":"1.37"},{"ts":"2014-03-11T22:20:00Z","nsw":"1.77","qld":"5.10","sa":"4.91","tas":"1.35","vic":"1.57","wa":"0.03"},{"ts":"2014-03-11T22:25:00Z","nsw":"1.82","qld":"5.41","sa":"5.35","tas":"1.34","vic":"1.63"},{"ts":"2014-03-11T22:30:00Z","nsw":"1.92","qld":"5.51","sa":"5.73","tas":"1.30","vic":"1.68","wa":"0.09"},{"ts":"2014-03-11T22:35:00Z","nsw":"1.84","qld":"5.72","sa":"5.97","tas":"1.37","vic":"1.85"},{"ts":"2014-03-11T22:40:00Z","nsw":"1.86","qld":"5.81","sa":"6.32","tas":"1.55","vic":"2.06","wa":"0.15"},{"ts":"2014-03-11T22:45:00Z","nsw":"2.05","qld":"5.96","sa":"6.86","tas":"1.59","vic":"1.99"},{"ts":"2014-03-11T22:50:00Z","nsw":"1.99","qld":"5.96","sa":"7.17","tas":"1.49","vic":"1.99","wa":"0.30"},{"ts":"2014-03-11T22:55:00Z","nsw":"2.05","qld":"5.89","sa":"7.74","tas":"1.36","vic":"1.96"},{"ts":"2014-03-11T23:00:00Z","nsw":"2.33","qld":"6.02","sa":"8.28","tas":"1.39","vic":"2.18"},{"ts":"2014-03-11T23:05:00Z","nsw":"2.36","qld":"5.96","sa":"8.62","tas":"1.36","vic":"2.18"},{"ts":"2014-03-11T23:10:00Z","nsw":"2.42","qld":"5.95","sa":"9.07","tas":"1.24","vic":"2.25","wa":"1.06"},{"ts":"2014-03-11T23:15:00Z","nsw":"2.43","qld":"6.22","sa":"9.40","tas":"1.17","vic":"2.47"},{"ts":"2014-03-11T23:20:00Z","nsw":"2.62","qld":"6.61","sa":"10.03","tas":"1.26","vic":"2.77","wa":"1.46"},{"ts":"2014-03-11T23:25:00Z","nsw":"2.84","qld":"6.74","sa":"10.25","tas":"1.43","vic":"2.68"},{"ts":"2014-03-11T23:30:00Z","nsw":"2.80","qld":"6.62","sa":"9.95","tas":"1.39","vic":"2.60","wa":"1.68"},{"ts":"2014-03-11T23:35:00Z","nsw":"2.88","qld":"6.84","sa":"10.29","tas":"1.52","vic":"2.71"},{"ts":"2014-03-11T23:40:00Z","nsw":"3.07","qld":"7.01","sa":"10.00","tas":"1.93","vic":"2.85","wa":"2.11"},{"ts":"2014-03-11T23:45:00Z","nsw":"3.02","qld":"7.22","sa":"10.25","tas":"2.07","vic":"3.05"},{"ts":"2014-03-11T23:50:00Z","nsw":"3.01","qld":"7.06","sa":"10.93","tas":"1.88","vic":"2.86","wa":"2.44"},{"ts":"2014-03-11T23:55:00Z","nsw":"3.07","qld":"7.02","sa":"10.74","tas":"1.92","vic":"2.74"},{"ts":"2014-03-12T00:00:00Z","nsw":"2.97","qld":"7.17","sa":"11.79","tas":"2.07","vic":"3.27"},{"ts":"2014-03-12T00:05:00Z","nsw":"3.00","qld":"7.53","sa":"11.55","tas":"2.04","vic":"3.26"},{"ts":"2014-03-12T00:10:00Z","nsw":"3.04","qld":"7.40","sa":"12.26","tas":"1.85","vic":"3.21","wa":"2.81"},{"ts":"2014-03-12T00:15:00Z","nsw":"3.00","qld":"7.47","sa":"12.11","tas":"1.96","vic":"3.40"},{"ts":"2014-03-12T00:20:00Z","nsw":"3.16","qld":"7.77","sa":"12.41","tas":"1.91","vic":"3.70","wa":"3.10"},{"ts":"2014-03-12T00:25:00Z","nsw":"2.88","qld":"7.72","sa":"13.10","tas":"1.71","vic":"3.69"},{"ts":"2014-03-12T00:30:00Z","nsw":"2.92","qld":"8.07","sa":"12.35","tas":"1.53","vic":"3.56","wa":"3.45"},{"ts":"2014-03-12T00:35:00Z","nsw":"2.57","qld":"7.88","sa":"13.35","tas":"1.55","vic":"3.59"},{"ts":"2014-03-12T00:40:00Z","nsw":"2.80","qld":"8.41","sa":"13.15","tas":"1.77","vic":"3.78","wa":"4.01"},{"ts":"2014-03-12T00:45:00Z","nsw":"2.74","qld":"8.39","sa":"12.54","tas":"1.69","vic":"3.77"},{"ts":"2014-03-12T00:50:00Z","nsw":"2.50","qld":"8.51","sa":"12.81","tas":"1.51","vic":"3.87","wa":"4.56"},{"ts":"2014-03-12T00:55:00Z","nsw":"2.64","qld":"8.33","sa":"14.46","tas":"1.62","vic":"3.87"},{"ts":"2014-03-12T01:00:00Z","nsw":"3.03","qld":"8.61","sa":"14.77","tas":"1.80","vic":"4.10"},{"ts":"2014-03-12T01:05:00Z","nsw":"2.94","qld":"8.50","sa":"14.97","tas":"2.04","vic":"3.98"},{"ts":"2014-03-12T01:10:00Z","nsw":"2.84","qld":"8.47","sa":"15.58","tas":"2.04","vic":"3.95","wa":"5.02"},{"ts":"2014-03-12T01:15:00Z","nsw":"3.10","qld":"8.45","sa":"15.54","tas":"2.01","vic":"4.13"},{"ts":"2014-03-12T01:20:00Z","nsw":"3.25","qld":"8.49","sa":"15.12","tas":"2.33","vic":"4.36","wa":"5.23"},{"ts":"2014-03-12T01:25:00Z","nsw":"3.11","qld":"8.24","sa":"15.42","tas":"2.40","vic":"4.49"},{"ts":"2014-03-12T01:30:00Z","nsw":"3.31","qld":"8.15","sa":"16.35","tas":"1.99","vic":"4.33","wa":"5.54"},{"ts":"2014-03-12T01:35:00Z","nsw":"3.16","qld":"8.27","sa":"16.53","tas":"2.18","vic":"4.28"},{"ts":"2014-03-12T01:40:00Z","nsw":"3.21","qld":"8.27","sa":"15.70","tas":"2.55","vic":"4.62","wa":"6.05"},{"ts":"2014-03-12T01:45:00Z","nsw":"3.22","qld":"8.30","sa":"15.62","tas":"2.54","vic":"4.46"},{"ts":"2014-03-12T01:50:00Z","nsw":"3.00","qld":"7.86","sa":"16.53","tas":"2.49","vic":"4.23","wa":"6.42"},{"ts":"2014-03-12T01:55:00Z","nsw":"2.96","qld":"7.85","sa":"15.95","tas":"2.49","vic":"4.21"},{"ts":"2014-03-12T02:00:00Z","nsw":"3.11","qld":"7.91","sa":"15.25","tas":"3.16","vic":"4.68"},{"ts":"2014-03-12T02:05:00Z","nsw":"2.97","qld":"8.29","sa":"14.78","tas":"2.61","vic":"4.50"},{"ts":"2014-03-12T02:10:00Z","nsw":"2.83","qld":"8.12","sa":"16.67","tas":"2.31","vic":"4.24","wa":"6.69"},{"ts":"2014-03-12T02:15:00Z","nsw":"2.99","qld":"8.12","sa":"16.61","tas":"2.19","vic":"4.27"},{"ts":"2014-03-12T02:20:00Z","nsw":"2.89","qld":"8.07","sa":"16.06","tas":"2.15","vic":"4.57","wa":"6.75"},{"ts":"2014-03-12T02:25:00Z","nsw":"2.91","qld":"8.18","sa":"16.49","tas":"2.23","vic":"4.55"},{"ts":"2014-03-12T02:30:00Z","nsw":"2.93","qld":"8.29","sa":"16.95","tas":"2.12","vic":"4.40","wa":"7.12"},{"ts":"2014-03-12T02:35:00Z","nsw":"2.77","qld":"8.35","sa":"15.95","tas":"1.98","vic":"4.23"},{"ts":"2014-03-12T02:40:00Z","nsw":"2.85","qld":"8.69","sa":"16.50","tas":"2.19","vic":"4.60","wa":"7.03"},{"ts":"2014-03-12T02:45:00Z","nsw":"3.21","qld":"9.04","sa":"16.33","tas":"2.32","vic":"4.49"},{"ts":"2014-03-12T02:50:00Z","nsw":"3.11","qld":"8.95","sa":"16.41","tas":"1.98","vic":"4.47","wa":"7.23"},{"ts":"2014-03-12T02:55:00Z","nsw":"3.42","qld":"8.50","sa":"16.94","tas":"2.04","vic":"4.43"},{"ts":"2014-03-12T03:00:00Z","nsw":"3.63","qld":"8.91","sa":"17.16","tas":"2.20","vic":"4.87"},{"ts":"2014-03-12T03:05:00Z","nsw":"3.70","qld":"8.79","sa":"16.40","tas":"2.39","vic":"4.67"},{"ts":"2014-03-12T03:10:00Z","nsw":"3.72","qld":"8.88","sa":"16.78","tas":"2.05","vic":"4.70","wa":"7.80"},{"ts":"2014-03-12T03:15:00Z","nsw":"3.67","qld":"8.79","sa":"17.13","tas":"2.02","vic":"4.75"},{"ts":"2014-03-12T03:20:00Z","nsw":"3.82","qld":"9.09","sa":"17.76","tas":"2.23","vic":"4.94","wa":"7.69"},{"ts":"2014-03-12T03:25:00Z","nsw":"4.05","qld":"8.80","sa":"17.74","tas":"2.17","vic":"4.84"},{"ts":"2014-03-12T03:30:00Z","nsw":"3.54","qld":"8.85","sa":"17.49","tas":"1.75","vic":"4.53","wa":"7.68"},{"ts":"2014-03-12T03:35:00Z","nsw":"3.68","qld":"8.93","sa":"17.84","tas":"1.89","vic":"4.26"},{"ts":"2014-03-12T03:40:00Z","nsw":"3.56","qld":"8.87","sa":"17.04","tas":"2.02","vic":"4.55","wa":"7.64"},{"ts":"2014-03-12T03:45:00Z","nsw":"3.23","qld":"8.77","sa":"18.03","tas":"2.14","vic":"4.33"},{"ts":"2014-03-12T03:50:00Z","nsw":"3.26","qld":"8.64","sa":"18.58","tas":"1.87","vic":"4.21","wa":"7.75"},{"ts":"2014-03-12T03:55:00Z","nsw":"3.20","qld":"8.23","sa":"17.90","tas":"1.84","vic":"4.24"},{"ts":"2014-03-12T04:00:00Z","nsw":"3.09","qld":"8.21","sa":"18.31","tas":"2.19","vic":"4.46"},{"ts":"2014-03-12T04:05:00Z","nsw":"2.97","qld":"8.35","sa":"18.16","tas":"2.04","vic":"4.34"},{"ts":"2014-03-12T04:10:00Z","nsw":"2.69","qld":"8.06","sa":"18.42","tas":"1.75","vic":"4.12","wa":"7.51"},{"ts":"2014-03-12T04:15:00Z","nsw":"2.61","qld":"8.05","sa":"18.40","tas":"1.74","vic":"4.15"},{"ts":"2014-03-12T04:20:00Z","nsw":"2.71","qld":"7.85","sa":"18.47","tas":"2.12","vic":"3.96","wa":"7.45"},{"ts":"2014-03-12T04:25:00Z","nsw":"2.61","qld":"7.81","sa":"17.65","tas":"2.14","vic":"4.20"},{"ts":"2014-03-12T04:30:00Z","nsw":"2.46","qld":"7.60","sa":"18.12","tas":"2.04","vic":"4.06","wa":"7.37"},{"ts":"2014-03-12T04:35:00Z","nsw":"2.59","qld":"7.33","sa":"17.94","tas":"2.15","vic":"3.92"},{"ts":"2014-03-12T04:40:00Z","nsw":"2.74","qld":"7.34","sa":"17.89","tas":"2.16","vic":"4.03","wa":"6.90"},{"ts":"2014-03-12T04:45:00Z","nsw":"2.48","qld":"7.07","sa":"17.60","tas":"1.97","vic":"4.08"},{"ts":"2014-03-12T04:50:00Z","nsw":"2.58","qld":"6.78","sa":"17.85","tas":"1.79","vic":"3.65","wa":"7.20"},{"ts":"2014-03-12T04:55:00Z","nsw":"2.60","qld":"6.68","sa":"16.94","tas":"1.82","vic":"3.79"},{"ts":"2014-03-12T05:00:00Z","nsw":"2.52","qld":"6.36","sa":"17.60","tas":"1.77","vic":"3.67"},{"ts":"2014-03-12T05:05:00Z","nsw":"2.47","qld":"6.43","sa":"17.21","tas":"1.75","vic":"3.61"},{"ts":"2014-03-12T05:10:00Z","nsw":"2.25","qld":"6.13","sa":"16.99","tas":"1.39","vic":"3.42","wa":"6.77"},{"ts":"2014-03-12T05:15:00Z","nsw":"2.15","qld":"6.17","sa":"16.51","tas":"1.50","vic":"3.54"},{"ts":"2014-03-12T05:20:00Z","nsw":"2.13","qld":"5.90","sa":"16.33","tas":"1.61","vic":"3.39","wa":"6.68"},{"ts":"2014-03-12T05:25:00Z","nsw":"1.99","qld":"5.74","sa":"15.84","tas":"1.60","vic":"3.43"},{"ts":"2014-03-12T05:30:00Z","nsw":"1.80","qld":"5.29","sa":"15.63","tas":"1.30","vic":"3.28","wa":"6.43"},{"ts":"2014-03-12T05:35:00Z","nsw":"1.79","qld":"5.04","sa":"15.52","tas":"1.34","vic":"3.25"},{"ts":"2014-03-12T05:40:00Z","nsw":"1.75","qld":"5.09","sa":"15.36","tas":"1.44","vic":"3.04","wa":"6.24"},{"ts":"2014-03-12T05:45:00Z","nsw":"1.74","qld":"4.79","sa":"15.12","tas":"1.36","vic":"3.29"},{"ts":"2014-03-12T05:50:00Z","nsw":"1.74","qld":"4.53","sa":"14.72","tas":"1.17","vic":"2.85","wa":"6.08"},{"ts":"2014-03-12T05:55:00Z","nsw":"1.63","qld":"4.30","sa":"14.22","tas":"1.22","vic":"2.85"},{"ts":"2014-03-12T06:00:00Z","nsw":"1.62","qld":"4.09","sa":"13.93","tas":"1.22","vic":"2.76"},{"ts":"2014-03-12T06:05:00Z","nsw":"1.51","qld":"3.93","sa":"13.60","tas":"1.20","vic":"2.79"},{"ts":"2014-03-12T06:10:00Z","nsw":"1.40","qld":"3.54","sa":"13.24","tas":"1.01","vic":"2.57","wa":"5.83"},{"ts":"2014-03-12T06:15:00Z","nsw":"1.26","qld":"3.55","sa":"12.91","tas":"0.95","vic":"2.61"},{"ts":"2014-03-12T06:20:00Z","nsw":"1.30","qld":"3.37","sa":"12.26","tas":"0.92","vic":"2.44","wa":"5.26"},{"ts":"2014-03-12T06:25:00Z","nsw":"1.32","qld":"3.12","sa":"12.22","tas":"0.91","vic":"2.57"},{"ts":"2014-03-12T06:30:00Z","nsw":"1.13","qld":"2.93","sa":"11.60","tas":"0.84","vic":"2.24","wa":"4.94"},{"ts":"2014-03-12T06:35:00Z","nsw":"1.24","qld":"2.80","sa":"11.66","tas":"0.75","vic":"2.29"},{"ts":"2014-03-12T06:40:00Z","nsw":"1.20","qld":"2.63","sa":"10.83","tas":"0.81","vic":"2.09","wa":"4.86"},{"ts":"2014-03-12T06:45:00Z","nsw":"1.18","qld":"2.57","sa":"10.55","tas":"0.71","vic":"2.06"},{"ts":"2014-03-12T06:50:00Z","nsw":"1.13","qld":"2.25","sa":"10.15","tas":"0.67","vic":"1.81","wa":"4.72"},{"ts":"2014-03-12T06:55:00Z","nsw":"1.07","qld":"2.09","sa":"9.64","tas":"0.63","vic":"1.80"},{"ts":"2014-03-12T07:00:00Z","nsw":"1.01","qld":"1.89","sa":"9.20","tas":"0.65","vic":"1.71"},{"ts":"2014-03-12T07:05:00Z","nsw":"0.87","qld":"1.72","sa":"9.13","tas":"0.53","vic":"1.60"},{"ts":"2014-03-12T07:10:00Z","nsw":"0.87","qld":"1.44","sa":"8.67","tas":"0.50","vic":"1.37","wa":"4.40"},{"ts":"2014-03-12T07:15:00Z","nsw":"0.79","qld":"1.30","sa":"8.32","tas":"0.43","vic":"1.36"},{"ts":"2014-03-12T07:20:00Z","nsw":"0.74","qld":"1.12","sa":"7.62","tas":"0.44","vic":"1.21","wa":"4.28"},{"ts":"2014-03-12T07:25:00Z","nsw":"0.58","qld":"0.96","sa":"7.43","tas":"0.42","vic":"1.18"},{"ts":"2014-03-12T07:30:00Z","nsw":"0.50","qld":"0.81","sa":"6.77","tas":"0.37","vic":"0.99","wa":"4.17"},{"ts":"2014-03-12T07:35:00Z","nsw":"0.44","qld":"0.66","sa":"6.51","tas":"0.34","vic":"0.92"},{"ts":"2014-03-12T07:40:00Z","nsw":"0.42","qld":"0.51","sa":"5.87","tas":"0.33","vic":"0.73","wa":"3.96"},{"ts":"2014-03-12T07:45:00Z","nsw":"0.37","qld":"0.40","sa":"5.66","tas":"0.30","vic":"0.70"},{"ts":"2014-03-12T07:50:00Z","nsw":"0.30","qld":"0.28","sa":"5.10","tas":"0.25","vic":"0.54","wa":"3.44"},{"ts":"2014-03-12T07:55:00Z","nsw":"0.28","qld":"0.20","sa":"4.76","tas":"0.23","vic":"0.46"},{"ts":"2014-03-12T08:00:00Z","nsw":"0.21","qld":"0.14","sa":"4.14","tas":"0.21","vic":"0.39"},{"ts":"2014-03-12T08:05:00Z","nsw":"0.22","qld":"0.09","sa":"3.89","tas":"0.17","vic":"0.32"},{"ts":"2014-03-12T08:10:00Z","nsw":"0.17","qld":"0.06","sa":"3.36","tas":"0.14","vic":"0.26","wa":"2.76"},{"ts":"2014-03-12T08:15:00Z","nsw":"0.13","qld":"0.06","sa":"3.02","tas":"0.11","vic":"0.23"},{"ts":"2014-03-12T08:20:00Z","nsw":"0.15","qld":"0.05","sa":"2.69","tas":"0.09","vic":"0.19","wa":"2.77"},{"ts":"2014-03-12T08:25:00Z","nsw":"0.12","qld":"0.05","sa":"2.27","tas":"0.06","vic":"0.15"},{"ts":"2014-03-12T08:30:00Z","nsw":"0.12","qld":"0.06","sa":"1.84","tas":"0.04","vic":"0.11","wa":"2.50"},{"ts":"2014-03-12T08:35:00Z","nsw":"0.10","qld":"0.08","sa":"1.53","tas":"0.02","vic":"0.09"},{"ts":"2014-03-12T08:40:00Z","nsw":"0.13","qld":"0.08","sa":"1.25","tas":"0.02","vic":"0.07","wa":"2.05"},{"ts":"2014-03-12T08:45:00Z","nsw":"0.14","qld":"0.07","sa":"0.95","tas":"0.01","vic":"0.07"},{"ts":"2014-03-12T08:50:00Z","nsw":"0.14","qld":"0.04","sa":"0.72","tas":"0.01","vic":"0.05","wa":"1.63"},{"ts":"2014-03-12T08:55:00Z","nsw":"0.15","qld":"0.07","sa":"0.50","tas":"0.01","vic":"0.07"},{"ts":"2014-03-12T09:00:00Z","nsw":"0.11","qld":"0.08","sa":"0.31","tas":"0.01","vic":"0.04"},{"ts":"2014-03-12T09:05:00Z","nsw":"0.13","qld":"0.08","sa":"0.17","tas":"0.02","vic":"0.09"},{"ts":"2014-03-12T09:10:00Z","nsw":"0.12","qld":"0.09","sa":"0.13","tas":"0.02","vic":"0.03","wa":"1.23"},{"ts":"2014-03-12T09:15:00Z","nsw":"0.16","qld":"0.08","sa":"0.11","tas":"0.01","vic":"0.08"},{"ts":"2014-03-12T09:20:00Z","nsw":"0.13","qld":"0.09","sa":"0.11","tas":"0.01","vic":"0.02","wa":"0.98"},{"ts":"2014-03-12T09:25:00Z","nsw":"0.15","qld":"0.03","sa":"0.10","tas":"0.01","vic":"0.06"},{"ts":"2014-03-12T09:30:00Z","nsw":"0.15","qld":"0.09","sa":"0.09","tas":"0.01","vic":"0.09","wa":"0.78"},{"ts":"2014-03-12T09:35:00Z","nsw":"0.12","qld":"0.09","sa":"0.08","tas":"0.01","vic":"0.01"},{"ts":"2014-03-12T09:40:00Z","nsw":"0.19","qld":"0.08","sa":"0.07","tas":"0.01","vic":"0.07","wa":"0.65"},{"ts":"2014-03-12T09:45:00Z","nsw":"0.12","qld":"0.09","sa":"0.09","tas":"0.01","vic":"0.01"},{"ts":"2014-03-12T09:50:00Z","nsw":"0.04","qld":"0.09","sa":"0.08","tas":"0.01","vic":"0.07"},{"ts":"2014-03-12T09:55:00Z","nsw":"0.05","qld":"0.08","sa":"0.10","tas":"0.01","vic":"0.01"},{"ts":"2014-03-12T10:00:00Z","nsw":"0.05","qld":"0.08","sa":"0.10","tas":"0.01","vic":"0.07","wa":"0.41"},{"ts":"2014-03-12T10:05:00Z","nsw":"0.04","qld":"0.09","sa":"0.10","tas":"0.01","vic":"0.01"},{"ts":"2014-03-12T10:10:00Z","nsw":"0.06","qld":"0.03","sa":"0.09","tas":"0.01","vic":"0.06","wa":"0.28"},{"ts":"2014-03-12T10:15:00Z","nsw":"0.02","qld":"0.03","sa":"0.08","tas":"0.01","vic":"0.10"},{"ts":"2014-03-12T10:20:00Z","nsw":"0.05","qld":"0.03","sa":"0.07","tas":"0.01","vic":"0.01","wa":"0.16"},{"ts":"2014-03-12T10:25:00Z","nsw":"0.04","qld":"0.03","sa":"0.08","tas":"0.01","vic":"0.10"},{"ts":"2014-03-12T10:30:00Z","nsw":"0.05","qld":"0.04","sa":"0.10","tas":"0.01","vic":"0.01","wa":"0.09"},{"ts":"2014-03-12T10:35:00Z","nsw":"0.05","qld":"0.03","sa":"0.06","tas":"0.01","vic":"0.08"},{"ts":"2014-03-12T10:40:00Z","nsw":"0.03","qld":"0.04","sa":"0.07","tas":"0.01","vic":"0.03","wa":"0.04"},{"ts":"2014-03-12T10:45:00Z","nsw":"0.06","qld":"0.02","sa":"0.06","tas":"0.01","vic":"0.09"},{"ts":"2014-03-12T10:50:00Z","nsw":"0.02","qld":"0.03","sa":"0.05","tas":"0.01","vic":"0.01","wa":"0.03"},{"ts":"2014-03-12T10:55:00Z","nsw":"0.05","qld":"0.04","sa":"0.05","tas":"0.01","vic":"0.07"},{"ts":"2014-03-12T11:00:00Z","nsw":"0.04","qld":"0.04","sa":"0.08","tas":"0.01","vic":"0.08"},{"ts":"2014-03-12T11:05:00Z","nsw":"0.04","qld":"0.03","sa":"0.07","tas":"0.01","vic":"0.01"},{"ts":"2014-03-12T11:10:00Z","nsw":"0.04","qld":"0.04","sa":"0.07","tas":"0.01","vic":"0.07","wa":"0.04"},{"ts":"2014-03-12T11:15:00Z","nsw":"0.04","qld":"0.03","sa":"0.06","tas":"0.01","vic":"0.01"},{"ts":"2014-03-12T11:20:00Z","nsw":"0.05","qld":"0.04","sa":"0.07","tas":"0.01","vic":"0.08","wa":"0.03"},{"ts":"2014-03-12T11:25:00Z","nsw":"0.04","qld":"0.03","sa":"0.05","tas":"0.01","vic":"0.01"},{"ts":"2014-03-12T11:30:00Z","nsw":"0.11","qld":"0.03","sa":"0.07","tas":"0.01","vic":"0.09","wa":"0.03"},{"ts":"2014-03-12T11:35:00Z","nsw":"0.04","qld":"0.03","sa":"0.05","tas":"0.01","vic":"0.01"},{"ts":"2014-03-12T11:40:00Z","nsw":"0.04","qld":"0.04","sa":"0.07","tas":"0.01","vic":"0.09","wa":"0.03"},{"ts":"2014-03-12T11:45:00Z","nsw":"0.02","qld":"0.04","sa":"0.05","tas":"0.01","vic":"0.01"},{"ts":"2014-03-12T11:50:00Z","nsw":"0.04","qld":"0.03","sa":"0.06","tas":"0.01","vic":"0.08","wa":"0.03"},{"ts":"2014-03-12T11:55:00Z","nsw":"0.04","qld":"0.04","sa":"0.06","tas":"0.01","vic":"0.10"}],"demand":[{"ts":"2014-03-11T17:00:00Z","nsw":6046,"qld":4515,"sa":1139,"tas":907,"vic":4210,"wa":1903},{"ts":"2014-03-11T17:10:00Z","nsw":6049,"qld":4516,"sa":1138,"tas":922,"vic":4221,"wa":1874},{"ts":"2014-03-11T17:20:00Z","nsw":6068,"qld":4520,"sa":1123,"tas":910,"vic":4235,"wa":1864},{"ts":"2014-03-11T17:30:00Z","nsw":6052,"qld":4547,"sa":1109,"tas":919,"vic":4269},{"ts":"2014-03-11T17:40:00Z","nsw":6124,"qld":4575,"sa":1127,"tas":921,"vic":4291,"wa":1844},{"ts":"2014-03-11T17:50:00Z","nsw":6153,"qld":4568,"sa":1114,"tas":919,"vic":4321,"wa":1839},{"ts":"2014-03-11T18:00:00Z","nsw":6193,"qld":4602,"sa":1104,"tas":935,"vic":4367,"wa":1832},{"ts":"2014-03-11T18:10:00Z","nsw":6282,"qld":4611,"sa":1112,"tas":945,"vic":4433,"wa":1831},{"ts":"2014-03-11T18:20:00Z","nsw":6387,"qld":4571,"sa":1114,"tas":947,"vic":4474,"wa":1830},{"ts":"2014-03-11T18:30:00Z","nsw":6444,"qld":4652,"sa":1136,"tas":951,"vic":4518,"wa":1829},{"ts":"2014-03-11T18:40:00Z","nsw":6576,"qld":4655,"sa":1149,"tas":954,"vic":4623,"wa":1827},{"ts":"2014-03-11T18:50:00Z","nsw":6698,"qld":4682,"sa":1196,"tas":965,"vic":4722,"wa":1827},{"ts":"2014-03-11T19:00:00Z","nsw":6853,"qld":4744,"sa":1237,"tas":971,"vic":4870},{"ts":"2014-03-11T19:10:00Z","nsw":7180,"qld":4818,"sa":1245,"tas":1003,"vic":5028,"wa":1822},{"ts":"2014-03-11T19:20:00Z","nsw":7396,"qld":4915,"sa":1265,"tas":1024,"vic":5113,"wa":1818},{"ts":"2014-03-11T19:30:00Z","nsw":7538,"qld":4995,"sa":1278,"tas":1032,"vic":5203,"wa":1815},{"ts":"2014-03-11T19:40:00Z","nsw":7702,"qld":5057,"sa":1316,"tas":1048,"vic":5387,"wa":1802},{"ts":"2014-03-11T19:50:00Z","nsw":7834,"qld":5128,"sa":1354,"tas":1080,"vic":5506,"wa":1802},{"ts":"2014-03-11T20:00:00Z","nsw":7823,"qld":5248,"sa":1373,"tas":1118,"vic":5647,"wa":1819},{"ts":"2014-03-11T20:10:00Z","nsw":8022,"qld":5422,"sa":1408,"tas":1131,"vic":5858,"wa":1821},{"ts":"2014-03-11T20:20:00Z","nsw":8240,"qld":5470,"sa":1447,"tas":1154,"vic":5944,"wa":1822},{"ts":"2014-03-11T20:30:00Z","nsw":8338,"qld":5590,"sa":1475,"tas":1153,"vic":6002,"wa":1833},{"ts":"2014-03-11T20:40:00Z","nsw":8469,"qld":5681,"sa":1522,"tas":1175,"vic":6100,"wa":1836},{"ts":"2014-03-11T20:50:00Z","nsw":8517,"qld":5830,"sa":1554,"tas":1191,"vic":6140,"wa":1835},{"ts":"2014-03-11T21:00:00Z","nsw":8608,"qld":5923,"sa":1590,"tas":1160,"vic":6061,"wa":1871},{"ts":"2014-03-11T21:10:00Z","nsw":8470,"qld":6050,"sa":1592,"tas":1167,"vic":6010,"wa":1902},{"ts":"2014-03-11T21:20:00Z","nsw":8576,"qld":6150,"sa":1590,"tas":1141,"vic":5979,"wa":1912},{"ts":"2014-03-11T21:30:00Z","nsw":8593,"qld":6176,"sa":1578,"tas":1134,"vic":5964},{"ts":"2014-03-11T21:40:00Z","nsw":8633,"qld":6157,"sa":1543,"tas":1131,"vic":5926,"wa":1977},{"ts":"2014-03-11T21:50:00Z","nsw":8610,"qld":6173,"sa":1524,"tas":1173,"vic":5970,"wa":2000},{"ts":"2014-03-11T22:00:00Z","nsw":8675,"qld":6161,"sa":1531,"tas":1141,"vic":5976},{"ts":"2014-03-11T22:10:00Z","nsw":8743,"qld":6188,"sa":1509,"tas":1119,"vic":5978,"wa":2077},{"ts":"2014-03-11T22:20:00Z","nsw":8793,"qld":6146,"sa":1499,"tas":1089,"vic":5950,"wa":2103},{"ts":"2014-03-11T22:30:00Z","nsw":8865,"qld":6179,"sa":1496,"tas":1082,"vic":5955,"wa":2159},{"ts":"2014-03-11T22:40:00Z","nsw":8895,"qld":6148,"sa":1509,"tas":1080,"vic":5962,"wa":2170},{"ts":"2014-03-11T22:50:00Z","nsw":8922,"qld":6222,"sa":1479,"tas":1080,"vic":5960,"wa":2190},{"ts":"2014-03-11T23:00:00Z","nsw":8974,"qld":6209,"sa":1472,"tas":1102,"vic":5959},{"ts":"2014-03-11T23:10:00Z","nsw":8935,"qld":6229,"sa":1455,"tas":1096,"vic":5951,"wa":2270},{"ts":"2014-03-11T23:20:00Z","nsw":8933,"qld":6194,"sa":1446,"tas":1096,"vic":5946,"wa":2284},{"ts":"2014-03-11T23:30:00Z","nsw":8933,"qld":6183,"sa":1439,"tas":1095,"vic":5961,"wa":2385},{"ts":"2014-03-11T23:40:00Z","nsw":8989,"qld":6188,"sa":1434,"tas":1073,"vic":5965,"wa":2402},{"ts":"2014-03-11T23:50:00Z","nsw":9055,"qld":6164,"sa":1434,"tas":1070,"vic":5942,"wa":2408},{"ts":"2014-03-12T00:00:00Z","nsw":9092,"qld":6182,"sa":1430,"tas":1071,"vic":5929},{"ts":"2014-03-12T00:10:00Z","nsw":9150,"qld":6146,"sa":1419,"tas":1063,"vic":5916,"wa":2428},{"ts":"2014-03-12T00:20:00Z","nsw":9150,"qld":6168,"sa":1428,"tas":1068,"vic":5926,"wa":2433},{"ts":"2014-03-12T00:30:00Z","nsw":9157,"qld":6152,"sa":1404,"tas":1080,"vic":5926,"wa":2442},{"ts":"2014-03-12T00:40:00Z","nsw":9201,"qld":6091,"sa":1421,"tas":1083,"vic":5942,"wa":2442},{"ts":"2014-03-12T00:50:00Z","nsw":9256,"qld":6112,"sa":1414,"tas":1074,"vic":5949,"wa":2443},{"ts":"2014-03-12T01:00:00Z","nsw":9181,"qld":6150,"sa":1412,"tas":1087,"vic":5931},{"ts":"2014-03-12T01:10:00Z","nsw":9166,"qld":6157,"sa":1387,"tas":1059,"vic":5963,"wa":2484},{"ts":"2014-03-12T01:20:00Z","nsw":9161,"qld":6146,"sa":1375,"tas":1053,"vic":5974,"wa":2483},{"ts":"2014-03-12T01:30:00Z","nsw":9169,"qld":6150,"sa":1395,"tas":1026,"vic":5961,"wa":2465},{"ts":"2014-03-12T01:40:00Z","nsw":9210,"qld":6218,"sa":1400,"tas":1039,"vic":5960,"wa":2464},{"ts":"2014-03-12T01:50:00Z","nsw":9195,"qld":6252,"sa":1401,"tas":1048,"vic":5980,"wa":2466},{"ts":"2014-03-12T02:00:00Z","nsw":9184,"qld":6191,"sa":1399,"tas":1041,"vic":5978},{"ts":"2014-03-12T02:10:00Z","nsw":9250,"qld":6195,"sa":1390,"tas":1027,"vic":5986,"wa":2519},{"ts":"2014-03-12T02:20:00Z","nsw":9256,"qld":6186,"sa":1390,"tas":1025,"vic":5986,"wa":2532},{"ts":"2014-03-12T02:30:00Z","nsw":9240,"qld":6191,"sa":1414,"tas":1033,"vic":5976,"wa":2577},{"ts":"2014-03-12T02:40:00Z","nsw":9279,"qld":6244,"sa":1421,"tas":1046,"vic":6010,"wa":2588},{"ts":"2014-03-12T02:50:00Z","nsw":9241,"qld":6233,"sa":1408,"tas":1038,"vic":6019,"wa":2595},{"ts":"2014-03-12T03:00:00Z","nsw":9190,"qld":6185,"sa":1395,"tas":1030,"vic":6004},{"ts":"2014-03-12T03:10:00Z","nsw":9179,"qld":6241,"sa":1394,"tas":1026,"vic":6010,"wa":2642},{"ts":"2014-03-12T03:20:00Z","nsw":9228,"qld":6268,"sa":1391,"tas":1082,"vic":6016,"wa":2657},{"ts":"2014-03-12T03:30:00Z","nsw":9276,"qld":6243,"sa":1395,"tas":1096,"vic":6012,"wa":2725},{"ts":"2014-03-12T03:40:00Z","nsw":9279,"qld":6256,"sa":1396,"tas":1089,"vic":6029,"wa":2730},{"ts":"2014-03-12T03:50:00Z","nsw":9338,"qld":6295,"sa":1386,"tas":1073,"vic":6035,"wa":2741},{"ts":"2014-03-12T04:00:00Z","nsw":9337,"qld":6348,"sa":1367,"tas":1080,"vic":6008},{"ts":"2014-03-12T04:10:00Z","nsw":9343,"qld":6376,"sa":1361,"tas":1089,"vic":6006,"wa":2786},{"ts":"2014-03-12T04:20:00Z","nsw":9371,"qld":6410,"sa":1383,"tas":1093,"vic":5984,"wa":2788},{"ts":"2014-03-12T04:30:00Z","nsw":9367,"qld":6416,"sa":1377,"tas":1085,"vic":5956,"wa":2873},{"ts":"2014-03-12T04:40:00Z","nsw":9360,"qld":6425,"sa":1365,"tas":1078,"vic":5939,"wa":2898},{"ts":"2014-03-12T04:50:00Z","nsw":9363,"qld":6403,"sa":1374,"tas":1072,"vic":5924,"wa":2914},{"ts":"2014-03-12T05:00:00Z","nsw":9391,"qld":6394,"sa":1371,"tas":1080,"vic":5953},{"ts":"2014-03-12T05:10:00Z","nsw":9422,"qld":6456,"sa":1389,"tas":1087,"vic":5929,"wa":3000},{"ts":"2014-03-12T05:20:00Z","nsw":9489,"qld":6432,"sa":1421,"tas":1093,"vic":5973,"wa":3012},{"ts":"2014-03-12T05:30:00Z","nsw":9445,"qld":6485,"sa":1399,"tas":1103,"vic":5999,"wa":3059},{"ts":"2014-03-12T05:40:00Z","nsw":9442,"qld":6542,"sa":1397,"tas":1098,"vic":6006,"wa":3077},{"ts":"2014-03-12T05:50:00Z","nsw":9489,"qld":6532,"sa":1412,"tas":1085,"vic":6032,"wa":3095},{"ts":"2014-03-12T06:00:00Z","nsw":9473,"qld":6595,"sa":1424,"tas":1085,"vic":5994},{"ts":"2014-03-12T06:10:00Z","nsw":9405,"qld":6670,"sa":1441,"tas":1065,"vic":6030,"wa":3173},{"ts":"2014-03-12T06:20:00Z","nsw":9439,"qld":6670,"sa":1457,"tas":1084,"vic":6027,"wa":3181},{"ts":"2014-03-12T06:30:00Z","nsw":9397,"qld":6639,"sa":1456,"tas":1087,"vic":6020,"wa":3206},{"ts":"2014-03-12T06:40:00Z","nsw":9331,"qld":6660,"sa":1458,"tas":1101,"vic":5975,"wa":3212},{"ts":"2014-03-12T06:50:00Z","nsw":9248,"qld":6752,"sa":1478,"tas":1113,"vic":5955,"wa":3217},{"ts":"2014-03-12T07:00:00Z","nsw":9208,"qld":6738,"sa":1486,"tas":1110,"vic":5910},{"ts":"2014-03-12T07:10:00Z","nsw":9022,"qld":6679,"sa":1474,"tas":1090,"vic":5851,"wa":3248},{"ts":"2014-03-12T07:20:00Z","nsw":9044,"qld":6686,"sa":1496,"tas":1048,"vic":5788,"wa":3272},{"ts":"2014-03-12T07:30:00Z","nsw":9036,"qld":6778,"sa":1493,"tas":1051,"vic":5772,"wa":3326},{"ts":"2014-03-12T07:40:00Z","nsw":9023,"qld":6787,"sa":1489,"tas":1069,"vic":5762,"wa":3341},{"ts":"2014-03-12T07:50:00Z","nsw":9000,"qld":6734,"sa":1490,"tas":1069,"vic":5725,"wa":3352},{"ts":"2014-03-12T08:00:00Z","nsw":8967,"qld":6651,"sa":1494,"tas":1051,"vic":5715},{"ts":"2014-03-12T08:10:00Z","nsw":8875,"qld":6636,"sa":1492,"tas":1044,"vic":5666,"wa":3383},{"ts":"2014-03-12T08:20:00Z","nsw":8866,"qld":6688,"sa":1496,"tas":1058,"vic":5658,"wa":3387},{"ts":"2014-03-12T08:30:00Z","nsw":8928,"qld":6779,"sa":1505,"tas":1068,"vic":5673,"wa":3394},{"ts":"2014-03-12T08:40:00Z","nsw":8984,"qld":6757,"sa":1515,"tas":1082,"vic":5645,"wa":3402},{"ts":"2014-03-12T08:50:00Z","nsw":8989,"qld":6865,"sa":1525,"tas":1084,"vic":5703,"wa":3403},{"ts":"2014-03-12T09:00:00Z","nsw":8934,"qld":6800,"sa":1551,"tas":1098,"vic":5733},{"ts":"2014-03-12T09:10:00Z","nsw":8855,"qld":6762,"sa":1562,"tas":1102,"vic":5766,"wa":3380},{"ts":"2014-03-12T09:20:00Z","nsw":8824,"qld":6644,"sa":1570,"tas":1098,"vic":5783,"wa":3366},{"ts":"2014-03-12T09:30:00Z","nsw":8757,"qld":6596,"sa":1587,"tas":1102,"vic":5737,"wa":3316},{"ts":"2014-03-12T09:40:00Z","nsw":8654,"qld":6561,"sa":1596,"tas":1080,"vic":5708,"wa":3302},{"ts":"2014-03-12T09:50:00Z","nsw":8570,"qld":6454,"sa":1577,"tas":1083,"vic":5686},{"ts":"2014-03-12T10:00:00Z","nsw":8478,"qld":6433,"sa":1563,"tas":1097,"vic":5664,"wa":3247},{"ts":"2014-03-12T10:10:00Z","nsw":8393,"qld":6469,"sa":1540,"tas":1112,"vic":5547,"wa":3241},{"ts":"2014-03-12T10:20:00Z","nsw":8301,"qld":6415,"sa":1522,"tas":1104,"vic":5461,"wa":3251},{"ts":"2014-03-12T10:30:00Z","nsw":8214,"qld":6329,"sa":1519,"tas":1108,"vic":5441,"wa":3212},{"ts":"2014-03-12T10:40:00Z","nsw":8144,"qld":6311,"sa":1491,"tas":1083,"vic":5395,"wa":3226},{"ts":"2014-03-12T10:50:00Z","nsw":8047,"qld":6244,"sa":1485,"tas":1062,"vic":5337,"wa":3234},{"ts":"2014-03-12T11:00:00Z","nsw":8097,"qld":6166,"sa":1458,"tas":1102,"vic":5266},{"ts":"2014-03-12T11:10:00Z","nsw":8045,"qld":6335,"sa":1444,"tas":1103,"vic":5191,"wa":3244},{"ts":"2014-03-12T11:20:00Z","nsw":7998,"qld":6269,"sa":1412,"tas":1086,"vic":5134,"wa":3229},{"ts":"2014-03-12T11:30:00Z","nsw":7875,"qld":6134,"sa":1410,"tas":1064,"vic":5058,"wa":3194},{"ts":"2014-03-12T11:40:00Z","nsw":7815,"qld":6171,"sa":1384,"tas":1062,"vic":5011,"wa":3204},{"ts":"2014-03-12T11:50:00Z","nsw":7709,"qld":6011,"sa":1365,"tas":1046,"vic":4974,"wa":3201}],"output":[{"ts":"2014-03-11T17:00:00Z","nsw":1,"qld":1,"sa":0,"tas":0,"vic":0,"wa":0},{"ts":"2014-03-11T17:10:00Z","nsw":2,"qld":1,"sa":0,"tas":0,"vic":0,"wa":0},{"ts":"2014-03-11T17:20:00Z","nsw":2,"qld":1,"sa":0,"tas":0,"vic":0,"wa":0},{"ts":"2014-03-11T17:30:00Z","nsw":2,"qld":1,"sa":0,"tas":0,"vic":0},{"ts":"2014-03-11T17:40:00Z","nsw":2,"qld":1,"sa":0,"tas":0,"vic":0,"wa":0},{"ts":"2014-03-11T17:50:00Z","nsw":2,"qld":1,"sa":0,"tas":0,"vic":0,"wa":0},{"ts":"2014-03-11T18:00:00Z","nsw":2,"qld":2,"sa":0,"tas":0,"vic":0,"wa":0},{"ts":"2014-03-11T18:10:00Z","nsw":2,"qld":2,"sa":0,"tas":0,"vic":1,"wa":0},{"ts":"2014-03-11T18:20:00Z","nsw":3,"qld":2,"sa":0,"tas":0,"vic":0,"wa":0},{"ts":"2014-03-11T18:30:00Z","nsw":2,"qld":2,"sa":0,"tas":0,"vic":0,"wa":0},{"ts":"2014-03-11T18:40:00Z","nsw":2,"qld":2,"sa":0,"tas":0,"vic":0,"wa":0},{"ts":"2014-03-11T18:50:00Z","nsw":2,"qld":2,"sa":0,"tas":0,"vic":0,"wa":0},{"ts":"2014-03-11T19:00:00Z","nsw":2,"qld":2,"sa":0,"tas":0,"vic":0},{"ts":"2014-03-11T19:10:00Z","nsw":3,"qld":2,"sa":0,"tas":0,"vic":0,"wa":0},{"ts":"2014-03-11T19:20:00Z","nsw":4,"qld":2,"sa":0,"tas":0,"vic":0,"wa":0},{"ts":"2014-03-11T19:30:00Z","nsw":3,"qld":2,"sa":0,"tas":0,"vic":0,"wa":0},{"ts":"2014-03-11T19:40:00Z","nsw":3,"qld":1,"sa":0,"tas":0,"vic":0,"wa":0},{"ts":"2014-03-11T19:50:00Z","nsw":4,"qld":2,"sa":0,"tas":0,"vic":0,"wa":0},{"ts":"2014-03-11T20:00:00Z","nsw":6,"qld":9,"sa":0,"tas":0,"vic":0,"wa":0},{"ts":"2014-03-11T20:10:00Z","nsw":10,"qld":21,"sa":0,"tas":0,"vic":0,"wa":0},{"ts":"2014-03-11T20:20:00Z","nsw":14,"qld":35,"sa":0,"tas":0,"vic":0,"wa":0},{"ts":"2014-03-11T20:30:00Z","nsw":16,"qld":46,"sa":0,"tas":1,"vic":2,"wa":0},{"ts":"2014-03-11T20:40:00Z","nsw":22,"qld":64,"sa":0,"tas":2,"vic":5,"wa":0},{"ts":"2014-03-11T20:50:00Z","nsw":26,"qld":88,"sa":2,"tas":3,"vic":9,"wa":0},{"ts":"2014-03-11T21:00:00Z","nsw":35,"qld":110,"sa":6,"tas":5,"vic":14,"wa":0},{"ts":"2014-03-11T21:10:00Z","nsw":46,"qld":135,"sa":12,"tas":6,"vic":20,"wa":0},{"ts":"2014-03-11T21:20:00Z","nsw":69,"qld":159,"sa":18,"tas":5,"vic":29,"wa":0},{"ts":"2014-03-11T21:30:00Z","nsw":88,"qld":177,"sa":26,"tas":5,"vic":37},{"ts":"2014-03-11T21:40:00Z","nsw":107,"qld":208,"sa":33,"tas":6,"vic":49,"wa":0},{"ts":"2014-03-11T21:50:00Z","nsw":124,"qld":227,"sa":45,"tas":6,"vic":59,"wa":0},{"ts":"2014-03-11T22:00:00Z","nsw":135,"qld":266,"sa":56,"tas":8,"vic":72},{"ts":"2014-03-11T22:10:00Z","nsw":148,"qld":299,"sa":69,"tas":11,"vic":78,"wa":0},{"ts":"2014-03-11T22:20:00Z","nsw":160,"qld":341,"sa":81,"tas":14,"vic":96,"wa":0},{"ts":"2014-03-11T22:30:00Z","nsw":169,"qld":367,"sa":92,"tas":14,"vic":106,"wa":1},{"ts":"2014-03-11T22:40:00Z","nsw":177,"qld":384,"sa":106,"tas":17,"vic":122,"wa":3},{"ts":"2014-03-11T22:50:00Z","nsw":183,"qld":391,"sa":119,"tas":15,"vic":120,"wa":6},{"ts":"2014-03-11T23:00:00Z","nsw":215,"qld":395,"sa":135,"tas":15,"vic":132},{"ts":"2014-03-11T23:10:00Z","nsw":222,"qld":403,"sa":148,"tas":13,"vic":143,"wa":24},{"ts":"2014-03-11T23:20:00Z","nsw":250,"qld":443,"sa":163,"tas":14,"vic":166,"wa":33},{"ts":"2014-03-11T23:30:00Z","nsw":260,"qld":446,"sa":161,"tas":16,"vic":162,"wa":40},{"ts":"2014-03-11T23:40:00Z","nsw":282,"qld":474,"sa":161,"tas":21,"vic":181,"wa":51},{"ts":"2014-03-11T23:50:00Z","nsw":283,"qld":466,"sa":174,"tas":20,"vic":171,"wa":60},{"ts":"2014-03-12T00:00:00Z","nsw":279,"qld":490,"sa":188,"tas":22,"vic":199},{"ts":"2014-03-12T00:10:00Z","nsw":285,"qld":493,"sa":196,"tas":20,"vic":202,"wa":70},{"ts":"2014-03-12T00:20:00Z","nsw":284,"qld":517,"sa":208,"tas":19,"vic":227,"wa":77},{"ts":"2014-03-12T00:30:00Z","nsw":258,"qld":532,"sa":207,"tas":16,"vic":219,"wa":87},{"ts":"2014-03-12T00:40:00Z","nsw":262,"qld":558,"sa":209,"tas":19,"vic":233,"wa":102},{"ts":"2014-03-12T00:50:00Z","nsw":244,"qld":562,"sa":223,"tas":17,"vic":239,"wa":116},{"ts":"2014-03-12T01:00:00Z","nsw":282,"qld":575,"sa":246,"tas":21,"vic":249},{"ts":"2014-03-12T01:10:00Z","nsw":280,"qld":569,"sa":255,"tas":21,"vic":251,"wa":131},{"ts":"2014-03-12T01:20:00Z","nsw":300,"qld":561,"sa":247,"tas":25,"vic":276,"wa":137},{"ts":"2014-03-12T01:30:00Z","nsw":306,"qld":549,"sa":274,"tas":21,"vic":268,"wa":144},{"ts":"2014-03-12T01:40:00Z","nsw":306,"qld":561,"sa":260,"tas":27,"vic":283,"wa":158},{"ts":"2014-03-12T01:50:00Z","nsw":282,"qld":533,"sa":271,"tas":26,"vic":263,"wa":169},{"ts":"2014-03-12T02:00:00Z","nsw":287,"qld":545,"sa":247,"tas":30,"vic":287},{"ts":"2014-03-12T02:10:00Z","nsw":277,"qld":547,"sa":277,"tas":23,"vic":266,"wa":180},{"ts":"2014-03-12T02:20:00Z","nsw":276,"qld":546,"sa":270,"tas":22,"vic":286,"wa":183},{"ts":"2014-03-12T02:30:00Z","nsw":271,"qld":561,"sa":278,"tas":21,"vic":269,"wa":197},{"ts":"2014-03-12T02:40:00Z","nsw":289,"qld":607,"sa":279,"tas":24,"vic":286,"wa":195},{"ts":"2014-03-12T02:50:00Z","nsw":312,"qld":595,"sa":281,"tas":21,"vic":280,"wa":202},{"ts":"2014-03-12T03:00:00Z","nsw":349,"qld":600,"sa":281,"tas":24,"vic":300},{"ts":"2014-03-12T03:10:00Z","nsw":351,"qld":604,"sa":284,"tas":21,"vic":298,"wa":223},{"ts":"2014-03-12T03:20:00Z","nsw":378,"qld":615,"sa":300,"tas":24,"vic":309,"wa":221},{"ts":"2014-03-12T03:30:00Z","nsw":347,"qld":609,"sa":299,"tas":20,"vic":276,"wa":226},{"ts":"2014-03-12T03:40:00Z","nsw":325,"qld":605,"sa":296,"tas":23,"vic":280,"wa":225},{"ts":"2014-03-12T03:50:00Z","nsw":312,"qld":579,"sa":309,"tas":20,"vic":266,"wa":230},{"ts":"2014-03-12T04:00:00Z","nsw":291,"qld":573,"sa":304,"tas":23,"vic":276},{"ts":"2014-03-12T04:10:00Z","nsw":254,"qld":558,"sa":307,"tas":19,"vic":258,"wa":226},{"ts":"2014-03-12T04:20:00Z","nsw":255,"qld":544,"sa":304,"tas":23,"vic":254,"wa":224},{"ts":"2014-03-12T04:30:00Z","nsw":242,"qld":517,"sa":303,"tas":23,"vic":247,"wa":228},{"ts":"2014-03-12T04:40:00Z","nsw":251,"qld":498,"sa":294,"tas":22,"vic":250,"wa":214},{"ts":"2014-03-12T04:50:00Z","nsw":249,"qld":461,"sa":289,"tas":19,"vic":228,"wa":226},{"ts":"2014-03-12T05:00:00Z","nsw":239,"qld":436,"sa":288,"tas":19,"vic":225},{"ts":"2014-03-12T05:10:00Z","nsw":212,"qld":423,"sa":279,"tas":15,"vic":213,"wa":217},{"ts":"2014-03-12T05:20:00Z","nsw":199,"qld":397,"sa":272,"tas":17,"vic":210,"wa":215},{"ts":"2014-03-12T05:30:00Z","nsw":172,"qld":353,"sa":258,"tas":14,"vic":202,"wa":210},{"ts":"2014-03-12T05:40:00Z","nsw":167,"qld":339,"sa":251,"tas":15,"vic":196,"wa":204},{"ts":"2014-03-12T05:50:00Z","nsw":162,"qld":301,"sa":238,"tas":13,"vic":177,"wa":200},{"ts":"2014-03-12T06:00:00Z","nsw":150,"qld":275,"sa":227,"tas":13,"vic":171},{"ts":"2014-03-12T06:10:00Z","nsw":126,"qld":245,"sa":216,"tas":10,"vic":160,"wa":196},{"ts":"2014-03-12T06:20:00Z","nsw":125,"qld":223,"sa":203,"tas":10,"vic":155,"wa":176},{"ts":"2014-03-12T06:30:00Z","nsw":112,"qld":195,"sa":191,"tas":8,"vic":139,"wa":166},{"ts":"2014-03-12T06:40:00Z","nsw":112,"qld":177,"sa":174,"tas":8,"vic":126,"wa":164},{"ts":"2014-03-12T06:50:00Z","nsw":103,"qld":150,"sa":162,"tas":7,"vic":109,"wa":159},{"ts":"2014-03-12T07:00:00Z","nsw":87,"qld":123,"sa":150,"tas":6,"vic":99},{"ts":"2014-03-12T07:10:00Z","nsw":75,"qld":92,"sa":136,"tas":5,"vic":80,"wa":149},{"ts":"2014-03-12T07:20:00Z","nsw":60,"qld":70,"sa":121,"tas":4,"vic":70,"wa":146},{"ts":"2014-03-12T07:30:00Z","nsw":42,"qld":50,"sa":106,"tas":3,"vic":55,"wa":144},{"ts":"2014-03-12T07:40:00Z","nsw":35,"qld":30,"sa":91,"tas":3,"vic":41,"wa":137},{"ts":"2014-03-12T07:50:00Z","nsw":26,"qld":16,"sa":77,"tas":2,"vic":28,"wa":119},{"ts":"2014-03-12T08:00:00Z","nsw":19,"qld":7,"sa":62,"tas":2,"vic":20},{"ts":"2014-03-12T08:10:00Z","nsw":13,"qld":4,"sa":49,"tas":1,"vic":14,"wa":96},{"ts":"2014-03-12T08:20:00Z","nsw":11,"qld":3,"sa":38,"tas":0,"vic":9,"wa":96},{"ts":"2014-03-12T08:30:00Z","nsw":9,"qld":4,"sa":25,"tas":0,"vic":5,"wa":86},{"ts":"2014-03-12T08:40:00Z","nsw":11,"qld":4,"sa":16,"tas":0,"vic":4,"wa":71},{"ts":"2014-03-12T08:50:00Z","nsw":12,"qld":3,"sa":9,"tas":0,"vic":3,"wa":56},{"ts":"2014-03-12T09:00:00Z","nsw":10,"qld":5,"sa":3,"tas":0,"vic":3},{"ts":"2014-03-12T09:10:00Z","nsw":12,"qld":5,"sa":1,"tas":0,"vic":3,"wa":42},{"ts":"2014-03-12T09:20:00Z","nsw":12,"qld":4,"sa":1,"tas":0,"vic":2,"wa":33},{"ts":"2014-03-12T09:30:00Z","nsw":11,"qld":5,"sa":1,"tas":0,"vic":2,"wa":26},{"ts":"2014-03-12T09:40:00Z","nsw":13,"qld":5,"sa":1,"tas":0,"vic":2,"wa":21},{"ts":"2014-03-12T09:50:00Z","nsw":3,"qld":5,"sa":1,"tas":0,"vic":2},{"ts":"2014-03-12T10:00:00Z","nsw":3,"qld":5,"sa":1,"tas":0,"vic":2,"wa":13},{"ts":"2014-03-12T10:10:00Z","nsw":3,"qld":2,"sa":1,"tas":0,"vic":4,"wa":8},{"ts":"2014-03-12T10:20:00Z","nsw":3,"qld":2,"sa":1,"tas":0,"vic":3,"wa":5},{"ts":"2014-03-12T10:30:00Z","nsw":4,"qld":2,"sa":1,"tas":0,"vic":2,"wa":2},{"ts":"2014-03-12T10:40:00Z","nsw":3,"qld":1,"sa":0,"tas":0,"vic":3,"wa":1},{"ts":"2014-03-12T10:50:00Z","nsw":3,"qld":2,"sa":0,"tas":0,"vic":2,"wa":0},{"ts":"2014-03-12T11:00:00Z","nsw":3,"qld":2,"sa":1,"tas":0,"vic":2},{"ts":"2014-03-12T11:10:00Z","nsw":3,"qld":2,"sa":0,"tas":0,"vic":2,"wa":1},{"ts":"2014-03-12T11:20:00Z","nsw":3,"qld":2,"sa":0,"tas":0,"vic":2,"wa":1},{"ts":"2014-03-12T11:30:00Z","nsw":6,"qld":1,"sa":0,"tas":0,"vic":2,"wa":0},{"ts":"2014-03-12T11:40:00Z","nsw":2,"qld":2,"sa":0,"tas":0,"vic":2,"wa":1},{"ts":"2014-03-12T11:50:00Z","nsw":3,"qld":2,"sa":0,"tas":0,"vic":4,"wa":0}]}