{"performance":[{"ts":"2014-01-12T17:00:00Z","nsw":"0.25","nt":"0.00","qld":"0.16","sa":"0.12","tas":"0.06","vic":"0.11","wa":"0.14"},{"ts":"2014-01-12T17:10:00Z","nsw":"0.38","nt":"0.00","qld":"0.15","sa":"0.12","tas":"0.06","vic":"0.10","wa":"0.14"},{"ts":"2014-01-12T17:20:00Z","nsw":"0.38","nt":"0.00","qld":"0.13","sa":"0.12","tas":"0.06","vic":"0.07","wa":"0.14"},{"ts":"2014-01-12T17:30:00Z","nsw":"0.36","nt":"0.00","qld":"0.14","sa":"0.30","tas":"0.06","vic":"0.11","wa":"0.15"},{"ts":"2014-01-12T17:40:00Z","nsw":"0.36","nt":"0.00","qld":"0.14","sa":"0.22","tas":"0.06","vic":"0.05","wa":"0.14"},{"ts":"2014-01-12T17:50:00Z","nsw":"0.38","nt":"0.00","qld":"0.14","sa":"0.23","tas":"0.06","vic":"0.05","wa":"0.15"},{"ts":"2014-01-12T18:00:00Z","nsw":"0.36","nt":"0.00","qld":"0.15","sa":"0.23","tas":"0.06","vic":"0.12","wa":"0.14"},{"ts":"2014-01-12T18:10:00Z","nsw":"0.37","nt":"0.00","qld":"0.16","sa":"0.20","tas":"0.06","vic":"0.10","wa":"0.15"},{"ts":"2014-01-12T18:20:00Z","nsw":"0.37","nt":"0.00","qld":"0.14","sa":"0.39","tas":"0.06","vic":"0.07","wa":"0.14"},{"ts":"2014-01-12T18:30:00Z","nsw":"0.37","nt":"0.00","qld":"0.14","sa":"0.20","tas":"0.06","vic":"0.11","wa":"0.15"},{"ts":"2014-01-12T18:40:00Z","nsw":"0.37","nt":"0.00","qld":"0.14","sa":"0.23","tas":"0.05","vic":"0.19","wa":"0.14"},{"ts":"2014-01-12T18:50:00Z","nsw":"0.37","nt":"0.00","qld":"0.13","sa":"0.24","tas":"0.06","vic":"0.05","wa":"0.15"},{"ts":"2014-01-12T19:00:00Z","nsw":"0.34","nt":"0.00","qld":"0.06","sa":"0.21","tas":"0.29","vic":"0.04","wa":"0.14"},{"ts":"2014-01-12T19:10:00Z","nsw":"0.58","nt":"0.00","qld":"0.16","sa":"0.19","tas":"0.74","vic":"0.26","wa":"0.14"},{"ts":"2014-01-12T19:20:00Z","nsw":"1.11","nt":"0.00","qld":"0.60","sa":"0.26","tas":"1.01","vic":"0.12","wa":"0.14"},{"ts":"2014-01-12T19:30:00Z","nsw":"1.43","nt":"0.00","qld":"1.40","sa":"0.21","tas":"1.50","vic":"0.68","wa":"0.15"},{"ts":"2014-01-12T19:40:00Z","nsw":"2.54","nt":"0.00","qld":"2.39","sa":"0.33","tas":"2.14","vic":"1.38","wa":"0.14"},{"ts":"2014-01-12T19:50:00Z","nsw":"2.98","nt":"0.00","qld":"3.33","sa":"0.27","tas":"2.65","vic":"1.97","wa":"0.15"},{"ts":"2014-01-12T20:00:00Z","nsw":"4.14","nt":"0.00","qld":"4.76","sa":"0.48","tas":"3.65","vic":"2.85","wa":"0.14"},{"ts":"2014-01-12T20:10:00Z","nsw":"5.39","nt":"0.00","qld":"6.53","sa":"1.58","tas":"5.76","vic":"4.14","wa":"0.15"},{"ts":"2014-01-12T20:20:00Z","nsw":"7.00","nt":"0.00","qld":"8.98","sa":"2.27","tas":"6.25","vic":"5.28","wa":"0.14"},{"ts":"2014-01-12T20:30:00Z","nsw":"8.36","nt":"0.00","qld":"10.56","sa":"3.06","tas":"8.11","vic":"6.60","wa":"0.15"},{"ts":"2014-01-12T20:40:00Z","nsw":"10.11","nt":"0.00","qld":"13.37","sa":"3.81","tas":"10.03","vic":"8.25","wa":"0.14"},{"ts":"2014-01-12T20:50:00Z","nsw":"11.29","nt":"0.00","qld":"15.55","sa":"5.49","tas":"11.07","vic":"10.09","wa":"0.15"},{"ts":"2014-01-12T21:00:00Z","nsw":"13.53","nt":"0.00","qld":"18.13","sa":"6.64","tas":"15.17","vic":"11.87","wa":"0.14"},{"ts":"2014-01-12T21:10:00Z","nsw":"15.70","nt":"0.00","qld":"21.01","sa":"8.39","tas":"14.18","vic":"14.09","wa":"0.19"},{"ts":"2014-01-12T21:20:00Z","nsw":"17.54","nt":"0.00","qld":"23.91","sa":"10.56","tas":"16.64","vic":"16.27","wa":"0.18"},{"ts":"2014-01-12T21:30:00Z","nsw":"19.13","nt":"0.16","qld":"26.48","sa":"12.36","tas":"15.45","vic":"19.00","wa":"0.20"},{"ts":"2014-01-12T21:40:00Z","nsw":"21.70","nt":"0.54","qld":"29.48","sa":"15.38","tas":"17.98","vic":"23.36","wa":"0.33"},{"ts":"2014-01-12T21:50:00Z","nsw":"22.90","nt":"0.87","qld":"31.06","sa":"18.80","tas":"22.67","vic":"25.25","wa":"0.55"},{"ts":"2014-01-12T22:00:00Z","nsw":"25.62","nt":"1.37","qld":"31.92","sa":"20.94","tas":"26.57","vic":"29.18","wa":"1.49"},{"ts":"2014-01-12T22:10:00Z","nsw":"26.81","nt":"2.32","qld":"31.77","sa":"23.86","tas":"29.96","vic":"32.38","wa":"1.72"},{"ts":"2014-01-12T22:20:00Z","nsw":"29.34","nt":"1.58","qld":"35.12","sa":"27.45","tas":"33.83","vic":"35.94","wa":"2.19"},{"ts":"2014-01-12T22:30:00Z","nsw":"29.56","nt":"4.02","qld":"32.71","sa":"30.28","tas":"37.30","vic":"38.95","wa":"4.28"},{"ts":"2014-01-12T22:40:00Z","nsw":"30.82","nt":"4.87","qld":"37.45","sa":"33.47","tas":"40.57","vic":"43.55","wa":"6.50"},{"ts":"2014-01-12T22:50:00Z","nsw":"32.94","nt":"3.16","qld":"37.95","sa":"36.23","tas":"42.51","vic":"44.54","wa":"8.72"},{"ts":"2014-01-12T23:00:00Z","nsw":"35.60","nt":"6.16","qld":"39.29","sa":"39.63","tas":"42.48","vic":"48.03","wa":"10.65"},{"ts":"2014-01-12T23:10:00Z","nsw":"37.10","nt":"8.34","qld":"42.20","sa":"41.38","tas":"45.54","vic":"49.98","wa":"10.24"},{"ts":"2014-01-12T23:20:00Z","nsw":"37.99","nt":"11.75","qld":"43.26","sa":"44.29","tas":"55.99","vic":"51.72","wa":"10.68"},{"ts":"2014-01-12T23:30:00Z","nsw":"39.41","nt":"10.19","qld":"46.29","sa":"47.23","tas":"54.54","vic":"54.66","wa":"13.21"},{"ts":"2014-01-12T23:40:00Z","nsw":"42.18","nt":"10.26","qld":"48.76","sa":"49.06","tas":"64.08","vic":"56.97","wa":"12.09"},{"ts":"2014-01-12T23:50:00Z","nsw":"42.07","nt":"13.20","qld":"47.67","sa":"51.59","tas":"60.13","vic":"58.05","wa":"11.25"},{"ts":"2014-01-13T00:00:00Z","nsw":"43.42","nt":"16.19","qld":"48.71","sa":"53.10","tas":"65.12","vic":"59.88","wa":"12.51"},{"ts":"2014-01-13T00:10:00Z","nsw":"46.97","nt":"13.37","qld":"48.00","sa":"55.68","tas":"60.16","vic":"61.03","wa":"15.72"},{"ts":"2014-01-13T00:20:00Z","nsw":"46.89","nt":"10.75","qld":"48.60","sa":"57.94","tas":"67.21","vic":"62.44","wa":"23.19"},{"ts":"2014-01-13T00:30:00Z","nsw":"47.72","nt":"15.57","qld":"47.71","sa":"60.04","tas":"69.44","vic":"63.59","wa":"27.23"},{"ts":"2014-01-13T00:40:00Z","nsw":"53.90","nt":"13.15","qld":"50.96","sa":"61.47","tas":"73.61","vic":"65.35","wa":"37.17"},{"ts":"2014-01-13T00:50:00Z","nsw":"50.07","nt":"7.67","qld":"50.94","sa":"63.55","tas":"72.47","vic":"66.52","wa":"37.99"},{"ts":"2014-01-13T01:00:00Z","nsw":"51.78","nt":"11.99","qld":"53.20","sa":"63.23","tas":"74.04","vic":"66.62","wa":"45.16"},{"ts":"2014-01-13T01:10:00Z","nsw":"56.15","nt":"10.17","qld":"51.65","sa":"65.05","tas":"74.07","vic":"67.22","wa":"47.05"},{"ts":"2014-01-13T01:20:00Z","nsw":"54.73","nt":"5.19","qld":"54.96","sa":"67.50","tas":"76.71","vic":"67.26","wa":"51.23"},{"ts":"2014-01-13T01:30:00Z","nsw":"57.61","nt":"9.33","qld":"51.50","sa":"68.27","tas":"78.40","vic":"68.06","wa":"48.32"},{"ts":"2014-01-13T01:40:00Z","nsw":"63.08","nt":"9.93","qld":"53.53","sa":"67.37","tas":"78.12","vic":"69.31","wa":"49.36"},{"ts":"2014-01-13T02:00:00Z","nsw":"58.92","nt":"11.26","qld":"58.92","sa":"69.53","tas":"77.14","vic":"69.75","wa":"55.08"},{"ts":"2014-01-13T02:10:00Z","nsw":"64.02","nt":"10.98","qld":"54.99","sa":"68.93","tas":"77.61","vic":"70.22","wa":"56.94"},{"ts":"2014-01-13T02:20:00Z","nsw":"56.92","nt":"14.55","qld":"57.18","sa":"68.68","tas":"78.27","vic":"70.91","wa":"57.54"},{"ts":"2014-01-13T02:30:00Z","nsw":"59.70","nt":"15.56","qld":"54.03","sa":"69.55","tas":"73.36","vic":"70.15","wa":"61.16"},{"ts":"2014-01-13T02:40:00Z","nsw":"61.64","nt":"14.35","qld":"54.21","sa":"69.64","tas":"76.40","vic":"69.48","wa":"64.61"},{"ts":"2014-01-13T02:50:00Z","nsw":"58.97","nt":"6.56","qld":"54.79","sa":"70.22","tas":"76.82","vic":"70.28","wa":"67.88"},{"ts":"2014-01-13T03:00:00Z","nsw":"58.47","nt":"14.25","qld":"54.83","sa":"70.14","tas":"77.27","vic":"69.72","wa":"69.22"},{"ts":"2014-01-13T03:10:00Z","nsw":"56.62","nt":"11.19","qld":"56.33","sa":"69.75","tas":"76.71","vic":"67.90","wa":"71.61"},{"ts":"2014-01-13T03:20:00Z","nsw":"56.90","nt":"13.29","qld":"58.40","sa":"71.12","tas":"78.25","vic":"67.94","wa":"72.21"},{"ts":"2014-01-13T03:30:00Z","nsw":"55.81","nt":"12.99","qld":"56.89","sa":"70.96","tas":"75.10","vic":"67.44","wa":"74.37"},{"ts":"2014-01-13T03:40:00Z","nsw":"61.71","nt":"15.70","qld":"56.72","sa":"70.15","tas":"76.54","vic":"64.90","wa":"72.97"},{"ts":"2014-01-13T03:50:00Z","nsw":"58.13","nt":"18.57","qld":"53.98","sa":"70.33","tas":"74.09","vic":"64.72","wa":"72.64"},{"ts":"2014-01-13T04:00:00Z","nsw":"58.37","nt":"19.36","qld":"53.65","sa":"69.34","tas":"75.55","vic":"63.34","wa":"74.45"},{"ts":"2014-01-13T04:10:00Z","nsw":"57.31","nt":"21.10","qld":"51.00","sa":"68.33","tas":"71.50","vic":"63.33","wa":"73.61"},{"ts":"2014-01-13T04:20:00Z","nsw":"55.41","nt":"10.67","qld":"52.71","sa":"67.65","tas":"69.43","vic":"61.52","wa":"73.82"},{"ts":"2014-01-13T04:50:00Z","nsw":"52.89","nt":"9.30","qld":"48.81","sa":"63.98","tas":"61.54","vic":"57.34","wa":"74.22"},{"ts":"2014-01-13T05:00:00Z","nsw":"52.47","nt":"14.00","qld":"49.77","sa":"64.24","tas":"63.36","vic":"56.73","wa":"74.55"},{"ts":"2014-01-13T05:10:00Z","nsw":"49.39","nt":"11.69","qld":"47.18","sa":"63.17","tas":"62.83","vic":"54.08","wa":"75.07"},{"ts":"2014-01-13T05:20:00Z","nsw":"46.05","nt":"9.47","qld":"46.25","sa":"61.98","tas":"60.48","vic":"52.71","wa":"72.78"},{"ts":"2014-01-13T05:30:00Z","nsw":"43.45","nt":"12.89","qld":"42.81","sa":"60.56","tas":"58.87","vic":"50.27","wa":"70.53"},{"ts":"2014-01-13T05:40:00Z","nsw":"45.38","nt":"15.85","qld":"40.37","sa":"58.56","tas":"54.80","vic":"48.38","wa":"73.07"},{"ts":"2014-01-13T05:50:00Z","nsw":"39.22","nt":"10.97","qld":"37.83","sa":"56.32","tas":"47.58","vic":"46.13","wa":"68.47"},{"ts":"2014-01-13T06:00:00Z","nsw":"37.44","nt":"14.33","qld":"34.54","sa":"55.08","tas":"50.29","vic":"43.53","wa":"73.15"},{"ts":"2014-01-13T06:10:00Z","nsw":"36.49","nt":"12.50","qld":"31.83","sa":"51.21","tas":"42.81","vic":"41.38","wa":"69.26"},{"ts":"2014-01-13T06:20:00Z","nsw":"34.00","nt":"5.75","qld":"29.82","sa":"49.22","tas":"45.26","vic":"38.81","wa":"69.05"},{"ts":"2014-01-13T06:30:00Z","nsw":"30.08","nt":"6.26","qld":"25.41","sa":"47.03","tas":"41.58","vic":"35.84","wa":"68.71"},{"ts":"2014-01-13T06:40:00Z","nsw":"29.04","nt":"4.36","qld":"23.68","sa":"44.09","tas":"38.00","vic":"33.12","wa":"67.42"},{"ts":"2014-01-13T06:50:00Z","nsw":"24.09","nt":"3.08","qld":"19.28","sa":"42.12","tas":"34.13","vic":"31.09","wa":"64.08"},{"ts":"2014-01-13T07:00:00Z","nsw":"21.70","nt":"2.64","qld":"18.00","sa":"40.31","tas":"30.40","vic":"28.66","wa":"62.60"},{"ts":"2014-01-13T07:10:00Z","nsw":"18.51","nt":"1.99","qld":"14.59","sa":"38.01","tas":"27.43","vic":"25.37","wa":"60.23"},{"ts":"2014-01-13T07:20:00Z","nsw":"16.60","nt":"0.55","qld":"12.58","sa":"35.10","tas":"25.00","vic":"23.07","wa":"55.80"},{"ts":"2014-01-13T07:30:00Z","nsw":"14.22","nt":"0.90","qld":"10.10","sa":"32.15","tas":"20.44","vic":"20.80","wa":"49.10"},{"ts":"2014-01-13T07:40:00Z","nsw":"12.25","nt":"0.45","qld":"8.29","sa":"28.77","tas":"19.44","vic":"17.33","wa":"43.58"},{"ts":"2014-01-13T07:50:00Z","nsw":"10.06","nt":"0.16","qld":"6.35","sa":"25.82","tas":"16.59","vic":"15.41","wa":"41.65"},{"ts":"2014-01-13T08:00:00Z","nsw":"8.04","nt":"0.32","qld":"4.89","sa":"23.55","tas":"14.36","vic":"13.49","wa":"43.32"},{"ts":"2014-01-13T08:10:00Z","nsw":"6.83","nt":"0.18","qld":"3.22","sa":"21.19","tas":"11.78","vic":"10.38","wa":"41.55"},{"ts":"2014-01-13T08:20:00Z","nsw":"5.60","nt":"0.08","qld":"2.28","sa":"18.53","tas":"10.30","vic":"9.08","wa":"43.77"},{"ts":"2014-01-13T08:30:00Z","nsw":"4.52","nt":"0.13","qld":"1.19","sa":"14.98","tas":"8.77","vic":"7.31","wa":"38.61"},{"ts":"2014-01-13T08:40:00Z","nsw":"3.81","nt":"0.08","qld":"0.47","sa":"12.69","tas":"7.02","vic":"5.82","wa":"32.14"},{"ts":"2014-01-13T08:50:00Z","nsw":"2.76","nt":"0.16","qld":"0.21","sa":"10.80","tas":"5.57","vic":"4.88","wa":"32.92"},{"ts":"2014-01-13T09:00:00Z","nsw":"2.08","nt":"0.32","qld":"0.16","sa":"8.84","tas":"4.50","vic":"3.67","wa":"30.99"},{"ts":"2014-01-13T09:10:00Z","nsw":"1.88","nt":"0.16","qld":"0.14","sa":"7.13","tas":"2.43","vic":"2.52","wa":"22.41"},{"ts":"2014-01-13T09:20:00Z","nsw":"1.41","nt":"0.08","qld":"0.23","sa":"5.17","tas":"1.76","vic":"1.67","wa":"20.58"},{"ts":"2014-01-13T09:30:00Z","nsw":"1.53","nt":"0.08","qld":"0.22","sa":"3.33","tas":"0.81","vic":"1.35","wa":"17.30"},{"ts":"2014-01-13T09:40:00Z","nsw":"1.36","nt":"0.08","qld":"0.17","sa":"1.90","tas":"0.39","vic":"0.93","wa":"18.25"},{"ts":"2014-01-13T09:50:00Z","nsw":"1.43","nt":"0.08","qld":"0.15","sa":"1.07","tas":"0.17","vic":"0.93","wa":"13.55"},{"ts":"2014-01-13T10:00:00Z","nsw":"1.39","nt":"0.08","qld":"0.15","sa":"0.48","tas":"0.12","vic":"0.78","wa":"11.10"},{"ts":"2014-01-13T10:10:00Z","nsw":"1.47","nt":"0.00","qld":"0.20","sa":"0.34","tas":"0.11","vic":"0.72","wa":"9.80"},{"ts":"2014-01-13T10:20:00Z","nsw":"1.68","nt":"0.00","qld":"0.17","sa":"0.37","tas":"0.11","vic":"0.56","wa":"7.60"},{"ts":"2014-01-13T10:30:00Z","nsw":"1.63","nt":"0.00","qld":"0.20","sa":"0.26","tas":"0.11","vic":"0.58","wa":"6.93"},{"ts":"2014-01-13T10:40:00Z","nsw":"1.52","nt":"0.00","qld":"0.21","sa":"0.17","tas":"0.10","vic":"0.61","wa":"5.85"},{"ts":"2014-01-13T10:50:00Z","nsw":"1.51","nt":"0.00","qld":"0.20","sa":"0.16","tas":"0.10","vic":"0.59","wa":"4.76"},{"ts":"2014-01-13T11:00:00Z","nsw":"1.59","nt":"0.00","qld":"0.20","sa":"0.15","tas":"0.10","vic":"0.60","wa":"3.44"},{"ts":"2014-01-13T11:10:00Z","nsw":"1.01","nt":"0.00","qld":"0.18","sa":"0.11","tas":"0.10","vic":"0.60","wa":"2.41"},{"ts":"2014-01-13T11:20:00Z","nsw":"0.96","nt":"0.00","qld":"0.15","sa":"0.14","tas":"0.10","vic":"0.66","wa":"1.80"},{"ts":"2014-01-13T11:30:00Z","nsw":"0.93","nt":"0.00","qld":"0.17","sa":"0.11","tas":"0.10","vic":"0.67","wa":"1.67"},{"ts":"2014-01-13T11:40:00Z","nsw":"0.98","nt":"0.00","qld":"0.17","sa":"0.11","tas":"0.10","vic":"0.63","wa":"2.03"},{"ts":"2014-01-13T11:50:00Z","nsw":"1.02","nt":"0.00","qld":"0.15","sa":"0.11","tas":"0.10","vic":"1.03","wa":"0.60"}],"contribution":[{"ts":"2014-01-12T17:00:00Z","nsw":"0.03","qld":"0.03","sa":"0.04","tas":"0.00","vic":"0.01"},{"ts":"2014-01-12T17:10:00Z","nsw":"0.04","qld":"0.03","sa":"0.04","tas":"0.00","vic":"0.01","wa":"0.02"},{"ts":"2014-01-12T17:20:00Z","nsw":"0.04","qld":"0.03","sa":"0.04","tas":"0.00","vic":"0.01","wa":"0.02"},{"ts":"2014-01-12T17:30:00Z","nsw":"0.04","qld":"0.03","sa":"0.10","tas":"0.00","vic":"0.01","wa":"0.02"},{"ts":"2014-01-12T17:40:00Z","nsw":"0.04","qld":"0.03","sa":"0.08","tas":"0.00","vic":"0.01","wa":"0.02"},{"ts":"2014-01-12T17:50:00Z","nsw":"0.04","qld":"0.03","sa":"0.08","tas":"0.00","vic":"0.01","wa":"0.02"},{"ts":"2014-01-12T18:00:00Z","nsw":"0.04","qld":"0.03","sa":"0.08","tas":"0.00","vic":"0.01"},{"ts":"2014-01-12T18:10:00Z","nsw":"0.04","qld":"0.03","sa":"0.07","tas":"0.00","vic":"0.01","wa":"0.03"},{"ts":"2014-01-12T18:20:00Z","nsw":"0.04","qld":"0.03","sa":"0.13","tas":"0.00","vic":"0.01","wa":"0.02"},{"ts":"2014-01-12T18:30:00Z","nsw":"0.04","qld":"0.03","sa":"0.07","tas":"0.00","vic":"0.01","wa":"0.03"},{"ts":"2014-01-12T18:40:00Z","nsw":"0.04","qld":"0.03","sa":"0.08","tas":"0.00","vic":"0.02","wa":"0.02"},{"ts":"2014-01-12T18:50:00Z","nsw":"0.04","qld":"0.03","sa":"0.08","tas":"0.00","vic":"0.01","wa":"0.03"},{"ts":"2014-01-12T19:00:00Z","nsw":"0.03","qld":"0.01","sa":"0.07","tas":"0.02","vic":"0.00"},{"ts":"2014-01-12T19:10:00Z","nsw":"0.06","qld":"0.03","sa":"0.06","tas":"0.04","vic":"0.03","wa":"0.02"},{"ts":"2014-01-12T19:20:00Z","nsw":"0.10","qld":"0.12","sa":"0.09","tas":"0.06","vic":"0.01","wa":"0.02"},{"ts":"2014-01-12T19:30:00Z","nsw":"0.13","qld":"0.28","sa":"0.07","tas":"0.08","vic":"0.07","wa":"0.03"},{"ts":"2014-01-12T19:40:00Z","nsw":"0.23","qld":"0.47","sa":"0.11","tas":"0.12","vic":"0.14","wa":"0.02"},{"ts":"2014-01-12T19:50:00Z","nsw":"0.27","qld":"0.65","sa":"0.09","tas":"0.14","vic":"0.20","wa":"0.03"},{"ts":"2014-01-12T20:00:00Z","nsw":"0.36","qld":"0.90","sa":"0.15","tas":"0.19","vic":"0.28"},{"ts":"2014-01-12T20:10:00Z","nsw":"0.47","qld":"1.19","sa":"0.49","tas":"0.29","vic":"0.40","wa":"0.03"},{"ts":"2014-01-12T20:20:00Z","nsw":"0.58","qld":"1.63","sa":"0.67","tas":"0.32","vic":"0.50","wa":"0.02"},{"ts":"2014-01-12T20:30:00Z","nsw":"0.69","qld":"1.86","sa":"0.89","tas":"0.40","vic":"0.61","wa":"0.03"},{"ts":"2014-01-12T20:40:00Z","nsw":"0.82","qld":"2.33","sa":"1.05","tas":"0.49","vic":"0.75","wa":"0.02"},{"ts":"2014-01-12T20:50:00Z","nsw":"0.90","qld":"2.63","sa":"1.46","tas":"0.53","vic":"0.90","wa":"0.03"},{"ts":"2014-01-12T21:00:00Z","nsw":"1.06","qld":"3.02","sa":"1.76","tas":"0.75","vic":"1.04"},{"ts":"2014-01-12T21:10:00Z","nsw":"1.20","qld":"3.39","sa":"2.18","tas":"0.68","vic":"1.26","wa":"0.03"},{"ts":"2014-01-12T21:20:00Z","nsw":"1.33","qld":"3.79","sa":"2.67","tas":"0.80","vic":"1.47","wa":"0.03"},{"ts":"2014-01-12T21:30:00Z","nsw":"1.44","qld":"4.18","sa":"3.13","tas":"0.75","vic":"1.67","wa":"0.03"},{"ts":"2014-01-12T21:40:00Z","nsw":"1.62","qld":"4.49","sa":"3.83","tas":"0.88","vic":"2.01","wa":"0.06"},{"ts":"2014-01-12T21:50:00Z","nsw":"1.67","qld":"4.76","sa":"4.58","tas":"1.09","vic":"2.15","wa":"0.09"},{"ts":"2014-01-12T22:00:00Z","nsw":"1.87","qld":"4.81","sa":"4.96","tas":"1.28","vic":"2.48"},{"ts":"2014-01-12T22:10:00Z","nsw":"1.92","qld":"4.72","sa":"5.50","tas":"1.43","vic":"2.74","wa":"0.28"},{"ts":"2014-01-12T22:20:00Z","nsw":"2.08","qld":"5.17","sa":"6.12","tas":"1.63","vic":"3.04"},{"ts":"2014-01-12T22:30:00Z","nsw":"2.10","qld":"4.82","sa":"6.70","tas":"1.80","vic":"3.25","wa":"0.66"},{"ts":"2014-01-12T22:40:00Z","nsw":"2.19","qld":"5.41","sa":"7.21","tas":"1.98","vic":"3.60","wa":"0.98"},{"ts":"2014-01-12T22:50:00Z","nsw":"2.31","qld":"5.47","sa":"7.81","tas":"2.05","vic":"3.66","wa":"1.31"},{"ts":"2014-01-12T23:00:00Z","nsw":"2.48","qld":"5.62","sa":"8.43","tas":"2.08","vic":"3.91"},{"ts":"2014-01-12T23:10:00Z","nsw":"2.57","qld":"6.10","sa":"8.71","tas":"2.22","vic":"4.06","wa":"1.47"},{"ts":"2014-01-12T23:20:00Z","nsw":"2.63","qld":"6.24","sa":"9.19","tas":"2.71","vic":"4.13","wa":"1.52"},{"ts":"2014-01-12T23:30:00Z","nsw":"2.74","qld":"6.69","sa":"9.81","tas":"2.64","vic":"4.34","wa":"1.86"},{"ts":"2014-01-12T23:40:00Z","nsw":"2.92","qld":"7.00","sa":"9.96","tas":"3.08","vic":"4.49","wa":"1.66"},{"ts":"2014-01-12T23:50:00Z","nsw":"2.88","qld":"6.85","sa":"10.16","tas":"2.88","vic":"4.54","wa":"1.54"},{"ts":"2014-01-13T00:00:00Z","nsw":"2.96","qld":"6.98","sa":"10.33","tas":"3.11","vic":"4.67","wa":"1.70"},{"ts":"2014-01-13T00:10:00Z","nsw":"3.24","qld":"6.88","sa":"10.90","tas":"2.84","vic":"4.71","wa":"2.09"},{"ts":"2014-01-13T00:20:00Z","nsw":"3.22","qld":"6.98","sa":"11.04","tas":"3.13","vic":"4.83","wa":"3.04"},{"ts":"2014-01-13T00:30:00Z","nsw":"3.30","qld":"6.82","sa":"11.25","tas":"3.28","vic":"4.82"},{"ts":"2014-01-13T00:40:00Z","nsw":"3.68","qld":"7.27","sa":"11.47","tas":"3.46","vic":"4.89","wa":"4.77"},{"ts":"2014-01-13T00:50:00Z","nsw":"3.41","qld":"7.20","sa":"11.67","tas":"3.39","vic":"4.98","wa":"4.85"},{"ts":"2014-01-13T01:00:00Z","nsw":"3.54","qld":"7.54","sa":"11.60","tas":"3.47","vic":"4.97"},{"ts":"2014-01-13T01:10:00Z","nsw":"3.81","qld":"7.34","sa":"11.76","tas":"3.51","vic":"5.04","wa":"5.94"},{"ts":"2014-01-13T01:20:00Z","nsw":"3.72","qld":"7.76","sa":"11.92","tas":"3.64","vic":"4.96","wa":"6.40"},{"ts":"2014-01-13T01:30:00Z","nsw":"3.89","qld":"7.28","sa":"11.95","tas":"3.77","vic":"5.02","wa":"5.89"},{"ts":"2014-01-13T01:40:00Z","nsw":"4.24","qld":"7.54","sa":"11.69","tas":"3.79","vic":"5.12","wa":"6.00"},{"ts":"2014-01-13T02:00:00Z","nsw":"3.97","qld":"8.15","sa":"11.81","tas":"3.75","vic":"5.03","wa":"6.77"},{"ts":"2014-01-13T02:10:00Z","nsw":"4.25","qld":"7.66","sa":"11.61","tas":"3.74","vic":"5.04","wa":"6.98"},{"ts":"2014-01-13T02:20:00Z","nsw":"3.78","qld":"7.97","sa":"11.41","tas":"3.71","vic":"5.04","wa":"7.02"},{"ts":"2014-01-13T02:30:00Z","nsw":"3.93","qld":"7.55","sa":"11.57","tas":"3.46","vic":"5.02","wa":"7.44"},{"ts":"2014-01-13T02:40:00Z","nsw":"4.04","qld":"7.54","sa":"11.29","tas":"3.61","vic":"4.91","wa":"7.82"},{"ts":"2014-01-13T02:50:00Z","nsw":"3.84","qld":"7.63","sa":"11.37","tas":"3.62","vic":"4.95","wa":"8.18"},{"ts":"2014-01-13T03:00:00Z","nsw":"3.83","qld":"7.61","sa":"11.36","tas":"3.70","vic":"4.84","wa":"8.33"},{"ts":"2014-01-13T03:10:00Z","nsw":"3.70","qld":"7.78","sa":"11.22","tas":"3.66","vic":"4.66","wa":"8.41"},{"ts":"2014-01-13T03:20:00Z","nsw":"3.68","qld":"8.03","sa":"11.04","tas":"3.82","vic":"4.71","wa":"8.52"},{"ts":"2014-01-13T03:30:00Z","nsw":"3.64","qld":"7.88","sa":"11.08","tas":"3.61","vic":"4.63","wa":"8.79"},{"ts":"2014-01-13T03:40:00Z","nsw":"3.98","qld":"7.82","sa":"10.92","tas":"3.67","vic":"4.46","wa":"8.61"},{"ts":"2014-01-13T03:50:00Z","nsw":"3.76","qld":"7.37","sa":"10.87","tas":"3.51","vic":"4.37","wa":"8.60"},{"ts":"2014-01-13T04:00:00Z","nsw":"3.75","qld":"7.37","sa":"10.64","tas":"3.57","vic":"4.26","wa":"8.81"},{"ts":"2014-01-13T04:10:00Z","nsw":"3.67","qld":"7.09","sa":"10.40","tas":"3.38","vic":"4.26","wa":"8.55"},{"ts":"2014-01-13T04:20:00Z","nsw":"3.57","qld":"7.25","sa":"10.43","tas":"3.26","vic":"4.10","wa":"8.59"},{"ts":"2014-01-13T04:50:00Z","nsw":"3.40","qld":"6.74","sa":"9.67","tas":"2.89","vic":"3.71","wa":"8.61"},{"ts":"2014-01-13T05:00:00Z","nsw":"3.34","qld":"6.84","sa":"9.70","tas":"2.97","vic":"3.68"},{"ts":"2014-01-13T05:10:00Z","nsw":"3.14","qld":"6.56","sa":"9.58","tas":"2.90","vic":"3.48","wa":"8.63"},{"ts":"2014-01-13T05:20:00Z","nsw":"2.95","qld":"6.36","sa":"9.40","tas":"2.80","vic":"3.39","wa":"8.40"},{"ts":"2014-01-13T05:30:00Z","nsw":"2.79","qld":"5.87","sa":"9.17","tas":"2.72","vic":"3.18","wa":"8.14"},{"ts":"2014-01-13T05:40:00Z","nsw":"2.87","qld":"5.58","sa":"8.85","tas":"2.51","vic":"3.04","wa":"8.42"},{"ts":"2014-01-13T05:50:00Z","nsw":"2.50","qld":"5.21","sa":"8.52","tas":"2.17","vic":"2.86","wa":"7.93"},{"ts":"2014-01-13T06:00:00Z","nsw":"2.39","qld":"4.76","sa":"8.36","tas":"2.29","vic":"2.69","wa":"8.45"},{"ts":"2014-01-13T06:10:00Z","nsw":"2.35","qld":"4.44","sa":"7.78","tas":"1.98","vic":"2.59","wa":"8.05"},{"ts":"2014-01-13T06:20:00Z","nsw":"2.20","qld":"4.15","sa":"7.52","tas":"2.08","vic":"2.39","wa":"8.00"},{"ts":"2014-01-13T06:30:00Z","nsw":"1.95","qld":"3.55","sa":"7.20","tas":"1.92","vic":"2.19","wa":"7.95"},{"ts":"2014-01-13T06:40:00Z","nsw":"1.88","qld":"3.32","sa":"6.73","tas":"1.76","vic":"2.05","wa":"7.79"},{"ts":"2014-01-13T06:50:00Z","nsw":"1.55","qld":"2.70","sa":"6.37","tas":"1.54","vic":"1.95","wa":"7.42"},{"ts":"2014-01-13T07:00:00Z","nsw":"1.42","qld":"2.50","sa":"6.12","tas":"1.36","vic":"1.81","wa":"7.27"},{"ts":"2014-01-13T07:10:00Z","nsw":"1.24","qld":"2.06","sa":"5.78","tas":"1.25","vic":"1.60","wa":"7.07"},{"ts":"2014-01-13T07:20:00Z","nsw":"1.12","qld":"1.77","sa":"5.27","tas":"1.15","vic":"1.46","wa":"6.60"},{"ts":"2014-01-13T07:30:00Z","nsw":"0.96","qld":"1.42","sa":"4.91","tas":"0.95","vic":"1.31","wa":"5.82"},{"ts":"2014-01-13T07:40:00Z","nsw":"0.84","qld":"1.18","sa":"4.34","tas":"0.90","vic":"1.11","wa":"5.13"},{"ts":"2014-01-13T07:50:00Z","nsw":"0.69","qld":"0.90","sa":"3.91","tas":"0.77","vic":"0.99","wa":"4.89"},{"ts":"2014-01-13T08:00:00Z","nsw":"0.56","qld":"0.71","sa":"3.58","tas":"0.67","vic":"0.88","wa":"5.14"},{"ts":"2014-01-13T08:10:00Z","nsw":"0.48","qld":"0.47","sa":"3.21","tas":"0.56","vic":"0.68","wa":"4.98"},{"ts":"2014-01-13T08:20:00Z","nsw":"0.40","qld":"0.34","sa":"2.81","tas":"0.49","vic":"0.59","wa":"5.25"},{"ts":"2014-01-13T08:30:00Z","nsw":"0.32","qld":"0.18","sa":"2.29","tas":"0.41","vic":"0.48","wa":"4.53"},{"ts":"2014-01-13T08:40:00Z","nsw":"0.28","qld":"0.07","sa":"1.96","tas":"0.32","vic":"0.39","wa":"3.88"},{"ts":"2014-01-13T08:50:00Z","nsw":"0.20","qld":"0.03","sa":"1.67","tas":"0.26","vic":"0.33","wa":"4.00"},{"ts":"2014-01-13T09:00:00Z","nsw":"0.15","qld":"0.02","sa":"1.38","tas":"0.21","vic":"0.25"},{"ts":"2014-01-13T09:10:00Z","nsw":"0.14","qld":"0.02","sa":"1.12","tas":"0.11","vic":"0.17","wa":"2.81"},{"ts":"2014-01-13T09:20:00Z","nsw":"0.10","qld":"0.03","sa":"0.83","tas":"0.08","vic":"0.12","wa":"2.58"},{"ts":"2014-01-13T09:30:00Z","nsw":"0.11","qld":"0.03","sa":"0.54","tas":"0.04","vic":"0.09","wa":"2.19"},{"ts":"2014-01-13T09:40:00Z","nsw":"0.10","qld":"0.03","sa":"0.31","tas":"0.02","vic":"0.07","wa":"2.32"},{"ts":"2014-01-13T09:50:00Z","nsw":"0.11","qld":"0.02","sa":"0.18","tas":"0.01","vic":"0.07","wa":"1.74"},{"ts":"2014-01-13T10:00:00Z","nsw":"0.10","qld":"0.02","sa":"0.08","tas":"0.01","vic":"0.06","wa":"1.45"},{"ts":"2014-01-13T10:10:00Z","nsw":"0.11","qld":"0.03","sa":"0.06","tas":"0.01","vic":"0.05","wa":"1.30"},{"ts":"2014-01-13T10:20:00Z","nsw":"0.13","qld":"0.03","sa":"0.06","tas":"0.01","vic":"0.04","wa":"1.01"},{"ts":"2014-01-13T10:30:00Z","nsw":"0.12","qld":"0.03","sa":"0.05","tas":"0.00","vic":"0.04","wa":"0.93"},{"ts":"2014-01-13T10:40:00Z","nsw":"0.12","qld":"0.03","sa":"0.03","tas":"0.00","vic":"0.05","wa":"0.79"},{"ts":"2014-01-13T10:50:00Z","nsw":"0.12","qld":"0.03","sa":"0.03","tas":"0.00","vic":"0.04","wa":"0.65"},{"ts":"2014-01-13T11:00:00Z","nsw":"0.12","qld":"0.03","sa":"0.03","tas":"0.00","vic":"0.05"},{"ts":"2014-01-13T11:10:00Z","nsw":"0.08","qld":"0.03","sa":"0.02","tas":"0.00","vic":"0.05","wa":"0.34"},{"ts":"2014-01-13T11:20:00Z","nsw":"0.08","qld":"0.02","sa":"0.03","tas":"0.00","vic":"0.05","wa":"0.25"},{"ts":"2014-01-13T11:30:00Z","nsw":"0.07","qld":"0.03","sa":"0.02","tas":"0.00","vic":"0.05","wa":"0.23"},{"ts":"2014-01-13T11:40:00Z","nsw":"0.08","qld":"0.03","sa":"0.02","tas":"0.01","vic":"0.05","wa":"0.28"},{"ts":"2014-01-13T11:50:00Z","nsw":"0.08","qld":"0.02","sa":"0.02","tas":"0.01","vic":"0.09","wa":"0.08"}],"demand":[{"ts":"2014-01-12T17:00:00Z","nsw":6037,"qld":4721,"sa":1280,"tas":835,"vic":4084},{"ts":"2014-01-12T17:10:00Z","nsw":6052,"qld":4697,"sa":1285,"tas":858,"vic":4079,"wa":2072},{"ts":"2014-01-12T17:20:00Z","nsw":5966,"qld":4750,"sa":1271,"tas":867,"vic":4103,"wa":2054},{"ts":"2014-01-12T17:30:00Z","nsw":6059,"qld":4708,"sa":1275,"tas":862,"vic":4127,"wa":2059},{"ts":"2014-01-12T17:40:00Z","nsw":6075,"qld":4692,"sa":1298,"tas":853,"vic":4080,"wa":2057},{"ts":"2014-01-12T17:50:00Z","nsw":6109,"qld":4724,"sa":1293,"tas":838,"vic":4133,"wa":2056},{"ts":"2014-01-12T18:00:00Z","nsw":6155,"qld":4681,"sa":1309,"tas":846,"vic":4162},{"ts":"2014-01-12T18:10:00Z","nsw":6217,"qld":4735,"sa":1289,"tas":862,"vic":4207,"wa":2034},{"ts":"2014-01-12T18:20:00Z","nsw":6343,"qld":4766,"sa":1282,"tas":873,"vic":4306,"wa":2019},{"ts":"2014-01-12T18:30:00Z","nsw":6338,"qld":4820,"sa":1290,"tas":887,"vic":4370,"wa":1976},{"ts":"2014-01-12T18:40:00Z","nsw":6479,"qld":4823,"sa":1320,"tas":893,"vic":4467,"wa":1964},{"ts":"2014-01-12T18:50:00Z","nsw":6522,"qld":4903,"sa":1322,"tas":897,"vic":4552,"wa":1962},{"ts":"2014-01-12T19:00:00Z","nsw":6673,"qld":4876,"sa":1320,"tas":910,"vic":4575},{"ts":"2014-01-12T19:10:00Z","nsw":6839,"qld":4891,"sa":1336,"tas":935,"vic":4680,"wa":1999},{"ts":"2014-01-12T19:20:00Z","nsw":7029,"qld":4948,"sa":1345,"tas":937,"vic":4806,"wa":2002},{"ts":"2014-01-12T19:30:00Z","nsw":7116,"qld":5038,"sa":1365,"tas":941,"vic":4840,"wa":1985},{"ts":"2014-01-12T19:40:00Z","nsw":7186,"qld":5060,"sa":1381,"tas":960,"vic":4943,"wa":1976},{"ts":"2014-01-12T19:50:00Z","nsw":7331,"qld":5058,"sa":1426,"tas":979,"vic":5031,"wa":1973},{"ts":"2014-01-12T20:00:00Z","nsw":7480,"qld":5226,"sa":1449,"tas":992,"vic":5209},{"ts":"2014-01-12T20:10:00Z","nsw":7609,"qld":5403,"sa":1445,"tas":1012,"vic":5331,"wa":1983},{"ts":"2014-01-12T20:20:00Z","nsw":7823,"qld":5380,"sa":1489,"tas":1023,"vic":5424,"wa":1969},{"ts":"2014-01-12T20:30:00Z","nsw":7926,"qld":5542,"sa":1527,"tas":1049,"vic":5589,"wa":1969},{"ts":"2014-01-12T20:40:00Z","nsw":8064,"qld":5567,"sa":1605,"tas":1064,"vic":5695,"wa":1973},{"ts":"2014-01-12T20:50:00Z","nsw":8189,"qld":5713,"sa":1637,"tas":1070,"vic":5750,"wa":1980},{"ts":"2014-01-12T21:00:00Z","nsw":8297,"qld":5799,"sa":1658,"tas":1055,"vic":5757},{"ts":"2014-01-12T21:10:00Z","nsw":8445,"qld":5930,"sa":1675,"tas":1065,"vic":5681,"wa":2047},{"ts":"2014-01-12T21:20:00Z","nsw":8542,"qld":6032,"sa":1698,"tas":1067,"vic":5664,"wa":2054},{"ts":"2014-01-12T21:30:00Z","nsw":8557,"qld":6085,"sa":1694,"tas":1059,"vic":5805,"wa":2045},{"ts":"2014-01-12T21:40:00Z","nsw":8625,"qld":6256,"sa":1716,"tas":1055,"vic":5860,"wa":2066},{"ts":"2014-01-12T21:50:00Z","nsw":8778,"qld":6226,"sa":1745,"tas":1061,"vic":5912,"wa":2074},{"ts":"2014-01-12T22:00:00Z","nsw":8830,"qld":6293,"sa":1782,"tas":1067,"vic":5903},{"ts":"2014-01-12T22:10:00Z","nsw":8972,"qld":6353,"sa":1826,"tas":1063,"vic":5930,"wa":2160},{"ts":"2014-01-12T22:20:00Z","nsw":8962,"qld":6406,"sa":1866,"tas":1056,"vic":5946},{"ts":"2014-01-12T22:30:00Z","nsw":8996,"qld":6425,"sa":1877,"tas":1050,"vic":5978,"wa":2246},{"ts":"2014-01-12T22:40:00Z","nsw":9025,"qld":6485,"sa":1911,"tas":1043,"vic":6022,"wa":2277},{"ts":"2014-01-12T22:50:00Z","nsw":9071,"qld":6511,"sa":1894,"tas":1052,"vic":6049,"wa":2289},{"ts":"2014-01-12T23:00:00Z","nsw":9132,"qld":6503,"sa":1915,"tas":1040,"vic":6078},{"ts":"2014-01-12T23:10:00Z","nsw":9183,"qld":6485,"sa":1929,"tas":1037,"vic":6105,"wa":2389},{"ts":"2014-01-12T23:20:00Z","nsw":9190,"qld":6464,"sa":1954,"tas":1041,"vic":6200,"wa":2409},{"ts":"2014-01-12T23:30:00Z","nsw":9136,"qld":6409,"sa":1935,"tas":1040,"vic":6241,"wa":2427},{"ts":"2014-01-12T23:40:00Z","nsw":9207,"qld":6431,"sa":1981,"tas":1041,"vic":6256,"wa":2497},{"ts":"2014-01-12T23:50:00Z","nsw":9263,"qld":6424,"sa":2026,"tas":1050,"vic":6300,"wa":2507},{"ts":"2014-01-13T00:00:00Z","nsw":9244,"qld":6459,"sa":2042,"tas":1051,"vic":6340,"wa":2521},{"ts":"2014-01-13T00:10:00Z","nsw":9170,"qld":6442,"sa":2041,"tas":1068,"vic":6350,"wa":2565},{"ts":"2014-01-13T00:20:00Z","nsw":9197,"qld":6426,"sa":2075,"tas":1072,"vic":6384,"wa":2570},{"ts":"2014-01-13T00:30:00Z","nsw":9165,"qld":6493,"sa":2100,"tas":1059,"vic":6472},{"ts":"2014-01-13T00:40:00Z","nsw":9253,"qld":6453,"sa":2115,"tas":1066,"vic":6570,"wa":2582},{"ts":"2014-01-13T00:50:00Z","nsw":9211,"qld":6502,"sa":2128,"tas":1068,"vic":6538,"wa":2594},{"ts":"2014-01-13T01:00:00Z","nsw":9230,"qld":6474,"sa":2150,"tas":1063,"vic":6582},{"ts":"2014-01-13T01:10:00Z","nsw":9260,"qld":6500,"sa":2191,"tas":1055,"vic":6584,"wa":2591},{"ts":"2014-01-13T01:20:00Z","nsw":9253,"qld":6480,"sa":2235,"tas":1052,"vic":6630,"wa":2606},{"ts":"2014-01-13T01:30:00Z","nsw":9307,"qld":6535,"sa":2231,"tas":1034,"vic":6627,"wa":2687},{"ts":"2014-01-13T01:40:00Z","nsw":9314,"qld":6502,"sa":2267,"tas":1023,"vic":6659,"wa":2689},{"ts":"2014-01-13T01:50:00Z","nsw":9300,"qld":6484,"sa":2301,"tas":1023,"vic":6762,"wa":2677},{"ts":"2014-01-13T02:00:00Z","nsw":9340,"qld":6572,"sa":2313,"tas":1026,"vic":6772,"wa":2637},{"ts":"2014-01-13T02:10:00Z","nsw":9456,"qld":6558,"sa":2336,"tas":1034,"vic":6859,"wa":2640},{"ts":"2014-01-13T02:20:00Z","nsw":9484,"qld":6549,"sa":2378,"tas":1057,"vic":6873,"wa":2652},{"ts":"2014-01-13T02:30:00Z","nsw":9549,"qld":6548,"sa":2367,"tas":1063,"vic":6893,"wa":2646},{"ts":"2014-01-13T02:40:00Z","nsw":9546,"qld":6585,"sa":2431,"tas":1057,"vic":6974,"wa":2651},{"ts":"2014-01-13T02:50:00Z","nsw":9607,"qld":6570,"sa":2427,"tas":1054,"vic":6978,"wa":2652},{"ts":"2014-01-13T03:00:00Z","nsw":9590,"qld":6607,"sa":2445,"tas":1037,"vic":7115,"wa":2652},{"ts":"2014-01-13T03:10:00Z","nsw":9634,"qld":6617,"sa":2504,"tas":1040,"vic":7138,"wa":2713},{"ts":"2014-01-13T03:20:00Z","nsw":9704,"qld":6592,"sa":2528,"tas":1023,"vic":7106,"wa":2699},{"ts":"2014-01-13T03:30:00Z","nsw":9640,"qld":6624,"sa":2530,"tas":1037,"vic":7218,"wa":2686},{"ts":"2014-01-13T03:40:00Z","nsw":9752,"qld":6642,"sa":2544,"tas":1041,"vic":7222,"wa":2695},{"ts":"2014-01-13T03:50:00Z","nsw":9730,"qld":6698,"sa":2548,"tas":1050,"vic":7324,"wa":2686},{"ts":"2014-01-13T04:00:00Z","nsw":9782,"qld":6667,"sa":2582,"tas":1051,"vic":7339,"wa":2682},{"ts":"2014-01-13T04:10:00Z","nsw":9799,"qld":6669,"sa":2597,"tas":1061,"vic":7368,"wa":2740},{"ts":"2014-01-13T04:20:00Z","nsw":9753,"qld":6720,"sa":2585,"tas":1062,"vic":7436,"wa":2733},{"ts":"2014-01-13T04:30:00Z","nsw":9840,"qld":6757,"sa":2614,"tas":1053,"vic":7526,"wa":2745},{"ts":"2014-01-13T04:40:00Z","nsw":9858,"qld":6793,"sa":2618,"tas":1057,"vic":7566,"wa":2738},{"ts":"2014-01-13T04:50:00Z","nsw":9858,"qld":6740,"sa":2658,"tas":1069,"vic":7696,"wa":2741},{"ts":"2014-01-13T05:00:00Z","nsw":9938,"qld":6716,"sa":2658,"tas":1077,"vic":7675},{"ts":"2014-01-13T05:10:00Z","nsw":9924,"qld":6691,"sa":2654,"tas":1089,"vic":7754,"wa":2765},{"ts":"2014-01-13T05:20:00Z","nsw":9864,"qld":6743,"sa":2657,"tas":1090,"vic":7805,"wa":2761},{"ts":"2014-01-13T05:30:00Z","nsw":9940,"qld":6784,"sa":2670,"tas":1089,"vic":7928,"wa":2769},{"ts":"2014-01-13T05:40:00Z","nsw":9971,"qld":6838,"sa":2678,"tas":1102,"vic":8010,"wa":2765},{"ts":"2014-01-13T05:50:00Z","nsw":10012,"qld":6823,"sa":2684,"tas":1110,"vic":8038,"wa":2764},{"ts":"2014-01-13T06:00:00Z","nsw":9945,"qld":6858,"sa":2697,"tas":1110,"vic":8105,"wa":2759},{"ts":"2014-01-13T06:10:00Z","nsw":9895,"qld":6800,"sa":2688,"tas":1102,"vic":8090,"wa":2754},{"ts":"2014-01-13T06:20:00Z","nsw":9870,"qld":6818,"sa":2694,"tas":1109,"vic":8179,"wa":2763},{"ts":"2014-01-13T06:30:00Z","nsw":9915,"qld":6839,"sa":2700,"tas":1102,"vic":8228,"wa":2766},{"ts":"2014-01-13T06:40:00Z","nsw":9889,"qld":6882,"sa":2714,"tas":1112,"vic":8154,"wa":2778},{"ts":"2014-01-13T06:50:00Z","nsw":9928,"qld":6905,"sa":2733,"tas":1134,"vic":8049,"wa":2780},{"ts":"2014-01-13T07:00:00Z","nsw":9845,"qld":6944,"sa":2735,"tas":1140,"vic":8085,"wa":2779},{"ts":"2014-01-13T07:10:00Z","nsw":9639,"qld":6872,"sa":2740,"tas":1118,"vic":8031,"wa":2754},{"ts":"2014-01-13T07:20:00Z","nsw":9550,"qld":6919,"sa":2784,"tas":1107,"vic":8058,"wa":2746},{"ts":"2014-01-13T07:30:00Z","nsw":9583,"qld":6971,"sa":2762,"tas":1107,"vic":8076,"wa":2766},{"ts":"2014-01-13T07:40:00Z","nsw":9477,"qld":6903,"sa":2811,"tas":1113,"vic":7959,"wa":2805},{"ts":"2014-01-13T07:50:00Z","nsw":9411,"qld":6903,"sa":2817,"tas":1108,"vic":7947,"wa":2819},{"ts":"2014-01-13T08:00:00Z","nsw":9355,"qld":6827,"sa":2815,"tas":1109,"vic":7859,"wa":2782},{"ts":"2014-01-13T08:10:00Z","nsw":9174,"qld":6722,"sa":2833,"tas":1075,"vic":7837,"wa":2757},{"ts":"2014-01-13T08:20:00Z","nsw":9171,"qld":6638,"sa":2840,"tas":1094,"vic":7812,"wa":2751},{"ts":"2014-01-13T08:30:00Z","nsw":9104,"qld":6677,"sa":2845,"tas":1114,"vic":7757,"wa":2831},{"ts":"2014-01-13T08:40:00Z","nsw":8977,"qld":6689,"sa":2812,"tas":1119,"vic":7705,"wa":2772},{"ts":"2014-01-13T08:50:00Z","nsw":8981,"qld":6716,"sa":2817,"tas":1110,"vic":7639,"wa":2752},{"ts":"2014-01-13T09:00:00Z","nsw":8925,"qld":6735,"sa":2801,"tas":1101,"vic":7554},{"ts":"2014-01-13T09:10:00Z","nsw":8900,"qld":6866,"sa":2791,"tas":1088,"vic":7459,"wa":2694},{"ts":"2014-01-13T09:20:00Z","nsw":8866,"qld":6772,"sa":2747,"tas":1079,"vic":7396,"wa":2703},{"ts":"2014-01-13T09:30:00Z","nsw":8892,"qld":6808,"sa":2692,"tas":1074,"vic":7332,"wa":2685},{"ts":"2014-01-13T09:40:00Z","nsw":8970,"qld":6737,"sa":2672,"tas":1066,"vic":7279,"wa":2671},{"ts":"2014-01-13T09:50:00Z","nsw":8866,"qld":6678,"sa":2661,"tas":1065,"vic":7238,"wa":2669},{"ts":"2014-01-13T10:00:00Z","nsw":8826,"qld":6693,"sa":2642,"tas":1076,"vic":7216,"wa":2622},{"ts":"2014-01-13T10:10:00Z","nsw":8829,"qld":6616,"sa":2557,"tas":1070,"vic":7177,"wa":2588},{"ts":"2014-01-13T10:20:00Z","nsw":8684,"qld":6548,"sa":2566,"tas":1117,"vic":7085,"wa":2584},{"ts":"2014-01-13T10:30:00Z","nsw":8580,"qld":6510,"sa":2556,"tas":1161,"vic":7057,"wa":2565},{"ts":"2014-01-13T10:40:00Z","nsw":8532,"qld":6517,"sa":2516,"tas":1113,"vic":6935,"wa":2543},{"ts":"2014-01-13T10:50:00Z","nsw":8385,"qld":6472,"sa":2522,"tas":1151,"vic":6792,"wa":2532},{"ts":"2014-01-13T11:00:00Z","nsw":8401,"qld":6416,"sa":2467,"tas":1136,"vic":6713},{"ts":"2014-01-13T11:10:00Z","nsw":8420,"qld":6500,"sa":2431,"tas":1040,"vic":6633,"wa":2494},{"ts":"2014-01-13T11:20:00Z","nsw":8277,"qld":6427,"sa":2397,"tas":1024,"vic":6505,"wa":2487},{"ts":"2014-01-13T11:30:00Z","nsw":8282,"qld":6379,"sa":2337,"tas":1031,"vic":6389,"wa":2496},{"ts":"2014-01-13T11:40:00Z","nsw":8162,"qld":6335,"sa":2277,"tas":1013,"vic":6179,"wa":2489},{"ts":"2014-01-13T11:50:00Z","nsw":8007,"qld":6220,"sa":2220,"tas":1013,"vic":6066,"wa":2505}],"output":[{"ts":"2014-01-12T17:00:00Z","nsw":1,"qld":1,"sa":0,"tas":0,"vic":0},{"ts":"2014-01-12T17:10:00Z","nsw":2,"qld":1,"sa":0,"tas":0,"vic":0,"wa":0},{"ts":"2014-01-12T17:20:00Z","nsw":2,"qld":1,"sa":0,"tas":0,"vic":0,"wa":0},{"ts":"2014-01-12T17:30:00Z","nsw":2,"qld":1,"sa":1,"tas":0,"vic":0,"wa":0},{"ts":"2014-01-12T17:40:00Z","nsw":2,"qld":1,"sa":0,"tas":0,"vic":0,"wa":0},{"ts":"2014-01-12T17:50:00Z","nsw":2,"qld":1,"sa":1,"tas":0,"vic":0,"wa":0},{"ts":"2014-01-12T18:00:00Z","nsw":2,"qld":1,"sa":1,"tas":0,"vic":0},{"ts":"2014-01-12T18:10:00Z","nsw":2,"qld":1,"sa":0,"tas":0,"vic":0,"wa":0},{"ts":"2014-01-12T18:20:00Z","nsw":2,"qld":1,"sa":1,"tas":0,"vic":0,"wa":0},{"ts":"2014-01-12T18:30:00Z","nsw":2,"qld":1,"sa":0,"tas":0,"vic":0,"wa":0},{"ts":"2014-01-12T18:40:00Z","nsw":2,"qld":1,"sa":1,"tas":0,"vic":0,"wa":0},{"ts":"2014-01-12T18:50:00Z","nsw":2,"qld":1,"sa":1,"tas":0,"vic":0,"wa":0},{"ts":"2014-01-12T19:00:00Z","nsw":2,"qld":0,"sa":0,"tas":0,"vic":0},{"ts":"2014-01-12T19:10:00Z","nsw":3,"qld":1,"sa":0,"tas":0,"vic":1,"wa":0},{"ts":"2014-01-12T19:20:00Z","nsw":7,"qld":5,"sa":1,"tas":0,"vic":0,"wa":0},{"ts":"2014-01-12T19:30:00Z","nsw":9,"qld":13,"sa":0,"tas":0,"vic":3,"wa":0},{"ts":"2014-01-12T19:40:00Z","nsw":16,"qld":23,"sa":1,"tas":1,"vic":7,"wa":0},{"ts":"2014-01-12T19:50:00Z","nsw":19,"qld":33,"sa":1,"tas":1,"vic":10,"wa":0},{"ts":"2014-01-12T20:00:00Z","nsw":27,"qld":47,"sa":2,"tas":1,"vic":14},{"ts":"2014-01-12T20:10:00Z","nsw":35,"qld":64,"sa":7,"tas":2,"vic":21,"wa":0},{"ts":"2014-01-12T20:20:00Z","nsw":45,"qld":89,"sa":10,"tas":3,"vic":27,"wa":0},{"ts":"2014-01-12T20:30:00Z","nsw":54,"qld":104,"sa":13,"tas":4,"vic":34,"wa":0},{"ts":"2014-01-12T20:40:00Z","nsw":66,"qld":132,"sa":16,"tas":5,"vic":42,"wa":0},{"ts":"2014-01-12T20:50:00Z","nsw":73,"qld":154,"sa":24,"tas":5,"vic":52,"wa":0},{"ts":"2014-01-12T21:00:00Z","nsw":88,"qld":179,"sa":29,"tas":7,"vic":61},{"ts":"2014-01-12T21:10:00Z","nsw":102,"qld":208,"sa":37,"tas":7,"vic":72,"wa":0},{"ts":"2014-01-12T21:20:00Z","nsw":114,"qld":237,"sa":46,"tas":8,"vic":83,"wa":0},{"ts":"2014-01-12T21:30:00Z","nsw":124,"qld":262,"sa":54,"tas":7,"vic":97,"wa":0},{"ts":"2014-01-12T21:40:00Z","nsw":141,"qld":292,"sa":68,"tas":9,"vic":120,"wa":1},{"ts":"2014-01-12T21:50:00Z","nsw":149,"qld":308,"sa":83,"tas":11,"vic":130,"wa":1},{"ts":"2014-01-12T22:00:00Z","nsw":167,"qld":316,"sa":92,"tas":13,"vic":150},{"ts":"2014-01-12T22:10:00Z","nsw":175,"qld":315,"sa":105,"tas":15,"vic":167,"wa":5},{"ts":"2014-01-12T22:20:00Z","nsw":191,"qld":348,"sa":121,"tas":17,"vic":185},{"ts":"2014-01-12T22:30:00Z","nsw":192,"qld":324,"sa":134,"tas":19,"vic":200,"wa":14},{"ts":"2014-01-12T22:40:00Z","nsw":201,"qld":371,"sa":148,"tas":21,"vic":224,"wa":22},{"ts":"2014-01-12T22:50:00Z","nsw":215,"qld":376,"sa":160,"tas":22,"vic":229,"wa":30},{"ts":"2014-01-12T23:00:00Z","nsw":232,"qld":389,"sa":175,"tas":21,"vic":247},{"ts":"2014-01-12T23:10:00Z","nsw":242,"qld":418,"sa":183,"tas":23,"vic":257,"wa":35},{"ts":"2014-01-12T23:20:00Z","nsw":248,"qld":429,"sa":196,"tas":28,"vic":266,"wa":37},{"ts":"2014-01-12T23:30:00Z","nsw":257,"qld":459,"sa":209,"tas":28,"vic":281,"wa":45},{"ts":"2014-01-12T23:40:00Z","nsw":275,"qld":483,"sa":217,"tas":33,"vic":293,"wa":42},{"ts":"2014-01-12T23:50:00Z","nsw":274,"qld":472,"sa":228,"tas":31,"vic":299,"wa":39},{"ts":"2014-01-13T00:00:00Z","nsw":283,"qld":483,"sa":235,"tas":33,"vic":308,"wa":43},{"ts":"2014-01-13T00:10:00Z","nsw":306,"qld":476,"sa":247,"tas":31,"vic":314,"wa":54},{"ts":"2014-01-13T00:20:00Z","nsw":306,"qld":482,"sa":257,"tas":34,"vic":322,"wa":80},{"ts":"2014-01-13T00:30:00Z","nsw":311,"qld":473,"sa":266,"tas":35,"vic":328},{"ts":"2014-01-13T00:40:00Z","nsw":351,"qld":505,"sa":272,"tas":38,"vic":337,"wa":129},{"ts":"2014-01-13T00:50:00Z","nsw":326,"qld":505,"sa":282,"tas":37,"vic":343,"wa":132},{"ts":"2014-01-13T01:00:00Z","nsw":338,"qld":527,"sa":280,"tas":38,"vic":343},{"ts":"2014-01-13T01:10:00Z","nsw":366,"qld":512,"sa":288,"tas":38,"vic":346,"wa":163},{"ts":"2014-01-13T01:20:00Z","nsw":357,"qld":545,"sa":299,"tas":39,"vic":346,"wa":178},{"ts":"2014-01-13T01:30:00Z","nsw":376,"qld":510,"sa":303,"tas":40,"vic":351,"wa":168},{"ts":"2014-01-13T01:40:00Z","nsw":411,"qld":531,"sa":299,"tas":40,"vic":357,"wa":171},{"ts":"2014-01-13T02:00:00Z","nsw":384,"qld":584,"sa":308,"tas":39,"vic":359,"wa":191},{"ts":"2014-01-13T02:10:00Z","nsw":417,"qld":545,"sa":305,"tas":40,"vic":362,"wa":198},{"ts":"2014-01-13T02:20:00Z","nsw":371,"qld":567,"sa":304,"tas":40,"vic":365,"wa":200},{"ts":"2014-01-13T02:30:00Z","nsw":389,"qld":536,"sa":308,"tas":37,"vic":361,"wa":212},{"ts":"2014-01-13T02:40:00Z","nsw":402,"qld":537,"sa":309,"tas":39,"vic":358,"wa":224},{"ts":"2014-01-13T02:50:00Z","nsw":385,"qld":543,"sa":311,"tas":39,"vic":362,"wa":236},{"ts":"2014-01-13T03:00:00Z","nsw":381,"qld":543,"sa":311,"tas":40,"vic":359,"wa":240},{"ts":"2014-01-13T03:10:00Z","nsw":369,"qld":558,"sa":309,"tas":39,"vic":350,"wa":249},{"ts":"2014-01-13T03:20:00Z","nsw":371,"qld":579,"sa":315,"tas":40,"vic":350,"wa":251},{"ts":"2014-01-13T03:30:00Z","nsw":364,"qld":564,"sa":315,"tas":38,"vic":347,"wa":258},{"ts":"2014-01-13T03:40:00Z","nsw":402,"qld":562,"sa":311,"tas":39,"vic":334,"wa":253},{"ts":"2014-01-13T03:50:00Z","nsw":379,"qld":535,"sa":312,"tas":38,"vic":333,"wa":252},{"ts":"2014-01-13T04:00:00Z","nsw":381,"qld":532,"sa":307,"tas":39,"vic":326,"wa":259},{"ts":"2014-01-13T04:10:00Z","nsw":374,"qld":505,"sa":303,"tas":37,"vic":326,"wa":256},{"ts":"2014-01-13T04:20:00Z","nsw":361,"qld":522,"sa":300,"tas":35,"vic":317,"wa":256},{"ts":"2014-01-13T04:50:00Z","nsw":345,"qld":484,"sa":284,"tas":31,"vic":295,"wa":258},{"ts":"2014-01-13T05:00:00Z","nsw":342,"qld":493,"sa":285,"tas":32,"vic":292},{"ts":"2014-01-13T05:10:00Z","nsw":322,"qld":468,"sa":280,"tas":32,"vic":278,"wa":261},{"ts":"2014-01-13T05:20:00Z","nsw":300,"qld":458,"sa":275,"tas":31,"vic":271,"wa":253},{"ts":"2014-01-13T05:30:00Z","nsw":283,"qld":424,"sa":268,"tas":30,"vic":259,"wa":245},{"ts":"2014-01-13T05:40:00Z","nsw":296,"qld":400,"sa":259,"tas":28,"vic":249,"wa":254},{"ts":"2014-01-13T05:50:00Z","nsw":256,"qld":375,"sa":250,"tas":24,"vic":237,"wa":238},{"ts":"2014-01-13T06:00:00Z","nsw":244,"qld":342,"sa":244,"tas":26,"vic":224,"wa":254},{"ts":"2014-01-13T06:10:00Z","nsw":238,"qld":315,"sa":227,"tas":22,"vic":213,"wa":241},{"ts":"2014-01-13T06:20:00Z","nsw":221,"qld":295,"sa":218,"tas":23,"vic":200,"wa":240},{"ts":"2014-01-13T06:30:00Z","nsw":196,"qld":252,"sa":208,"tas":21,"vic":184,"wa":239},{"ts":"2014-01-13T06:40:00Z","nsw":189,"qld":234,"sa":195,"tas":19,"vic":170,"wa":234},{"ts":"2014-01-13T06:50:00Z","nsw":157,"qld":191,"sa":186,"tas":17,"vic":160,"wa":223},{"ts":"2014-01-13T07:00:00Z","nsw":141,"qld":178,"sa":178,"tas":15,"vic":147,"wa":217},{"ts":"2014-01-13T07:10:00Z","nsw":120,"qld":144,"sa":168,"tas":14,"vic":130,"wa":209},{"ts":"2014-01-13T07:20:00Z","nsw":108,"qld":124,"sa":155,"tas":12,"vic":119,"wa":194},{"ts":"2014-01-13T07:30:00Z","nsw":92,"qld":100,"sa":142,"tas":10,"vic":107,"wa":170},{"ts":"2014-01-13T07:40:00Z","nsw":79,"qld":82,"sa":127,"tas":10,"vic":89,"wa":151},{"ts":"2014-01-13T07:50:00Z","nsw":65,"qld":62,"sa":114,"tas":8,"vic":79,"wa":144},{"ts":"2014-01-13T08:00:00Z","nsw":52,"qld":48,"sa":104,"tas":7,"vic":69,"wa":150},{"ts":"2014-01-13T08:10:00Z","nsw":44,"qld":31,"sa":94,"tas":6,"vic":53,"wa":144},{"ts":"2014-01-13T08:20:00Z","nsw":36,"qld":22,"sa":82,"tas":5,"vic":46,"wa":152},{"ts":"2014-01-13T08:30:00Z","nsw":29,"qld":11,"sa":66,"tas":4,"vic":37,"wa":134},{"ts":"2014-01-13T08:40:00Z","nsw":24,"qld":4,"sa":56,"tas":3,"vic":30,"wa":111},{"ts":"2014-01-13T08:50:00Z","nsw":18,"qld":2,"sa":47,"tas":2,"vic":25,"wa":114},{"ts":"2014-01-13T09:00:00Z","nsw":13,"qld":1,"sa":39,"tas":2,"vic":18},{"ts":"2014-01-13T09:10:00Z","nsw":12,"qld":1,"sa":31,"tas":1,"vic":12,"wa":77},{"ts":"2014-01-13T09:20:00Z","nsw":9,"qld":2,"sa":22,"tas":0,"vic":8,"wa":71},{"ts":"2014-01-13T09:30:00Z","nsw":9,"qld":2,"sa":14,"tas":0,"vic":6,"wa":60},{"ts":"2014-01-13T09:40:00Z","nsw":8,"qld":1,"sa":8,"tas":0,"vic":4,"wa":63},{"ts":"2014-01-13T09:50:00Z","nsw":9,"qld":1,"sa":4,"tas":0,"vic":4,"wa":47},{"ts":"2014-01-13T10:00:00Z","nsw":9,"qld":1,"sa":2,"tas":0,"vic":4,"wa":38},{"ts":"2014-01-13T10:10:00Z","nsw":9,"qld":1,"sa":1,"tas":0,"vic":3,"wa":34},{"ts":"2014-01-13T10:20:00Z","nsw":10,"qld":1,"sa":1,"tas":0,"vic":2,"wa":26},{"ts":"2014-01-13T10:30:00Z","nsw":10,"qld":2,"sa":1,"tas":0,"vic":2,"wa":24},{"ts":"2014-01-13T10:40:00Z","nsw":9,"qld":2,"sa":0,"tas":0,"vic":3,"wa":20},{"ts":"2014-01-13T10:50:00Z","nsw":9,"qld":1,"sa":0,"tas":0,"vic":3,"wa":16},{"ts":"2014-01-13T11:00:00Z","nsw":10,"qld":1,"sa":0,"tas":0,"vic":3},{"ts":"2014-01-13T11:10:00Z","nsw":6,"qld":1,"sa":0,"tas":0,"vic":3,"wa":8},{"ts":"2014-01-13T11:20:00Z","nsw":6,"qld":1,"sa":0,"tas":0,"vic":3,"wa":6},{"ts":"2014-01-13T11:30:00Z","nsw":6,"qld":1,"sa":0,"tas":0,"vic":3,"wa":5},{"ts":"2014-01-13T11:40:00Z","nsw":6,"qld":1,"sa":0,"tas":0,"vic":3,"wa":7},{"ts":"2014-01-13T11:50:00Z","nsw":6,"qld":1,"sa":0,"tas":0,"vic":5,"wa":2}]}