{"performance":[{"ts":"2014-01-31T17:00:00Z","nsw":"0.33","nt":"0.00","qld":"0.15","sa":"0.14","tas":"0.09","vic":"0.20","wa":"0.14"},{"ts":"2014-01-31T17:10:00Z","nsw":"0.44","nt":"0.00","qld":"0.14","sa":"0.20","tas":"0.07","vic":"0.06","wa":"0.14"},{"ts":"2014-01-31T17:20:00Z","nsw":"0.49","nt":"0.00","qld":"0.14","sa":"0.20","tas":"0.07","vic":"0.12","wa":"0.14"},{"ts":"2014-01-31T17:30:00Z","nsw":"0.44","nt":"0.00","qld":"0.14","sa":"0.14","tas":"0.07","vic":"0.06","wa":"0.15"},{"ts":"2014-01-31T17:40:00Z","nsw":"0.33","nt":"0.00","qld":"0.14","sa":"0.13","tas":"0.07","vic":"0.07","wa":"0.14"},{"ts":"2014-01-31T17:50:00Z","nsw":"0.34","nt":"0.00","qld":"0.16","sa":"0.20","tas":"0.07","vic":"0.07","wa":"0.15"},{"ts":"2014-01-31T18:00:00Z","nsw":"0.32","nt":"0.00","qld":"0.16","sa":"0.14","tas":"0.07","vic":"0.08","wa":"0.14"},{"ts":"2014-01-31T18:10:00Z","nsw":"0.47","nt":"0.00","qld":"0.13","sa":"0.13","tas":"0.06","vic":"0.11","wa":"0.15"},{"ts":"2014-01-31T18:20:00Z","nsw":"0.47","nt":"0.00","qld":"0.14","sa":"0.20","tas":"0.06","vic":"0.11","wa":"0.14"},{"ts":"2014-01-31T18:30:00Z","nsw":"0.43","nt":"0.00","qld":"0.14","sa":"0.21","tas":"0.06","vic":"0.18","wa":"0.15"},{"ts":"2014-01-31T18:40:00Z","nsw":"0.45","nt":"0.00","qld":"0.14","sa":"0.13","tas":"0.06","vic":"0.08","wa":"0.14"},{"ts":"2014-01-31T18:50:00Z","nsw":"0.45","nt":"0.00","qld":"0.15","sa":"0.13","tas":"0.06","vic":"0.07","wa":"0.15"},{"ts":"2014-01-31T19:00:00Z","nsw":"0.50","nt":"0.00","qld":"0.17","sa":"0.12","tas":"0.05","vic":"0.12","wa":"0.14"},{"ts":"2014-01-31T19:10:00Z","nsw":"0.47","nt":"0.00","qld":"0.13","sa":"0.12","tas":"0.04","vic":"0.10","wa":"0.14"},{"ts":"2014-01-31T19:20:00Z","nsw":"0.44","nt":"0.00","qld":"0.20","sa":"0.12","tas":"0.16","vic":"0.09","wa":"0.14"},{"ts":"2014-01-31T19:30:00Z","nsw":"0.66","nt":"0.00","qld":"0.50","sa":"0.13","tas":"0.52","vic":"0.05","wa":"0.15"},{"ts":"2014-01-31T19:40:00Z","nsw":"1.00","nt":"0.00","qld":"0.91","sa":"0.33","tas":"1.09","vic":"0.12","wa":"0.14"},{"ts":"2014-01-31T19:50:00Z","nsw":"1.54","nt":"0.00","qld":"1.45","sa":"0.41","tas":"1.90","vic":"0.40","wa":"0.15"},{"ts":"2014-01-31T20:00:00Z","nsw":"2.51","nt":"0.00","qld":"1.99","sa":"0.32","tas":"3.42","vic":"0.81","wa":"0.14"},{"ts":"2014-01-31T20:10:00Z","nsw":"3.28","nt":"0.00","qld":"2.57","sa":"0.67","tas":"4.75","vic":"1.09","wa":"0.15"},{"ts":"2014-01-31T20:20:00Z","nsw":"4.76","nt":"0.00","qld":"3.62","sa":"0.88","tas":"7.19","vic":"1.57","wa":"0.14"},{"ts":"2014-01-31T20:30:00Z","nsw":"6.03","nt":"0.00","qld":"5.21","sa":"1.53","tas":"8.36","vic":"2.31","wa":"0.15"},{"ts":"2014-01-31T20:40:00Z","nsw":"7.64","nt":"0.00","qld":"7.56","sa":"2.48","tas":"10.51","vic":"3.01","wa":"0.14"},{"ts":"2014-01-31T20:50:00Z","nsw":"9.02","nt":"0.00","qld":"9.77","sa":"3.38","tas":"12.22","vic":"3.76","wa":"0.15"},{"ts":"2014-01-31T21:00:00Z","nsw":"10.63","nt":"0.00","qld":"10.71","sa":"4.82","tas":"15.12","vic":"4.79","wa":"0.14"},{"ts":"2014-01-31T21:10:00Z","nsw":"12.96","nt":"0.00","qld":"11.55","sa":"6.33","tas":"16.54","vic":"5.52","wa":"0.16"},{"ts":"2014-01-31T21:20:00Z","nsw":"14.13","nt":"0.00","qld":"13.78","sa":"7.78","tas":"19.76","vic":"6.98","wa":"0.16"},{"ts":"2014-01-31T21:30:00Z","nsw":"15.84","nt":"0.00","qld":"16.10","sa":"9.87","tas":"21.35","vic":"8.31","wa":"0.16"},{"ts":"2014-01-31T21:40:00Z","nsw":"18.28","nt":"0.15","qld":"17.12","sa":"12.68","tas":"24.99","vic":"10.17","wa":"0.17"},{"ts":"2014-01-31T21:50:00Z","nsw":"20.37","nt":"0.74","qld":"19.59","sa":"14.87","tas":"28.08","vic":"12.00","wa":"0.24"},{"ts":"2014-01-31T22:00:00Z","nsw":"22.57","nt":"0.73","qld":"23.50","sa":"17.72","tas":"30.74","vic":"14.01","wa":"0.87"},{"ts":"2014-01-31T22:10:00Z","nsw":"24.84","nt":"2.50","qld":"26.30","sa":"20.88","tas":"34.79","vic":"16.31","wa":"1.87"},{"ts":"2014-01-31T22:20:00Z","nsw":"27.06","nt":"3.44","qld":"30.04","sa":"23.91","tas":"37.41","vic":"19.05","wa":"3.00"},{"ts":"2014-01-31T22:30:00Z","nsw":"28.61","nt":"3.08","qld":"31.45","sa":"27.20","tas":"39.91","vic":"22.70","wa":"4.29"},{"ts":"2014-01-31T22:40:00Z","nsw":"31.35","nt":"1.92","qld":"33.16","sa":"28.72","tas":"43.33","vic":"24.93","wa":"5.18"},{"ts":"2014-01-31T22:50:00Z","nsw":"34.16","nt":"1.86","qld":"37.66","sa":"32.40","tas":"46.67","vic":"30.70","wa":"6.80"},{"ts":"2014-01-31T23:00:00Z","nsw":"35.65","nt":"3.15","qld":"40.06","sa":"35.07","tas":"49.78","vic":"35.81","wa":"9.25"},{"ts":"2014-01-31T23:10:00Z","nsw":"36.54","nt":"5.06","qld":"41.68","sa":"38.88","tas":"51.54","vic":"38.81","wa":"10.87"},{"ts":"2014-01-31T23:20:00Z","nsw":"39.23","nt":"5.35","qld":"47.41","sa":"42.30","tas":"54.62","vic":"43.20","wa":"13.76"},{"ts":"2014-01-31T23:30:00Z","nsw":"40.50","nt":"6.63","qld":"46.88","sa":"44.51","tas":"56.22","vic":"45.50","wa":"15.34"},{"ts":"2014-01-31T23:40:00Z","nsw":"42.25","nt":"9.20","qld":"50.81","sa":"46.05","tas":"59.00","vic":"48.82","wa":"17.90"},{"ts":"2014-01-31T23:50:00Z","nsw":"44.61","nt":"10.25","qld":"50.12","sa":"48.56","tas":"61.48","vic":"51.16","wa":"20.84"},{"ts":"2014-02-01T00:00:00Z","nsw":"48.60","nt":"13.06","qld":"49.62","sa":"50.63","tas":"64.59","vic":"55.22","wa":"25.70"},{"ts":"2014-02-01T00:10:00Z","nsw":"48.30","nt":"16.45","qld":"48.53","sa":"51.63","tas":"66.22","vic":"56.50","wa":"28.71"},{"ts":"2014-02-01T00:20:00Z","nsw":"52.51","nt":"16.41","qld":"50.62","sa":"54.39","tas":"68.38","vic":"61.10","wa":"31.04"},{"ts":"2014-02-01T00:30:00Z","nsw":"53.30","nt":"16.74","qld":"50.38","sa":"56.69","tas":"68.97","vic":"62.17","wa":"34.91"},{"ts":"2014-02-01T00:40:00Z","nsw":"60.35","nt":"21.93","qld":"51.63","sa":"58.22","tas":"73.33","vic":"62.46","wa":"37.56"},{"ts":"2014-02-01T00:50:00Z","nsw":"58.27","nt":"23.72","qld":"52.65","sa":"59.87","tas":"73.00","vic":"63.58","wa":"40.91"},{"ts":"2014-02-01T01:00:00Z","nsw":"59.98","nt":"25.76","qld":"58.64","sa":"61.72","tas":"72.39","vic":"64.52","wa":"45.83"},{"ts":"2014-02-01T01:10:00Z","nsw":"60.00","nt":"34.67","qld":"56.08","sa":"62.92","tas":"71.96","vic":"64.81","wa":"47.94"},{"ts":"2014-02-01T01:20:00Z","nsw":"62.61","nt":"42.09","qld":"58.88","sa":"64.59","tas":"73.46","vic":"65.42","wa":"49.47"},{"ts":"2014-02-01T01:30:00Z","nsw":"62.77","nt":"50.54","qld":"57.95","sa":"65.84","tas":"73.76","vic":"66.14","wa":"54.23"},{"ts":"2014-02-01T01:40:00Z","nsw":"63.76","nt":"28.68","qld":"62.58","sa":"66.69","tas":"74.84","vic":"66.98","wa":"54.69"},{"ts":"2014-02-01T01:50:00Z","nsw":"64.49","nt":"42.23","qld":"59.20","sa":"66.92","tas":"74.12","vic":"67.62","wa":"57.09"},{"ts":"2014-02-01T02:00:00Z","nsw":"67.31","nt":"49.98","qld":"60.27","sa":"68.64","tas":"75.06","vic":"69.02","wa":"58.33"},{"ts":"2014-02-01T02:10:00Z","nsw":"66.35","nt":"42.05","qld":"61.16","sa":"69.62","tas":"74.87","vic":"68.78","wa":"60.51"},{"ts":"2014-02-01T02:20:00Z","nsw":"67.11","nt":"50.30","qld":"62.94","sa":"69.15","tas":"74.45","vic":"69.82","wa":"61.58"},{"ts":"2014-02-01T02:30:00Z","nsw":"65.63","nt":"48.71","qld":"61.99","sa":"69.98","tas":"73.92","vic":"68.98","wa":"65.31"},{"ts":"2014-02-01T02:40:00Z","nsw":"64.32","nt":"58.45","qld":"64.92","sa":"70.28","tas":"75.31","vic":"68.87","wa":"64.85"},{"ts":"2014-02-01T02:50:00Z","nsw":"64.43","nt":"56.98","qld":"62.34","sa":"69.94","tas":"74.62","vic":"68.98","wa":"67.91"},{"ts":"2014-02-01T03:00:00Z","nsw":"64.95","nt":"44.67","qld":"64.42","sa":"70.81","tas":"75.73","vic":"68.86","wa":"68.19"},{"ts":"2014-02-01T03:10:00Z","nsw":"63.21","nt":"38.36","qld":"62.18","sa":"72.00","tas":"74.42","vic":"68.33","wa":"68.85"},{"ts":"2014-02-01T03:20:00Z","nsw":"62.40","nt":"28.56","qld":"64.36","sa":"71.28","tas":"75.19","vic":"67.20","wa":"69.35"},{"ts":"2014-02-01T03:30:00Z","nsw":"62.86","nt":"35.37","qld":"62.42","sa":"70.66","tas":"73.16","vic":"67.14","wa":"72.36"},{"ts":"2014-02-01T03:40:00Z","nsw":"63.97","nt":"35.89","qld":"60.73","sa":"70.28","tas":"73.05","vic":"65.95","wa":"72.14"},{"ts":"2014-02-01T03:50:00Z","nsw":"61.19","nt":"38.01","qld":"59.57","sa":"69.16","tas":"72.39","vic":"65.37","wa":"73.98"},{"ts":"2014-02-01T04:00:00Z","nsw":"62.92","nt":"41.69","qld":"58.10","sa":"69.53","tas":"73.43","vic":"64.25","wa":"73.77"},{"ts":"2014-02-01T04:10:00Z","nsw":"58.15","nt":"50.62","qld":"55.73","sa":"66.57","tas":"70.61","vic":"63.34","wa":"75.49"},{"ts":"2014-02-01T04:20:00Z","nsw":"60.17","nt":"49.76","qld":"55.45","sa":"65.87","tas":"68.88","vic":"62.64","wa":"75.84"},{"ts":"2014-02-01T04:30:00Z","nsw":"57.07","nt":"42.41","qld":"52.98","sa":"64.50","tas":"67.38","vic":"62.20","wa":"75.06"},{"ts":"2014-02-01T04:40:00Z","nsw":"55.80","nt":"20.53","qld":"53.62","sa":"63.75","tas":"66.35","vic":"60.36","wa":"75.01"},{"ts":"2014-02-01T04:50:00Z","nsw":"55.24","nt":"45.99","qld":"51.28","sa":"62.55","tas":"64.21","vic":"59.55","wa":"75.33"},{"ts":"2014-02-01T05:00:00Z","nsw":"53.50","nt":"54.74","qld":"49.10","sa":"61.28","tas":"62.85","vic":"57.25","wa":"76.40"},{"ts":"2014-02-01T05:10:00Z","nsw":"48.85","nt":"51.59","qld":"46.35","sa":"57.41","tas":"60.00","vic":"55.66","wa":"74.19"},{"ts":"2014-02-01T05:20:00Z","nsw":"47.15","nt":"41.55","qld":"44.90","sa":"56.98","tas":"60.10","vic":"54.28","wa":"74.48"},{"ts":"2014-02-01T05:30:00Z","nsw":"46.32","nt":"42.23","qld":"41.72","sa":"54.44","tas":"56.42","vic":"52.46","wa":"75.48"},{"ts":"2014-02-01T05:40:00Z","nsw":"45.05","nt":"42.20","qld":"39.97","sa":"52.06","tas":"55.05","vic":"50.46","wa":"73.61"},{"ts":"2014-02-01T05:50:00Z","nsw":"42.74","nt":"39.02","qld":"36.74","sa":"51.98","tas":"50.56","vic":"48.08","wa":"72.74"},{"ts":"2014-02-01T06:00:00Z","nsw":"38.58","nt":"35.70","qld":"34.75","sa":"51.02","tas":"48.62","vic":"46.27","wa":"72.06"},{"ts":"2014-02-01T06:10:00Z","nsw":"34.34","nt":"31.01","qld":"31.48","sa":"48.24","tas":"44.79","vic":"42.81","wa":"71.86"},{"ts":"2014-02-01T06:20:00Z","nsw":"33.66","nt":"19.28","qld":"29.44","sa":"47.30","tas":"42.18","vic":"40.93","wa":"69.79"},{"ts":"2014-02-01T06:30:00Z","nsw":"30.22","nt":"16.93","qld":"26.32","sa":"45.17","tas":"38.28","vic":"38.19","wa":"68.20"},{"ts":"2014-02-01T06:40:00Z","nsw":"28.14","nt":"18.34","qld":"23.53","sa":"42.52","tas":"36.44","vic":"34.69","wa":"69.22"},{"ts":"2014-02-01T06:50:00Z","nsw":"24.36","nt":"15.31","qld":"19.71","sa":"38.47","tas":"31.83","vic":"32.41","wa":"66.47"},{"ts":"2014-02-01T07:00:00Z","nsw":"21.81","nt":"15.22","qld":"17.21","sa":"37.86","tas":"28.81","vic":"29.64","wa":"66.76"},{"ts":"2014-02-01T07:10:00Z","nsw":"17.88","nt":"12.30","qld":"14.98","sa":"35.55","tas":"25.20","vic":"25.87","wa":"61.65"},{"ts":"2014-02-01T07:20:00Z","nsw":"16.49","nt":"12.25","qld":"13.35","sa":"31.43","tas":"23.04","vic":"23.73","wa":"62.66"},{"ts":"2014-02-01T07:30:00Z","nsw":"13.04","nt":"11.14","qld":"10.23","sa":"29.73","tas":"20.80","vic":"20.59","wa":"59.24"},{"ts":"2014-02-01T07:40:00Z","nsw":"10.22","nt":"11.23","qld":"8.40","sa":"28.94","tas":"18.70","vic":"17.38","wa":"57.18"},{"ts":"2014-02-01T07:50:00Z","nsw":"8.20","nt":"9.94","qld":"6.30","sa":"25.83","tas":"14.88","vic":"15.48","wa":"54.35"},{"ts":"2014-02-01T08:00:00Z","nsw":"6.45","nt":"11.30","qld":"4.83","sa":"24.42","tas":"13.00","vic":"12.73","wa":"51.08"},{"ts":"2014-02-01T08:10:00Z","nsw":"4.91","nt":"12.86","qld":"3.44","sa":"20.80","tas":"10.59","vic":"10.38","wa":"49.87"},{"ts":"2014-02-01T08:20:00Z","nsw":"4.48","nt":"8.04","qld":"2.04","sa":"17.54","tas":"8.32","vic":"8.41","wa":"46.68"},{"ts":"2014-02-01T08:30:00Z","nsw":"3.42","nt":"6.40","qld":"0.98","sa":"15.64","tas":"5.80","vic":"6.75","wa":"43.88"},{"ts":"2014-02-01T08:40:00Z","nsw":"2.84","nt":"5.75","qld":"0.38","sa":"12.58","tas":"4.83","vic":"4.97","wa":"41.14"},{"ts":"2014-02-01T08:50:00Z","nsw":"2.22","nt":"5.39","qld":"0.18","sa":"10.61","tas":"3.44","vic":"4.22","wa":"36.66"},{"ts":"2014-02-01T09:00:00Z","nsw":"1.45","nt":"4.94","qld":"0.13","sa":"8.31","tas":"2.34","vic":"2.92","wa":"33.78"},{"ts":"2014-02-01T09:10:00Z","nsw":"1.10","nt":"3.05","qld":"0.19","sa":"6.51","tas":"1.26","vic":"1.73","wa":"29.86"},{"ts":"2014-02-01T09:20:00Z","nsw":"1.03","nt":"2.29","qld":"0.23","sa":"4.85","tas":"0.67","vic":"1.05","wa":"27.07"},{"ts":"2014-02-01T09:30:00Z","nsw":"0.90","nt":"1.08","qld":"0.22","sa":"3.14","tas":"0.25","vic":"0.53","wa":"23.78"},{"ts":"2014-02-01T09:40:00Z","nsw":"1.12","nt":"0.29","qld":"0.21","sa":"1.98","tas":"0.16","vic":"0.45","wa":"21.26"},{"ts":"2014-02-01T09:50:00Z","nsw":"1.20","nt":"0.40","qld":"0.21","sa":"0.98","tas":"0.14","vic":"0.47","wa":"17.04"},{"ts":"2014-02-01T10:00:00Z","nsw":"1.22","nt":"0.38","qld":"0.18","sa":"0.81","tas":"0.15","vic":"0.20","wa":"14.61"},{"ts":"2014-02-01T10:10:00Z","nsw":"0.77","nt":"0.38","qld":"0.20","sa":"0.99","tas":"0.11","vic":"0.12","wa":"11.77"},{"ts":"2014-02-01T10:20:00Z","nsw":"0.90","nt":"0.34","qld":"0.20","sa":"1.02","tas":"0.09","vic":"0.11","wa":"10.20"},{"ts":"2014-02-01T10:30:00Z","nsw":"0.87","nt":"0.40","qld":"0.22","sa":"1.05","tas":"6.75","vic":"0.11","wa":"7.84"},{"ts":"2014-02-01T10:40:00Z","nsw":"0.90","nt":"0.40","qld":"0.18","sa":"1.09","tas":"0.10","vic":"0.12","wa":"6.07"},{"ts":"2014-02-01T10:50:00Z","nsw":"0.88","nt":"0.40","qld":"0.18","sa":"1.13","tas":"0.10","vic":"0.54","wa":"4.30"},{"ts":"2014-02-01T11:00:00Z","nsw":"0.86","nt":"0.40","qld":"0.20","sa":"1.07","tas":"0.10","vic":"0.47","wa":"3.00"},{"ts":"2014-02-01T11:10:00Z","nsw":"0.69","nt":"0.40","qld":"0.18","sa":"1.12","tas":"0.10","vic":"0.11","wa":"2.12"},{"ts":"2014-02-01T11:20:00Z","nsw":"0.56","nt":"0.40","qld":"0.20","sa":"1.10","tas":"0.10","vic":"0.22","wa":"1.86"},{"ts":"2014-02-01T11:30:00Z","nsw":"0.52","nt":"0.40","qld":"0.23","sa":"1.06","tas":"0.10","vic":"0.10","wa":"2.52"},{"ts":"2014-02-01T11:40:00Z","nsw":"0.54","nt":"0.40","qld":"0.18","sa":"1.11","tas":"0.10","vic":"0.33","wa":"3.19"},{"ts":"2014-02-01T11:50:00Z","nsw":"0.52","nt":"0.40","qld":"0.18","sa":"1.07","tas":"0.10","vic":"0.83","wa":"4.16"}],"contribution":[{"ts":"2014-01-31T17:00:00Z","nsw":"0.03","qld":"0.03","sa":"0.04","tas":"0.00","vic":"0.02","wa":"0.03"},{"ts":"2014-01-31T17:10:00Z","nsw":"0.05","qld":"0.03","sa":"0.06","tas":"0.00","vic":"0.01","wa":"0.03"},{"ts":"2014-01-31T17:20:00Z","nsw":"0.05","qld":"0.03","sa":"0.06","tas":"0.00","vic":"0.01","wa":"0.03"},{"ts":"2014-01-31T17:30:00Z","nsw":"0.05","qld":"0.03","sa":"0.04","tas":"0.00","vic":"0.01","wa":"0.03"},{"ts":"2014-01-31T17:40:00Z","nsw":"0.03","qld":"0.03","sa":"0.04","tas":"0.00","vic":"0.01","wa":"0.03"},{"ts":"2014-01-31T17:50:00Z","nsw":"0.04","qld":"0.03","sa":"0.06","tas":"0.00","vic":"0.01","wa":"0.03"},{"ts":"2014-01-31T18:00:00Z","nsw":"0.03","qld":"0.03","sa":"0.04","tas":"0.00","vic":"0.01","wa":"0.03"},{"ts":"2014-01-31T18:10:00Z","nsw":"0.05","qld":"0.03","sa":"0.04","tas":"0.00","vic":"0.01","wa":"0.03"},{"ts":"2014-01-31T18:20:00Z","nsw":"0.05","qld":"0.03","sa":"0.06","tas":"0.00","vic":"0.01"},{"ts":"2014-01-31T18:30:00Z","nsw":"0.04","qld":"0.03","sa":"0.07","tas":"0.00","vic":"0.02","wa":"0.03"},{"ts":"2014-01-31T18:40:00Z","nsw":"0.05","qld":"0.03","sa":"0.04","tas":"0.00","vic":"0.01","wa":"0.03"},{"ts":"2014-01-31T18:50:00Z","nsw":"0.05","qld":"0.03","sa":"0.04","tas":"0.00","vic":"0.01","wa":"0.03"},{"ts":"2014-01-31T19:00:00Z","nsw":"0.05","qld":"0.04","sa":"0.04","tas":"0.00","vic":"0.01","wa":"0.03"},{"ts":"2014-01-31T19:10:00Z","nsw":"0.05","qld":"0.03","sa":"0.04","tas":"0.00","vic":"0.01","wa":"0.03"},{"ts":"2014-01-31T19:20:00Z","nsw":"0.04","qld":"0.04","sa":"0.04","tas":"0.01","vic":"0.01","wa":"0.03"},{"ts":"2014-01-31T19:30:00Z","nsw":"0.06","qld":"0.11","sa":"0.04","tas":"0.03","vic":"0.01","wa":"0.03"},{"ts":"2014-01-31T19:40:00Z","nsw":"0.10","qld":"0.20","sa":"0.10","tas":"0.06","vic":"0.01","wa":"0.03"},{"ts":"2014-01-31T19:50:00Z","nsw":"0.15","qld":"0.31","sa":"0.12","tas":"0.10","vic":"0.04","wa":"0.03"},{"ts":"2014-01-31T20:00:00Z","nsw":"0.24","qld":"0.42","sa":"0.10","tas":"0.19","vic":"0.09","wa":"0.03"},{"ts":"2014-01-31T20:10:00Z","nsw":"0.31","qld":"0.54","sa":"0.20","tas":"0.26","vic":"0.11","wa":"0.03"},{"ts":"2014-01-31T20:20:00Z","nsw":"0.44","qld":"0.75","sa":"0.26","tas":"0.39","vic":"0.16","wa":"0.03"},{"ts":"2014-01-31T20:30:00Z","nsw":"0.56","qld":"1.07","sa":"0.46","tas":"0.45","vic":"0.23","wa":"0.03"},{"ts":"2014-01-31T20:40:00Z","nsw":"0.69","qld":"1.53","sa":"0.72","tas":"0.55","vic":"0.30","wa":"0.03"},{"ts":"2014-01-31T20:50:00Z","nsw":"0.80","qld":"1.92","sa":"0.97","tas":"0.64","vic":"0.37","wa":"0.03"},{"ts":"2014-01-31T21:00:00Z","nsw":"0.92","qld":"2.09","sa":"1.37","tas":"0.80","vic":"0.46","wa":"0.03"},{"ts":"2014-01-31T21:10:00Z","nsw":"1.10","qld":"2.20","sa":"1.79","tas":"0.87","vic":"0.54","wa":"0.03"},{"ts":"2014-01-31T21:20:00Z","nsw":"1.18","qld":"2.59","sa":"2.15","tas":"1.01","vic":"0.67","wa":"0.03"},{"ts":"2014-01-31T21:30:00Z","nsw":"1.31","qld":"2.97","sa":"2.70","tas":"1.07","vic":"0.79"},{"ts":"2014-01-31T21:40:00Z","nsw":"1.49","qld":"3.12","sa":"3.43","tas":"1.25","vic":"0.97","wa":"0.03"},{"ts":"2014-01-31T21:50:00Z","nsw":"1.62","qld":"3.55","sa":"3.94","tas":"1.39","vic":"1.13","wa":"0.05"},{"ts":"2014-01-31T22:00:00Z","nsw":"1.77","qld":"4.15","sa":"4.64","tas":"1.52","vic":"1.29"},{"ts":"2014-01-31T22:10:00Z","nsw":"1.91","qld":"4.62","sa":"5.37","tas":"1.71","vic":"1.49","wa":"0.35"},{"ts":"2014-01-31T22:20:00Z","nsw":"2.07","qld":"5.20","sa":"5.99","tas":"1.87","vic":"1.72","wa":"0.57"},{"ts":"2014-01-31T22:30:00Z","nsw":"2.19","qld":"5.42","sa":"6.63","tas":"1.98","vic":"2.03","wa":"0.80"},{"ts":"2014-01-31T22:40:00Z","nsw":"2.36","qld":"5.66","sa":"6.82","tas":"2.14","vic":"2.20","wa":"0.95"},{"ts":"2014-01-31T22:50:00Z","nsw":"2.56","qld":"6.28","sa":"7.46","tas":"2.33","vic":"2.70","wa":"1.25"},{"ts":"2014-01-31T23:00:00Z","nsw":"2.67","qld":"6.56","sa":"8.10","tas":"2.44","vic":"3.11"},{"ts":"2014-01-31T23:10:00Z","nsw":"2.71","qld":"6.83","sa":"8.69","tas":"2.61","vic":"3.37","wa":"1.95"},{"ts":"2014-01-31T23:20:00Z","nsw":"2.88","qld":"7.73","sa":"9.34","tas":"2.79","vic":"3.69","wa":"2.44"},{"ts":"2014-01-31T23:30:00Z","nsw":"2.97","qld":"7.71","sa":"9.77","tas":"2.81","vic":"3.87","wa":"2.65"},{"ts":"2014-01-31T23:40:00Z","nsw":"3.10","qld":"8.28","sa":"9.77","tas":"2.95","vic":"4.13","wa":"3.08"},{"ts":"2014-01-31T23:50:00Z","nsw":"3.28","qld":"8.14","sa":"10.07","tas":"3.09","vic":"4.25","wa":"3.55"},{"ts":"2014-02-01T00:00:00Z","nsw":"3.52","qld":"8.13","sa":"10.48","tas":"3.22","vic":"4.53","wa":"4.19"},{"ts":"2014-02-01T00:10:00Z","nsw":"3.52","qld":"7.97","sa":"10.64","tas":"3.36","vic":"4.65","wa":"4.64"},{"ts":"2014-02-01T00:20:00Z","nsw":"3.79","qld":"8.17","sa":"10.99","tas":"3.43","vic":"4.97","wa":"4.97"},{"ts":"2014-02-01T00:30:00Z","nsw":"3.82","qld":"8.16","sa":"11.19","tas":"3.48","vic":"5.01"},{"ts":"2014-02-01T00:40:00Z","nsw":"4.29","qld":"8.46","sa":"11.23","tas":"3.71","vic":"4.99","wa":"5.87"},{"ts":"2014-02-01T00:50:00Z","nsw":"4.11","qld":"8.56","sa":"11.27","tas":"3.70","vic":"5.08","wa":"6.33"},{"ts":"2014-02-01T01:00:00Z","nsw":"4.24","qld":"9.50","sa":"11.22","tas":"3.69","vic":"5.07"},{"ts":"2014-02-01T01:10:00Z","nsw":"4.25","qld":"9.23","sa":"11.36","tas":"3.69","vic":"5.10","wa":"7.23"},{"ts":"2014-02-01T01:20:00Z","nsw":"4.43","qld":"9.62","sa":"11.34","tas":"3.77","vic":"5.09","wa":"7.43"},{"ts":"2014-02-01T01:30:00Z","nsw":"4.38","qld":"9.47","sa":"11.56","tas":"3.81","vic":"5.11","wa":"8.00"},{"ts":"2014-02-01T01:40:00Z","nsw":"4.45","qld":"10.16","sa":"11.62","tas":"3.87","vic":"5.18","wa":"8.10"},{"ts":"2014-02-01T01:50:00Z","nsw":"4.47","qld":"9.64","sa":"11.64","tas":"3.80","vic":"5.13","wa":"8.39"},{"ts":"2014-02-01T02:00:00Z","nsw":"4.64","qld":"9.85","sa":"11.60","tas":"3.83","vic":"5.20"},{"ts":"2014-02-01T02:10:00Z","nsw":"4.56","qld":"10.02","sa":"11.85","tas":"3.84","vic":"5.15","wa":"8.76"},{"ts":"2014-02-01T02:20:00Z","nsw":"4.56","qld":"10.34","sa":"11.60","tas":"3.83","vic":"5.20","wa":"8.87"},{"ts":"2014-02-01T02:30:00Z","nsw":"4.50","qld":"10.10","sa":"11.62","tas":"3.84","vic":"5.15"},{"ts":"2014-02-01T02:40:00Z","nsw":"4.36","qld":"10.44","sa":"11.58","tas":"4.03","vic":"5.13","wa":"9.24"},{"ts":"2014-02-01T02:50:00Z","nsw":"4.35","qld":"10.08","sa":"11.34","tas":"3.88","vic":"5.14","wa":"9.64"},{"ts":"2014-02-01T03:00:00Z","nsw":"4.36","qld":"10.42","sa":"11.34","tas":"3.95","vic":"5.08"},{"ts":"2014-02-01T03:10:00Z","nsw":"4.20","qld":"10.09","sa":"11.51","tas":"3.89","vic":"4.99","wa":"9.74"},{"ts":"2014-02-01T03:20:00Z","nsw":"4.15","qld":"10.43","sa":"11.33","tas":"3.90","vic":"4.88","wa":"9.81"},{"ts":"2014-02-01T03:30:00Z","nsw":"4.20","qld":"10.15","sa":"11.00","tas":"3.77","vic":"4.82","wa":"10.14"},{"ts":"2014-02-01T03:40:00Z","nsw":"4.23","qld":"9.94","sa":"10.85","tas":"3.83","vic":"4.73","wa":"10.12"},{"ts":"2014-02-01T03:50:00Z","nsw":"4.03","qld":"9.68","sa":"10.71","tas":"3.73","vic":"4.63","wa":"10.34"},{"ts":"2014-02-01T04:00:00Z","nsw":"4.14","qld":"9.44","sa":"10.80","tas":"3.80","vic":"4.53"},{"ts":"2014-02-01T04:10:00Z","nsw":"3.84","qld":"9.09","sa":"10.33","tas":"3.63","vic":"4.47","wa":"10.44"},{"ts":"2014-02-01T04:20:00Z","nsw":"3.91","qld":"8.93","sa":"10.06","tas":"3.59","vic":"4.39","wa":"10.48"},{"ts":"2014-02-01T04:30:00Z","nsw":"3.74","qld":"8.54","sa":"9.87","tas":"3.47","vic":"4.31","wa":"10.34"},{"ts":"2014-02-01T04:40:00Z","nsw":"3.61","qld":"8.70","sa":"9.71","tas":"3.40","vic":"4.20","wa":"10.28"},{"ts":"2014-02-01T04:50:00Z","nsw":"3.57","qld":"8.20","sa":"9.54","tas":"3.27","vic":"4.09","wa":"10.33"},{"ts":"2014-02-01T05:00:00Z","nsw":"3.46","qld":"7.93","sa":"9.35","tas":"3.28","vic":"3.92"},{"ts":"2014-02-01T05:10:00Z","nsw":"3.16","qld":"7.55","sa":"8.79","tas":"3.21","vic":"3.82","wa":"10.16"},{"ts":"2014-02-01T05:20:00Z","nsw":"3.07","qld":"7.23","sa":"8.66","tas":"3.04","vic":"3.67","wa":"10.16"},{"ts":"2014-02-01T05:30:00Z","nsw":"2.98","qld":"6.65","sa":"8.22","tas":"2.90","vic":"3.53","wa":"10.28"},{"ts":"2014-02-01T05:40:00Z","nsw":"2.88","qld":"6.48","sa":"8.13","tas":"2.86","vic":"3.42","wa":"10.02"},{"ts":"2014-02-01T05:50:00Z","nsw":"2.74","qld":"5.96","sa":"8.11","tas":"2.57","vic":"3.23","wa":"9.94"},{"ts":"2014-02-01T06:00:00Z","nsw":"2.48","qld":"5.59","sa":"7.70","tas":"2.42","vic":"3.11"},{"ts":"2014-02-01T06:10:00Z","nsw":"2.22","qld":"5.01","sa":"7.26","tas":"2.24","vic":"2.87","wa":"9.73"},{"ts":"2014-02-01T06:20:00Z","nsw":"2.21","qld":"4.71","sa":"7.45","tas":"2.08","vic":"2.73","wa":"9.47"},{"ts":"2014-02-01T06:30:00Z","nsw":"1.97","qld":"4.20","sa":"6.95","tas":"1.91","vic":"2.55","wa":"9.38"},{"ts":"2014-02-01T06:40:00Z","nsw":"1.82","qld":"3.75","sa":"6.54","tas":"1.80","vic":"2.30","wa":"9.64"},{"ts":"2014-02-01T06:50:00Z","nsw":"1.59","qld":"3.16","sa":"5.83","tas":"1.57","vic":"2.17","wa":"9.29"},{"ts":"2014-02-01T07:00:00Z","nsw":"1.43","qld":"2.75","sa":"5.72","tas":"1.42","vic":"1.98","wa":"9.28"},{"ts":"2014-02-01T07:10:00Z","nsw":"1.19","qld":"2.38","sa":"5.41","tas":"1.23","vic":"1.74","wa":"8.49"},{"ts":"2014-02-01T07:20:00Z","nsw":"1.11","qld":"2.12","sa":"4.82","tas":"1.12","vic":"1.60","wa":"8.60"},{"ts":"2014-02-01T07:30:00Z","nsw":"0.88","qld":"1.63","sa":"4.54","tas":"1.01","vic":"1.38","wa":"8.13"},{"ts":"2014-02-01T07:40:00Z","nsw":"0.69","qld":"1.35","sa":"4.44","tas":"0.91","vic":"1.19","wa":"7.82"},{"ts":"2014-02-01T07:50:00Z","nsw":"0.56","qld":"1.02","sa":"3.93","tas":"0.72","vic":"1.06","wa":"7.45"},{"ts":"2014-02-01T08:00:00Z","nsw":"0.44","qld":"0.78","sa":"3.75","tas":"0.65","vic":"0.88","wa":"6.97"},{"ts":"2014-02-01T08:10:00Z","nsw":"0.34","qld":"0.56","sa":"3.17","tas":"0.53","vic":"0.72","wa":"6.83"},{"ts":"2014-02-01T08:20:00Z","nsw":"0.32","qld":"0.33","sa":"2.72","tas":"0.41","vic":"0.59","wa":"6.41"},{"ts":"2014-02-01T08:30:00Z","nsw":"0.24","qld":"0.16","sa":"2.43","tas":"0.29","vic":"0.48","wa":"5.99"},{"ts":"2014-02-01T08:40:00Z","nsw":"0.20","qld":"0.06","sa":"1.99","tas":"0.24","vic":"0.36","wa":"5.63"},{"ts":"2014-02-01T08:50:00Z","nsw":"0.16","qld":"0.03","sa":"1.68","tas":"0.17","vic":"0.31","wa":"5.05"},{"ts":"2014-02-01T09:00:00Z","nsw":"0.11","qld":"0.02","sa":"1.33","tas":"0.11","vic":"0.22"},{"ts":"2014-02-01T09:10:00Z","nsw":"0.08","qld":"0.03","sa":"1.06","tas":"0.06","vic":"0.13","wa":"4.14"},{"ts":"2014-02-01T09:20:00Z","nsw":"0.08","qld":"0.04","sa":"0.81","tas":"0.03","vic":"0.08","wa":"3.77"},{"ts":"2014-02-01T09:30:00Z","nsw":"0.06","qld":"0.04","sa":"0.52","tas":"0.01","vic":"0.04","wa":"3.33"},{"ts":"2014-02-01T09:40:00Z","nsw":"0.08","qld":"0.03","sa":"0.33","tas":"0.01","vic":"0.04","wa":"2.99"},{"ts":"2014-02-01T09:50:00Z","nsw":"0.09","qld":"0.03","sa":"0.17","tas":"0.01","vic":"0.04","wa":"2.42"},{"ts":"2014-02-01T10:00:00Z","nsw":"0.09","qld":"0.03","sa":"0.14","tas":"0.01","vic":"0.02","wa":"2.09"},{"ts":"2014-02-01T10:10:00Z","nsw":"0.06","qld":"0.03","sa":"0.17","tas":"0.01","vic":"0.01","wa":"1.69"},{"ts":"2014-02-01T10:20:00Z","nsw":"0.07","qld":"0.03","sa":"0.17","tas":"0.00","vic":"0.01","wa":"1.47"},{"ts":"2014-02-01T10:30:00Z","nsw":"0.07","qld":"0.04","sa":"0.18","tas":"0.32","vic":"0.01","wa":"1.14"},{"ts":"2014-02-01T10:40:00Z","nsw":"0.07","qld":"0.03","sa":"0.19","tas":"0.01","vic":"0.01","wa":"0.89"},{"ts":"2014-02-01T10:50:00Z","nsw":"0.07","qld":"0.03","sa":"0.20","tas":"0.01","vic":"0.04","wa":"0.63"},{"ts":"2014-02-01T11:00:00Z","nsw":"0.07","qld":"0.03","sa":"0.19","tas":"0.01","vic":"0.04","wa":"0.44"},{"ts":"2014-02-01T11:10:00Z","nsw":"0.05","qld":"0.03","sa":"0.20","tas":"0.01","vic":"0.01","wa":"0.31"},{"ts":"2014-02-01T11:20:00Z","nsw":"0.04","qld":"0.03","sa":"0.20","tas":"0.01","vic":"0.02","wa":"0.28"},{"ts":"2014-02-01T11:30:00Z","nsw":"0.04","qld":"0.04","sa":"0.20","tas":"0.01","vic":"0.01","wa":"0.38"},{"ts":"2014-02-01T11:40:00Z","nsw":"0.04","qld":"0.03","sa":"0.21","tas":"0.01","vic":"0.03","wa":"0.47"},{"ts":"2014-02-01T11:50:00Z","nsw":"0.04","qld":"0.03","sa":"0.20","tas":"0.01","vic":"0.07","wa":"0.61"}],"demand":[{"ts":"2014-01-31T17:00:00Z","nsw":6349,"qld":4509,"sa":1446,"tas":984,"vic":4516,"wa":1877},{"ts":"2014-01-31T17:10:00Z","nsw":6271,"qld":4534,"sa":1450,"tas":962,"vic":4534,"wa":1872},{"ts":"2014-01-31T17:20:00Z","nsw":6299,"qld":4531,"sa":1457,"tas":962,"vic":4536,"wa":1870},{"ts":"2014-01-31T17:30:00Z","nsw":6323,"qld":4523,"sa":1442,"tas":965,"vic":4521,"wa":1853},{"ts":"2014-01-31T17:40:00Z","nsw":6351,"qld":4525,"sa":1467,"tas":950,"vic":4536,"wa":1841},{"ts":"2014-01-31T17:50:00Z","nsw":6304,"qld":4517,"sa":1452,"tas":937,"vic":4511,"wa":1834},{"ts":"2014-01-31T18:00:00Z","nsw":6262,"qld":4527,"sa":1423,"tas":940,"vic":4540,"wa":1810},{"ts":"2014-01-31T18:10:00Z","nsw":6358,"qld":4566,"sa":1415,"tas":954,"vic":4559,"wa":1811},{"ts":"2014-01-31T18:20:00Z","nsw":6411,"qld":4498,"sa":1432,"tas":922,"vic":4551},{"ts":"2014-01-31T18:30:00Z","nsw":6448,"qld":4540,"sa":1432,"tas":952,"vic":4585,"wa":1808},{"ts":"2014-01-31T18:40:00Z","nsw":6474,"qld":4525,"sa":1448,"tas":952,"vic":4598,"wa":1785},{"ts":"2014-01-31T18:50:00Z","nsw":6475,"qld":4564,"sa":1451,"tas":943,"vic":4647,"wa":1783},{"ts":"2014-01-31T19:00:00Z","nsw":6515,"qld":4615,"sa":1455,"tas":946,"vic":4677,"wa":1774},{"ts":"2014-01-31T19:10:00Z","nsw":6592,"qld":4638,"sa":1448,"tas":947,"vic":4734,"wa":1772},{"ts":"2014-01-31T19:20:00Z","nsw":6583,"qld":4630,"sa":1459,"tas":941,"vic":4766,"wa":1773},{"ts":"2014-01-31T19:30:00Z","nsw":6622,"qld":4595,"sa":1457,"tas":936,"vic":4786,"wa":1768},{"ts":"2014-01-31T19:40:00Z","nsw":6674,"qld":4622,"sa":1478,"tas":944,"vic":4779,"wa":1764},{"ts":"2014-01-31T19:50:00Z","nsw":6672,"qld":4681,"sa":1487,"tas":941,"vic":4862,"wa":1764},{"ts":"2014-01-31T20:00:00Z","nsw":6734,"qld":4711,"sa":1467,"tas":957,"vic":4904,"wa":1763},{"ts":"2014-01-31T20:10:00Z","nsw":6898,"qld":4722,"sa":1491,"tas":953,"vic":4949,"wa":1772},{"ts":"2014-01-31T20:20:00Z","nsw":6989,"qld":4762,"sa":1479,"tas":946,"vic":5011,"wa":1771},{"ts":"2014-01-31T20:30:00Z","nsw":7054,"qld":4812,"sa":1490,"tas":968,"vic":5111,"wa":1776},{"ts":"2014-01-31T20:40:00Z","nsw":7204,"qld":4862,"sa":1517,"tas":975,"vic":5178,"wa":1781},{"ts":"2014-01-31T20:50:00Z","nsw":7315,"qld":4948,"sa":1530,"tas":970,"vic":5229,"wa":1782},{"ts":"2014-01-31T21:00:00Z","nsw":7496,"qld":5029,"sa":1543,"tas":983,"vic":5290,"wa":1797},{"ts":"2014-01-31T21:10:00Z","nsw":7648,"qld":5100,"sa":1554,"tas":980,"vic":5302,"wa":1808},{"ts":"2014-01-31T21:20:00Z","nsw":7769,"qld":5132,"sa":1580,"tas":1010,"vic":5291,"wa":1815},{"ts":"2014-01-31T21:30:00Z","nsw":7775,"qld":5228,"sa":1589,"tas":1018,"vic":5352},{"ts":"2014-01-31T21:40:00Z","nsw":7958,"qld":5301,"sa":1588,"tas":1021,"vic":5385,"wa":1809},{"ts":"2014-01-31T21:50:00Z","nsw":8044,"qld":5305,"sa":1601,"tas":1025,"vic":5444,"wa":1802},{"ts":"2014-01-31T22:00:00Z","nsw":8187,"qld":5386,"sa":1630,"tas":1026,"vic":5541},{"ts":"2014-01-31T22:10:00Z","nsw":8322,"qld":5409,"sa":1646,"tas":1033,"vic":5590,"wa":1829},{"ts":"2014-01-31T22:20:00Z","nsw":8349,"qld":5416,"sa":1684,"tas":1025,"vic":5635,"wa":1832},{"ts":"2014-01-31T22:30:00Z","nsw":8356,"qld":5444,"sa":1713,"tas":1022,"vic":5645,"wa":1855},{"ts":"2014-01-31T22:40:00Z","nsw":8427,"qld":5520,"sa":1747,"tas":1029,"vic":5692,"wa":1870},{"ts":"2014-01-31T22:50:00Z","nsw":8485,"qld":5561,"sa":1773,"tas":1021,"vic":5726,"wa":1875},{"ts":"2014-01-31T23:00:00Z","nsw":8501,"qld":5617,"sa":1783,"tas":1016,"vic":5760},{"ts":"2014-01-31T23:10:00Z","nsw":8565,"qld":5623,"sa":1821,"tas":996,"vic":5760,"wa":1904},{"ts":"2014-01-31T23:20:00Z","nsw":8617,"qld":5587,"sa":1819,"tas":996,"vic":5784,"wa":1918},{"ts":"2014-01-31T23:30:00Z","nsw":8635,"qld":5579,"sa":1830,"tas":1003,"vic":5848,"wa":1959},{"ts":"2014-01-31T23:40:00Z","nsw":8614,"qld":5591,"sa":1893,"tas":989,"vic":5875,"wa":1958},{"ts":"2014-01-31T23:50:00Z","nsw":8622,"qld":5598,"sa":1926,"tas":986,"vic":5948,"wa":1968},{"ts":"2014-02-01T00:00:00Z","nsw":8700,"qld":5581,"sa":1917,"tas":996,"vic":5964,"wa":2046},{"ts":"2014-02-01T00:10:00Z","nsw":8655,"qld":5595,"sa":1940,"tas":989,"vic":6002,"wa":2054},{"ts":"2014-02-01T00:20:00Z","nsw":8711,"qld":5629,"sa":1958,"tas":992,"vic":6028,"wa":2065},{"ts":"2014-02-01T00:30:00Z","nsw":8789,"qld":5612,"sa":2004,"tas":985,"vic":6099},{"ts":"2014-02-01T00:40:00Z","nsw":8816,"qld":5572,"sa":2063,"tas":983,"vic":6145,"wa":2095},{"ts":"2014-02-01T00:50:00Z","nsw":8814,"qld":5587,"sa":2096,"tas":983,"vic":6161,"wa":2105},{"ts":"2014-02-01T01:00:00Z","nsw":8837,"qld":5567,"sa":2168,"tas":979,"vic":6256},{"ts":"2014-02-01T01:10:00Z","nsw":8841,"qld":5499,"sa":2197,"tas":967,"vic":6255,"wa":2139},{"ts":"2014-02-01T01:20:00Z","nsw":8847,"qld":5475,"sa":2228,"tas":971,"vic":6318,"wa":2143},{"ts":"2014-02-01T01:30:00Z","nsw":8921,"qld":5510,"sa":2238,"tas":967,"vic":6331,"wa":2170},{"ts":"2014-02-01T01:40:00Z","nsw":8942,"qld":5484,"sa":2241,"tas":965,"vic":6382,"wa":2159},{"ts":"2014-02-01T01:50:00Z","nsw":9017,"qld":5500,"sa":2279,"tas":973,"vic":6440,"wa":2167},{"ts":"2014-02-01T02:00:00Z","nsw":9054,"qld":5490,"sa":2323,"tas":975,"vic":6518},{"ts":"2014-02-01T02:10:00Z","nsw":9083,"qld":5471,"sa":2304,"tas":969,"vic":6544,"wa":2194},{"ts":"2014-02-01T02:20:00Z","nsw":9161,"qld":5447,"sa":2325,"tas":970,"vic":6563,"wa":2200},{"ts":"2014-02-01T02:30:00Z","nsw":9157,"qld":5452,"sa":2356,"tas":953,"vic":6569},{"ts":"2014-02-01T02:40:00Z","nsw":9234,"qld":5493,"sa":2393,"tas":932,"vic":6539,"wa":2216},{"ts":"2014-02-01T02:50:00Z","nsw":9236,"qld":5482,"sa":2435,"tas":956,"vic":6600,"wa":2214},{"ts":"2014-02-01T03:00:00Z","nsw":9303,"qld":5516,"sa":2448,"tas":957,"vic":6656},{"ts":"2014-02-01T03:10:00Z","nsw":9405,"qld":5486,"sa":2449,"tas":953,"vic":6727,"wa":2221},{"ts":"2014-02-01T03:20:00Z","nsw":9424,"qld":5489,"sa":2497,"tas":961,"vic":6791,"wa":2219},{"ts":"2014-02-01T03:30:00Z","nsw":9416,"qld":5479,"sa":2551,"tas":965,"vic":6846,"wa":2231},{"ts":"2014-02-01T03:40:00Z","nsw":9428,"qld":5475,"sa":2554,"tas":948,"vic":6884,"wa":2229},{"ts":"2014-02-01T03:50:00Z","nsw":9520,"qld":5515,"sa":2563,"tas":965,"vic":6984,"wa":2232},{"ts":"2014-02-01T04:00:00Z","nsw":9508,"qld":5546,"sa":2566,"tas":963,"vic":6974},{"ts":"2014-02-01T04:10:00Z","nsw":9582,"qld":5569,"sa":2572,"tas":966,"vic":6997,"wa":2252},{"ts":"2014-02-01T04:20:00Z","nsw":9599,"qld":5618,"sa":2604,"tas":960,"vic":7042,"wa":2255},{"ts":"2014-02-01T04:30:00Z","nsw":9581,"qld":5663,"sa":2604,"tas":973,"vic":7145,"wa":2264},{"ts":"2014-02-01T04:40:00Z","nsw":9684,"qld":5608,"sa":2634,"tas":973,"vic":7139,"wa":2278},{"ts":"2014-02-01T04:50:00Z","nsw":9749,"qld":5654,"sa":2641,"tas":979,"vic":7224,"wa":2275},{"ts":"2014-02-01T05:00:00Z","nsw":9737,"qld":5694,"sa":2638,"tas":958,"vic":7247},{"ts":"2014-02-01T05:10:00Z","nsw":9772,"qld":5679,"sa":2651,"tas":953,"vic":7258,"wa":2283},{"ts":"2014-02-01T05:20:00Z","nsw":9753,"qld":5734,"sa":2691,"tas":979,"vic":7348,"wa":2291},{"ts":"2014-02-01T05:30:00Z","nsw":9846,"qld":5804,"sa":2692,"tas":982,"vic":7385,"wa":2293},{"ts":"2014-02-01T05:40:00Z","nsw":9935,"qld":5749,"sa":2611,"tas":970,"vic":7392,"wa":2299},{"ts":"2014-02-01T05:50:00Z","nsw":9877,"qld":5798,"sa":2617,"tas":989,"vic":7437,"wa":2292},{"ts":"2014-02-01T06:00:00Z","nsw":9836,"qld":5847,"sa":2655,"tas":1003,"vic":7445},{"ts":"2014-02-01T06:10:00Z","nsw":9857,"qld":5913,"sa":2673,"tas":1007,"vic":7484,"wa":2318},{"ts":"2014-02-01T06:20:00Z","nsw":9756,"qld":5906,"sa":2639,"tas":1023,"vic":7528,"wa":2320},{"ts":"2014-02-01T06:30:00Z","nsw":9830,"qld":5979,"sa":2688,"tas":1019,"vic":7544,"wa":2292},{"ts":"2014-02-01T06:40:00Z","nsw":9863,"qld":6009,"sa":2706,"tas":1030,"vic":7611,"wa":2258},{"ts":"2014-02-01T06:50:00Z","nsw":9845,"qld":6000,"sa":2758,"tas":1030,"vic":7539,"wa":2259},{"ts":"2014-02-01T07:00:00Z","nsw":9762,"qld":6074,"sa":2768,"tas":1041,"vic":7574,"wa":2272},{"ts":"2014-02-01T07:10:00Z","nsw":9672,"qld":6114,"sa":2768,"tas":1040,"vic":7532,"wa":2311},{"ts":"2014-02-01T07:20:00Z","nsw":9592,"qld":6134,"sa":2770,"tas":1058,"vic":7542,"wa":2316},{"ts":"2014-02-01T07:30:00Z","nsw":9610,"qld":6123,"sa":2771,"tas":1055,"vic":7561,"wa":2330},{"ts":"2014-02-01T07:40:00Z","nsw":9548,"qld":6070,"sa":2765,"tas":1058,"vic":7467,"wa":2345},{"ts":"2014-02-01T07:50:00Z","nsw":9522,"qld":6083,"sa":2795,"tas":1054,"vic":7463,"wa":2350},{"ts":"2014-02-01T08:00:00Z","nsw":9440,"qld":6066,"sa":2789,"tas":1031,"vic":7395,"wa":2372},{"ts":"2014-02-01T08:10:00Z","nsw":9315,"qld":6042,"sa":2803,"tas":1035,"vic":7334,"wa":2367},{"ts":"2014-02-01T08:20:00Z","nsw":9196,"qld":6056,"sa":2788,"tas":1040,"vic":7288,"wa":2373},{"ts":"2014-02-01T08:30:00Z","nsw":9146,"qld":6071,"sa":2765,"tas":1044,"vic":7225,"wa":2397},{"ts":"2014-02-01T08:40:00Z","nsw":9051,"qld":6053,"sa":2749,"tas":1041,"vic":7100,"wa":2398},{"ts":"2014-02-01T08:50:00Z","nsw":8973,"qld":6089,"sa":2747,"tas":1049,"vic":7018,"wa":2400},{"ts":"2014-02-01T09:00:00Z","nsw":8875,"qld":6166,"sa":2720,"tas":1052,"vic":6940},{"ts":"2014-02-01T09:10:00Z","nsw":8850,"qld":6195,"sa":2697,"tas":1031,"vic":6807,"wa":2406},{"ts":"2014-02-01T09:20:00Z","nsw":8892,"qld":6169,"sa":2647,"tas":1024,"vic":6782,"wa":2402},{"ts":"2014-02-01T09:30:00Z","nsw":9025,"qld":6160,"sa":2652,"tas":1030,"vic":6657,"wa":2398},{"ts":"2014-02-01T09:40:00Z","nsw":8984,"qld":6087,"sa":2625,"tas":1034,"vic":6629,"wa":2399},{"ts":"2014-02-01T09:50:00Z","nsw":8889,"qld":6074,"sa":2606,"tas":1052,"vic":6613,"wa":2389},{"ts":"2014-02-01T10:00:00Z","nsw":8816,"qld":6055,"sa":2602,"tas":1058,"vic":6614,"wa":2379},{"ts":"2014-02-01T10:10:00Z","nsw":8874,"qld":6027,"sa":2584,"tas":1064,"vic":6605,"wa":2375},{"ts":"2014-02-01T10:20:00Z","nsw":8748,"qld":5982,"sa":2592,"tas":1070,"vic":6497,"wa":2372},{"ts":"2014-02-01T10:30:00Z","nsw":8692,"qld":5923,"sa":2548,"tas":1070,"vic":6446,"wa":2356},{"ts":"2014-02-01T10:40:00Z","nsw":8617,"qld":5979,"sa":2516,"tas":1029,"vic":6360,"wa":2355},{"ts":"2014-02-01T10:50:00Z","nsw":8535,"qld":5935,"sa":2478,"tas":1020,"vic":6316,"wa":2354},{"ts":"2014-02-01T11:00:00Z","nsw":8557,"qld":5835,"sa":2441,"tas":1016,"vic":6249,"wa":2347},{"ts":"2014-02-01T11:10:00Z","nsw":8534,"qld":6004,"sa":2416,"tas":1006,"vic":6127,"wa":2343},{"ts":"2014-02-01T11:20:00Z","nsw":8456,"qld":6020,"sa":2396,"tas":999,"vic":5982,"wa":2331},{"ts":"2014-02-01T11:30:00Z","nsw":8395,"qld":5888,"sa":2370,"tas":997,"vic":5875,"wa":2319},{"ts":"2014-02-01T11:40:00Z","nsw":8365,"qld":5851,"sa":2361,"tas":1010,"vic":5810,"wa":2346},{"ts":"2014-02-01T11:50:00Z","nsw":8239,"qld":5737,"sa":2325,"tas":1008,"vic":5761,"wa":2364}],"output":[{"ts":"2014-01-31T17:00:00Z","nsw":2,"qld":1,"sa":0,"tas":0,"vic":1,"wa":0},{"ts":"2014-01-31T17:10:00Z","nsw":2,"qld":1,"sa":0,"tas":0,"vic":0,"wa":0},{"ts":"2014-01-31T17:20:00Z","nsw":3,"qld":1,"sa":0,"tas":0,"vic":0,"wa":0},{"ts":"2014-01-31T17:30:00Z","nsw":2,"qld":1,"sa":0,"tas":0,"vic":0,"wa":0},{"ts":"2014-01-31T17:40:00Z","nsw":2,"qld":1,"sa":0,"tas":0,"vic":0,"wa":0},{"ts":"2014-01-31T17:50:00Z","nsw":2,"qld":1,"sa":0,"tas":0,"vic":0,"wa":0},{"ts":"2014-01-31T18:00:00Z","nsw":2,"qld":1,"sa":0,"tas":0,"vic":0,"wa":0},{"ts":"2014-01-31T18:10:00Z","nsw":3,"qld":1,"sa":0,"tas":0,"vic":0,"wa":0},{"ts":"2014-01-31T18:20:00Z","nsw":3,"qld":1,"sa":0,"tas":0,"vic":0},{"ts":"2014-01-31T18:30:00Z","nsw":2,"qld":1,"sa":0,"tas":0,"vic":0,"wa":0},{"ts":"2014-01-31T18:40:00Z","nsw":2,"qld":1,"sa":0,"tas":0,"vic":0,"wa":0},{"ts":"2014-01-31T18:50:00Z","nsw":2,"qld":1,"sa":0,"tas":0,"vic":0,"wa":0},{"ts":"2014-01-31T19:00:00Z","nsw":3,"qld":1,"sa":0,"tas":0,"vic":0,"wa":0},{"ts":"2014-01-31T19:10:00Z","nsw":3,"qld":1,"sa":0,"tas":0,"vic":0,"wa":0},{"ts":"2014-01-31T19:20:00Z","nsw":2,"qld":2,"sa":0,"tas":0,"vic":0,"wa":0},{"ts":"2014-01-31T19:30:00Z","nsw":4,"qld":4,"sa":0,"tas":0,"vic":0,"wa":0},{"ts":"2014-01-31T19:40:00Z","nsw":6,"qld":8,"sa":1,"tas":0,"vic":0,"wa":0},{"ts":"2014-01-31T19:50:00Z","nsw":10,"qld":14,"sa":1,"tas":0,"vic":2,"wa":0},{"ts":"2014-01-31T20:00:00Z","nsw":16,"qld":19,"sa":1,"tas":1,"vic":4,"wa":0},{"ts":"2014-01-31T20:10:00Z","nsw":21,"qld":25,"sa":2,"tas":2,"vic":5,"wa":0},{"ts":"2014-01-31T20:20:00Z","nsw":31,"qld":35,"sa":3,"tas":3,"vic":8,"wa":0},{"ts":"2014-01-31T20:30:00Z","nsw":39,"qld":51,"sa":6,"tas":4,"vic":11,"wa":0},{"ts":"2014-01-31T20:40:00Z","nsw":49,"qld":74,"sa":10,"tas":5,"vic":15,"wa":0},{"ts":"2014-01-31T20:50:00Z","nsw":58,"qld":96,"sa":14,"tas":6,"vic":19,"wa":0},{"ts":"2014-01-31T21:00:00Z","nsw":69,"qld":106,"sa":21,"tas":7,"vic":24,"wa":0},{"ts":"2014-01-31T21:10:00Z","nsw":84,"qld":114,"sa":28,"tas":8,"vic":28,"wa":0},{"ts":"2014-01-31T21:20:00Z","nsw":92,"qld":136,"sa":34,"tas":10,"vic":35,"wa":0},{"ts":"2014-01-31T21:30:00Z","nsw":103,"qld":159,"sa":43,"tas":11,"vic":42},{"ts":"2014-01-31T21:40:00Z","nsw":119,"qld":169,"sa":56,"tas":12,"vic":52,"wa":0},{"ts":"2014-01-31T21:50:00Z","nsw":132,"qld":194,"sa":66,"tas":14,"vic":61,"wa":0},{"ts":"2014-01-31T22:00:00Z","nsw":147,"qld":233,"sa":78,"tas":15,"vic":72},{"ts":"2014-01-31T22:10:00Z","nsw":162,"qld":260,"sa":92,"tas":18,"vic":84,"wa":6},{"ts":"2014-01-31T22:20:00Z","nsw":176,"qld":298,"sa":106,"tas":19,"vic":98,"wa":10},{"ts":"2014-01-31T22:30:00Z","nsw":186,"qld":311,"sa":120,"tas":20,"vic":117,"wa":14},{"ts":"2014-01-31T22:40:00Z","nsw":204,"qld":328,"sa":127,"tas":22,"vic":128,"wa":18},{"ts":"2014-01-31T22:50:00Z","nsw":223,"qld":373,"sa":143,"tas":24,"vic":158,"wa":23},{"ts":"2014-01-31T23:00:00Z","nsw":232,"qld":397,"sa":155,"tas":25,"vic":184},{"ts":"2014-01-31T23:10:00Z","nsw":238,"qld":413,"sa":172,"tas":26,"vic":200,"wa":37},{"ts":"2014-01-31T23:20:00Z","nsw":256,"qld":470,"sa":187,"tas":28,"vic":222,"wa":47},{"ts":"2014-01-31T23:30:00Z","nsw":264,"qld":465,"sa":197,"tas":29,"vic":234,"wa":53},{"ts":"2014-01-31T23:40:00Z","nsw":275,"qld":504,"sa":204,"tas":30,"vic":251,"wa":62},{"ts":"2014-01-31T23:50:00Z","nsw":291,"qld":497,"sa":215,"tas":31,"vic":263,"wa":72},{"ts":"2014-02-01T00:00:00Z","nsw":317,"qld":492,"sa":224,"tas":33,"vic":284,"wa":89},{"ts":"2014-02-01T00:10:00Z","nsw":315,"qld":481,"sa":229,"tas":34,"vic":291,"wa":99},{"ts":"2014-02-01T00:20:00Z","nsw":342,"qld":502,"sa":241,"tas":35,"vic":315,"wa":108},{"ts":"2014-02-01T00:30:00Z","nsw":347,"qld":499,"sa":251,"tas":35,"vic":320},{"ts":"2014-02-01T00:40:00Z","nsw":394,"qld":512,"sa":258,"tas":37,"vic":322,"wa":130},{"ts":"2014-02-01T00:50:00Z","nsw":380,"qld":522,"sa":265,"tas":37,"vic":327,"wa":142},{"ts":"2014-02-01T01:00:00Z","nsw":391,"qld":581,"sa":273,"tas":37,"vic":332},{"ts":"2014-02-01T01:10:00Z","nsw":391,"qld":556,"sa":279,"tas":37,"vic":334,"wa":166},{"ts":"2014-02-01T01:20:00Z","nsw":408,"qld":584,"sa":286,"tas":38,"vic":337,"wa":172},{"ts":"2014-02-01T01:30:00Z","nsw":409,"qld":574,"sa":292,"tas":38,"vic":341,"wa":188},{"ts":"2014-02-01T01:40:00Z","nsw":416,"qld":620,"sa":296,"tas":38,"vic":345,"wa":190},{"ts":"2014-02-01T01:50:00Z","nsw":421,"qld":587,"sa":297,"tas":38,"vic":348,"wa":198},{"ts":"2014-02-01T02:00:00Z","nsw":439,"qld":597,"sa":304,"tas":38,"vic":356},{"ts":"2014-02-01T02:10:00Z","nsw":433,"qld":606,"sa":309,"tas":38,"vic":354,"wa":210},{"ts":"2014-02-01T02:20:00Z","nsw":438,"qld":624,"sa":306,"tas":38,"vic":360,"wa":214},{"ts":"2014-02-01T02:30:00Z","nsw":428,"qld":614,"sa":310,"tas":38,"vic":355},{"ts":"2014-02-01T02:40:00Z","nsw":419,"qld":644,"sa":311,"tas":38,"vic":355,"wa":225},{"ts":"2014-02-01T02:50:00Z","nsw":420,"qld":618,"sa":310,"tas":38,"vic":355,"wa":236},{"ts":"2014-02-01T03:00:00Z","nsw":424,"qld":639,"sa":314,"tas":39,"vic":355},{"ts":"2014-02-01T03:10:00Z","nsw":412,"qld":616,"sa":319,"tas":38,"vic":352,"wa":239},{"ts":"2014-02-01T03:20:00Z","nsw":407,"qld":638,"sa":316,"tas":38,"vic":346,"wa":241},{"ts":"2014-02-01T03:30:00Z","nsw":410,"qld":619,"sa":313,"tas":37,"vic":346,"wa":251},{"ts":"2014-02-01T03:40:00Z","nsw":417,"qld":602,"sa":311,"tas":37,"vic":340,"wa":251},{"ts":"2014-02-01T03:50:00Z","nsw":399,"qld":591,"sa":306,"tas":37,"vic":337,"wa":257},{"ts":"2014-02-01T04:00:00Z","nsw":410,"qld":576,"sa":308,"tas":38,"vic":331},{"ts":"2014-02-01T04:10:00Z","nsw":379,"qld":552,"sa":295,"tas":36,"vic":326,"wa":262},{"ts":"2014-02-01T04:20:00Z","nsw":392,"qld":550,"sa":292,"tas":35,"vic":323,"wa":263},{"ts":"2014-02-01T04:30:00Z","nsw":372,"qld":525,"sa":286,"tas":34,"vic":320,"wa":261},{"ts":"2014-02-01T04:40:00Z","nsw":364,"qld":531,"sa":282,"tas":34,"vic":311,"wa":261},{"ts":"2014-02-01T04:50:00Z","nsw":360,"qld":508,"sa":277,"tas":33,"vic":307,"wa":262},{"ts":"2014-02-01T05:00:00Z","nsw":349,"qld":487,"sa":272,"tas":32,"vic":295},{"ts":"2014-02-01T05:10:00Z","nsw":318,"qld":459,"sa":254,"tas":31,"vic":287,"wa":258},{"ts":"2014-02-01T05:20:00Z","nsw":307,"qld":445,"sa":252,"tas":31,"vic":280,"wa":259},{"ts":"2014-02-01T05:30:00Z","nsw":302,"qld":413,"sa":241,"tas":29,"vic":270,"wa":262},{"ts":"2014-02-01T05:40:00Z","nsw":294,"qld":396,"sa":231,"tas":28,"vic":260,"wa":256},{"ts":"2014-02-01T05:50:00Z","nsw":279,"qld":364,"sa":230,"tas":26,"vic":247,"wa":253},{"ts":"2014-02-01T06:00:00Z","nsw":251,"qld":344,"sa":226,"tas":25,"vic":238},{"ts":"2014-02-01T06:10:00Z","nsw":224,"qld":312,"sa":214,"tas":23,"vic":220,"wa":250},{"ts":"2014-02-01T06:20:00Z","nsw":219,"qld":292,"sa":209,"tas":21,"vic":211,"wa":242},{"ts":"2014-02-01T06:30:00Z","nsw":197,"qld":261,"sa":200,"tas":19,"vic":197,"wa":237},{"ts":"2014-02-01T06:40:00Z","nsw":183,"qld":233,"sa":188,"tas":18,"vic":178,"wa":240},{"ts":"2014-02-01T06:50:00Z","nsw":159,"qld":195,"sa":170,"tas":16,"vic":167,"wa":231},{"ts":"2014-02-01T07:00:00Z","nsw":142,"qld":170,"sa":168,"tas":14,"vic":152,"wa":232},{"ts":"2014-02-01T07:10:00Z","nsw":116,"qld":148,"sa":157,"tas":13,"vic":133,"wa":214},{"ts":"2014-02-01T07:20:00Z","nsw":107,"qld":132,"sa":139,"tas":11,"vic":122,"wa":218},{"ts":"2014-02-01T07:30:00Z","nsw":85,"qld":101,"sa":131,"tas":10,"vic":106,"wa":206},{"ts":"2014-02-01T07:40:00Z","nsw":66,"qld":83,"sa":128,"tas":9,"vic":89,"wa":198},{"ts":"2014-02-01T07:50:00Z","nsw":53,"qld":62,"sa":114,"tas":7,"vic":79,"wa":189},{"ts":"2014-02-01T08:00:00Z","nsw":42,"qld":47,"sa":108,"tas":6,"vic":65,"wa":177},{"ts":"2014-02-01T08:10:00Z","nsw":32,"qld":34,"sa":92,"tas":5,"vic":53,"wa":173},{"ts":"2014-02-01T08:20:00Z","nsw":29,"qld":20,"sa":77,"tas":4,"vic":43,"wa":162},{"ts":"2014-02-01T08:30:00Z","nsw":22,"qld":9,"sa":69,"tas":3,"vic":34,"wa":152},{"ts":"2014-02-01T08:40:00Z","nsw":18,"qld":3,"sa":55,"tas":2,"vic":25,"wa":143},{"ts":"2014-02-01T08:50:00Z","nsw":14,"qld":1,"sa":47,"tas":1,"vic":21,"wa":127},{"ts":"2014-02-01T09:00:00Z","nsw":9,"qld":1,"sa":36,"tas":1,"vic":15},{"ts":"2014-02-01T09:10:00Z","nsw":7,"qld":1,"sa":28,"tas":0,"vic":8,"wa":103},{"ts":"2014-02-01T09:20:00Z","nsw":6,"qld":2,"sa":21,"tas":0,"vic":5,"wa":94},{"ts":"2014-02-01T09:30:00Z","nsw":5,"qld":2,"sa":13,"tas":0,"vic":2,"wa":82},{"ts":"2014-02-01T09:40:00Z","nsw":7,"qld":2,"sa":8,"tas":0,"vic":2,"wa":73},{"ts":"2014-02-01T09:50:00Z","nsw":7,"qld":2,"sa":4,"tas":0,"vic":2,"wa":59},{"ts":"2014-02-01T10:00:00Z","nsw":7,"qld":1,"sa":3,"tas":0,"vic":1,"wa":50},{"ts":"2014-02-01T10:10:00Z","nsw":5,"qld":1,"sa":4,"tas":0,"vic":0,"wa":40},{"ts":"2014-02-01T10:20:00Z","nsw":5,"qld":1,"sa":4,"tas":0,"vic":0,"wa":35},{"ts":"2014-02-01T10:30:00Z","nsw":5,"qld":2,"sa":4,"tas":3,"vic":0,"wa":27},{"ts":"2014-02-01T10:40:00Z","nsw":5,"qld":1,"sa":4,"tas":0,"vic":0,"wa":21},{"ts":"2014-02-01T10:50:00Z","nsw":5,"qld":1,"sa":5,"tas":0,"vic":2,"wa":14},{"ts":"2014-02-01T11:00:00Z","nsw":5,"qld":2,"sa":4,"tas":0,"vic":2,"wa":10},{"ts":"2014-02-01T11:10:00Z","nsw":4,"qld":1,"sa":4,"tas":0,"vic":0,"wa":7},{"ts":"2014-02-01T11:20:00Z","nsw":3,"qld":1,"sa":4,"tas":0,"vic":1,"wa":6},{"ts":"2014-02-01T11:30:00Z","nsw":3,"qld":2,"sa":4,"tas":0,"vic":0,"wa":8},{"ts":"2014-02-01T11:40:00Z","nsw":3,"qld":1,"sa":4,"tas":0,"vic":1,"wa":11},{"ts":"2014-02-01T11:50:00Z","nsw":3,"qld":1,"sa":4,"tas":0,"vic":4,"wa":14}]}