{"performance":[{"ts":"2014-03-27T17:00:00Z","nsw":"0.43","nt":"0.00","qld":"0.13","sa":"0.19","tas":"0.10","vic":"0.05","wa":"0.18"},{"ts":"2014-03-27T17:05:00Z","nsw":"0.39","nt":"0.00","qld":"0.16","sa":"0.14","tas":"0.09","vic":"0.09","wa":"0.06"},{"ts":"2014-03-27T17:10:00Z","nsw":"0.37","nt":"0.00","qld":"0.13","sa":"0.17","tas":"0.08","vic":"0.04","wa":"0.18"},{"ts":"2014-03-27T17:15:00Z","nsw":"0.38","nt":"0.00","qld":"0.12","sa":"0.15","tas":"0.08","vic":"0.04","wa":"0.15"},{"ts":"2014-03-27T17:20:00Z","nsw":"0.41","nt":"0.00","qld":"0.12","sa":"0.17","tas":"0.09","vic":"0.04","wa":"0.15"},{"ts":"2014-03-27T17:25:00Z","nsw":"0.38","nt":"0.00","qld":"0.12","sa":"0.16","tas":"0.08","vic":"0.06","wa":"0.17"},{"ts":"2014-03-27T17:30:00Z","nsw":"0.36","nt":"0.00","qld":"0.12","sa":"0.15","tas":"0.08","vic":"0.07","wa":"0.14"},{"ts":"2014-03-27T17:35:00Z","nsw":"0.38","nt":"0.00","qld":"0.11","sa":"0.15","tas":"0.08","vic":"0.04","wa":"0.17"},{"ts":"2014-03-27T17:40:00Z","nsw":"0.39","nt":"0.00","qld":"0.12","sa":"0.15","tas":"0.08","vic":"0.07","wa":"0.14"},{"ts":"2014-03-27T17:45:00Z","nsw":"0.42","nt":"0.00","qld":"0.12","sa":"0.16","tas":"0.08","vic":"0.07","wa":"0.18"},{"ts":"2014-03-27T17:50:00Z","nsw":"0.34","nt":"0.00","qld":"0.06","sa":"0.07","tas":"0.08","vic":"0.05","wa":"0.10"},{"ts":"2014-03-27T17:55:00Z","nsw":"0.25","qld":"0.01","sa":"0.06","tas":"0.00","vic":"0.04","wa":"0.00"},{"ts":"2014-03-27T18:00:00Z","nsw":"1.58","nt":"0.00","qld":"0.12","sa":"0.17","tas":"0.08","vic":"0.06","wa":"0.20"},{"ts":"2014-03-27T18:05:00Z","nsw":"0.35","nt":"0.00","qld":"0.09","sa":"0.12","tas":"0.08","vic":"0.03","wa":"0.06"},{"ts":"2014-03-27T18:10:00Z","nsw":"1.45","nt":"0.00","qld":"0.12","sa":"0.15","tas":"0.07","vic":"0.05","wa":"0.16"},{"ts":"2014-03-27T18:15:00Z","nsw":"0.37","qld":"0.12","sa":"0.11","tas":"0.10","vic":"0.05","wa":"0.17"},{"ts":"2014-03-27T18:20:00Z","nsw":"1.34","nt":"0.00","qld":"0.12","sa":"0.15","tas":"0.07","vic":"0.09","wa":"0.14"},{"ts":"2014-03-27T18:25:00Z","nsw":"0.34","qld":"0.12","sa":"0.16","tas":"0.08","vic":"0.09","wa":"0.18"},{"ts":"2014-03-27T18:30:00Z","nsw":"1.34","nt":"0.00","qld":"0.12","sa":"0.16","tas":"0.07","vic":"0.05","wa":"0.14"},{"ts":"2014-03-27T18:35:00Z","nsw":"0.35","qld":"0.12","sa":"0.16","tas":"0.08","vic":"0.07","wa":"0.17"},{"ts":"2014-03-27T18:40:00Z","nsw":"1.38","nt":"0.00","qld":"0.12","sa":"0.16","tas":"0.07","vic":"0.04","wa":"0.14"},{"ts":"2014-03-27T18:45:00Z","nsw":"1.50","nt":"0.00","qld":"0.12","sa":"0.15","tas":"0.08","vic":"0.05","wa":"0.17"},{"ts":"2014-03-27T18:50:00Z","nsw":"0.31","nt":"0.00","qld":"0.12","sa":"0.17","tas":"0.07","vic":"0.05","wa":"0.14"},{"ts":"2014-03-27T18:55:00Z","nsw":"0.32","nt":"0.00","qld":"0.12","sa":"0.15","tas":"0.10","vic":"0.04","wa":"0.17"},{"ts":"2014-03-27T19:00:00Z","nsw":"0.29","qld":"0.12","sa":"0.16","tas":"0.07","vic":"0.04","wa":"0.15"},{"ts":"2014-03-27T19:05:00Z","nsw":"0.48","nt":"0.00","qld":"0.12","sa":"0.16","tas":"0.08","vic":"0.05","wa":"0.15"},{"ts":"2014-03-27T19:10:00Z","nsw":"0.34","qld":"0.24","sa":"0.17","tas":"0.07","vic":"0.04","wa":"0.17"},{"ts":"2014-03-27T19:15:00Z","nsw":"0.46","nt":"0.00","qld":"0.12","sa":"0.15","tas":"0.10","vic":"0.05","wa":"0.15"},{"ts":"2014-03-27T19:20:00Z","nsw":"0.40","qld":"0.13","sa":"0.16","tas":"0.07","vic":"0.27","wa":"0.17"},{"ts":"2014-03-27T19:25:00Z","nsw":"0.49","nt":"0.00","qld":"0.12","sa":"0.16","tas":"0.08","vic":"0.10","wa":"0.15"},{"ts":"2014-03-27T19:30:00Z","nsw":"0.50","nt":"0.00","qld":"0.14","sa":"0.15","tas":"0.07","vic":"0.04","wa":"0.17"},{"ts":"2014-03-27T19:35:00Z","nsw":"0.37","nt":"0.00","qld":"0.15","sa":"0.16","tas":"0.08","vic":"0.06","wa":"0.15"},{"ts":"2014-03-27T19:40:00Z","nsw":"1.12","nt":"0.00","qld":"0.13","sa":"0.17","tas":"0.08","vic":"0.11","wa":"0.17"},{"ts":"2014-03-27T19:45:00Z","nsw":"0.42","qld":"0.11","sa":"0.15","tas":"0.08","vic":"0.04","wa":"0.15"},{"ts":"2014-03-27T19:50:00Z","nsw":"0.48","nt":"0.00","qld":"0.11","sa":"0.17","tas":"0.07","vic":"0.08","wa":"0.15"},{"ts":"2014-03-27T19:55:00Z","nsw":"0.41","qld":"0.11","sa":"0.15","tas":"0.08","vic":"0.12","wa":"0.17"},{"ts":"2014-03-27T20:00:00Z","nsw":"0.47","nt":"0.00","qld":"0.08","sa":"0.18","tas":"0.07","vic":"0.04","wa":"0.14"},{"ts":"2014-03-27T20:05:00Z","nsw":"0.43","qld":"0.07","sa":"0.15","tas":"0.07","vic":"0.07","wa":"0.17"},{"ts":"2014-03-27T20:10:00Z","nsw":"0.48","nt":"0.00","qld":"0.09","sa":"0.11","tas":"0.06","vic":"0.04","wa":"0.14"},{"ts":"2014-03-27T20:15:00Z","nsw":"0.61","nt":"0.00","qld":"0.18","sa":"0.13","tas":"0.05","vic":"0.10","wa":"0.18"},{"ts":"2014-03-27T20:20:00Z","nsw":"0.44","nt":"0.00","qld":"0.32","sa":"0.15","tas":"0.04","vic":"0.07","wa":"0.14"},{"ts":"2014-03-27T20:25:00Z","nsw":"0.71","nt":"0.00","qld":"0.49","sa":"0.15","tas":"0.18","vic":"0.04","wa":"0.16"},{"ts":"2014-03-27T20:30:00Z","nsw":"0.60","qld":"0.69","sa":"0.13","tas":"0.18","vic":"0.09","wa":"0.15"},{"ts":"2014-03-27T20:35:00Z","nsw":"0.80","nt":"0.00","qld":"0.93","sa":"0.14","tas":"0.12","vic":"0.06","wa":"0.15"},{"ts":"2014-03-27T20:40:00Z","nsw":"0.96","qld":"1.30","sa":"0.13","tas":"0.40","vic":"0.11","wa":"0.18"},{"ts":"2014-03-27T20:45:00Z","nsw":"1.44","nt":"0.00","qld":"1.75","sa":"0.14","tas":"0.54","vic":"0.14","wa":"0.09"},{"ts":"2014-03-27T20:50:00Z","nsw":"1.37","qld":"2.15","sa":"0.12","tas":"0.66","vic":"0.47","wa":"0.17"},{"ts":"2014-03-27T20:55:00Z","nsw":"1.80","nt":"0.00","qld":"2.55","sa":"0.14","tas":"0.71","vic":"0.31","wa":"0.15"},{"ts":"2014-03-27T21:00:00Z","nsw":"1.78","nt":"0.00","qld":"3.00","sa":"0.19","tas":"1.03","vic":"0.59","wa":"0.17"},{"ts":"2014-03-27T21:05:00Z","nsw":"2.28","nt":"0.00","qld":"3.46","sa":"0.44","tas":"1.18","vic":"0.83","wa":"0.15"},{"ts":"2014-03-27T21:10:00Z","nsw":"2.83","nt":"0.00","qld":"3.81","sa":"0.88","tas":"1.61","vic":"1.16","wa":"0.18"},{"ts":"2014-03-27T21:15:00Z","nsw":"2.88","qld":"4.17","sa":"1.28","tas":"1.89","vic":"1.58","wa":"0.15"},{"ts":"2014-03-27T21:20:00Z","nsw":"3.77","nt":"0.00","qld":"5.04","sa":"1.70","tas":"2.73","vic":"1.88","wa":"0.15"},{"ts":"2014-03-27T21:25:00Z","nsw":"4.04","qld":"5.96","sa":"2.24","tas":"3.10","vic":"2.19","wa":"0.19"},{"ts":"2014-03-27T21:30:00Z","nsw":"4.11","nt":"0.00","qld":"6.97","sa":"2.79","tas":"3.25","vic":"2.42","wa":"0.15"},{"ts":"2014-03-27T21:35:00Z","nsw":"4.13","nt":"0.23","qld":"7.47","sa":"3.15","tas":"3.48","vic":"2.54","wa":"0.19"},{"ts":"2014-03-27T21:40:00Z","nsw":"4.77","nt":"0.40","qld":"8.27","sa":"3.41","tas":"5.33","vic":"3.10","wa":"0.15"},{"ts":"2014-03-27T21:45:00Z","nsw":"5.50","nt":"1.06","qld":"8.86","sa":"4.22","tas":"4.65","vic":"3.69","wa":"0.17"},{"ts":"2014-03-27T21:50:00Z","nsw":"6.33","nt":"1.13","qld":"9.05","sa":"4.81","tas":"5.89","vic":"4.13","wa":"0.15"},{"ts":"2014-03-27T21:55:00Z","nsw":"6.24","nt":"1.52","qld":"9.01","sa":"6.89","tas":"6.28","vic":"4.40","wa":"0.18"},{"ts":"2014-03-27T22:00:00Z","nsw":"7.11","nt":"2.45","qld":"9.13","sa":"7.02","tas":"8.18","vic":"5.38","wa":"0.17"},{"ts":"2014-03-27T22:05:00Z","nsw":"7.34","nt":"3.35","qld":"9.96","sa":"8.27","tas":"9.23","vic":"5.77","wa":"0.14"},{"ts":"2014-03-27T22:10:00Z","nsw":"7.87","nt":"8.08","qld":"10.32","sa":"8.62","tas":"11.07","vic":"5.95","wa":"0.14"},{"ts":"2014-03-27T22:15:00Z","nsw":"7.87","nt":"4.76","qld":"11.48","sa":"10.41","tas":"10.41","vic":"6.65","wa":"0.12"},{"ts":"2014-03-27T22:20:00Z","nsw":"9.41","nt":"10.28","qld":"13.11","sa":"12.27","tas":"12.65","vic":"7.50","wa":"0.16"},{"ts":"2014-03-27T22:25:00Z","nsw":"8.92","nt":"7.36","qld":"13.84","sa":"14.89","tas":"12.69","vic":"8.12","wa":"0.14"},{"ts":"2014-03-27T22:30:00Z","nsw":"9.16","nt":"10.30","qld":"15.00","sa":"16.16","tas":"12.52","vic":"8.86","wa":"0.16"},{"ts":"2014-03-27T22:35:00Z","nsw":"9.90","nt":"11.60","qld":"15.15","sa":"17.98","tas":"11.00","vic":"9.22","wa":"0.37"},{"ts":"2014-03-27T22:40:00Z","nsw":"10.58","nt":"12.57","qld":"16.08","sa":"19.23","tas":"10.40","vic":"9.97","wa":"0.76"},{"ts":"2014-03-27T22:45:00Z","nsw":"11.40","nt":"17.32","qld":"17.50","sa":"21.03","tas":"10.60","vic":"11.33","wa":"1.02"},{"ts":"2014-03-27T22:50:00Z","nsw":"12.31","nt":"16.03","qld":"19.19","sa":"22.43","tas":"11.81","vic":"9.70","wa":"1.68"},{"ts":"2014-03-27T22:55:00Z","nsw":"12.65","nt":"26.49","qld":"21.61","sa":"24.40","tas":"11.33","vic":"10.45","wa":"2.19"},{"ts":"2014-03-27T23:00:00Z","nsw":"13.50","nt":"18.43","qld":"23.55","sa":"25.43","tas":"12.73","vic":"11.86","wa":"3.35"},{"ts":"2014-03-27T23:05:00Z","nsw":"13.79","nt":"30.71","qld":"24.70","sa":"26.87","tas":"11.38","vic":"12.04","wa":"4.00"},{"ts":"2014-03-27T23:10:00Z","nsw":"15.62","nt":"22.58","qld":"26.87","sa":"28.41","tas":"12.98","vic":"12.98","wa":"5.03"},{"ts":"2014-03-27T23:15:00Z","nsw":"15.37","nt":"26.73","qld":"28.58","sa":"29.89","tas":"12.21","vic":"14.23","wa":"6.46"},{"ts":"2014-03-27T23:20:00Z","nsw":"17.25","nt":"24.91","qld":"30.31","sa":"31.29","tas":"13.78","vic":"15.33","wa":"7.29"},{"ts":"2014-03-27T23:25:00Z","nsw":"16.70","nt":"25.79","qld":"32.02","sa":"32.59","tas":"13.65","vic":"15.52","wa":"7.99"},{"ts":"2014-03-27T23:30:00Z","nsw":"18.14","nt":"31.53","qld":"32.36","sa":"33.87","tas":"14.60","vic":"16.39","wa":"8.96"},{"ts":"2014-03-27T23:35:00Z","nsw":"18.11","nt":"30.07","qld":"34.25","sa":"35.63","tas":"14.77","vic":"15.02","wa":"10.09"},{"ts":"2014-03-27T23:40:00Z","nsw":"20.29","nt":"43.55","qld":"35.56","sa":"36.91","tas":"18.51","vic":"17.81","wa":"11.76"},{"ts":"2014-03-27T23:45:00Z","nsw":"19.07","nt":"34.08","qld":"37.67","sa":"37.88","tas":"26.50","vic":"17.27","wa":"12.93"},{"ts":"2014-03-27T23:50:00Z","nsw":"21.56","nt":"46.83","qld":"38.16","sa":"38.42","tas":"27.08","vic":"17.88","wa":"14.40"},{"ts":"2014-03-27T23:55:00Z","nsw":"20.84","nt":"39.66","qld":"41.18","sa":"39.79","tas":"23.02","vic":"18.03","wa":"16.97"},{"ts":"2014-03-28T00:00:00Z","nsw":"23.82","nt":"42.56","qld":"42.15","sa":"40.55","tas":"25.90","vic":"20.02","wa":"18.28"},{"ts":"2014-03-28T00:05:00Z","nsw":"23.16","nt":"37.83","qld":"43.97","sa":"41.06","tas":"26.33","vic":"19.61","wa":"20.78"},{"ts":"2014-03-28T00:10:00Z","nsw":"24.35","nt":"42.56","qld":"42.77","sa":"42.99","tas":"26.78","vic":"20.03","wa":"21.05"},{"ts":"2014-03-28T00:15:00Z","nsw":"23.50","nt":"48.47","qld":"43.79","sa":"43.59","tas":"27.62","vic":"21.68","wa":"23.71"},{"ts":"2014-03-28T00:20:00Z","nsw":"26.82","nt":"47.42","qld":"44.21","sa":"45.49","tas":"31.34","vic":"21.73","wa":"24.93"},{"ts":"2014-03-28T00:25:00Z","nsw":"26.38","nt":"57.49","qld":"45.67","sa":"45.59","tas":"35.51","vic":"21.34","wa":"26.52"},{"ts":"2014-03-28T00:30:00Z","nsw":"26.67","nt":"50.11","qld":"43.79","sa":"47.07","tas":"30.25","vic":"22.83","wa":"29.08"},{"ts":"2014-03-28T00:35:00Z","nsw":"27.59","nt":"59.79","qld":"44.93","sa":"46.95","tas":"29.79","vic":"22.04","wa":"30.09"},{"ts":"2014-03-28T00:40:00Z","nsw":"28.32","nt":"56.53","qld":"44.48","sa":"48.46","tas":"31.27","vic":"23.61","wa":"31.52"},{"ts":"2014-03-28T00:45:00Z","nsw":"28.44","nt":"57.30","qld":"45.29","sa":"49.27","tas":"39.04","vic":"22.98","wa":"33.62"},{"ts":"2014-03-28T00:50:00Z","nsw":"29.34","nt":"60.54","qld":"43.18","sa":"50.63","tas":"35.63","vic":"23.79","wa":"35.59"},{"ts":"2014-03-28T00:55:00Z","nsw":"28.59","nt":"61.60","qld":"43.39","sa":"51.21","tas":"45.13","vic":"24.32","wa":"36.05"},{"ts":"2014-03-28T01:00:00Z","nsw":"31.61","nt":"63.53","qld":"42.86","sa":"52.93","tas":"45.23","vic":"25.56","wa":"38.78"},{"ts":"2014-03-28T01:05:00Z","nsw":"29.50","nt":"63.09","qld":"43.77","sa":"52.97","tas":"47.64","vic":"26.14","wa":"40.25"},{"ts":"2014-03-28T01:10:00Z","nsw":"29.87","nt":"67.80","qld":"43.34","sa":"53.90","tas":"40.07","vic":"25.80","wa":"41.61"},{"ts":"2014-03-28T01:15:00Z","nsw":"28.86","nt":"65.03","qld":"43.26","sa":"55.12","tas":"42.76","vic":"29.92","wa":"44.00"},{"ts":"2014-03-28T01:20:00Z","nsw":"30.98","nt":"68.73","qld":"46.88","sa":"56.89","tas":"44.22","vic":"30.55","wa":"44.17"},{"ts":"2014-03-28T01:25:00Z","nsw":"30.74","nt":"65.53","qld":"45.15","sa":"56.69","tas":"48.93","vic":"30.57","wa":"45.04"},{"ts":"2014-03-28T01:30:00Z","nsw":"32.44","nt":"68.86","qld":"42.29","sa":"58.23","tas":"43.71","vic":"31.97","wa":"46.79"},{"ts":"2014-03-28T01:35:00Z","nsw":"30.08","nt":"67.81","qld":"42.95","sa":"59.84","tas":"47.16","vic":"30.60","wa":"49.35"},{"ts":"2014-03-28T01:40:00Z","nsw":"31.35","nt":"68.85","qld":"43.38","sa":"57.86","tas":"47.62","vic":"32.24","wa":"49.34"},{"ts":"2014-03-28T01:45:00Z","nsw":"31.40","nt":"71.20","qld":"43.56","sa":"58.61","tas":"50.02","vic":"33.86","wa":"51.03"},{"ts":"2014-03-28T01:50:00Z","nsw":"30.20","nt":"70.13","qld":"43.07","sa":"58.89","tas":"45.55","vic":"33.99","wa":"51.65"},{"ts":"2014-03-28T01:55:00Z","nsw":"29.62","nt":"73.27","qld":"41.07","sa":"59.45","tas":"46.84","vic":"34.24","wa":"52.16"},{"ts":"2014-03-28T02:00:00Z","nsw":"33.96","nt":"70.93","qld":"43.27","sa":"60.24","tas":"48.08","vic":"36.39","wa":"53.34"},{"ts":"2014-03-28T02:05:00Z","nsw":"31.85","nt":"74.55","qld":"43.05","sa":"57.77","tas":"51.06","vic":"36.56","wa":"54.04"},{"ts":"2014-03-28T02:10:00Z","nsw":"33.65","nt":"71.61","qld":"43.08","sa":"58.67","tas":"45.31","vic":"38.98","wa":"56.06"},{"ts":"2014-03-28T02:15:00Z","nsw":"33.85","nt":"72.79","qld":"43.60","sa":"59.18","tas":"52.80","vic":"39.35","wa":"54.61"},{"ts":"2014-03-28T02:20:00Z","nsw":"34.00","nt":"72.68","qld":"44.37","sa":"60.54","tas":"49.18","vic":"37.97","wa":"57.91"},{"ts":"2014-03-28T02:25:00Z","nsw":"32.49","nt":"72.83","qld":"45.43","sa":"59.18","tas":"40.21","vic":"41.97","wa":"57.93"},{"ts":"2014-03-28T02:30:00Z","nsw":"30.61","nt":"74.10","qld":"45.42","sa":"60.31","tas":"40.48","vic":"39.48","wa":"59.91"},{"ts":"2014-03-28T02:35:00Z","nsw":"29.13","nt":"74.81","qld":"42.89","sa":"59.86","tas":"49.18","vic":"39.50","wa":"57.89"},{"ts":"2014-03-28T02:40:00Z","nsw":"28.71","nt":"77.66","qld":"44.35","sa":"59.72","tas":"50.82","vic":"42.06","wa":"60.89"},{"ts":"2014-03-28T02:45:00Z","nsw":"29.89","nt":"74.92","qld":"42.86","sa":"60.97","tas":"52.29","vic":"42.52","wa":"61.93"},{"ts":"2014-03-28T02:50:00Z","nsw":"29.52","nt":"78.59","qld":"42.72","sa":"58.48","tas":"45.16","vic":"39.76","wa":"61.74"},{"ts":"2014-03-28T02:55:00Z","nsw":"26.57","nt":"76.07","qld":"41.72","sa":"59.75","tas":"39.63","vic":"40.89","wa":"60.81"},{"ts":"2014-03-28T03:00:00Z","nsw":"28.34","nt":"75.59","qld":"42.94","sa":"62.26","tas":"38.84","vic":"43.22","wa":"62.95"},{"ts":"2014-03-28T03:05:00Z","nsw":"28.64","nt":"77.19","qld":"41.85","sa":"58.14","tas":"40.51","vic":"43.97","wa":"64.50"},{"ts":"2014-03-28T03:10:00Z","nsw":"28.55","nt":"77.36","qld":"40.45","sa":"61.81","tas":"40.34","vic":"44.31","wa":"64.74"},{"ts":"2014-03-28T03:15:00Z","nsw":"28.09","nt":"76.64","qld":"39.83","sa":"60.32","tas":"50.50","vic":"41.74","wa":"62.96"},{"ts":"2014-03-28T03:20:00Z","nsw":"28.41","nt":"77.32","qld":"40.55","sa":"60.69","tas":"44.56","vic":"42.10","wa":"63.05"},{"ts":"2014-03-28T03:25:00Z","nsw":"28.72","nt":"78.30","qld":"41.97","sa":"59.46","tas":"38.67","vic":"46.36","wa":"65.32"},{"ts":"2014-03-28T03:30:00Z","nsw":"29.87","nt":"76.18","qld":"39.12","sa":"60.31","tas":"39.22","vic":"41.68","wa":"65.51"},{"ts":"2014-03-28T03:35:00Z","nsw":"27.53","nt":"79.36","qld":"36.20","sa":"56.86","tas":"40.43","vic":"41.10","wa":"65.04"},{"ts":"2014-03-28T03:40:00Z","nsw":"30.80","nt":"77.65","qld":"36.93","sa":"59.83","tas":"41.25","vic":"42.44","wa":"65.78"},{"ts":"2014-03-28T03:45:00Z","nsw":"27.85","nt":"76.34","qld":"36.33","sa":"58.30","tas":"39.74","vic":"42.38","wa":"66.58"},{"ts":"2014-03-28T03:50:00Z","nsw":"27.00","nt":"77.80","qld":"33.94","sa":"59.47","tas":"39.87","vic":"41.78","wa":"66.63"},{"ts":"2014-03-28T03:55:00Z","nsw":"25.80","nt":"69.81","qld":"33.86","sa":"58.02","tas":"34.99","vic":"44.37","wa":"64.27"},{"ts":"2014-03-28T04:00:00Z","nsw":"26.82","nt":"68.52","qld":"31.67","sa":"57.46","tas":"37.67","vic":"43.72","wa":"66.73"},{"ts":"2014-03-28T04:05:00Z","nsw":"26.00","nt":"69.61","qld":"29.14","sa":"56.85","tas":"41.46","vic":"44.29","wa":"65.32"},{"ts":"2014-03-28T04:10:00Z","nsw":"26.36","nt":"66.21","qld":"26.17","sa":"55.49","tas":"39.52","vic":"42.46","wa":"67.13"},{"ts":"2014-03-28T04:15:00Z","nsw":"26.41","nt":"72.90","qld":"25.57","sa":"55.42","tas":"34.09","vic":"43.18","wa":"66.79"},{"ts":"2014-03-28T04:20:00Z","nsw":"24.70","nt":"68.19","qld":"27.00","sa":"56.12","tas":"37.16","vic":"44.23","wa":"65.46"},{"ts":"2014-03-28T04:25:00Z","nsw":"23.80","nt":"69.54","qld":"26.38","sa":"53.44","tas":"34.77","vic":"43.32","wa":"66.95"},{"ts":"2014-03-28T04:30:00Z","nsw":"21.99","nt":"72.81","qld":"27.10","sa":"50.94","tas":"33.50","vic":"40.98","wa":"67.54"},{"ts":"2014-03-28T04:35:00Z","nsw":"20.90","nt":"74.31","qld":"26.04","sa":"50.84","tas":"38.44","vic":"42.84","wa":"65.67"},{"ts":"2014-03-28T04:40:00Z","nsw":"19.70","nt":"70.89","qld":"26.44","sa":"52.68","tas":"43.19","vic":"40.46","wa":"66.65"},{"ts":"2014-03-28T04:45:00Z","nsw":"18.56","nt":"69.62","qld":"26.44","sa":"54.93","tas":"38.90","vic":"42.33","wa":"67.58"},{"ts":"2014-03-28T04:50:00Z","nsw":"17.24","nt":"74.37","qld":"25.95","sa":"55.67","tas":"32.95","vic":"40.04","wa":"66.28"},{"ts":"2014-03-28T04:55:00Z","nsw":"16.18","nt":"79.34","qld":"29.07","sa":"52.41","tas":"37.59","vic":"37.53","wa":"64.35"},{"ts":"2014-03-28T05:00:00Z","nsw":"16.89","nt":"73.69","qld":"29.48","sa":"53.06","tas":"36.41","vic":"38.81","wa":"65.83"},{"ts":"2014-03-28T05:05:00Z","nsw":"16.41","nt":"68.44","qld":"28.69","sa":"52.87","tas":"38.54","vic":"38.85","wa":"64.65"},{"ts":"2014-03-28T05:10:00Z","nsw":"16.49","nt":"70.98","qld":"27.39","sa":"46.66","tas":"33.78","vic":"36.87","wa":"64.94"},{"ts":"2014-03-28T05:15:00Z","nsw":"14.42","nt":"57.29","qld":"27.93","sa":"43.05","tas":"35.03","vic":"34.73","wa":"63.47"},{"ts":"2014-03-28T05:20:00Z","nsw":"16.50","nt":"69.15","qld":"28.87","sa":"40.38","tas":"33.38","vic":"35.75","wa":"65.20"},{"ts":"2014-03-28T05:25:00Z","nsw":"14.47","nt":"74.56","qld":"29.26","sa":"37.90","tas":"32.57","vic":"34.11","wa":"63.51"},{"ts":"2014-03-28T05:30:00Z","nsw":"14.19","nt":"64.40","qld":"27.92","sa":"32.63","tas":"28.68","vic":"33.29","wa":"62.89"},{"ts":"2014-03-28T05:35:00Z","nsw":"15.04","nt":"61.61","qld":"28.27","sa":"32.70","tas":"30.22","vic":"32.39","wa":"61.35"},{"ts":"2014-03-28T05:40:00Z","nsw":"12.85","nt":"36.71","qld":"27.43","sa":"29.46","tas":"28.33","vic":"32.39","wa":"63.51"},{"ts":"2014-03-28T05:45:00Z","nsw":"13.10","nt":"66.65","qld":"26.58","sa":"29.25","tas":"28.28","vic":"31.85","wa":"63.80"},{"ts":"2014-03-28T05:50:00Z","nsw":"12.53","nt":"42.84","qld":"24.83","sa":"25.76","tas":"24.52","vic":"31.63","wa":"62.30"},{"ts":"2014-03-28T05:55:00Z","nsw":"11.20","nt":"51.45","qld":"24.48","sa":"26.03","tas":"24.20","vic":"30.63","wa":"60.20"},{"ts":"2014-03-28T06:00:00Z","nsw":"10.66","nt":"49.75","qld":"24.19","sa":"24.08","tas":"24.00","vic":"29.49","wa":"62.05"},{"ts":"2014-03-28T06:05:00Z","nsw":"10.16","nt":"54.63","qld":"23.14","sa":"21.86","tas":"21.57","vic":"31.12","wa":"59.64"},{"ts":"2014-03-28T06:10:00Z","nsw":"8.68","nt":"64.14","qld":"22.30","sa":"20.19","tas":"19.86","vic":"27.99","wa":"60.02"},{"ts":"2014-03-28T06:15:00Z","nsw":"7.66","nt":"59.82","qld":"20.40","sa":"19.93","tas":"18.37","vic":"25.83","wa":"59.18"},{"ts":"2014-03-28T06:20:00Z","nsw":"8.02","nt":"59.20","qld":"19.39","sa":"19.86","tas":"16.61","vic":"25.48","wa":"57.08"},{"ts":"2014-03-28T06:25:00Z","nsw":"7.65","nt":"56.89","qld":"16.69","sa":"19.45","tas":"15.94","vic":"23.55","wa":"58.03"},{"ts":"2014-03-28T06:30:00Z","nsw":"6.15","nt":"56.70","qld":"15.58","sa":"21.30","tas":"13.83","vic":"21.65","wa":"56.23"},{"ts":"2014-03-28T06:35:00Z","nsw":"6.28","nt":"50.68","qld":"14.27","sa":"22.24","tas":"12.98","vic":"21.03","wa":"57.07"},{"ts":"2014-03-28T06:40:00Z","nsw":"5.17","nt":"40.85","qld":"12.81","sa":"20.29","tas":"11.34","vic":"20.17","wa":"54.15"},{"ts":"2014-03-28T06:45:00Z","nsw":"5.11","nt":"40.54","qld":"11.61","sa":"18.30","tas":"10.74","vic":"18.85","wa":"55.94"},{"ts":"2014-03-28T06:50:00Z","nsw":"4.65","nt":"45.26","qld":"9.77","sa":"15.93","tas":"9.83","vic":"17.09","wa":"54.44"},{"ts":"2014-03-28T06:55:00Z","nsw":"4.23","nt":"34.90","qld":"8.54","sa":"13.76","tas":"8.62","vic":"15.92","wa":"52.79"},{"ts":"2014-03-28T07:00:00Z","nsw":"3.59","nt":"48.46","qld":"7.49","sa":"11.43","tas":"7.48","vic":"15.02","wa":"52.98"},{"ts":"2014-03-28T07:05:00Z","nsw":"3.71","nt":"46.43","qld":"6.17","sa":"10.66","tas":"6.91","vic":"12.84","wa":"51.51"},{"ts":"2014-03-28T07:10:00Z","nsw":"2.83","nt":"44.93","qld":"4.89","sa":"10.88","tas":"6.28","vic":"11.23","wa":"47.91"},{"ts":"2014-03-28T07:15:00Z","nsw":"2.55","nt":"42.61","qld":"3.85","sa":"10.38","tas":"5.65","vic":"9.69","wa":"49.25"},{"ts":"2014-03-28T07:20:00Z","nsw":"2.07","nt":"41.93","qld":"3.26","sa":"9.44","tas":"4.63","vic":"8.66","wa":"47.31"},{"ts":"2014-03-28T07:25:00Z","nsw":"2.32","nt":"30.53","qld":"2.59","sa":"8.65","tas":"4.43","vic":"7.83","wa":"43.50"},{"ts":"2014-03-28T07:30:00Z","nsw":"1.85","nt":"34.78","qld":"2.03","sa":"7.63","tas":"3.39","vic":"6.96","wa":"44.42"},{"ts":"2014-03-28T07:35:00Z","nsw":"2.14","nt":"37.03","qld":"1.45","sa":"7.36","tas":"3.05","vic":"5.86","wa":"41.07"},{"ts":"2014-03-28T07:40:00Z","nsw":"1.59","nt":"34.32","qld":"1.14","sa":"6.91","tas":"2.20","vic":"5.45","wa":"41.99"},{"ts":"2014-03-28T07:45:00Z","nsw":"1.73","nt":"30.02","qld":"0.82","sa":"7.78","tas":"2.01","vic":"4.61","wa":"41.42"},{"ts":"2014-03-28T07:50:00Z","nsw":"1.45","nt":"29.23","qld":"0.57","sa":"8.11","tas":"1.35","vic":"3.42","wa":"36.42"},{"ts":"2014-03-28T07:55:00Z","nsw":"1.24","nt":"26.95","qld":"0.42","sa":"8.13","tas":"0.96","vic":"2.67","wa":"34.90"},{"ts":"2014-03-28T08:00:00Z","nsw":"1.06","nt":"23.24","qld":"0.32","sa":"7.67","tas":"0.57","vic":"2.31","wa":"34.40"},{"ts":"2014-03-28T08:05:00Z","nsw":"1.05","nt":"22.10","qld":"0.32","sa":"6.58","tas":"0.38","vic":"1.58","wa":"31.64"},{"ts":"2014-03-28T08:10:00Z","nsw":"1.12","nt":"21.10","qld":"0.34","sa":"5.64","tas":"0.23","vic":"1.09","wa":"29.15"},{"ts":"2014-03-28T08:15:00Z","nsw":"0.66","nt":"12.03","qld":"0.34","sa":"4.74","tas":"0.13","vic":"0.86","wa":"27.81"},{"ts":"2014-03-28T08:20:00Z","nsw":"0.82","nt":"13.64","qld":"0.32","sa":"3.54","tas":"0.10","vic":"0.57","wa":"25.41"},{"ts":"2014-03-28T08:25:00Z","nsw":"0.49","nt":"7.13","qld":"0.29","sa":"2.74","tas":"0.07","vic":"0.62","wa":"23.91"},{"ts":"2014-03-28T08:30:00Z","nsw":"0.58","nt":"7.45","qld":"0.24","sa":"2.09","tas":"0.06","vic":"0.50","wa":"22.86"},{"ts":"2014-03-28T08:35:00Z","nsw":"0.62","nt":"8.02","qld":"0.24","sa":"1.52","tas":"0.15","vic":"0.60","wa":"19.73"},{"ts":"2014-03-28T08:40:00Z","nsw":"0.67","nt":"4.34","qld":"0.22","sa":"0.82","tas":"0.17","vic":"0.53","wa":"19.69"},{"ts":"2014-03-28T08:45:00Z","nsw":"0.70","nt":"4.87","qld":"0.20","sa":"0.56","tas":"0.16","vic":"0.49","wa":"18.41"},{"ts":"2014-03-28T08:50:00Z","nsw":"0.53","nt":"3.29","qld":"0.19","sa":"0.35","tas":"0.14","vic":"0.37","wa":"16.06"},{"ts":"2014-03-28T08:55:00Z","nsw":"0.75","nt":"2.98","qld":"0.21","sa":"0.34","tas":"0.11","vic":"0.18","wa":"14.91"},{"ts":"2014-03-28T09:00:00Z","nsw":"0.60","nt":"1.96","qld":"0.18","sa":"0.40","tas":"0.11","vic":"0.10","wa":"14.74"},{"ts":"2014-03-28T09:05:00Z","nsw":"0.76","nt":"1.18","qld":"0.21","sa":"0.33","tas":"0.11","vic":"0.10","wa":"13.31"},{"ts":"2014-03-28T09:10:00Z","nsw":"0.52","nt":"0.89","qld":"0.18","sa":"0.30","tas":"0.11","vic":"0.12","wa":"11.25"},{"ts":"2014-03-28T09:15:00Z","nsw":"0.66","nt":"0.67","qld":"0.21","sa":"0.28","tas":"0.11","vic":"0.08","wa":"10.44"},{"ts":"2014-03-28T09:20:00Z","nsw":"0.67","nt":"0.40","qld":"0.21","sa":"0.27","tas":"0.11","vic":"0.08","wa":"9.39"},{"ts":"2014-03-28T09:25:00Z","nsw":"0.54","nt":"0.54","qld":"0.22","sa":"0.32","tas":"0.11","vic":"0.70","wa":"8.52"},{"ts":"2014-03-28T09:30:00Z","nsw":"0.62","nt":"0.26","qld":"0.23","sa":"0.26","tas":"0.11","vic":"1.17","wa":"7.51"},{"ts":"2014-03-28T09:35:00Z","nsw":"0.55","nt":"0.36","qld":"0.20","sa":"0.28","tas":"0.11","vic":"0.08","wa":"6.41"},{"ts":"2014-03-28T09:40:00Z","nsw":"1.08","nt":"0.40","qld":"0.23","sa":"0.24","tas":"0.11","vic":"0.08","wa":"6.21"},{"ts":"2014-03-28T09:45:00Z","nsw":"0.54","nt":"0.46","qld":"0.19","sa":"0.26","tas":"0.11","vic":"1.06","wa":"5.36"},{"ts":"2014-03-28T09:50:00Z","nsw":"0.79","nt":"0.40","qld":"0.21","sa":"0.23","tas":"0.11","vic":"0.08","wa":"4.62"},{"ts":"2014-03-28T09:55:00Z","nsw":"0.54","nt":"0.46","qld":"0.20","sa":"0.21","tas":"0.11","vic":"0.44","wa":"3.44"},{"ts":"2014-03-28T10:00:00Z","nsw":"0.59","nt":"0.39","qld":"0.22","sa":"0.23","tas":"0.11","vic":"0.44","wa":"2.61"},{"ts":"2014-03-28T10:05:00Z","nsw":"0.69","nt":"0.39","qld":"0.21","sa":"0.21","tas":"0.11","vic":"0.16","wa":"1.89"},{"ts":"2014-03-28T10:10:00Z","nsw":"0.48","qld":"0.22","sa":"0.26","tas":"0.11","vic":"0.07","wa":"1.08"},{"ts":"2014-03-28T10:15:00Z","nsw":"0.63","nt":"0.35","qld":"0.21","sa":"0.23","tas":"0.11","vic":"0.07","wa":"0.79"},{"ts":"2014-03-28T10:20:00Z","nsw":"0.51","qld":"0.21","sa":"0.25","tas":"0.13","vic":"0.06","wa":"0.44"},{"ts":"2014-03-28T10:25:00Z","nsw":"0.65","nt":"0.35","qld":"0.22","sa":"0.20","tas":"0.11","vic":"0.07","wa":"0.27"},{"ts":"2014-03-28T10:30:00Z","nsw":"0.50","qld":"0.20","sa":"0.25","tas":"0.09","vic":"0.17","wa":"0.24"},{"ts":"2014-03-28T10:35:00Z","nsw":"0.68","nt":"0.35","qld":"0.24","sa":"0.20","tas":"0.12","vic":"0.43","wa":"0.32"},{"ts":"2014-03-28T10:40:00Z","nsw":"0.51","qld":"0.21","sa":"0.22","tas":"0.11","vic":"0.06","wa":"0.29"},{"ts":"2014-03-28T10:45:00Z","nsw":"0.61","nt":"0.35","qld":"0.22","sa":"0.21","tas":"0.12","vic":"0.09","wa":"0.34"},{"ts":"2014-03-28T10:50:00Z","nsw":"0.65","nt":"0.35","qld":"0.22","sa":"0.16","tas":"0.10","vic":"0.08","wa":"0.37"},{"ts":"2014-03-28T10:55:00Z","nsw":"0.53","qld":"0.22","sa":"0.22","tas":"0.12","vic":"0.07","wa":"0.28"},{"ts":"2014-03-28T11:00:00Z","nsw":"0.61","nt":"0.35","qld":"0.20","sa":"0.22","tas":"0.12","vic":"0.18","wa":"0.38"},{"ts":"2014-03-28T11:05:00Z","nsw":"0.53","qld":"0.24","sa":"0.22","tas":"0.12","vic":"0.14","wa":"0.25"},{"ts":"2014-03-28T11:10:00Z","nsw":"0.56","nt":"0.35","qld":"0.26","sa":"0.20","tas":"0.09","vic":"0.18","wa":"0.32"},{"ts":"2014-03-28T11:15:00Z","nsw":"0.47","qld":"0.20","sa":"0.24","tas":"0.12","vic":"0.37","wa":"0.24"},{"ts":"2014-03-28T11:20:00Z","nsw":"0.66","nt":"0.35","qld":"0.23","sa":"0.23","tas":"0.11","vic":"0.09","wa":"0.29"},{"ts":"2014-03-28T11:25:00Z","nsw":"0.56","qld":"0.21","sa":"0.17","tas":"0.12","vic":"0.31","wa":"2.12"},{"ts":"2014-03-28T11:30:00Z","nsw":"0.62","nt":"0.35","qld":"0.23","sa":"0.24","tas":"0.12","vic":"0.09","wa":"0.32"},{"ts":"2014-03-28T11:35:00Z","nsw":"0.64","nt":"0.35","qld":"0.23","sa":"0.20","tas":"0.12","vic":"0.16","wa":"0.41"},{"ts":"2014-03-28T11:40:00Z","nsw":"0.42","qld":"0.25","sa":"0.25","tas":"0.12","vic":"0.08","wa":"0.27"},{"ts":"2014-03-28T11:45:00Z","nsw":"0.99","nt":"0.35","qld":"0.22","sa":"0.21","tas":"0.12","vic":"0.08","wa":"0.39"},{"ts":"2014-03-28T11:50:00Z","nsw":"0.45","qld":"0.21","sa":"0.23","tas":"0.12","vic":"0.40","wa":"0.28"},{"ts":"2014-03-28T11:55:00Z","nsw":"0.63","nt":"0.35","qld":"0.23","sa":"0.21","tas":"0.12","vic":"0.09","wa":"0.37"}],"contribution":[{"ts":"2014-03-27T17:00:00Z","nsw":"0.05","qld":"0.03","sa":"0.07","tas":"0.01","vic":"0.01"},{"ts":"2014-03-27T17:05:00Z","nsw":"0.04","qld":"0.03","sa":"0.05","tas":"0.00","vic":"0.01"},{"ts":"2014-03-27T17:10:00Z","nsw":"0.04","qld":"0.03","sa":"0.07","tas":"0.00","vic":"0.00","wa":"0.04"},{"ts":"2014-03-27T17:15:00Z","nsw":"0.04","qld":"0.03","sa":"0.06","tas":"0.00","vic":"0.00"},{"ts":"2014-03-27T17:20:00Z","nsw":"0.04","qld":"0.02","sa":"0.07","tas":"0.00","vic":"0.00","wa":"0.03"},{"ts":"2014-03-27T17:25:00Z","nsw":"0.04","qld":"0.03","sa":"0.06","tas":"0.00","vic":"0.01"},{"ts":"2014-03-27T17:30:00Z","nsw":"0.04","qld":"0.03","sa":"0.06","tas":"0.00","vic":"0.01","wa":"0.03"},{"ts":"2014-03-27T17:35:00Z","nsw":"0.04","qld":"0.02","sa":"0.06","tas":"0.00","vic":"0.00"},{"ts":"2014-03-27T17:40:00Z","nsw":"0.04","qld":"0.03","sa":"0.06","tas":"0.00","vic":"0.01","wa":"0.03"},{"ts":"2014-03-27T17:45:00Z","nsw":"0.04","qld":"0.03","sa":"0.06","tas":"0.00","vic":"0.01"},{"ts":"2014-03-27T17:50:00Z","nsw":"0.04","qld":"0.01","sa":"0.03","tas":"0.00","vic":"0.01","wa":"0.02"},{"ts":"2014-03-27T17:55:00Z","nsw":"0.03","qld":"0.00","sa":"0.02","tas":"0.00","vic":"0.00"},{"ts":"2014-03-27T18:00:00Z","nsw":"0.17","qld":"0.03","sa":"0.06","tas":"0.00","vic":"0.01"},{"ts":"2014-03-27T18:05:00Z","nsw":"0.04","qld":"0.02","sa":"0.05","tas":"0.00","vic":"0.00"},{"ts":"2014-03-27T18:10:00Z","nsw":"0.15","qld":"0.03","sa":"0.06","tas":"0.00","vic":"0.01","wa":"0.03"},{"ts":"2014-03-27T18:15:00Z","nsw":"0.04","qld":"0.03","sa":"0.04","tas":"0.01","vic":"0.01"},{"ts":"2014-03-27T18:20:00Z","nsw":"0.14","qld":"0.02","sa":"0.06","tas":"0.00","vic":"0.01","wa":"0.03"},{"ts":"2014-03-27T18:25:00Z","nsw":"0.03","qld":"0.03","sa":"0.06","tas":"0.00","vic":"0.01"},{"ts":"2014-03-27T18:30:00Z","nsw":"0.13","qld":"0.02","sa":"0.06","tas":"0.00","vic":"0.01","wa":"0.03"},{"ts":"2014-03-27T18:35:00Z","nsw":"0.03","qld":"0.03","sa":"0.06","tas":"0.00","vic":"0.01"},{"ts":"2014-03-27T18:40:00Z","nsw":"0.14","qld":"0.03","sa":"0.06","tas":"0.00","vic":"0.01","wa":"0.03"},{"ts":"2014-03-27T18:45:00Z","nsw":"0.15","qld":"0.03","sa":"0.06","tas":"0.00","vic":"0.01"},{"ts":"2014-03-27T18:50:00Z","nsw":"0.03","qld":"0.02","sa":"0.06","tas":"0.00","vic":"0.01","wa":"0.03"},{"ts":"2014-03-27T18:55:00Z","nsw":"0.03","qld":"0.03","sa":"0.05","tas":"0.01","vic":"0.00"},{"ts":"2014-03-27T19:00:00Z","nsw":"0.03","qld":"0.02","sa":"0.06","tas":"0.00","vic":"0.00"},{"ts":"2014-03-27T19:05:00Z","nsw":"0.05","qld":"0.02","sa":"0.06","tas":"0.00","vic":"0.01"},{"ts":"2014-03-27T19:10:00Z","nsw":"0.03","qld":"0.05","sa":"0.06","tas":"0.00","vic":"0.00","wa":"0.04"},{"ts":"2014-03-27T19:15:00Z","nsw":"0.04","qld":"0.02","sa":"0.05","tas":"0.01","vic":"0.01"},{"ts":"2014-03-27T19:20:00Z","nsw":"0.04","qld":"0.03","sa":"0.06","tas":"0.00","vic":"0.03","wa":"0.03"},{"ts":"2014-03-27T19:25:00Z","nsw":"0.04","qld":"0.02","sa":"0.06","tas":"0.00","vic":"0.01"},{"ts":"2014-03-27T19:30:00Z","nsw":"0.04","qld":"0.03","sa":"0.05","tas":"0.00","vic":"0.00","wa":"0.04"},{"ts":"2014-03-27T19:35:00Z","nsw":"0.03","qld":"0.03","sa":"0.06","tas":"0.00","vic":"0.01"},{"ts":"2014-03-27T19:40:00Z","nsw":"0.10","qld":"0.03","sa":"0.06","tas":"0.00","vic":"0.01","wa":"0.03"},{"ts":"2014-03-27T19:45:00Z","nsw":"0.03","qld":"0.02","sa":"0.05","tas":"0.00","vic":"0.00"},{"ts":"2014-03-27T19:50:00Z","nsw":"0.04","qld":"0.02","sa":"0.05","tas":"0.00","vic":"0.01","wa":"0.03"},{"ts":"2014-03-27T19:55:00Z","nsw":"0.03","qld":"0.02","sa":"0.05","tas":"0.00","vic":"0.01"},{"ts":"2014-03-27T20:00:00Z","nsw":"0.04","qld":"0.01","sa":"0.06","tas":"0.00","vic":"0.00"},{"ts":"2014-03-27T20:05:00Z","nsw":"0.04","qld":"0.01","sa":"0.05","tas":"0.00","vic":"0.01"},{"ts":"2014-03-27T20:10:00Z","nsw":"0.04","qld":"0.02","sa":"0.04","tas":"0.00","vic":"0.00","wa":"0.03"},{"ts":"2014-03-27T20:15:00Z","nsw":"0.05","qld":"0.03","sa":"0.04","tas":"0.00","vic":"0.01"},{"ts":"2014-03-27T20:20:00Z","nsw":"0.03","qld":"0.06","sa":"0.04","tas":"0.00","vic":"0.01","wa":"0.03"},{"ts":"2014-03-27T20:25:00Z","nsw":"0.06","qld":"0.09","sa":"0.04","tas":"0.01","vic":"0.00"},{"ts":"2014-03-27T20:30:00Z","nsw":"0.05","qld":"0.12","sa":"0.04","tas":"0.01","vic":"0.01","wa":"0.03"},{"ts":"2014-03-27T20:35:00Z","nsw":"0.06","qld":"0.16","sa":"0.04","tas":"0.01","vic":"0.00"},{"ts":"2014-03-27T20:40:00Z","nsw":"0.07","qld":"0.22","sa":"0.04","tas":"0.02","vic":"0.01","wa":"0.04"},{"ts":"2014-03-27T20:45:00Z","nsw":"0.11","qld":"0.29","sa":"0.04","tas":"0.02","vic":"0.01"},{"ts":"2014-03-27T20:50:00Z","nsw":"0.10","qld":"0.36","sa":"0.03","tas":"0.03","vic":"0.04","wa":"0.04"},{"ts":"2014-03-27T20:55:00Z","nsw":"0.13","qld":"0.42","sa":"0.04","tas":"0.03","vic":"0.03"},{"ts":"2014-03-27T21:00:00Z","nsw":"0.13","qld":"0.49","sa":"0.05","tas":"0.04","vic":"0.05"},{"ts":"2014-03-27T21:05:00Z","nsw":"0.17","qld":"0.55","sa":"0.12","tas":"0.05","vic":"0.07"},{"ts":"2014-03-27T21:10:00Z","nsw":"0.21","qld":"0.61","sa":"0.24","tas":"0.07","vic":"0.10","wa":"0.04"},{"ts":"2014-03-27T21:15:00Z","nsw":"0.21","qld":"0.67","sa":"0.35","tas":"0.08","vic":"0.13"},{"ts":"2014-03-27T21:20:00Z","nsw":"0.28","qld":"0.79","sa":"0.46","tas":"0.11","vic":"0.16"},{"ts":"2014-03-27T21:25:00Z","nsw":"0.30","qld":"0.94","sa":"0.61","tas":"0.13","vic":"0.18"},{"ts":"2014-03-27T21:30:00Z","nsw":"0.30","qld":"1.08","sa":"0.76","tas":"0.14","vic":"0.20","wa":"0.03"},{"ts":"2014-03-27T21:35:00Z","nsw":"0.30","qld":"1.16","sa":"0.87","tas":"0.15","vic":"0.22"},{"ts":"2014-03-27T21:40:00Z","nsw":"0.35","qld":"1.28","sa":"0.95","tas":"0.23","vic":"0.26","wa":"0.03"},{"ts":"2014-03-27T21:45:00Z","nsw":"0.40","qld":"1.38","sa":"1.18","tas":"0.20","vic":"0.31"},{"ts":"2014-03-27T21:50:00Z","nsw":"0.46","qld":"1.39","sa":"1.35","tas":"0.25","vic":"0.35","wa":"0.03"},{"ts":"2014-03-27T21:55:00Z","nsw":"0.45","qld":"1.39","sa":"1.93","tas":"0.27","vic":"0.37"},{"ts":"2014-03-27T22:00:00Z","nsw":"0.52","qld":"1.39","sa":"1.97","tas":"0.35","vic":"0.46","wa":"0.03"},{"ts":"2014-03-27T22:05:00Z","nsw":"0.54","qld":"1.52","sa":"2.30","tas":"0.40","vic":"0.49"},{"ts":"2014-03-27T22:10:00Z","nsw":"0.58","qld":"1.58","sa":"2.41","tas":"0.48","vic":"0.50","wa":"0.02"},{"ts":"2014-03-27T22:15:00Z","nsw":"0.57","qld":"1.73","sa":"2.88","tas":"0.45","vic":"0.56"},{"ts":"2014-03-27T22:20:00Z","nsw":"0.68","qld":"1.99","sa":"3.40","tas":"0.55","vic":"0.62","wa":"0.03"},{"ts":"2014-03-27T22:25:00Z","nsw":"0.65","qld":"2.08","sa":"4.08","tas":"0.55","vic":"0.67"},{"ts":"2014-03-27T22:30:00Z","nsw":"0.66","qld":"2.26","sa":"4.44","tas":"0.54","vic":"0.73","wa":"0.03"},{"ts":"2014-03-27T22:35:00Z","nsw":"0.72","qld":"2.30","sa":"4.90","tas":"0.48","vic":"0.77"},{"ts":"2014-03-27T22:40:00Z","nsw":"0.77","qld":"2.44","sa":"5.24","tas":"0.45","vic":"0.83","wa":"0.13"},{"ts":"2014-03-27T22:45:00Z","nsw":"0.83","qld":"2.62","sa":"5.69","tas":"0.46","vic":"0.94"},{"ts":"2014-03-27T22:50:00Z","nsw":"0.88","qld":"2.87","sa":"6.13","tas":"0.52","vic":"0.81","wa":"0.28"},{"ts":"2014-03-27T22:55:00Z","nsw":"0.90","qld":"3.24","sa":"6.59","tas":"0.50","vic":"0.88"},{"ts":"2014-03-27T23:00:00Z","nsw":"0.96","qld":"3.51","sa":"7.00","tas":"0.56","vic":"0.98"},{"ts":"2014-03-27T23:05:00Z","nsw":"0.99","qld":"3.67","sa":"7.27","tas":"0.50","vic":"1.00"},{"ts":"2014-03-27T23:10:00Z","nsw":"1.12","qld":"3.97","sa":"7.62","tas":"0.57","vic":"1.09","wa":"0.79"},{"ts":"2014-03-27T23:15:00Z","nsw":"1.09","qld":"4.27","sa":"8.05","tas":"0.54","vic":"1.18"},{"ts":"2014-03-27T23:20:00Z","nsw":"1.22","qld":"4.53","sa":"8.49","tas":"0.61","vic":"1.27","wa":"1.13"},{"ts":"2014-03-27T23:25:00Z","nsw":"1.18","qld":"4.78","sa":"8.85","tas":"0.61","vic":"1.28"},{"ts":"2014-03-27T23:30:00Z","nsw":"1.29","qld":"4.80","sa":"9.20","tas":"0.65","vic":"1.35","wa":"1.36"},{"ts":"2014-03-27T23:35:00Z","nsw":"1.29","qld":"5.10","sa":"9.55","tas":"0.68","vic":"1.24"},{"ts":"2014-03-27T23:40:00Z","nsw":"1.44","qld":"5.22","sa":"9.76","tas":"0.85","vic":"1.48","wa":"1.77"},{"ts":"2014-03-27T23:45:00Z","nsw":"1.36","qld":"5.58","sa":"10.23","tas":"1.22","vic":"1.45"},{"ts":"2014-03-27T23:50:00Z","nsw":"1.53","qld":"5.62","sa":"10.14","tas":"1.25","vic":"1.49","wa":"2.16"},{"ts":"2014-03-27T23:55:00Z","nsw":"1.47","qld":"6.11","sa":"10.66","tas":"1.07","vic":"1.50"},{"ts":"2014-03-28T00:00:00Z","nsw":"1.69","qld":"6.21","sa":"10.81","tas":"1.23","vic":"1.66"},{"ts":"2014-03-28T00:05:00Z","nsw":"1.64","qld":"6.47","sa":"11.06","tas":"1.26","vic":"1.63"},{"ts":"2014-03-28T00:10:00Z","nsw":"1.73","qld":"6.29","sa":"11.58","tas":"1.29","vic":"1.68","wa":"3.12"},{"ts":"2014-03-28T00:15:00Z","nsw":"1.66","qld":"6.40","sa":"11.70","tas":"1.27","vic":"1.80"},{"ts":"2014-03-28T00:20:00Z","nsw":"1.89","qld":"6.42","sa":"12.12","tas":"1.42","vic":"1.79","wa":"3.68"},{"ts":"2014-03-28T00:25:00Z","nsw":"1.87","qld":"6.67","sa":"12.17","tas":"1.59","vic":"1.76"},{"ts":"2014-03-28T00:30:00Z","nsw":"1.88","qld":"6.40","sa":"12.56","tas":"1.36","vic":"1.88","wa":"4.26"},{"ts":"2014-03-28T00:35:00Z","nsw":"1.94","qld":"6.53","sa":"12.36","tas":"1.32","vic":"1.82"},{"ts":"2014-03-28T00:40:00Z","nsw":"2.01","qld":"6.43","sa":"12.89","tas":"1.38","vic":"1.94","wa":"4.61"},{"ts":"2014-03-28T00:45:00Z","nsw":"2.02","qld":"6.56","sa":"13.06","tas":"1.71","vic":"1.91"},{"ts":"2014-03-28T00:50:00Z","nsw":"2.07","qld":"6.27","sa":"13.40","tas":"1.57","vic":"1.96","wa":"5.17"},{"ts":"2014-03-28T00:55:00Z","nsw":"2.02","qld":"6.29","sa":"13.51","tas":"1.99","vic":"2.00"},{"ts":"2014-03-28T01:00:00Z","nsw":"2.24","qld":"6.16","sa":"13.93","tas":"1.99","vic":"2.09"},{"ts":"2014-03-28T01:05:00Z","nsw":"2.09","qld":"6.34","sa":"14.05","tas":"2.11","vic":"2.15"},{"ts":"2014-03-28T01:10:00Z","nsw":"2.11","qld":"6.24","sa":"14.25","tas":"1.76","vic":"2.11","wa":"5.95"},{"ts":"2014-03-28T01:15:00Z","nsw":"2.07","qld":"6.22","sa":"14.49","tas":"1.87","vic":"2.44"},{"ts":"2014-03-28T01:20:00Z","nsw":"2.20","qld":"6.70","sa":"14.81","tas":"1.91","vic":"2.50","wa":"6.29"},{"ts":"2014-03-28T01:25:00Z","nsw":"2.18","qld":"6.53","sa":"14.92","tas":"2.11","vic":"2.54"},{"ts":"2014-03-28T01:30:00Z","nsw":"2.30","qld":"6.13","sa":"15.19","tas":"1.91","vic":"2.66","wa":"6.61"},{"ts":"2014-03-28T01:35:00Z","nsw":"2.13","qld":"6.21","sa":"15.49","tas":"2.05","vic":"2.54"},{"ts":"2014-03-28T01:40:00Z","nsw":"2.23","qld":"6.22","sa":"14.88","tas":"2.06","vic":"2.70","wa":"6.94"},{"ts":"2014-03-28T01:45:00Z","nsw":"2.22","qld":"6.23","sa":"15.10","tas":"2.17","vic":"2.82"},{"ts":"2014-03-28T01:50:00Z","nsw":"2.14","qld":"6.12","sa":"15.21","tas":"1.99","vic":"2.84"},{"ts":"2014-03-28T01:55:00Z","nsw":"2.12","qld":"5.88","sa":"15.44","tas":"2.05","vic":"2.87"},{"ts":"2014-03-28T02:00:00Z","nsw":"2.43","qld":"6.16","sa":"15.95","tas":"2.08","vic":"3.03","wa":"7.47"},{"ts":"2014-03-28T02:05:00Z","nsw":"2.29","qld":"6.15","sa":"15.12","tas":"2.22","vic":"3.05"},{"ts":"2014-03-28T02:10:00Z","nsw":"2.38","qld":"6.14","sa":"15.27","tas":"1.98","vic":"3.27","wa":"7.82"},{"ts":"2014-03-28T02:15:00Z","nsw":"2.42","qld":"6.18","sa":"15.34","tas":"2.30","vic":"3.28"},{"ts":"2014-03-28T02:20:00Z","nsw":"2.41","qld":"6.33","sa":"15.67","tas":"2.14","vic":"3.18","wa":"8.05"},{"ts":"2014-03-28T02:25:00Z","nsw":"2.32","qld":"6.46","sa":"15.39","tas":"1.79","vic":"3.51"},{"ts":"2014-03-28T02:30:00Z","nsw":"2.18","qld":"6.44","sa":"15.74","tas":"1.80","vic":"3.31","wa":"8.19"},{"ts":"2014-03-28T02:35:00Z","nsw":"2.09","qld":"6.13","sa":"15.56","tas":"2.19","vic":"3.30"},{"ts":"2014-03-28T02:40:00Z","nsw":"2.05","qld":"6.32","sa":"15.32","tas":"2.26","vic":"3.51","wa":"8.36"},{"ts":"2014-03-28T02:45:00Z","nsw":"2.14","qld":"6.07","sa":"15.57","tas":"2.34","vic":"3.54"},{"ts":"2014-03-28T02:50:00Z","nsw":"2.11","qld":"6.06","sa":"15.15","tas":"2.03","vic":"3.33","wa":"8.46"},{"ts":"2014-03-28T02:55:00Z","nsw":"1.91","qld":"5.94","sa":"15.61","tas":"1.78","vic":"3.41"},{"ts":"2014-03-28T03:00:00Z","nsw":"2.02","qld":"6.08","sa":"16.14","tas":"1.74","vic":"3.60"},{"ts":"2014-03-28T03:05:00Z","nsw":"2.04","qld":"5.94","sa":"14.97","tas":"1.82","vic":"3.68"},{"ts":"2014-03-28T03:10:00Z","nsw":"2.05","qld":"5.70","sa":"15.68","tas":"1.88","vic":"3.70","wa":"8.64"},{"ts":"2014-03-28T03:15:00Z","nsw":"2.00","qld":"5.67","sa":"15.22","tas":"2.32","vic":"3.51"},{"ts":"2014-03-28T03:20:00Z","nsw":"2.05","qld":"5.76","sa":"15.34","tas":"2.03","vic":"3.55","wa":"8.41"},{"ts":"2014-03-28T03:25:00Z","nsw":"2.06","qld":"5.95","sa":"15.26","tas":"1.76","vic":"3.88"},{"ts":"2014-03-28T03:30:00Z","nsw":"2.16","qld":"5.59","sa":"15.42","tas":"1.78","vic":"3.52","wa":"8.56"},{"ts":"2014-03-28T03:35:00Z","nsw":"1.99","qld":"5.14","sa":"14.59","tas":"1.84","vic":"3.47"},{"ts":"2014-03-28T03:40:00Z","nsw":"2.22","qld":"5.24","sa":"15.23","tas":"1.88","vic":"3.58","wa":"8.57"},{"ts":"2014-03-28T03:45:00Z","nsw":"2.02","qld":"5.16","sa":"14.88","tas":"1.98","vic":"3.56"},{"ts":"2014-03-28T03:50:00Z","nsw":"1.97","qld":"4.84","sa":"15.20","tas":"2.03","vic":"3.53","wa":"8.64"},{"ts":"2014-03-28T03:55:00Z","nsw":"1.87","qld":"4.81","sa":"14.90","tas":"1.78","vic":"3.74"},{"ts":"2014-03-28T04:00:00Z","nsw":"1.94","qld":"4.49","sa":"14.81","tas":"1.91","vic":"3.69","wa":"8.51"},{"ts":"2014-03-28T04:05:00Z","nsw":"1.88","qld":"4.16","sa":"14.62","tas":"2.08","vic":"3.73"},{"ts":"2014-03-28T04:10:00Z","nsw":"1.92","qld":"3.75","sa":"14.29","tas":"1.90","vic":"3.61","wa":"8.54"},{"ts":"2014-03-28T04:15:00Z","nsw":"1.92","qld":"3.64","sa":"14.18","tas":"1.60","vic":"3.68"},{"ts":"2014-03-28T04:20:00Z","nsw":"1.82","qld":"3.81","sa":"14.48","tas":"1.74","vic":"3.76","wa":"8.33"},{"ts":"2014-03-28T04:25:00Z","nsw":"1.75","qld":"3.75","sa":"13.94","tas":"1.62","vic":"3.69"},{"ts":"2014-03-28T04:30:00Z","nsw":"1.63","qld":"3.82","sa":"13.43","tas":"1.56","vic":"3.49","wa":"8.51"},{"ts":"2014-03-28T04:35:00Z","nsw":"1.55","qld":"3.68","sa":"13.20","tas":"1.78","vic":"3.65"},{"ts":"2014-03-28T04:40:00Z","nsw":"1.45","qld":"3.74","sa":"13.61","tas":"2.00","vic":"3.47","wa":"8.38"},{"ts":"2014-03-28T04:45:00Z","nsw":"1.36","qld":"3.73","sa":"14.38","tas":"1.81","vic":"3.58"},{"ts":"2014-03-28T04:50:00Z","nsw":"1.27","qld":"3.66","sa":"14.84","tas":"1.53","vic":"3.40","wa":"8.32"},{"ts":"2014-03-28T04:55:00Z","nsw":"1.19","qld":"4.11","sa":"13.89","tas":"1.74","vic":"3.20"},{"ts":"2014-03-28T05:00:00Z","nsw":"1.25","qld":"4.21","sa":"14.08","tas":"1.68","vic":"3.27"},{"ts":"2014-03-28T05:05:00Z","nsw":"1.20","qld":"4.11","sa":"13.84","tas":"1.74","vic":"3.30"},{"ts":"2014-03-28T05:10:00Z","nsw":"1.21","qld":"3.95","sa":"12.42","tas":"1.52","vic":"3.15","wa":"8.08"},{"ts":"2014-03-28T05:15:00Z","nsw":"1.06","qld":"4.02","sa":"11.50","tas":"1.57","vic":"2.96"},{"ts":"2014-03-28T05:20:00Z","nsw":"1.21","qld":"4.15","sa":"10.74","tas":"1.50","vic":"3.05","wa":"8.08"},{"ts":"2014-03-28T05:25:00Z","nsw":"1.06","qld":"4.22","sa":"10.00","tas":"1.46","vic":"2.90"},{"ts":"2014-03-28T05:30:00Z","nsw":"1.04","qld":"4.03","sa":"8.71","tas":"1.28","vic":"2.84","wa":"7.73"},{"ts":"2014-03-28T05:35:00Z","nsw":"1.10","qld":"4.05","sa":"8.72","tas":"1.36","vic":"2.75"},{"ts":"2014-03-28T05:40:00Z","nsw":"0.95","qld":"3.87","sa":"7.95","tas":"1.27","vic":"2.75","wa":"7.80"},{"ts":"2014-03-28T05:45:00Z","nsw":"0.96","qld":"3.77","sa":"7.87","tas":"1.26","vic":"2.71"},{"ts":"2014-03-28T05:50:00Z","nsw":"0.92","qld":"3.54","sa":"6.92","tas":"1.09","vic":"2.68","wa":"7.66"},{"ts":"2014-03-28T05:55:00Z","nsw":"0.83","qld":"3.47","sa":"6.97","tas":"1.09","vic":"2.61"},{"ts":"2014-03-28T06:00:00Z","nsw":"0.79","qld":"3.43","sa":"6.45","tas":"1.11","vic":"2.49"},{"ts":"2014-03-28T06:05:00Z","nsw":"0.75","qld":"3.26","sa":"5.90","tas":"1.00","vic":"2.62"},{"ts":"2014-03-28T06:10:00Z","nsw":"0.64","qld":"3.13","sa":"5.40","tas":"0.90","vic":"2.37","wa":"7.34"},{"ts":"2014-03-28T06:15:00Z","nsw":"0.57","qld":"2.87","sa":"5.28","tas":"0.83","vic":"2.19"},{"ts":"2014-03-28T06:20:00Z","nsw":"0.59","qld":"2.73","sa":"5.31","tas":"0.75","vic":"2.17","wa":"7.00"},{"ts":"2014-03-28T06:25:00Z","nsw":"0.56","qld":"2.41","sa":"5.22","tas":"0.71","vic":"2.00"},{"ts":"2014-03-28T06:30:00Z","nsw":"0.45","qld":"2.22","sa":"5.68","tas":"0.62","vic":"1.84","wa":"6.88"},{"ts":"2014-03-28T06:35:00Z","nsw":"0.46","qld":"2.04","sa":"5.94","tas":"0.60","vic":"1.80"},{"ts":"2014-03-28T06:40:00Z","nsw":"0.38","qld":"1.84","sa":"5.57","tas":"0.52","vic":"1.73","wa":"6.63"},{"ts":"2014-03-28T06:45:00Z","nsw":"0.38","qld":"1.65","sa":"4.98","tas":"0.49","vic":"1.61"},{"ts":"2014-03-28T06:50:00Z","nsw":"0.35","qld":"1.39","sa":"4.31","tas":"0.45","vic":"1.46","wa":"6.66"},{"ts":"2014-03-28T06:55:00Z","nsw":"0.31","qld":"1.22","sa":"3.76","tas":"0.40","vic":"1.37"},{"ts":"2014-03-28T07:00:00Z","nsw":"0.27","qld":"1.07","sa":"3.16","tas":"0.34","vic":"1.29"},{"ts":"2014-03-28T07:05:00Z","nsw":"0.28","qld":"0.88","sa":"2.97","tas":"0.32","vic":"1.10"},{"ts":"2014-03-28T07:10:00Z","nsw":"0.22","qld":"0.69","sa":"3.01","tas":"0.29","vic":"0.98","wa":"5.88"},{"ts":"2014-03-28T07:15:00Z","nsw":"0.19","qld":"0.55","sa":"2.91","tas":"0.27","vic":"0.85"},{"ts":"2014-03-28T07:20:00Z","nsw":"0.16","qld":"0.47","sa":"2.65","tas":"0.22","vic":"0.76","wa":"5.80"},{"ts":"2014-03-28T07:25:00Z","nsw":"0.18","qld":"0.37","sa":"2.43","tas":"0.21","vic":"0.69"},{"ts":"2014-03-28T07:30:00Z","nsw":"0.14","qld":"0.29","sa":"2.17","tas":"0.16","vic":"0.61","wa":"5.43"},{"ts":"2014-03-28T07:35:00Z","nsw":"0.16","qld":"0.21","sa":"2.10","tas":"0.14","vic":"0.52"},{"ts":"2014-03-28T07:40:00Z","nsw":"0.12","qld":"0.17","sa":"1.99","tas":"0.10","vic":"0.49","wa":"5.15"},{"ts":"2014-03-28T07:45:00Z","nsw":"0.13","qld":"0.12","sa":"2.22","tas":"0.09","vic":"0.42"},{"ts":"2014-03-28T07:50:00Z","nsw":"0.11","qld":"0.08","sa":"2.32","tas":"0.06","vic":"0.31","wa":"4.49"},{"ts":"2014-03-28T07:55:00Z","nsw":"0.09","qld":"0.06","sa":"2.35","tas":"0.04","vic":"0.24"},{"ts":"2014-03-28T08:00:00Z","nsw":"0.08","qld":"0.05","sa":"2.21","tas":"0.03","vic":"0.21"},{"ts":"2014-03-28T08:05:00Z","nsw":"0.08","qld":"0.05","sa":"1.93","tas":"0.02","vic":"0.14"},{"ts":"2014-03-28T08:10:00Z","nsw":"0.08","qld":"0.05","sa":"1.64","tas":"0.01","vic":"0.10","wa":"3.61"},{"ts":"2014-03-28T08:15:00Z","nsw":"0.05","qld":"0.05","sa":"1.38","tas":"0.01","vic":"0.08"},{"ts":"2014-03-28T08:20:00Z","nsw":"0.06","qld":"0.05","sa":"1.04","tas":"0.00","vic":"0.05","wa":"3.16"},{"ts":"2014-03-28T08:25:00Z","nsw":"0.04","qld":"0.04","sa":"0.80","tas":"0.00","vic":"0.06"},{"ts":"2014-03-28T08:30:00Z","nsw":"0.04","qld":"0.03","sa":"0.61","tas":"0.00","vic":"0.05","wa":"2.85"},{"ts":"2014-03-28T08:35:00Z","nsw":"0.05","qld":"0.03","sa":"0.44","tas":"0.01","vic":"0.05"},{"ts":"2014-03-28T08:40:00Z","nsw":"0.05","qld":"0.03","sa":"0.24","tas":"0.01","vic":"0.05","wa":"2.47"},{"ts":"2014-03-28T08:45:00Z","nsw":"0.05","qld":"0.03","sa":"0.16","tas":"0.01","vic":"0.04"},{"ts":"2014-03-28T08:50:00Z","nsw":"0.04","qld":"0.03","sa":"0.10","tas":"0.01","vic":"0.03","wa":"2.02"},{"ts":"2014-03-28T08:55:00Z","nsw":"0.06","qld":"0.03","sa":"0.10","tas":"0.01","vic":"0.02"},{"ts":"2014-03-28T09:00:00Z","nsw":"0.05","qld":"0.03","sa":"0.11","tas":"0.01","vic":"0.01"},{"ts":"2014-03-28T09:05:00Z","nsw":"0.06","qld":"0.03","sa":"0.09","tas":"0.01","vic":"0.01"},{"ts":"2014-03-28T09:10:00Z","nsw":"0.04","qld":"0.03","sa":"0.08","tas":"0.01","vic":"0.01","wa":"1.45"},{"ts":"2014-03-28T09:15:00Z","nsw":"0.05","qld":"0.03","sa":"0.08","tas":"0.01","vic":"0.01"},{"ts":"2014-03-28T09:20:00Z","nsw":"0.05","qld":"0.03","sa":"0.08","tas":"0.01","vic":"0.01"},{"ts":"2014-03-28T09:25:00Z","nsw":"0.04","qld":"0.03","sa":"0.09","tas":"0.01","vic":"0.06"},{"ts":"2014-03-28T09:30:00Z","nsw":"0.05","qld":"0.04","sa":"0.07","tas":"0.01","vic":"0.11","wa":"0.99"},{"ts":"2014-03-28T09:35:00Z","nsw":"0.04","qld":"0.03","sa":"0.08","tas":"0.01","vic":"0.01"},{"ts":"2014-03-28T09:40:00Z","nsw":"0.09","qld":"0.03","sa":"0.07","tas":"0.01","vic":"0.01","wa":"0.82"},{"ts":"2014-03-28T09:45:00Z","nsw":"0.04","qld":"0.03","sa":"0.07","tas":"0.01","vic":"0.10"},{"ts":"2014-03-28T09:50:00Z","nsw":"0.06","qld":"0.03","sa":"0.07","tas":"0.01","vic":"0.01","wa":"0.61"},{"ts":"2014-03-28T09:55:00Z","nsw":"0.04","qld":"0.03","sa":"0.06","tas":"0.01","vic":"0.04"},{"ts":"2014-03-28T10:00:00Z","nsw":"0.05","qld":"0.03","sa":"0.07","tas":"0.01","vic":"0.04"},{"ts":"2014-03-28T10:05:00Z","nsw":"0.06","qld":"0.03","sa":"0.06","tas":"0.01","vic":"0.02"},{"ts":"2014-03-28T10:10:00Z","nsw":"0.04","qld":"0.03","sa":"0.08","tas":"0.01","vic":"0.01","wa":"0.15"},{"ts":"2014-03-28T10:15:00Z","nsw":"0.05","qld":"0.03","sa":"0.07","tas":"0.01","vic":"0.01"},{"ts":"2014-03-28T10:20:00Z","nsw":"0.04","qld":"0.03","sa":"0.07","tas":"0.01","vic":"0.01","wa":"0.06"},{"ts":"2014-03-28T10:25:00Z","nsw":"0.05","qld":"0.03","sa":"0.06","tas":"0.01","vic":"0.01"},{"ts":"2014-03-28T10:30:00Z","nsw":"0.04","qld":"0.03","sa":"0.07","tas":"0.00","vic":"0.02","wa":"0.03"},{"ts":"2014-03-28T10:35:00Z","nsw":"0.06","qld":"0.04","sa":"0.06","tas":"0.01","vic":"0.04"},{"ts":"2014-03-28T10:40:00Z","nsw":"0.04","qld":"0.03","sa":"0.07","tas":"0.01","vic":"0.01","wa":"0.04"},{"ts":"2014-03-28T10:45:00Z","nsw":"0.05","qld":"0.03","sa":"0.06","tas":"0.01","vic":"0.01"},{"ts":"2014-03-28T10:50:00Z","nsw":"0.05","qld":"0.03","sa":"0.05","tas":"0.01","vic":"0.01","wa":"0.05"},{"ts":"2014-03-28T10:55:00Z","nsw":"0.04","qld":"0.03","sa":"0.07","tas":"0.01","vic":"0.01"},{"ts":"2014-03-28T11:00:00Z","nsw":"0.05","qld":"0.03","sa":"0.07","tas":"0.01","vic":"0.02"},{"ts":"2014-03-28T11:05:00Z","nsw":"0.04","qld":"0.04","sa":"0.07","tas":"0.01","vic":"0.01"},{"ts":"2014-03-28T11:10:00Z","nsw":"0.05","qld":"0.04","sa":"0.06","tas":"0.00","vic":"0.02","wa":"0.04"},{"ts":"2014-03-28T11:15:00Z","nsw":"0.04","qld":"0.03","sa":"0.08","tas":"0.01","vic":"0.04"},{"ts":"2014-03-28T11:20:00Z","nsw":"0.05","qld":"0.04","sa":"0.07","tas":"0.01","vic":"0.01","wa":"0.04"},{"ts":"2014-03-28T11:25:00Z","nsw":"0.05","qld":"0.03","sa":"0.05","tas":"0.01","vic":"0.03"},{"ts":"2014-03-28T11:30:00Z","nsw":"0.05","qld":"0.04","sa":"0.08","tas":"0.01","vic":"0.01","wa":"0.04"},{"ts":"2014-03-28T11:35:00Z","nsw":"0.05","qld":"0.04","sa":"0.06","tas":"0.01","vic":"0.02"},{"ts":"2014-03-28T11:40:00Z","nsw":"0.03","qld":"0.04","sa":"0.08","tas":"0.01","vic":"0.01","wa":"0.04"},{"ts":"2014-03-28T11:45:00Z","nsw":"0.08","qld":"0.04","sa":"0.07","tas":"0.01","vic":"0.01"},{"ts":"2014-03-28T11:50:00Z","nsw":"0.04","qld":"0.04","sa":"0.08","tas":"0.01","vic":"0.04","wa":"0.04"},{"ts":"2014-03-28T11:55:00Z","nsw":"0.05","qld":"0.04","sa":"0.07","tas":"0.01","vic":"0.01"}],"demand":[{"ts":"2014-03-27T17:00:00Z","nsw":6059,"qld":4614,"sa":1175,"tas":960,"vic":4343},{"ts":"2014-03-27T17:10:00Z","nsw":6090,"qld":4630,"sa":1164,"tas":966,"vic":4355,"wa":1724},{"ts":"2014-03-27T17:20:00Z","nsw":6071,"qld":4682,"sa":1163,"tas":962,"vic":4372,"wa":1720},{"ts":"2014-03-27T17:30:00Z","nsw":6088,"qld":4617,"sa":1151,"tas":965,"vic":4330,"wa":1707},{"ts":"2014-03-27T17:40:00Z","nsw":6089,"qld":4653,"sa":1176,"tas":948,"vic":4362,"wa":1706},{"ts":"2014-03-27T17:50:00Z","nsw":6184,"qld":4619,"sa":1177,"tas":962,"vic":4376,"wa":1703},{"ts":"2014-03-27T18:00:00Z","nsw":6247,"qld":4678,"sa":1166,"tas":971,"vic":4419},{"ts":"2014-03-27T18:10:00Z","nsw":6364,"qld":4674,"sa":1175,"tas":980,"vic":4477,"wa":1699},{"ts":"2014-03-27T18:20:00Z","nsw":6478,"qld":4705,"sa":1172,"tas":992,"vic":4505,"wa":1699},{"ts":"2014-03-27T18:30:00Z","nsw":6545,"qld":4746,"sa":1187,"tas":1000,"vic":4516,"wa":1692},{"ts":"2014-03-27T18:40:00Z","nsw":6588,"qld":4719,"sa":1186,"tas":1002,"vic":4603,"wa":1687},{"ts":"2014-03-27T18:50:00Z","nsw":6720,"qld":4802,"sa":1206,"tas":1012,"vic":4695,"wa":1685},{"ts":"2014-03-27T19:00:00Z","nsw":6900,"qld":4888,"sa":1229,"tas":1029,"vic":4787},{"ts":"2014-03-27T19:10:00Z","nsw":7134,"qld":5007,"sa":1242,"tas":1038,"vic":4962,"wa":1666},{"ts":"2014-03-27T19:20:00Z","nsw":7360,"qld":5073,"sa":1271,"tas":1050,"vic":5073,"wa":1670},{"ts":"2014-03-27T19:30:00Z","nsw":7515,"qld":5072,"sa":1285,"tas":1084,"vic":5197,"wa":1678},{"ts":"2014-03-27T19:40:00Z","nsw":7710,"qld":5139,"sa":1315,"tas":1111,"vic":5351,"wa":1676},{"ts":"2014-03-27T19:50:00Z","nsw":7872,"qld":5245,"sa":1351,"tas":1134,"vic":5430,"wa":1679},{"ts":"2014-03-27T20:00:00Z","nsw":8022,"qld":5343,"sa":1397,"tas":1163,"vic":5556},{"ts":"2014-03-27T20:10:00Z","nsw":8173,"qld":5506,"sa":1405,"tas":1203,"vic":5753,"wa":1678},{"ts":"2014-03-27T20:20:00Z","nsw":8305,"qld":5640,"sa":1502,"tas":1223,"vic":5910,"wa":1685},{"ts":"2014-03-27T20:30:00Z","nsw":8444,"qld":5736,"sa":1524,"tas":1220,"vic":6059,"wa":1702},{"ts":"2014-03-27T20:40:00Z","nsw":8598,"qld":5859,"sa":1574,"tas":1227,"vic":6185,"wa":1702},{"ts":"2014-03-27T20:50:00Z","nsw":8676,"qld":5968,"sa":1606,"tas":1213,"vic":6286,"wa":1705},{"ts":"2014-03-27T21:00:00Z","nsw":8726,"qld":6096,"sa":1600,"tas":1231,"vic":6236},{"ts":"2014-03-27T21:10:00Z","nsw":8795,"qld":6184,"sa":1622,"tas":1241,"vic":6126,"wa":1774},{"ts":"2014-03-27T21:20:00Z","nsw":8821,"qld":6249,"sa":1626,"tas":1230,"vic":6113},{"ts":"2014-03-27T21:30:00Z","nsw":8840,"qld":6347,"sa":1606,"tas":1215,"vic":6099,"wa":1847},{"ts":"2014-03-27T21:40:00Z","nsw":8886,"qld":6304,"sa":1572,"tas":1212,"vic":6057,"wa":1862},{"ts":"2014-03-27T21:50:00Z","nsw":8924,"qld":6359,"sa":1557,"tas":1199,"vic":6060,"wa":1874},{"ts":"2014-03-27T22:00:00Z","nsw":8892,"qld":6406,"sa":1556,"tas":1198,"vic":6071,"wa":1981},{"ts":"2014-03-27T22:10:00Z","nsw":8924,"qld":6423,"sa":1552,"tas":1191,"vic":6093,"wa":1999},{"ts":"2014-03-27T22:20:00Z","nsw":8933,"qld":6439,"sa":1550,"tas":1188,"vic":6208,"wa":2015},{"ts":"2014-03-27T22:30:00Z","nsw":8929,"qld":6394,"sa":1546,"tas":1182,"vic":6174,"wa":2074},{"ts":"2014-03-27T22:40:00Z","nsw":8930,"qld":6411,"sa":1544,"tas":1182,"vic":6149,"wa":2084},{"ts":"2014-03-27T22:50:00Z","nsw":9066,"qld":6425,"sa":1529,"tas":1176,"vic":6116,"wa":2097},{"ts":"2014-03-27T23:00:00Z","nsw":9029,"qld":6426,"sa":1510,"tas":1172,"vic":6161},{"ts":"2014-03-27T23:10:00Z","nsw":9071,"qld":6407,"sa":1522,"tas":1165,"vic":6118,"wa":2199},{"ts":"2014-03-27T23:20:00Z","nsw":9108,"qld":6335,"sa":1493,"tas":1160,"vic":6169,"wa":2214},{"ts":"2014-03-27T23:30:00Z","nsw":9044,"qld":6345,"sa":1490,"tas":1136,"vic":6166,"wa":2265},{"ts":"2014-03-27T23:40:00Z","nsw":9067,"qld":6361,"sa":1494,"tas":1114,"vic":6081,"wa":2268},{"ts":"2014-03-27T23:50:00Z","nsw":9098,"qld":6315,"sa":1495,"tas":1106,"vic":6086,"wa":2266},{"ts":"2014-03-28T00:00:00Z","nsw":9048,"qld":6313,"sa":1475,"tas":1070,"vic":6112},{"ts":"2014-03-28T00:10:00Z","nsw":9066,"qld":6340,"sa":1458,"tas":1084,"vic":6070,"wa":2271},{"ts":"2014-03-28T00:20:00Z","nsw":9063,"qld":6363,"sa":1462,"tas":1133,"vic":6133,"wa":2271},{"ts":"2014-03-28T00:30:00Z","nsw":9074,"qld":6367,"sa":1465,"tas":1144,"vic":6132,"wa":2272},{"ts":"2014-03-28T00:40:00Z","nsw":9020,"qld":6410,"sa":1454,"tas":1160,"vic":6114,"wa":2271},{"ts":"2014-03-28T00:50:00Z","nsw":9066,"qld":6409,"sa":1454,"tas":1155,"vic":6145,"wa":2274},{"ts":"2014-03-28T01:00:00Z","nsw":9015,"qld":6443,"sa":1444,"tas":1146,"vic":6158},{"ts":"2014-03-28T01:10:00Z","nsw":8984,"qld":6461,"sa":1442,"tas":1161,"vic":6162,"wa":2288},{"ts":"2014-03-28T01:20:00Z","nsw":8984,"qld":6445,"sa":1443,"tas":1174,"vic":6104,"wa":2292},{"ts":"2014-03-28T01:30:00Z","nsw":9009,"qld":6427,"sa":1446,"tas":1163,"vic":6038,"wa":2300},{"ts":"2014-03-28T01:40:00Z","nsw":9002,"qld":6496,"sa":1466,"tas":1168,"vic":6003,"wa":2301},{"ts":"2014-03-28T01:50:00Z","nsw":8969,"qld":6536,"sa":1451,"tas":1161,"vic":5992},{"ts":"2014-03-28T02:00:00Z","nsw":8885,"qld":6526,"sa":1424,"tas":1167,"vic":5996,"wa":2299},{"ts":"2014-03-28T02:10:00Z","nsw":8968,"qld":6545,"sa":1447,"tas":1159,"vic":5968,"wa":2298},{"ts":"2014-03-28T02:20:00Z","nsw":8966,"qld":6523,"sa":1445,"tas":1153,"vic":5961,"wa":2300},{"ts":"2014-03-28T02:30:00Z","nsw":8940,"qld":6528,"sa":1437,"tas":1139,"vic":5962,"wa":2336},{"ts":"2014-03-28T02:40:00Z","nsw":8942,"qld":6548,"sa":1466,"tas":1131,"vic":5965,"wa":2323},{"ts":"2014-03-28T02:50:00Z","nsw":8942,"qld":6564,"sa":1443,"tas":1132,"vic":5965,"wa":2324},{"ts":"2014-03-28T03:00:00Z","nsw":8971,"qld":6577,"sa":1450,"tas":1134,"vic":5951},{"ts":"2014-03-28T03:10:00Z","nsw":8961,"qld":6605,"sa":1483,"tas":1093,"vic":5934,"wa":2383},{"ts":"2014-03-28T03:20:00Z","nsw":8892,"qld":6580,"sa":1476,"tas":1117,"vic":5910,"wa":2390},{"ts":"2014-03-28T03:30:00Z","nsw":8852,"qld":6592,"sa":1472,"tas":1118,"vic":5896,"wa":2434},{"ts":"2014-03-28T03:40:00Z","nsw":8848,"qld":6620,"sa":1479,"tas":1066,"vic":5906,"wa":2443},{"ts":"2014-03-28T03:50:00Z","nsw":8811,"qld":6632,"sa":1471,"tas":998,"vic":5892,"wa":2451},{"ts":"2014-03-28T04:00:00Z","nsw":8855,"qld":6672,"sa":1470,"tas":1006,"vic":5892,"wa":2496},{"ts":"2014-03-28T04:10:00Z","nsw":8784,"qld":6692,"sa":1483,"tas":1071,"vic":5838,"wa":2501},{"ts":"2014-03-28T04:20:00Z","nsw":8698,"qld":6742,"sa":1467,"tas":1092,"vic":5834,"wa":2505},{"ts":"2014-03-28T04:30:00Z","nsw":8667,"qld":6764,"sa":1471,"tas":1094,"vic":5840,"wa":2528},{"ts":"2014-03-28T04:40:00Z","nsw":8756,"qld":6756,"sa":1468,"tas":1095,"vic":5844,"wa":2536},{"ts":"2014-03-28T04:50:00Z","nsw":8768,"qld":6754,"sa":1430,"tas":1099,"vic":5864,"wa":2541},{"ts":"2014-03-28T05:00:00Z","nsw":8755,"qld":6653,"sa":1449,"tas":1115,"vic":5889},{"ts":"2014-03-28T05:10:00Z","nsw":8788,"qld":6611,"sa":1465,"tas":1136,"vic":5859,"wa":2569},{"ts":"2014-03-28T05:20:00Z","nsw":8817,"qld":6596,"sa":1501,"tas":1137,"vic":5871,"wa":2582},{"ts":"2014-03-28T05:30:00Z","nsw":8808,"qld":6620,"sa":1518,"tas":1139,"vic":5898,"wa":2611},{"ts":"2014-03-28T05:40:00Z","nsw":8746,"qld":6741,"sa":1516,"tas":1143,"vic":5913,"wa":2613},{"ts":"2014-03-28T05:50:00Z","nsw":8763,"qld":6737,"sa":1539,"tas":1142,"vic":5909,"wa":2614},{"ts":"2014-03-28T06:00:00Z","nsw":8784,"qld":6790,"sa":1548,"tas":1103,"vic":5953},{"ts":"2014-03-28T06:10:00Z","nsw":8737,"qld":6845,"sa":1578,"tas":1138,"vic":5942,"wa":2635},{"ts":"2014-03-28T06:20:00Z","nsw":8847,"qld":6773,"sa":1569,"tas":1145,"vic":5942,"wa":2638},{"ts":"2014-03-28T06:30:00Z","nsw":8904,"qld":6799,"sa":1566,"tas":1133,"vic":5939,"wa":2649},{"ts":"2014-03-28T06:40:00Z","nsw":8776,"qld":6825,"sa":1538,"tas":1124,"vic":5913,"wa":2655},{"ts":"2014-03-28T06:50:00Z","nsw":8750,"qld":6871,"sa":1566,"tas":1124,"vic":5932,"wa":2657},{"ts":"2014-03-28T07:00:00Z","nsw":8684,"qld":6872,"sa":1550,"tas":1124,"vic":5926},{"ts":"2014-03-28T07:10:00Z","nsw":8596,"qld":6923,"sa":1544,"tas":1098,"vic":5847,"wa":2667},{"ts":"2014-03-28T07:20:00Z","nsw":8562,"qld":6919,"sa":1540,"tas":1103,"vic":5815,"wa":2675},{"ts":"2014-03-28T07:30:00Z","nsw":8622,"qld":6884,"sa":1524,"tas":1106,"vic":5802,"wa":2689},{"ts":"2014-03-28T07:40:00Z","nsw":8618,"qld":6790,"sa":1517,"tas":1112,"vic":5695,"wa":2692},{"ts":"2014-03-28T07:50:00Z","nsw":8611,"qld":6824,"sa":1506,"tas":1107,"vic":5756,"wa":2697},{"ts":"2014-03-28T08:00:00Z","nsw":8683,"qld":6819,"sa":1495,"tas":1108,"vic":5719},{"ts":"2014-03-28T08:10:00Z","nsw":8627,"qld":6759,"sa":1505,"tas":1104,"vic":5674,"wa":2708},{"ts":"2014-03-28T08:20:00Z","nsw":8695,"qld":6836,"sa":1507,"tas":1111,"vic":5674,"wa":2709},{"ts":"2014-03-28T08:30:00Z","nsw":8603,"qld":6908,"sa":1521,"tas":1122,"vic":5687,"wa":2708},{"ts":"2014-03-28T08:40:00Z","nsw":8511,"qld":6858,"sa":1532,"tas":1099,"vic":5804,"wa":2708},{"ts":"2014-03-28T08:50:00Z","nsw":8499,"qld":6775,"sa":1537,"tas":1105,"vic":5818,"wa":2705},{"ts":"2014-03-28T09:00:00Z","nsw":8463,"qld":6733,"sa":1562,"tas":1101,"vic":5880},{"ts":"2014-03-28T09:10:00Z","nsw":8431,"qld":6681,"sa":1578,"tas":1083,"vic":5765,"wa":2654},{"ts":"2014-03-28T09:20:00Z","nsw":8285,"qld":6566,"sa":1562,"tas":1078,"vic":5693},{"ts":"2014-03-28T09:30:00Z","nsw":8272,"qld":6511,"sa":1548,"tas":1080,"vic":5694,"wa":2623},{"ts":"2014-03-28T09:40:00Z","nsw":8215,"qld":6487,"sa":1548,"tas":1076,"vic":5666,"wa":2619},{"ts":"2014-03-28T09:50:00Z","nsw":8163,"qld":6426,"sa":1529,"tas":1070,"vic":5622,"wa":2613},{"ts":"2014-03-28T10:00:00Z","nsw":8092,"qld":6362,"sa":1518,"tas":1070,"vic":5556},{"ts":"2014-03-28T10:10:00Z","nsw":8067,"qld":6395,"sa":1500,"tas":1076,"vic":5465,"wa":2531},{"ts":"2014-03-28T10:20:00Z","nsw":7953,"qld":6307,"sa":1484,"tas":1070,"vic":5432,"wa":2534},{"ts":"2014-03-28T10:30:00Z","nsw":7939,"qld":6244,"sa":1482,"tas":1062,"vic":5361,"wa":2586},{"ts":"2014-03-28T10:40:00Z","nsw":7817,"qld":6260,"sa":1455,"tas":1053,"vic":5367,"wa":2588},{"ts":"2014-03-28T10:50:00Z","nsw":7724,"qld":6317,"sa":1443,"tas":1051,"vic":5288,"wa":2585},{"ts":"2014-03-28T11:00:00Z","nsw":7809,"qld":6235,"sa":1434,"tas":1047,"vic":5241},{"ts":"2014-03-28T11:10:00Z","nsw":7888,"qld":6356,"sa":1408,"tas":1037,"vic":5191,"wa":2554},{"ts":"2014-03-28T11:20:00Z","nsw":7884,"qld":6295,"sa":1405,"tas":1026,"vic":5133,"wa":2541},{"ts":"2014-03-28T11:30:00Z","nsw":7892,"qld":6194,"sa":1387,"tas":1022,"vic":5107,"wa":2500},{"ts":"2014-03-28T11:40:00Z","nsw":7758,"qld":6163,"sa":1355,"tas":1014,"vic":5038,"wa":2487},{"ts":"2014-03-28T11:50:00Z","nsw":7756,"qld":6051,"sa":1333,"tas":995,"vic":4951,"wa":2477}],"output":[{"ts":"2014-03-27T17:00:00Z","nsw":2,"qld":1,"sa":0,"tas":0,"vic":0},{"ts":"2014-03-27T17:10:00Z","nsw":2,"qld":1,"sa":0,"tas":0,"vic":0,"wa":0},{"ts":"2014-03-27T17:20:00Z","nsw":2,"qld":1,"sa":0,"tas":0,"vic":0,"wa":0},{"ts":"2014-03-27T17:30:00Z","nsw":2,"qld":1,"sa":0,"tas":0,"vic":0,"wa":0},{"ts":"2014-03-27T17:40:00Z","nsw":2,"qld":1,"sa":0,"tas":0,"vic":0,"wa":0},{"ts":"2014-03-27T17:50:00Z","nsw":1,"qld":0,"sa":0,"tas":0,"vic":0,"wa":0},{"ts":"2014-03-27T18:00:00Z","nsw":6,"qld":1,"sa":0,"tas":0,"vic":0},{"ts":"2014-03-27T18:10:00Z","nsw":5,"qld":1,"sa":0,"tas":0,"vic":0,"wa":0},{"ts":"2014-03-27T18:20:00Z","nsw":5,"qld":1,"sa":0,"tas":0,"vic":0,"wa":0},{"ts":"2014-03-27T18:30:00Z","nsw":5,"qld":1,"sa":0,"tas":0,"vic":0,"wa":0},{"ts":"2014-03-27T18:40:00Z","nsw":9,"qld":1,"sa":0,"tas":0,"vic":0,"wa":0},{"ts":"2014-03-27T18:50:00Z","nsw":2,"qld":1,"sa":0,"tas":0,"vic":0,"wa":0},{"ts":"2014-03-27T19:00:00Z","nsw":2,"qld":1,"sa":0,"tas":0,"vic":0},{"ts":"2014-03-27T19:10:00Z","nsw":2,"qld":1,"sa":0,"tas":0,"vic":0,"wa":0},{"ts":"2014-03-27T19:20:00Z","nsw":2,"qld":1,"sa":0,"tas":0,"vic":0,"wa":0},{"ts":"2014-03-27T19:30:00Z","nsw":2,"qld":1,"sa":0,"tas":0,"vic":0,"wa":0},{"ts":"2014-03-27T19:40:00Z","nsw":5,"qld":1,"sa":0,"tas":0,"vic":0,"wa":0},{"ts":"2014-03-27T19:50:00Z","nsw":2,"qld":1,"sa":0,"tas":0,"vic":0,"wa":0},{"ts":"2014-03-27T20:00:00Z","nsw":2,"qld":0,"sa":0,"tas":0,"vic":0},{"ts":"2014-03-27T20:10:00Z","nsw":3,"qld":1,"sa":0,"tas":0,"vic":0,"wa":0},{"ts":"2014-03-27T20:20:00Z","nsw":3,"qld":4,"sa":0,"tas":0,"vic":0,"wa":0},{"ts":"2014-03-27T20:30:00Z","nsw":4,"qld":8,"sa":0,"tas":0,"vic":0,"wa":0},{"ts":"2014-03-27T20:40:00Z","nsw":7,"qld":15,"sa":0,"tas":0,"vic":0,"wa":0},{"ts":"2014-03-27T20:50:00Z","nsw":10,"qld":23,"sa":0,"tas":0,"vic":2,"wa":0},{"ts":"2014-03-27T21:00:00Z","nsw":13,"qld":32,"sa":1,"tas":0,"vic":3},{"ts":"2014-03-27T21:10:00Z","nsw":18,"qld":39,"sa":4,"tas":0,"vic":7,"wa":0},{"ts":"2014-03-27T21:20:00Z","nsw":25,"qld":54,"sa":8,"tas":1,"vic":10},{"ts":"2014-03-27T21:30:00Z","nsw":26,"qld":71,"sa":13,"tas":1,"vic":12,"wa":0},{"ts":"2014-03-27T21:40:00Z","nsw":33,"qld":84,"sa":16,"tas":2,"vic":17,"wa":0},{"ts":"2014-03-27T21:50:00Z","nsw":41,"qld":89,"sa":25,"tas":3,"vic":22,"wa":0},{"ts":"2014-03-27T22:00:00Z","nsw":47,"qld":94,"sa":33,"tas":4,"vic":28,"wa":0},{"ts":"2014-03-27T22:10:00Z","nsw":51,"qld":108,"sa":42,"tas":5,"vic":32,"wa":0},{"ts":"2014-03-27T22:20:00Z","nsw":59,"qld":133,"sa":60,"tas":6,"vic":40,"wa":0},{"ts":"2014-03-27T22:30:00Z","nsw":62,"qld":149,"sa":75,"tas":6,"vic":46,"wa":0},{"ts":"2014-03-27T22:40:00Z","nsw":71,"qld":166,"sa":89,"tas":5,"vic":54,"wa":2},{"ts":"2014-03-27T22:50:00Z","nsw":81,"qld":202,"sa":103,"tas":5,"vic":51,"wa":5},{"ts":"2014-03-27T23:00:00Z","nsw":89,"qld":239,"sa":116,"tas":6,"vic":61},{"ts":"2014-03-27T23:10:00Z","nsw":101,"qld":275,"sa":129,"tas":6,"vic":70,"wa":17},{"ts":"2014-03-27T23:20:00Z","nsw":110,"qld":309,"sa":141,"tas":7,"vic":79,"wa":25},{"ts":"2014-03-27T23:30:00Z","nsw":118,"qld":330,"sa":154,"tas":7,"vic":81,"wa":31},{"ts":"2014-03-27T23:40:00Z","nsw":128,"qld":363,"sa":165,"tas":11,"vic":90,"wa":40},{"ts":"2014-03-27T23:50:00Z","nsw":138,"qld":393,"sa":173,"tas":12,"vic":92,"wa":50},{"ts":"2014-03-28T00:00:00Z","nsw":153,"qld":427,"sa":181,"tas":13,"vic":102},{"ts":"2014-03-28T00:10:00Z","nsw":156,"qld":429,"sa":192,"tas":14,"vic":107,"wa":73},{"ts":"2014-03-28T00:20:00Z","nsw":173,"qld":445,"sa":202,"tas":17,"vic":111,"wa":86},{"ts":"2014-03-28T00:30:00Z","nsw":177,"qld":440,"sa":208,"tas":15,"vic":115,"wa":101},{"ts":"2014-03-28T00:40:00Z","nsw":185,"qld":445,"sa":216,"tas":18,"vic":120,"wa":109},{"ts":"2014-03-28T00:50:00Z","nsw":189,"qld":429,"sa":226,"tas":20,"vic":124,"wa":123},{"ts":"2014-03-28T01:00:00Z","nsw":199,"qld":429,"sa":235,"tas":24,"vic":133},{"ts":"2014-03-28T01:10:00Z","nsw":191,"qld":429,"sa":241,"tas":21,"vic":143,"wa":144},{"ts":"2014-03-28T01:20:00Z","nsw":201,"qld":456,"sa":252,"tas":24,"vic":157,"wa":153},{"ts":"2014-03-28T01:30:00Z","nsw":204,"qld":422,"sa":262,"tas":23,"vic":161,"wa":162},{"ts":"2014-03-28T01:40:00Z","nsw":204,"qld":431,"sa":258,"tas":25,"vic":170,"wa":171},{"ts":"2014-03-28T01:50:00Z","nsw":195,"qld":417,"sa":262,"tas":23,"vic":175},{"ts":"2014-03-28T02:00:00Z","nsw":214,"qld":428,"sa":261,"tas":25,"vic":188,"wa":185},{"ts":"2014-03-28T02:10:00Z","nsw":220,"qld":429,"sa":261,"tas":25,"vic":202,"wa":195},{"ts":"2014-03-28T02:20:00Z","nsw":217,"qld":445,"sa":265,"tas":23,"vic":206,"wa":201},{"ts":"2014-03-28T02:30:00Z","nsw":195,"qld":438,"sa":266,"tas":23,"vic":203,"wa":208},{"ts":"2014-03-28T02:40:00Z","nsw":191,"qld":432,"sa":267,"tas":26,"vic":218,"wa":211},{"ts":"2014-03-28T02:50:00Z","nsw":183,"qld":418,"sa":262,"tas":21,"vic":208,"wa":214},{"ts":"2014-03-28T03:00:00Z","nsw":185,"qld":420,"sa":267,"tas":20,"vic":224},{"ts":"2014-03-28T03:10:00Z","nsw":184,"qld":398,"sa":271,"tas":23,"vic":221,"wa":225},{"ts":"2014-03-28T03:20:00Z","nsw":186,"qld":409,"sa":266,"tas":21,"vic":228,"wa":219},{"ts":"2014-03-28T03:30:00Z","nsw":187,"qld":373,"sa":260,"tas":20,"vic":213,"wa":227},{"ts":"2014-03-28T03:40:00Z","nsw":191,"qld":363,"sa":262,"tas":20,"vic":218,"wa":228},{"ts":"2014-03-28T03:50:00Z","nsw":172,"qld":336,"sa":260,"tas":19,"vic":222,"wa":231},{"ts":"2014-03-28T04:00:00Z","nsw":172,"qld":301,"sa":253,"tas":20,"vic":226,"wa":232},{"ts":"2014-03-28T04:10:00Z","nsw":172,"qld":256,"sa":246,"tas":19,"vic":220,"wa":233},{"ts":"2014-03-28T04:20:00Z","nsw":158,"qld":264,"sa":243,"tas":18,"vic":225,"wa":227},{"ts":"2014-03-28T04:30:00Z","nsw":139,"qld":263,"sa":225,"tas":18,"vic":216,"wa":235},{"ts":"2014-03-28T04:40:00Z","nsw":124,"qld":262,"sa":238,"tas":21,"vic":213,"wa":231},{"ts":"2014-03-28T04:50:00Z","nsw":109,"qld":272,"sa":239,"tas":18,"vic":200,"wa":230},{"ts":"2014-03-28T05:00:00Z","nsw":108,"qld":288,"sa":235,"tas":19,"vic":200},{"ts":"2014-03-28T05:10:00Z","nsw":100,"qld":274,"sa":199,"tas":17,"vic":184,"wa":226},{"ts":"2014-03-28T05:20:00Z","nsw":101,"qld":288,"sa":173,"tas":17,"vic":180,"wa":226},{"ts":"2014-03-28T05:30:00Z","nsw":95,"qld":278,"sa":145,"tas":15,"vic":169,"wa":218},{"ts":"2014-03-28T05:40:00Z","nsw":84,"qld":267,"sa":130,"tas":14,"vic":165,"wa":221},{"ts":"2014-03-28T05:50:00Z","nsw":77,"qld":244,"sa":114,"tas":12,"vic":160,"wa":216},{"ts":"2014-03-28T06:00:00Z","nsw":67,"qld":234,"sa":101,"tas":11,"vic":156},{"ts":"2014-03-28T06:10:00Z","nsw":53,"qld":211,"sa":89,"tas":9,"vic":138,"wa":208},{"ts":"2014-03-28T06:20:00Z","nsw":51,"qld":178,"sa":87,"tas":8,"vic":126,"wa":198},{"ts":"2014-03-28T06:30:00Z","nsw":40,"qld":148,"sa":96,"tas":6,"vic":110,"wa":195},{"ts":"2014-03-28T06:40:00Z","nsw":33,"qld":121,"sa":85,"tas":5,"vic":100,"wa":188},{"ts":"2014-03-28T06:50:00Z","nsw":28,"qld":90,"sa":65,"tas":4,"vic":85,"wa":189},{"ts":"2014-03-28T07:00:00Z","nsw":23,"qld":67,"sa":49,"tas":3,"vic":71},{"ts":"2014-03-28T07:10:00Z","nsw":17,"qld":43,"sa":47,"tas":3,"vic":53,"wa":166},{"ts":"2014-03-28T07:20:00Z","nsw":14,"qld":29,"sa":40,"tas":2,"vic":42,"wa":164},{"ts":"2014-03-28T07:30:00Z","nsw":13,"qld":17,"sa":33,"tas":1,"vic":33,"wa":154},{"ts":"2014-03-28T07:40:00Z","nsw":10,"qld":9,"sa":32,"tas":1,"vic":25,"wa":146},{"ts":"2014-03-28T07:50:00Z","nsw":8,"qld":4,"sa":36,"tas":0,"vic":15,"wa":126},{"ts":"2014-03-28T08:00:00Z","nsw":6,"qld":3,"sa":31,"tas":0,"vic":10},{"ts":"2014-03-28T08:10:00Z","nsw":5,"qld":3,"sa":23,"tas":0,"vic":5,"wa":101},{"ts":"2014-03-28T08:20:00Z","nsw":4,"qld":3,"sa":13,"tas":0,"vic":3,"wa":88},{"ts":"2014-03-28T08:30:00Z","nsw":3,"qld":2,"sa":8,"tas":0,"vic":2,"wa":79},{"ts":"2014-03-28T08:40:00Z","nsw":4,"qld":2,"sa":3,"tas":0,"vic":2,"wa":68},{"ts":"2014-03-28T08:50:00Z","nsw":4,"qld":1,"sa":1,"tas":0,"vic":1,"wa":55},{"ts":"2014-03-28T09:00:00Z","nsw":4,"qld":1,"sa":1,"tas":0,"vic":0},{"ts":"2014-03-28T09:10:00Z","nsw":3,"qld":1,"sa":1,"tas":0,"vic":0,"wa":39},{"ts":"2014-03-28T09:20:00Z","nsw":3,"qld":2,"sa":1,"tas":0,"vic":2},{"ts":"2014-03-28T09:30:00Z","nsw":3,"qld":2,"sa":1,"tas":0,"vic":3,"wa":26},{"ts":"2014-03-28T09:40:00Z","nsw":5,"qld":2,"sa":1,"tas":0,"vic":2,"wa":21},{"ts":"2014-03-28T09:50:00Z","nsw":4,"qld":2,"sa":0,"tas":0,"vic":1,"wa":16},{"ts":"2014-03-28T10:00:00Z","nsw":4,"qld":2,"sa":0,"tas":0,"vic":1},{"ts":"2014-03-28T10:10:00Z","nsw":3,"qld":2,"sa":1,"tas":0,"vic":0,"wa":3},{"ts":"2014-03-28T10:20:00Z","nsw":3,"qld":2,"sa":0,"tas":0,"vic":0,"wa":1},{"ts":"2014-03-28T10:30:00Z","nsw":3,"qld":2,"sa":0,"tas":0,"vic":1,"wa":0},{"ts":"2014-03-28T10:40:00Z","nsw":3,"qld":2,"sa":0,"tas":0,"vic":0,"wa":1},{"ts":"2014-03-28T10:50:00Z","nsw":3,"qld":2,"sa":0,"tas":0,"vic":0,"wa":1},{"ts":"2014-03-28T11:00:00Z","nsw":3,"qld":2,"sa":0,"tas":0,"vic":0},{"ts":"2014-03-28T11:10:00Z","nsw":3,"qld":2,"sa":0,"tas":0,"vic":1,"wa":1},{"ts":"2014-03-28T11:20:00Z","nsw":3,"qld":2,"sa":0,"tas":0,"vic":1,"wa":1},{"ts":"2014-03-28T11:30:00Z","nsw":4,"qld":2,"sa":0,"tas":0,"vic":0,"wa":1},{"ts":"2014-03-28T11:40:00Z","nsw":4,"qld":2,"sa":1,"tas":0,"vic":0,"wa":0},{"ts":"2014-03-28T11:50:00Z","nsw":3,"qld":2,"sa":0,"tas":0,"vic":1,"wa":0}]}