{"performance":[{"ts":"2014-01-17T17:00:00Z","nsw":"0.23","nt":"0.00","qld":"0.18","sa":"0.12","tas":"0.11","vic":"0.07","wa":"0.14"},{"ts":"2014-01-17T17:10:00Z","nsw":"0.40","nt":"0.00","qld":"0.14","sa":"0.12","tas":"0.11","vic":"0.05","wa":"0.15"},{"ts":"2014-01-17T17:20:00Z","nsw":"0.39","nt":"0.00","qld":"0.16","sa":"0.12","tas":"0.11","vic":"0.07","wa":"0.14"},{"ts":"2014-01-17T17:30:00Z","nsw":"0.38","nt":"0.00","qld":"0.16","sa":"0.14","tas":"0.11","vic":"0.07","wa":"0.14"},{"ts":"2014-01-17T17:40:00Z","nsw":"0.36","nt":"0.00","qld":"0.15","sa":"0.12","tas":"0.11","vic":"0.17","wa":"0.14"},{"ts":"2014-01-17T17:50:00Z","nsw":"0.36","nt":"0.00","qld":"0.14","sa":"0.12","tas":"0.09","vic":"0.48","wa":"0.15"},{"ts":"2014-01-17T18:00:00Z","nsw":"0.37","nt":"0.00","qld":"0.11","sa":"0.12","tas":"0.08","vic":"0.07","wa":"0.14"},{"ts":"2014-01-17T18:10:00Z","nsw":"0.36","nt":"0.00","qld":"0.14","sa":"0.12","tas":"0.08","vic":"0.05","wa":"0.14"},{"ts":"2014-01-17T18:20:00Z","nsw":"0.38","nt":"0.00","qld":"0.13","sa":"0.12","tas":"0.08","vic":"0.07","wa":"0.14"},{"ts":"2014-01-17T18:30:00Z","nsw":"0.35","nt":"0.00","qld":"0.14","sa":"0.12","tas":"0.08","vic":"0.07","wa":"0.14"},{"ts":"2014-01-17T18:40:00Z","nsw":"0.36","nt":"0.00","qld":"0.16","sa":"0.41","tas":"0.08","vic":"0.07","wa":"0.15"},{"ts":"2014-01-17T18:50:00Z","nsw":"0.35","nt":"0.00","qld":"0.15","sa":"0.48","tas":"0.08","vic":"0.05","wa":"0.15"},{"ts":"2014-01-17T19:00:00Z","nsw":"0.40","nt":"0.00","qld":"0.11","sa":"0.12","tas":"0.05","vic":"0.05","wa":"0.14"},{"ts":"2014-01-17T19:10:00Z","nsw":"0.52","nt":"0.00","qld":"0.11","sa":"0.13","tas":"0.05","vic":"0.07","wa":"0.14"},{"ts":"2014-01-17T19:20:00Z","nsw":"1.01","nt":"0.00","qld":"0.62","sa":"0.12","tas":"0.24","vic":"0.08","wa":"0.14"},{"ts":"2014-01-17T19:30:00Z","nsw":"1.32","nt":"0.00","qld":"1.43","sa":"0.10","tas":"0.63","vic":"0.15","wa":"0.15"},{"ts":"2014-01-17T19:40:00Z","nsw":"2.01","nt":"0.00","qld":"2.56","sa":"0.25","tas":"0.84","vic":"0.32","wa":"0.13"},{"ts":"2014-01-17T19:50:00Z","nsw":"2.74","nt":"0.00","qld":"3.68","sa":"0.17","tas":"1.22","vic":"0.79","wa":"0.15"},{"ts":"2014-01-17T20:00:00Z","nsw":"3.87","nt":"0.00","qld":"5.11","sa":"0.29","tas":"2.26","vic":"1.66","wa":"0.14"},{"ts":"2014-01-17T20:10:00Z","nsw":"5.35","nt":"0.00","qld":"6.75","sa":"0.96","tas":"2.69","vic":"2.21","wa":"0.15"},{"ts":"2014-01-17T20:20:00Z","nsw":"7.01","nt":"0.00","qld":"9.04","sa":"2.03","tas":"4.80","vic":"2.77","wa":"0.14"},{"ts":"2014-01-17T20:30:00Z","nsw":"8.42","nt":"0.00","qld":"10.95","sa":"3.25","tas":"6.23","vic":"3.31","wa":"0.15"},{"ts":"2014-01-17T20:40:00Z","nsw":"10.37","nt":"0.00","qld":"13.95","sa":"4.57","tas":"8.43","vic":"3.90","wa":"0.14"},{"ts":"2014-01-17T20:50:00Z","nsw":"12.10","nt":"0.00","qld":"16.45","sa":"5.83","tas":"11.40","vic":"4.61","wa":"0.14"},{"ts":"2014-01-17T21:00:00Z","nsw":"14.78","nt":"0.00","qld":"19.13","sa":"6.53","tas":"14.63","vic":"5.36","wa":"0.13"},{"ts":"2014-01-17T21:10:00Z","nsw":"16.69","nt":"0.00","qld":"20.50","sa":"7.33","tas":"14.63","vic":"5.59","wa":"0.18"},{"ts":"2014-01-17T21:20:00Z","nsw":"19.38","nt":"0.00","qld":"22.20","sa":"8.13","tas":"16.58","vic":"6.63","wa":"0.16"},{"ts":"2014-01-17T21:30:00Z","nsw":"22.37","nt":"0.00","qld":"24.30","sa":"8.76","tas":"21.04","vic":"8.37","wa":"0.21"},{"ts":"2014-01-17T21:40:00Z","nsw":"24.26","nt":"1.01","qld":"27.67","sa":"11.16","tas":"24.33","vic":"10.58","wa":"0.47"},{"ts":"2014-01-17T21:50:00Z","nsw":"27.39","nt":"1.09","qld":"32.36","sa":"14.87","tas":"23.88","vic":"12.16","wa":"1.26"},{"ts":"2014-01-17T22:00:00Z","nsw":"29.40","nt":"1.50","qld":"34.34","sa":"17.14","tas":"28.09","vic":"12.80","wa":"2.34"},{"ts":"2014-01-17T22:10:00Z","nsw":"31.29","nt":"1.56","qld":"35.43","sa":"18.19","tas":"30.44","vic":"13.03","wa":"3.59"},{"ts":"2014-01-17T22:20:00Z","nsw":"35.39","nt":"1.13","qld":"38.16","sa":"20.35","tas":"31.22","vic":"12.33","wa":"5.08"},{"ts":"2014-01-17T22:30:00Z","nsw":"37.52","nt":"2.03","qld":"38.43","sa":"23.82","tas":"32.51","vic":"12.64","wa":"6.64"},{"ts":"2014-01-17T22:40:00Z","nsw":"39.81","nt":"2.12","qld":"40.38","sa":"26.06","tas":"38.09","vic":"13.53","wa":"7.76"},{"ts":"2014-01-17T22:50:00Z","nsw":"43.50","nt":"1.88","qld":"40.23","sa":"29.83","tas":"42.47","vic":"15.02","wa":"9.06"},{"ts":"2014-01-17T23:00:00Z","nsw":"46.22","nt":"3.07","qld":"44.02","sa":"32.23","tas":"47.59","vic":"17.69","wa":"10.96"},{"ts":"2014-01-17T23:10:00Z","nsw":"48.23","nt":"1.92","qld":"43.93","sa":"35.57","tas":"50.94","vic":"18.76","wa":"13.81"},{"ts":"2014-01-17T23:20:00Z","nsw":"52.10","nt":"2.14","qld":"44.71","sa":"37.43","tas":"54.74","vic":"19.26","wa":"15.77"},{"ts":"2014-01-17T23:30:00Z","nsw":"53.77","nt":"3.33","qld":"47.41","sa":"40.56","tas":"54.30","vic":"23.82","wa":"19.04"},{"ts":"2014-01-17T23:40:00Z","nsw":"55.07","nt":"7.58","qld":"47.62","sa":"43.84","tas":"56.81","vic":"25.50","wa":"22.18"},{"ts":"2014-01-17T23:50:00Z","nsw":"55.71","nt":"7.45","qld":"45.04","sa":"44.77","tas":"53.50","vic":"26.34","wa":"25.90"},{"ts":"2014-01-18T00:00:00Z","nsw":"57.72","nt":"10.70","qld":"45.11","sa":"48.47","tas":"62.73","vic":"33.54","wa":"28.52"},{"ts":"2014-01-18T00:10:00Z","nsw":"57.89","nt":"7.26","qld":"43.03","sa":"48.22","tas":"60.13","vic":"35.93","wa":"32.28"},{"ts":"2014-01-18T00:20:00Z","nsw":"59.27","nt":"9.36","qld":"44.55","sa":"49.65","tas":"62.55","vic":"37.91","wa":"35.05"},{"ts":"2014-01-18T00:30:00Z","nsw":"61.41","nt":"9.78","qld":"45.46","sa":"55.21","tas":"62.87","vic":"38.93","wa":"38.19"},{"ts":"2014-01-18T00:40:00Z","nsw":"64.91","nt":"12.91","qld":"47.21","sa":"54.77","tas":"69.34","vic":"46.89","wa":"40.58"},{"ts":"2014-01-18T00:50:00Z","nsw":"64.15","nt":"13.56","qld":"49.00","sa":"57.91","tas":"68.69","vic":"47.49","wa":"45.25"},{"ts":"2014-01-18T01:00:00Z","nsw":"65.48","nt":"13.86","qld":"50.24","sa":"57.61","tas":"67.91","vic":"53.80","wa":"47.92"},{"ts":"2014-01-18T01:10:00Z","nsw":"64.31","nt":"12.17","qld":"50.81","sa":"59.97","tas":"67.33","vic":"53.99","wa":"50.19"},{"ts":"2014-01-18T01:20:00Z","nsw":"66.87","nt":"11.61","qld":"53.77","sa":"60.46","tas":"70.27","vic":"55.41","wa":"53.16"},{"ts":"2014-01-18T01:30:00Z","nsw":"63.88","nt":"17.10","qld":"55.71","sa":"64.15","tas":"68.21","vic":"55.25","wa":"54.92"},{"ts":"2014-01-18T01:40:00Z","nsw":"66.72","nt":"21.73","qld":"56.59","sa":"64.84","tas":"70.45","vic":"56.45","wa":"56.65"},{"ts":"2014-01-18T01:50:00Z","nsw":"66.42","nt":"27.80","qld":"56.31","sa":"66.36","tas":"72.43","vic":"53.20","wa":"60.46"},{"ts":"2014-01-18T02:00:00Z","nsw":"65.81","nt":"33.25","qld":"57.73","sa":"69.33","tas":"74.83","vic":"54.19","wa":"60.46"},{"ts":"2014-01-18T02:10:00Z","nsw":"66.18","nt":"42.48","qld":"56.79","sa":"69.51","tas":"72.68","vic":"52.66","wa":"62.05"},{"ts":"2014-01-18T02:20:00Z","nsw":"67.06","nt":"49.03","qld":"59.26","sa":"70.61","tas":"72.98","vic":"52.36","wa":"63.64"},{"ts":"2014-01-18T02:30:00Z","nsw":"66.50","nt":"38.73","qld":"58.27","sa":"71.47","tas":"70.33","vic":"48.27","wa":"66.92"},{"ts":"2014-01-18T02:40:00Z","nsw":"67.00","nt":"42.01","qld":"58.44","sa":"71.72","tas":"76.64","vic":"48.53","wa":"66.42"},{"ts":"2014-01-18T02:50:00Z","nsw":"65.35","nt":"26.16","qld":"59.23","sa":"71.90","tas":"67.10","vic":"43.27","wa":"69.03"},{"ts":"2014-01-18T03:00:00Z","nsw":"67.30","nt":"26.63","qld":"60.24","sa":"71.55","tas":"73.69","vic":"40.90","wa":"68.86"},{"ts":"2014-01-18T03:10:00Z","nsw":"61.91","nt":"13.31","qld":"60.26","sa":"72.00","tas":"74.77","vic":"37.95","wa":"69.93"},{"ts":"2014-01-18T03:20:00Z","nsw":"64.46","nt":"11.25","qld":"61.39","sa":"71.97","tas":"74.04","vic":"37.57","wa":"71.48"},{"ts":"2014-01-18T03:30:00Z","nsw":"62.71","nt":"5.55","qld":"60.80","sa":"71.26","tas":"70.43","vic":"35.53","wa":"70.70"},{"ts":"2014-01-18T03:40:00Z","nsw":"61.24","nt":"4.91","qld":"62.11","sa":"69.31","tas":"75.17","vic":"35.16","wa":"71.18"},{"ts":"2014-01-18T03:50:00Z","nsw":"60.60","nt":"5.36","qld":"60.29","sa":"70.31","tas":"74.26","vic":"35.11","wa":"73.70"},{"ts":"2014-01-18T04:00:00Z","nsw":"61.06","nt":"5.91","qld":"58.93","sa":"69.99","tas":"73.82","vic":"36.96","wa":"72.22"},{"ts":"2014-01-18T04:10:00Z","nsw":"57.24","nt":"2.75","qld":"57.41","sa":"70.02","tas":"69.40","vic":"35.81","wa":"72.03"},{"ts":"2014-01-18T04:20:00Z","nsw":"58.02","nt":"3.36","qld":"56.24","sa":"67.26","tas":"71.43","vic":"36.95","wa":"73.30"},{"ts":"2014-01-18T04:30:00Z","nsw":"55.95","nt":"4.52","qld":"53.92","sa":"68.30","tas":"68.58","vic":"36.62","wa":"71.95"},{"ts":"2014-01-18T04:40:00Z","nsw":"54.25","nt":"6.99","qld":"53.56","sa":"65.48","tas":"65.96","vic":"36.64","wa":"72.22"},{"ts":"2014-01-18T04:50:00Z","nsw":"52.98","nt":"5.01","qld":"51.81","sa":"63.84","tas":"62.89","vic":"34.70","wa":"71.77"},{"ts":"2014-01-18T05:00:00Z","nsw":"51.47","nt":"6.27","qld":"50.18","sa":"62.76","tas":"63.72","vic":"34.63","wa":"73.35"},{"ts":"2014-01-18T05:10:00Z","nsw":"48.77","nt":"7.52","qld":"47.60","sa":"64.28","tas":"60.70","vic":"33.74","wa":"71.28"},{"ts":"2014-01-18T05:20:00Z","nsw":"49.31","nt":"6.40","qld":"45.70","sa":"62.14","tas":"58.96","vic":"34.98","wa":"71.10"},{"ts":"2014-01-18T05:30:00Z","nsw":"45.83","nt":"3.71","qld":"42.94","sa":"60.89","tas":"51.21","vic":"32.23","wa":"72.04"},{"ts":"2014-01-18T05:40:00Z","nsw":"42.86","nt":"1.45","qld":"41.07","sa":"57.83","tas":"48.28","vic":"29.00","wa":"70.17"},{"ts":"2014-01-18T05:50:00Z","nsw":"41.53","nt":"2.05","qld":"39.30","sa":"55.85","tas":"44.56","vic":"26.91","wa":"69.19"},{"ts":"2014-01-18T06:00:00Z","nsw":"38.84","nt":"1.63","qld":"36.47","sa":"54.17","tas":"44.87","vic":"25.48","wa":"70.35"},{"ts":"2014-01-18T06:10:00Z","nsw":"36.00","nt":"1.91","qld":"33.28","sa":"50.59","tas":"35.40","vic":"24.14","wa":"67.62"},{"ts":"2014-01-18T06:20:00Z","nsw":"34.60","nt":"2.15","qld":"30.41","sa":"49.28","tas":"38.48","vic":"24.49","wa":"66.24"},{"ts":"2014-01-18T06:30:00Z","nsw":"30.82","nt":"2.73","qld":"26.51","sa":"47.04","tas":"29.89","vic":"22.66","wa":"66.83"},{"ts":"2014-01-18T06:40:00Z","nsw":"27.80","nt":"3.45","qld":"24.34","sa":"44.94","tas":"30.71","vic":"19.80","wa":"64.90"},{"ts":"2014-01-18T06:50:00Z","nsw":"26.05","nt":"4.08","qld":"20.59","sa":"41.57","tas":"24.62","vic":"18.15","wa":"63.06"},{"ts":"2014-01-18T07:00:00Z","nsw":"22.43","nt":"4.21","qld":"18.79","sa":"38.85","tas":"23.90","vic":"16.62","wa":"62.04"},{"ts":"2014-01-18T07:10:00Z","nsw":"19.07","nt":"3.65","qld":"15.93","sa":"36.86","tas":"18.72","vic":"14.11","wa":"61.55"},{"ts":"2014-01-18T07:20:00Z","nsw":"17.42","nt":"4.23","qld":"13.49","sa":"34.75","tas":"19.59","vic":"13.21","wa":"58.88"},{"ts":"2014-01-18T07:30:00Z","nsw":"14.72","nt":"3.13","qld":"10.71","sa":"31.82","tas":"17.30","vic":"11.61","wa":"58.16"},{"ts":"2014-01-18T07:40:00Z","nsw":"11.69","nt":"2.65","qld":"8.93","sa":"27.95","tas":"15.33","vic":"10.55","wa":"54.98"},{"ts":"2014-01-18T07:50:00Z","nsw":"10.17","nt":"2.63","qld":"7.18","sa":"25.85","tas":"11.92","vic":"9.40","wa":"52.31"},{"ts":"2014-01-18T08:00:00Z","nsw":"8.61","nt":"2.91","qld":"5.71","sa":"22.74","tas":"9.40","vic":"8.72","wa":"51.12"},{"ts":"2014-01-18T08:10:00Z","nsw":"6.46","nt":"2.69","qld":"3.97","sa":"20.72","tas":"7.28","vic":"6.84","wa":"46.86"},{"ts":"2014-01-18T08:20:00Z","nsw":"5.32","nt":"2.13","qld":"2.61","sa":"17.70","tas":"6.40","vic":"6.28","wa":"45.36"},{"ts":"2014-01-18T08:30:00Z","nsw":"4.25","nt":"1.88","qld":"1.35","sa":"15.17","tas":"4.99","vic":"5.11","wa":"42.74"},{"ts":"2014-01-18T08:40:00Z","nsw":"3.12","nt":"0.71","qld":"0.51","sa":"11.99","tas":"3.46","vic":"3.70","wa":"39.36"},{"ts":"2014-01-18T08:50:00Z","nsw":"2.32","nt":"0.65","qld":"0.18","sa":"10.25","tas":"2.39","vic":"2.67","wa":"35.63"},{"ts":"2014-01-18T09:00:00Z","nsw":"1.61","nt":"0.36","qld":"0.14","sa":"7.52","tas":"1.50","vic":"1.84","wa":"32.53"},{"ts":"2014-01-18T09:10:00Z","nsw":"1.53","nt":"0.40","qld":"0.13","sa":"5.81","tas":"0.93","vic":"1.10","wa":"29.50"},{"ts":"2014-01-18T09:20:00Z","nsw":"1.04","nt":"0.40","qld":"0.21","sa":"4.15","tas":"0.64","vic":"0.90","wa":"25.81"},{"ts":"2014-01-18T09:30:00Z","nsw":"0.97","nt":"0.40","qld":"0.22","sa":"2.72","tas":"0.27","vic":"0.60","wa":"23.29"},{"ts":"2014-01-18T09:40:00Z","nsw":"0.92","nt":"0.42","qld":"0.23","sa":"1.81","tas":"0.16","vic":"0.50","wa":"20.42"},{"ts":"2014-01-18T09:50:00Z","nsw":"0.95","nt":"0.52","qld":"0.22","sa":"1.13","tas":"0.13","vic":"0.85","wa":"17.19"},{"ts":"2014-01-18T10:00:00Z","nsw":"0.93","nt":"0.52","qld":"0.23","sa":"0.55","tas":"0.14","vic":"0.39","wa":"14.11"},{"ts":"2014-01-18T10:10:00Z","nsw":"0.96","nt":"0.52","qld":"0.22","sa":"0.97","tas":"0.19","vic":"0.55","wa":"11.66"},{"ts":"2014-01-18T10:20:00Z","nsw":"1.11","nt":"0.52","qld":"0.20","sa":"0.56","tas":"0.23","vic":"0.15","wa":"9.73"},{"ts":"2014-01-18T10:30:00Z","nsw":"1.11","nt":"0.52","qld":"0.27","sa":"0.57","tas":"0.23","vic":"0.07","wa":"7.50"},{"ts":"2014-01-18T10:40:00Z","nsw":"1.01","nt":"0.52","qld":"0.20","sa":"0.61","tas":"0.26","vic":"0.12","wa":"5.89"},{"ts":"2014-01-18T10:50:00Z","nsw":"1.06","nt":"0.52","qld":"0.19","sa":"0.60","tas":"0.26","vic":"0.10","wa":"3.78"},{"ts":"2014-01-18T11:00:00Z","nsw":"1.05","nt":"0.52","qld":"0.23","sa":"0.46","tas":"0.26","vic":"0.26","wa":"2.37"},{"ts":"2014-01-18T11:10:00Z","nsw":"1.02","nt":"0.52","qld":"0.22","sa":"0.24","tas":"0.26","vic":"0.25","wa":"1.18"},{"ts":"2014-01-18T11:20:00Z","nsw":"1.05","nt":"0.52","qld":"0.20","sa":"0.21","tas":"0.26","vic":"0.19","wa":"0.65"},{"ts":"2014-01-18T11:30:00Z","nsw":"1.04","nt":"0.52","qld":"0.19","sa":"0.20","tas":"0.26","vic":"0.08","wa":"0.33"},{"ts":"2014-01-18T11:40:00Z","nsw":"1.02","nt":"0.52","qld":"0.20","sa":"0.28","tas":"0.26","vic":"0.09","wa":"0.27"},{"ts":"2014-01-18T11:50:00Z","nsw":"1.00","nt":"0.52","qld":"0.20","sa":"0.29","tas":"0.26","vic":"0.10","wa":"0.32"}],"contribution":[{"ts":"2014-01-17T17:00:00Z","nsw":"0.02","qld":"0.04","sa":"0.04","tas":"0.01","vic":"0.01"},{"ts":"2014-01-17T17:10:00Z","nsw":"0.04","qld":"0.03","sa":"0.04","tas":"0.01","vic":"0.01","wa":"0.03"},{"ts":"2014-01-17T17:20:00Z","nsw":"0.04","qld":"0.03","sa":"0.04","tas":"0.01","vic":"0.01","wa":"0.03"},{"ts":"2014-01-17T17:30:00Z","nsw":"0.04","qld":"0.03","sa":"0.05","tas":"0.01","vic":"0.01"},{"ts":"2014-01-17T17:40:00Z","nsw":"0.04","qld":"0.03","sa":"0.04","tas":"0.01","vic":"0.02","wa":"0.03"},{"ts":"2014-01-17T17:50:00Z","nsw":"0.04","qld":"0.03","sa":"0.04","tas":"0.00","vic":"0.05","wa":"0.03"},{"ts":"2014-01-17T18:00:00Z","nsw":"0.04","qld":"0.02","sa":"0.04","tas":"0.00","vic":"0.01","wa":"0.03"},{"ts":"2014-01-17T18:10:00Z","nsw":"0.04","qld":"0.03","sa":"0.04","tas":"0.00","vic":"0.01","wa":"0.03"},{"ts":"2014-01-17T18:20:00Z","nsw":"0.04","qld":"0.03","sa":"0.04","tas":"0.00","vic":"0.01","wa":"0.03"},{"ts":"2014-01-17T18:30:00Z","nsw":"0.04","qld":"0.03","sa":"0.04","tas":"0.00","vic":"0.01","wa":"0.03"},{"ts":"2014-01-17T18:40:00Z","nsw":"0.04","qld":"0.03","sa":"0.14","tas":"0.00","vic":"0.01","wa":"0.03"},{"ts":"2014-01-17T18:50:00Z","nsw":"0.04","qld":"0.03","sa":"0.17","tas":"0.00","vic":"0.01","wa":"0.03"},{"ts":"2014-01-17T19:00:00Z","nsw":"0.04","qld":"0.02","sa":"0.04","tas":"0.00","vic":"0.01","wa":"0.03"},{"ts":"2014-01-17T19:10:00Z","nsw":"0.05","qld":"0.02","sa":"0.05","tas":"0.00","vic":"0.01","wa":"0.03"},{"ts":"2014-01-17T19:20:00Z","nsw":"0.10","qld":"0.13","sa":"0.04","tas":"0.01","vic":"0.01","wa":"0.03"},{"ts":"2014-01-17T19:30:00Z","nsw":"0.13","qld":"0.29","sa":"0.04","tas":"0.03","vic":"0.02","wa":"0.03"},{"ts":"2014-01-17T19:40:00Z","nsw":"0.20","qld":"0.52","sa":"0.08","tas":"0.04","vic":"0.03","wa":"0.03"},{"ts":"2014-01-17T19:50:00Z","nsw":"0.27","qld":"0.75","sa":"0.06","tas":"0.06","vic":"0.08","wa":"0.03"},{"ts":"2014-01-17T20:00:00Z","nsw":"0.37","qld":"1.02","sa":"0.10","tas":"0.12","vic":"0.17","wa":"0.03"},{"ts":"2014-01-17T20:10:00Z","nsw":"0.51","qld":"1.34","sa":"0.32","tas":"0.14","vic":"0.23","wa":"0.03"},{"ts":"2014-01-17T20:20:00Z","nsw":"0.65","qld":"1.79","sa":"0.68","tas":"0.25","vic":"0.28","wa":"0.03"},{"ts":"2014-01-17T20:30:00Z","nsw":"0.77","qld":"2.13","sa":"1.09","tas":"0.33","vic":"0.33","wa":"0.03"},{"ts":"2014-01-17T20:40:00Z","nsw":"0.94","qld":"2.61","sa":"1.51","tas":"0.45","vic":"0.38","wa":"0.03"},{"ts":"2014-01-17T20:50:00Z","nsw":"1.06","qld":"3.10","sa":"1.88","tas":"0.60","vic":"0.45","wa":"0.03"},{"ts":"2014-01-17T21:00:00Z","nsw":"1.27","qld":"3.47","sa":"2.11","tas":"0.76","vic":"0.50"},{"ts":"2014-01-17T21:10:00Z","nsw":"1.40","qld":"3.69","sa":"2.30","tas":"0.76","vic":"0.53","wa":"0.04"},{"ts":"2014-01-17T21:20:00Z","nsw":"1.61","qld":"3.92","sa":"2.53","tas":"0.83","vic":"0.62","wa":"0.03"},{"ts":"2014-01-17T21:30:00Z","nsw":"1.84","qld":"4.26","sa":"2.71","tas":"1.02","vic":"0.79","wa":"0.04"},{"ts":"2014-01-17T21:40:00Z","nsw":"1.96","qld":"4.76","sa":"3.51","tas":"1.18","vic":"0.98","wa":"0.09"},{"ts":"2014-01-17T21:50:00Z","nsw":"2.17","qld":"5.56","sa":"4.59","tas":"1.16","vic":"1.10","wa":"0.25"},{"ts":"2014-01-17T22:00:00Z","nsw":"2.30","qld":"5.82","sa":"5.23","tas":"1.37","vic":"1.15","wa":"0.46"},{"ts":"2014-01-17T22:10:00Z","nsw":"2.37","qld":"5.91","sa":"5.55","tas":"1.48","vic":"1.16","wa":"0.70"},{"ts":"2014-01-17T22:20:00Z","nsw":"2.70","qld":"6.28","sa":"6.12","tas":"1.50","vic":"1.09","wa":"0.99"},{"ts":"2014-01-17T22:30:00Z","nsw":"2.85","qld":"6.32","sa":"7.00","tas":"1.56","vic":"1.10","wa":"1.28"},{"ts":"2014-01-17T22:40:00Z","nsw":"2.98","qld":"6.62","sa":"7.55","tas":"1.83","vic":"1.19","wa":"1.48"},{"ts":"2014-01-17T22:50:00Z","nsw":"3.22","qld":"6.50","sa":"8.65","tas":"2.03","vic":"1.31","wa":"1.72"},{"ts":"2014-01-17T23:00:00Z","nsw":"3.42","qld":"6.93","sa":"9.24","tas":"2.28","vic":"1.53","wa":"2.05"},{"ts":"2014-01-17T23:10:00Z","nsw":"3.52","qld":"6.98","sa":"10.20","tas":"2.45","vic":"1.63","wa":"2.56"},{"ts":"2014-01-17T23:20:00Z","nsw":"3.77","qld":"7.11","sa":"10.72","tas":"2.65","vic":"1.65","wa":"2.90"},{"ts":"2014-01-17T23:30:00Z","nsw":"3.84","qld":"7.47","sa":"11.55","tas":"2.64","vic":"2.04","wa":"3.34"},{"ts":"2014-01-17T23:40:00Z","nsw":"3.94","qld":"7.54","sa":"12.57","tas":"2.85","vic":"2.19"},{"ts":"2014-01-17T23:50:00Z","nsw":"3.95","qld":"7.08","sa":"12.80","tas":"2.66","vic":"2.27","wa":"4.44"},{"ts":"2014-01-18T00:00:00Z","nsw":"4.05","qld":"7.09","sa":"13.52","tas":"3.02","vic":"2.88","wa":"4.76"},{"ts":"2014-01-18T00:10:00Z","nsw":"4.04","qld":"6.78","sa":"13.45","tas":"2.91","vic":"3.06","wa":"5.30"},{"ts":"2014-01-18T00:20:00Z","nsw":"4.13","qld":"6.92","sa":"13.78","tas":"3.03","vic":"3.25","wa":"5.70"},{"ts":"2014-01-18T00:30:00Z","nsw":"4.23","qld":"7.07","sa":"14.98","tas":"3.03","vic":"3.31","wa":"6.02"},{"ts":"2014-01-18T00:40:00Z","nsw":"4.42","qld":"7.34","sa":"15.06","tas":"3.35","vic":"3.93","wa":"6.35"},{"ts":"2014-01-18T00:50:00Z","nsw":"4.37","qld":"7.60","sa":"15.83","tas":"3.29","vic":"3.97","wa":"6.99"},{"ts":"2014-01-18T01:00:00Z","nsw":"4.43","qld":"7.91","sa":"15.73","tas":"3.26","vic":"4.42","wa":"7.36"},{"ts":"2014-01-18T01:10:00Z","nsw":"4.35","qld":"8.01","sa":"16.37","tas":"3.23","vic":"4.48","wa":"7.46"},{"ts":"2014-01-18T01:20:00Z","nsw":"4.48","qld":"8.43","sa":"16.46","tas":"3.38","vic":"4.64","wa":"7.83"},{"ts":"2014-01-18T01:30:00Z","nsw":"4.24","qld":"8.69","sa":"17.35","tas":"3.32","vic":"4.58","wa":"7.95"},{"ts":"2014-01-18T01:40:00Z","nsw":"4.38","qld":"8.75","sa":"17.22","tas":"3.45","vic":"4.72","wa":"8.18"},{"ts":"2014-01-18T01:50:00Z","nsw":"4.32","qld":"8.68","sa":"17.60","tas":"3.54","vic":"4.45","wa":"8.62"},{"ts":"2014-01-18T02:00:00Z","nsw":"4.26","qld":"8.91","sa":"18.45","tas":"3.67","vic":"4.53"},{"ts":"2014-01-18T02:10:00Z","nsw":"4.24","qld":"8.86","sa":"18.49","tas":"3.53","vic":"4.41","wa":"8.65"},{"ts":"2014-01-18T02:20:00Z","nsw":"4.27","qld":"9.23","sa":"18.56","tas":"3.58","vic":"4.35","wa":"8.80"},{"ts":"2014-01-18T02:30:00Z","nsw":"4.20","qld":"9.17","sa":"18.78","tas":"3.46","vic":"4.04","wa":"9.09"},{"ts":"2014-01-18T02:40:00Z","nsw":"4.23","qld":"9.05","sa":"18.46","tas":"3.78","vic":"4.02","wa":"8.97"},{"ts":"2014-01-18T02:50:00Z","nsw":"4.08","qld":"9.11","sa":"18.78","tas":"3.32","vic":"3.63","wa":"9.24"},{"ts":"2014-01-18T03:00:00Z","nsw":"4.19","qld":"9.29","sa":"18.67","tas":"3.63","vic":"3.39","wa":"9.00"},{"ts":"2014-01-18T03:10:00Z","nsw":"3.84","qld":"9.27","sa":"18.79","tas":"3.72","vic":"3.16","wa":"9.10"},{"ts":"2014-01-18T03:20:00Z","nsw":"3.99","qld":"9.41","sa":"18.78","tas":"3.68","vic":"3.16","wa":"9.24"},{"ts":"2014-01-18T03:30:00Z","nsw":"3.86","qld":"9.33","sa":"18.32","tas":"3.52","vic":"3.01","wa":"8.98"},{"ts":"2014-01-18T03:40:00Z","nsw":"3.77","qld":"9.44","sa":"17.93","tas":"3.72","vic":"2.96","wa":"9.04"},{"ts":"2014-01-18T03:50:00Z","nsw":"3.71","qld":"9.23","sa":"17.90","tas":"3.69","vic":"2.99","wa":"9.28"},{"ts":"2014-01-18T04:00:00Z","nsw":"3.70","qld":"9.02","sa":"17.68","tas":"3.61","vic":"3.11","wa":"8.99"},{"ts":"2014-01-18T04:10:00Z","nsw":"3.46","qld":"8.71","sa":"17.49","tas":"3.43","vic":"3.04","wa":"8.94"},{"ts":"2014-01-18T04:20:00Z","nsw":"3.50","qld":"8.54","sa":"16.55","tas":"3.53","vic":"3.18","wa":"9.07"},{"ts":"2014-01-18T04:30:00Z","nsw":"3.37","qld":"8.14","sa":"16.71","tas":"3.36","vic":"3.11","wa":"8.79"},{"ts":"2014-01-18T04:40:00Z","nsw":"3.25","qld":"8.11","sa":"16.05","tas":"3.25","vic":"3.13","wa":"8.78"},{"ts":"2014-01-18T04:50:00Z","nsw":"3.18","qld":"7.85","sa":"15.53","tas":"3.10","vic":"2.96","wa":"8.68"},{"ts":"2014-01-18T05:00:00Z","nsw":"3.10","qld":"7.62","sa":"15.19","tas":"3.13","vic":"2.95"},{"ts":"2014-01-18T05:10:00Z","nsw":"2.97","qld":"7.09","sa":"15.37","tas":"2.95","vic":"2.92","wa":"8.51"},{"ts":"2014-01-18T05:20:00Z","nsw":"3.00","qld":"6.74","sa":"14.88","tas":"2.89","vic":"2.97","wa":"8.46"},{"ts":"2014-01-18T05:30:00Z","nsw":"2.81","qld":"6.42","sa":"14.45","tas":"2.55","vic":"2.72","wa":"8.46"},{"ts":"2014-01-18T05:40:00Z","nsw":"2.62","qld":"6.13","sa":"13.78","tas":"2.39","vic":"2.46","wa":"8.23"},{"ts":"2014-01-18T05:50:00Z","nsw":"2.55","qld":"5.89","sa":"13.26","tas":"2.19","vic":"2.31","wa":"8.11"},{"ts":"2014-01-18T06:00:00Z","nsw":"2.38","qld":"5.48","sa":"12.71","tas":"2.19","vic":"2.17","wa":"8.19"},{"ts":"2014-01-18T06:10:00Z","nsw":"2.23","qld":"5.01","sa":"11.89","tas":"1.72","vic":"2.07","wa":"7.97"},{"ts":"2014-01-18T06:20:00Z","nsw":"2.15","qld":"4.52","sa":"11.53","tas":"1.86","vic":"2.11","wa":"7.81"},{"ts":"2014-01-18T06:30:00Z","nsw":"1.93","qld":"3.94","sa":"11.01","tas":"1.44","vic":"1.95","wa":"7.67"},{"ts":"2014-01-18T06:40:00Z","nsw":"1.74","qld":"3.62","sa":"10.63","tas":"1.45","vic":"1.72","wa":"7.50"},{"ts":"2014-01-18T06:50:00Z","nsw":"1.64","qld":"3.04","sa":"9.96","tas":"1.17","vic":"1.56","wa":"7.29"},{"ts":"2014-01-18T07:00:00Z","nsw":"1.41","qld":"2.78","sa":"9.31","tas":"1.17","vic":"1.44","wa":"7.17"},{"ts":"2014-01-18T07:10:00Z","nsw":"1.20","qld":"2.39","sa":"8.81","tas":"0.91","vic":"1.24","wa":"7.03"},{"ts":"2014-01-18T07:20:00Z","nsw":"1.12","qld":"2.01","sa":"8.30","tas":"0.95","vic":"1.17","wa":"6.72"},{"ts":"2014-01-18T07:30:00Z","nsw":"0.94","qld":"1.61","sa":"7.65","tas":"0.85","vic":"1.04","wa":"6.57"},{"ts":"2014-01-18T07:40:00Z","nsw":"0.76","qld":"1.34","sa":"6.75","tas":"0.75","vic":"0.96","wa":"6.22"},{"ts":"2014-01-18T07:50:00Z","nsw":"0.66","qld":"1.08","sa":"6.23","tas":"0.58","vic":"0.85","wa":"5.93"},{"ts":"2014-01-18T08:00:00Z","nsw":"0.57","qld":"0.87","sa":"5.58","tas":"0.46","vic":"0.80"},{"ts":"2014-01-18T08:10:00Z","nsw":"0.43","qld":"0.61","sa":"5.12","tas":"0.36","vic":"0.63","wa":"5.29"},{"ts":"2014-01-18T08:20:00Z","nsw":"0.36","qld":"0.40","sa":"4.43","tas":"0.32","vic":"0.59","wa":"5.13"},{"ts":"2014-01-18T08:30:00Z","nsw":"0.29","qld":"0.21","sa":"3.79","tas":"0.25","vic":"0.48","wa":"4.82"},{"ts":"2014-01-18T08:40:00Z","nsw":"0.21","qld":"0.08","sa":"3.10","tas":"0.18","vic":"0.35","wa":"4.46"},{"ts":"2014-01-18T08:50:00Z","nsw":"0.16","qld":"0.03","sa":"2.65","tas":"0.12","vic":"0.25","wa":"4.05"},{"ts":"2014-01-18T09:00:00Z","nsw":"0.11","qld":"0.02","sa":"1.99","tas":"0.08","vic":"0.17","wa":"3.70"},{"ts":"2014-01-18T09:10:00Z","nsw":"0.11","qld":"0.02","sa":"1.55","tas":"0.05","vic":"0.11","wa":"3.39"},{"ts":"2014-01-18T09:20:00Z","nsw":"0.07","qld":"0.03","sa":"1.12","tas":"0.03","vic":"0.09","wa":"2.99"},{"ts":"2014-01-18T09:30:00Z","nsw":"0.07","qld":"0.03","sa":"0.76","tas":"0.01","vic":"0.06","wa":"2.69"},{"ts":"2014-01-18T09:40:00Z","nsw":"0.06","qld":"0.03","sa":"0.52","tas":"0.01","vic":"0.05","wa":"2.34"},{"ts":"2014-01-18T09:50:00Z","nsw":"0.07","qld":"0.03","sa":"0.32","tas":"0.01","vic":"0.08","wa":"1.98"},{"ts":"2014-01-18T10:00:00Z","nsw":"0.07","qld":"0.04","sa":"0.16","tas":"0.01","vic":"0.04"},{"ts":"2014-01-18T10:10:00Z","nsw":"0.07","qld":"0.03","sa":"0.28","tas":"0.01","vic":"0.05","wa":"1.36"},{"ts":"2014-01-18T10:20:00Z","nsw":"0.08","qld":"0.03","sa":"0.16","tas":"0.01","vic":"0.01","wa":"1.14"},{"ts":"2014-01-18T10:30:00Z","nsw":"0.08","qld":"0.04","sa":"0.17","tas":"0.01","vic":"0.01","wa":"0.90"},{"ts":"2014-01-18T10:40:00Z","nsw":"0.07","qld":"0.03","sa":"0.18","tas":"0.01","vic":"0.01","wa":"0.71"},{"ts":"2014-01-18T10:50:00Z","nsw":"0.08","qld":"0.03","sa":"0.18","tas":"0.01","vic":"0.01","wa":"0.46"},{"ts":"2014-01-18T11:00:00Z","nsw":"0.08","qld":"0.04","sa":"0.14","tas":"0.01","vic":"0.03","wa":"0.29"},{"ts":"2014-01-18T11:10:00Z","nsw":"0.08","qld":"0.03","sa":"0.07","tas":"0.01","vic":"0.03","wa":"0.15"},{"ts":"2014-01-18T11:20:00Z","nsw":"0.08","qld":"0.03","sa":"0.06","tas":"0.01","vic":"0.02","wa":"0.08"},{"ts":"2014-01-18T11:30:00Z","nsw":"0.08","qld":"0.03","sa":"0.06","tas":"0.01","vic":"0.01","wa":"0.04"},{"ts":"2014-01-18T11:40:00Z","nsw":"0.08","qld":"0.03","sa":"0.09","tas":"0.01","vic":"0.01","wa":"0.03"},{"ts":"2014-01-18T11:50:00Z","nsw":"0.08","qld":"0.03","sa":"0.09","tas":"0.01","vic":"0.01","wa":"0.04"}],"demand":[{"ts":"2014-01-17T17:00:00Z","nsw":6414,"qld":4844,"sa":1366,"tas":962,"vic":4761},{"ts":"2014-01-17T17:10:00Z","nsw":6360,"qld":4856,"sa":1350,"tas":970,"vic":4763,"wa":1797},{"ts":"2014-01-17T17:20:00Z","nsw":6382,"qld":4801,"sa":1338,"tas":951,"vic":4706,"wa":1792},{"ts":"2014-01-17T17:30:00Z","nsw":6387,"qld":4858,"sa":1310,"tas":948,"vic":4772},{"ts":"2014-01-17T17:40:00Z","nsw":6396,"qld":4788,"sa":1286,"tas":941,"vic":4750,"wa":1771},{"ts":"2014-01-17T17:50:00Z","nsw":6389,"qld":4802,"sa":1275,"tas":959,"vic":4770,"wa":1766},{"ts":"2014-01-17T18:00:00Z","nsw":6323,"qld":4836,"sa":1261,"tas":971,"vic":4793,"wa":1752},{"ts":"2014-01-17T18:10:00Z","nsw":6411,"qld":4830,"sa":1277,"tas":967,"vic":4796,"wa":1760},{"ts":"2014-01-17T18:20:00Z","nsw":6451,"qld":4869,"sa":1280,"tas":942,"vic":4824,"wa":1757},{"ts":"2014-01-17T18:30:00Z","nsw":6455,"qld":4844,"sa":1261,"tas":921,"vic":4812,"wa":1745},{"ts":"2014-01-17T18:40:00Z","nsw":6510,"qld":4780,"sa":1261,"tas":958,"vic":4898,"wa":1743},{"ts":"2014-01-17T18:50:00Z","nsw":6491,"qld":4820,"sa":1277,"tas":968,"vic":4867,"wa":1739},{"ts":"2014-01-17T19:00:00Z","nsw":6448,"qld":4872,"sa":1273,"tas":956,"vic":4969,"wa":1733},{"ts":"2014-01-17T19:10:00Z","nsw":6572,"qld":4874,"sa":1276,"tas":961,"vic":5012,"wa":1729},{"ts":"2014-01-17T19:20:00Z","nsw":6603,"qld":4844,"sa":1287,"tas":965,"vic":4964,"wa":1728},{"ts":"2014-01-17T19:30:00Z","nsw":6663,"qld":4859,"sa":1292,"tas":972,"vic":4917,"wa":1693},{"ts":"2014-01-17T19:40:00Z","nsw":6618,"qld":4871,"sa":1314,"tas":992,"vic":4927,"wa":1694},{"ts":"2014-01-17T19:50:00Z","nsw":6707,"qld":4830,"sa":1302,"tas":1007,"vic":4933,"wa":1693},{"ts":"2014-01-17T20:00:00Z","nsw":6782,"qld":4857,"sa":1315,"tas":1006,"vic":4951,"wa":1710},{"ts":"2014-01-17T20:10:00Z","nsw":6936,"qld":4957,"sa":1316,"tas":984,"vic":5019,"wa":1715},{"ts":"2014-01-17T20:20:00Z","nsw":7036,"qld":4969,"sa":1309,"tas":975,"vic":5119,"wa":1720},{"ts":"2014-01-17T20:30:00Z","nsw":7148,"qld":5047,"sa":1313,"tas":966,"vic":5148,"wa":1733},{"ts":"2014-01-17T20:40:00Z","nsw":7240,"qld":5164,"sa":1341,"tas":966,"vic":5309,"wa":1733},{"ts":"2014-01-17T20:50:00Z","nsw":7383,"qld":5163,"sa":1361,"tas":982,"vic":5350,"wa":1731},{"ts":"2014-01-17T21:00:00Z","nsw":7531,"qld":5242,"sa":1351,"tas":993,"vic":5436},{"ts":"2014-01-17T21:10:00Z","nsw":7684,"qld":5345,"sa":1385,"tas":1001,"vic":5403,"wa":1740},{"ts":"2014-01-17T21:20:00Z","nsw":7754,"qld":5381,"sa":1392,"tas":1039,"vic":5438,"wa":1734},{"ts":"2014-01-17T21:30:00Z","nsw":7844,"qld":5420,"sa":1392,"tas":1057,"vic":5460,"wa":1715},{"ts":"2014-01-17T21:40:00Z","nsw":7955,"qld":5475,"sa":1369,"tas":1062,"vic":5560,"wa":1717},{"ts":"2014-01-17T21:50:00Z","nsw":8071,"qld":5468,"sa":1380,"tas":1054,"vic":5608,"wa":1718},{"ts":"2014-01-17T22:00:00Z","nsw":8219,"qld":5531,"sa":1379,"tas":1047,"vic":5713,"wa":1749},{"ts":"2014-01-17T22:10:00Z","nsw":8367,"qld":5572,"sa":1374,"tas":1053,"vic":5769,"wa":1762},{"ts":"2014-01-17T22:20:00Z","nsw":8335,"qld":5633,"sa":1376,"tas":1055,"vic":5768,"wa":1763},{"ts":"2014-01-17T22:30:00Z","nsw":8368,"qld":5651,"sa":1398,"tas":1059,"vic":5838,"wa":1785},{"ts":"2014-01-17T22:40:00Z","nsw":8482,"qld":5680,"sa":1416,"tas":1064,"vic":5800,"wa":1793},{"ts":"2014-01-17T22:50:00Z","nsw":8516,"qld":5771,"sa":1398,"tas":1056,"vic":5832,"wa":1804},{"ts":"2014-01-17T23:00:00Z","nsw":8556,"qld":5841,"sa":1402,"tas":1047,"vic":5839,"wa":1824},{"ts":"2014-01-17T23:10:00Z","nsw":8651,"qld":5809,"sa":1386,"tas":1050,"vic":5849,"wa":1825},{"ts":"2014-01-17T23:20:00Z","nsw":8710,"qld":5817,"sa":1389,"tas":1042,"vic":5910,"wa":1835},{"ts":"2014-01-17T23:30:00Z","nsw":8796,"qld":5831,"sa":1379,"tas":1042,"vic":5881,"wa":1919},{"ts":"2014-01-17T23:40:00Z","nsw":8799,"qld":5810,"sa":1355,"tas":1003,"vic":5874},{"ts":"2014-01-17T23:50:00Z","nsw":8869,"qld":5860,"sa":1358,"tas":1023,"vic":5874,"wa":1938},{"ts":"2014-01-18T00:00:00Z","nsw":8929,"qld":5852,"sa":1372,"tas":1043,"vic":5863,"wa":1987},{"ts":"2014-01-18T00:10:00Z","nsw":9014,"qld":5858,"sa":1378,"tas":1038,"vic":5858,"wa":2006},{"ts":"2014-01-18T00:20:00Z","nsw":9044,"qld":5897,"sa":1386,"tas":1038,"vic":5822,"wa":2019},{"ts":"2014-01-18T00:30:00Z","nsw":9107,"qld":5907,"sa":1373,"tas":1032,"vic":5892,"wa":2072},{"ts":"2014-01-18T00:40:00Z","nsw":9180,"qld":5889,"sa":1382,"tas":1032,"vic":5927,"wa":2083},{"ts":"2014-01-18T00:50:00Z","nsw":9209,"qld":5864,"sa":1359,"tas":1040,"vic":5898,"wa":2095},{"ts":"2014-01-18T01:00:00Z","nsw":9224,"qld":5802,"sa":1364,"tas":1045,"vic":5961,"wa":2100},{"ts":"2014-01-18T01:10:00Z","nsw":9256,"qld":5772,"sa":1358,"tas":1043,"vic":5925,"wa":2165},{"ts":"2014-01-18T01:20:00Z","nsw":9359,"qld":5760,"sa":1375,"tas":1038,"vic":5873,"wa":2176},{"ts":"2014-01-18T01:30:00Z","nsw":9447,"qld":5806,"sa":1361,"tas":1031,"vic":5940,"wa":2214},{"ts":"2014-01-18T01:40:00Z","nsw":9552,"qld":5809,"sa":1380,"tas":1017,"vic":5891,"wa":2213},{"ts":"2014-01-18T01:50:00Z","nsw":9638,"qld":5844,"sa":1372,"tas":1018,"vic":5909,"wa":2230},{"ts":"2014-01-18T02:00:00Z","nsw":9662,"qld":5867,"sa":1350,"tas":1012,"vic":5907},{"ts":"2014-01-18T02:10:00Z","nsw":9775,"qld":5811,"sa":1357,"tas":1022,"vic":5902,"wa":2279},{"ts":"2014-01-18T02:20:00Z","nsw":9825,"qld":5810,"sa":1360,"tas":1016,"vic":5936,"wa":2294},{"ts":"2014-01-18T02:30:00Z","nsw":9895,"qld":5786,"sa":1378,"tas":1011,"vic":5900,"wa":2328},{"ts":"2014-01-18T02:40:00Z","nsw":9927,"qld":5844,"sa":1384,"tas":1012,"vic":5984,"wa":2345},{"ts":"2014-01-18T02:50:00Z","nsw":10010,"qld":5849,"sa":1381,"tas":1012,"vic":5973,"wa":2359},{"ts":"2014-01-18T03:00:00Z","nsw":10080,"qld":5867,"sa":1375,"tas":1013,"vic":6026,"wa":2422},{"ts":"2014-01-18T03:10:00Z","nsw":10134,"qld":5873,"sa":1385,"tas":1003,"vic":5966,"wa":2430},{"ts":"2014-01-18T03:20:00Z","nsw":10142,"qld":5869,"sa":1394,"tas":1006,"vic":5929,"wa":2444},{"ts":"2014-01-18T03:30:00Z","nsw":10210,"qld":5878,"sa":1414,"tas":1005,"vic":5913,"wa":2493},{"ts":"2014-01-18T03:40:00Z","nsw":10245,"qld":5903,"sa":1417,"tas":1010,"vic":5959,"wa":2493},{"ts":"2014-01-18T03:50:00Z","nsw":10273,"qld":5888,"sa":1439,"tas":1012,"vic":5891,"wa":2507},{"ts":"2014-01-18T04:00:00Z","nsw":10372,"qld":5936,"sa":1447,"tas":1017,"vic":5939,"wa":2545},{"ts":"2014-01-18T04:10:00Z","nsw":10385,"qld":5975,"sa":1467,"tas":1011,"vic":5856,"wa":2552},{"ts":"2014-01-18T04:20:00Z","nsw":10457,"qld":6042,"sa":1506,"tas":1012,"vic":5850,"wa":2558},{"ts":"2014-01-18T04:30:00Z","nsw":10447,"qld":6051,"sa":1516,"tas":1016,"vic":5874,"wa":2596},{"ts":"2014-01-18T04:40:00Z","nsw":10531,"qld":6072,"sa":1526,"tas":1014,"vic":5862,"wa":2609},{"ts":"2014-01-18T04:50:00Z","nsw":10507,"qld":6057,"sa":1540,"tas":1021,"vic":5866,"wa":2626},{"ts":"2014-01-18T05:00:00Z","nsw":10467,"qld":6116,"sa":1556,"tas":1022,"vic":5829},{"ts":"2014-01-18T05:10:00Z","nsw":10414,"qld":6224,"sa":1575,"tas":1030,"vic":5811,"wa":2666},{"ts":"2014-01-18T05:20:00Z","nsw":10389,"qld":6202,"sa":1589,"tas":1021,"vic":5875,"wa":2677},{"ts":"2014-01-18T05:30:00Z","nsw":10377,"qld":6232,"sa":1599,"tas":1010,"vic":5940,"wa":2711},{"ts":"2014-01-18T05:40:00Z","nsw":10416,"qld":6247,"sa":1606,"tas":1019,"vic":5939,"wa":2722},{"ts":"2014-01-18T05:50:00Z","nsw":10375,"qld":6216,"sa":1632,"tas":1033,"vic":5891,"wa":2727},{"ts":"2014-01-18T06:00:00Z","nsw":10369,"qld":6260,"sa":1659,"tas":1038,"vic":5913,"wa":2743},{"ts":"2014-01-18T06:10:00Z","nsw":10290,"qld":6295,"sa":1662,"tas":1055,"vic":5895,"wa":2718},{"ts":"2014-01-18T06:20:00Z","nsw":10267,"qld":6371,"sa":1678,"tas":1051,"vic":5863,"wa":2720},{"ts":"2014-01-18T06:30:00Z","nsw":10246,"qld":6420,"sa":1696,"tas":1066,"vic":5866,"wa":2798},{"ts":"2014-01-18T06:40:00Z","nsw":10288,"qld":6404,"sa":1668,"tas":1077,"vic":5851,"wa":2786},{"ts":"2014-01-18T06:50:00Z","nsw":10248,"qld":6518,"sa":1673,"tas":1059,"vic":5900,"wa":2789},{"ts":"2014-01-18T07:00:00Z","nsw":10212,"qld":6519,"sa":1684,"tas":1055,"vic":5872,"wa":2793},{"ts":"2014-01-18T07:10:00Z","nsw":10175,"qld":6465,"sa":1692,"tas":1060,"vic":5795,"wa":2833},{"ts":"2014-01-18T07:20:00Z","nsw":10051,"qld":6521,"sa":1700,"tas":1055,"vic":5763,"wa":2843},{"ts":"2014-01-18T07:30:00Z","nsw":10085,"qld":6524,"sa":1708,"tas":1052,"vic":5654,"wa":2877},{"ts":"2014-01-18T07:40:00Z","nsw":10008,"qld":6576,"sa":1720,"tas":1053,"vic":5643,"wa":2883},{"ts":"2014-01-18T07:50:00Z","nsw":9949,"qld":6488,"sa":1723,"tas":1056,"vic":5607,"wa":2889},{"ts":"2014-01-18T08:00:00Z","nsw":9834,"qld":6486,"sa":1701,"tas":1052,"vic":5608},{"ts":"2014-01-18T08:10:00Z","nsw":9708,"qld":6405,"sa":1701,"tas":1029,"vic":5559,"wa":2916},{"ts":"2014-01-18T08:20:00Z","nsw":9644,"qld":6409,"sa":1699,"tas":1033,"vic":5457,"wa":2921},{"ts":"2014-01-18T08:30:00Z","nsw":9646,"qld":6443,"sa":1695,"tas":1030,"vic":5508,"wa":2938},{"ts":"2014-01-18T08:40:00Z","nsw":9490,"qld":6395,"sa":1664,"tas":1017,"vic":5486,"wa":2934},{"ts":"2014-01-18T08:50:00Z","nsw":9400,"qld":6491,"sa":1666,"tas":1017,"vic":5450,"wa":2939},{"ts":"2014-01-18T09:00:00Z","nsw":9368,"qld":6479,"sa":1632,"tas":1032,"vic":5420,"wa":2944},{"ts":"2014-01-18T09:10:00Z","nsw":9334,"qld":6494,"sa":1626,"tas":1028,"vic":5325,"wa":2922},{"ts":"2014-01-18T09:20:00Z","nsw":9349,"qld":6546,"sa":1602,"tas":1033,"vic":5366,"wa":2914},{"ts":"2014-01-18T09:30:00Z","nsw":9399,"qld":6508,"sa":1560,"tas":1045,"vic":5296,"wa":2931},{"ts":"2014-01-18T09:40:00Z","nsw":9356,"qld":6495,"sa":1536,"tas":1036,"vic":5351,"wa":2966},{"ts":"2014-01-18T09:50:00Z","nsw":9222,"qld":6475,"sa":1537,"tas":1042,"vic":5380,"wa":2965},{"ts":"2014-01-18T10:00:00Z","nsw":9139,"qld":6431,"sa":1520,"tas":1044,"vic":5323},{"ts":"2014-01-18T10:10:00Z","nsw":9152,"qld":6365,"sa":1513,"tas":1056,"vic":5381,"wa":2941},{"ts":"2014-01-18T10:20:00Z","nsw":8982,"qld":6415,"sa":1504,"tas":1056,"vic":5312,"wa":2939},{"ts":"2014-01-18T10:30:00Z","nsw":8978,"qld":6333,"sa":1497,"tas":1054,"vic":5329,"wa":2866},{"ts":"2014-01-18T10:40:00Z","nsw":8896,"qld":6334,"sa":1478,"tas":1049,"vic":5241,"wa":2860},{"ts":"2014-01-18T10:50:00Z","nsw":8768,"qld":6298,"sa":1457,"tas":1049,"vic":5199,"wa":2849},{"ts":"2014-01-18T11:00:00Z","nsw":8712,"qld":6250,"sa":1461,"tas":1041,"vic":5145,"wa":2787},{"ts":"2014-01-18T11:10:00Z","nsw":8711,"qld":6396,"sa":1444,"tas":1047,"vic":5115,"wa":2766},{"ts":"2014-01-18T11:20:00Z","nsw":8632,"qld":6291,"sa":1430,"tas":1044,"vic":5074,"wa":2770},{"ts":"2014-01-18T11:30:00Z","nsw":8556,"qld":6220,"sa":1424,"tas":1039,"vic":4945,"wa":2719},{"ts":"2014-01-18T11:40:00Z","nsw":8440,"qld":6213,"sa":1397,"tas":1038,"vic":4888,"wa":2710},{"ts":"2014-01-18T11:50:00Z","nsw":8323,"qld":6106,"sa":1363,"tas":1040,"vic":4797,"wa":2706}],"output":[{"ts":"2014-01-17T17:00:00Z","nsw":1,"qld":1,"sa":0,"tas":0,"vic":0},{"ts":"2014-01-17T17:10:00Z","nsw":2,"qld":1,"sa":0,"tas":0,"vic":0,"wa":0},{"ts":"2014-01-17T17:20:00Z","nsw":2,"qld":1,"sa":0,"tas":0,"vic":0,"wa":0},{"ts":"2014-01-17T17:30:00Z","nsw":2,"qld":1,"sa":0,"tas":0,"vic":0},{"ts":"2014-01-17T17:40:00Z","nsw":2,"qld":1,"sa":0,"tas":0,"vic":0,"wa":0},{"ts":"2014-01-17T17:50:00Z","nsw":2,"qld":1,"sa":0,"tas":0,"vic":2,"wa":0},{"ts":"2014-01-17T18:00:00Z","nsw":2,"qld":1,"sa":0,"tas":0,"vic":0,"wa":0},{"ts":"2014-01-17T18:10:00Z","nsw":2,"qld":1,"sa":0,"tas":0,"vic":0,"wa":0},{"ts":"2014-01-17T18:20:00Z","nsw":2,"qld":1,"sa":0,"tas":0,"vic":0,"wa":0},{"ts":"2014-01-17T18:30:00Z","nsw":2,"qld":1,"sa":0,"tas":0,"vic":0,"wa":0},{"ts":"2014-01-17T18:40:00Z","nsw":2,"qld":1,"sa":1,"tas":0,"vic":0,"wa":0},{"ts":"2014-01-17T18:50:00Z","nsw":2,"qld":1,"sa":2,"tas":0,"vic":0,"wa":0},{"ts":"2014-01-17T19:00:00Z","nsw":2,"qld":1,"sa":0,"tas":0,"vic":0,"wa":0},{"ts":"2014-01-17T19:10:00Z","nsw":3,"qld":1,"sa":0,"tas":0,"vic":0,"wa":0},{"ts":"2014-01-17T19:20:00Z","nsw":6,"qld":6,"sa":0,"tas":0,"vic":0,"wa":0},{"ts":"2014-01-17T19:30:00Z","nsw":8,"qld":14,"sa":0,"tas":0,"vic":0,"wa":0},{"ts":"2014-01-17T19:40:00Z","nsw":13,"qld":25,"sa":1,"tas":0,"vic":1,"wa":0},{"ts":"2014-01-17T19:50:00Z","nsw":17,"qld":36,"sa":0,"tas":0,"vic":4,"wa":0},{"ts":"2014-01-17T20:00:00Z","nsw":25,"qld":50,"sa":1,"tas":1,"vic":8,"wa":0},{"ts":"2014-01-17T20:10:00Z","nsw":34,"qld":66,"sa":4,"tas":1,"vic":11,"wa":0},{"ts":"2014-01-17T20:20:00Z","nsw":45,"qld":89,"sa":8,"tas":2,"vic":14,"wa":0},{"ts":"2014-01-17T20:30:00Z","nsw":54,"qld":108,"sa":14,"tas":3,"vic":17,"wa":0},{"ts":"2014-01-17T20:40:00Z","nsw":67,"qld":138,"sa":20,"tas":4,"vic":20,"wa":0},{"ts":"2014-01-17T20:50:00Z","nsw":78,"qld":163,"sa":25,"tas":5,"vic":23,"wa":0},{"ts":"2014-01-17T21:00:00Z","nsw":96,"qld":189,"sa":28,"tas":7,"vic":27},{"ts":"2014-01-17T21:10:00Z","nsw":108,"qld":203,"sa":32,"tas":7,"vic":28,"wa":0},{"ts":"2014-01-17T21:20:00Z","nsw":126,"qld":220,"sa":36,"tas":8,"vic":34,"wa":0},{"ts":"2014-01-17T21:30:00Z","nsw":146,"qld":241,"sa":38,"tas":10,"vic":43,"wa":0},{"ts":"2014-01-17T21:40:00Z","nsw":158,"qld":274,"sa":49,"tas":12,"vic":54,"wa":1},{"ts":"2014-01-17T21:50:00Z","nsw":178,"qld":320,"sa":65,"tas":12,"vic":62,"wa":4},{"ts":"2014-01-17T22:00:00Z","nsw":191,"qld":340,"sa":76,"tas":14,"vic":66,"wa":8},{"ts":"2014-01-17T22:10:00Z","nsw":204,"qld":351,"sa":80,"tas":15,"vic":67,"wa":12},{"ts":"2014-01-17T22:20:00Z","nsw":231,"qld":378,"sa":90,"tas":16,"vic":63,"wa":17},{"ts":"2014-01-17T22:30:00Z","nsw":244,"qld":381,"sa":105,"tas":16,"vic":65,"wa":23},{"ts":"2014-01-17T22:40:00Z","nsw":259,"qld":400,"sa":115,"tas":19,"vic":69,"wa":26},{"ts":"2014-01-17T22:50:00Z","nsw":283,"qld":399,"sa":132,"tas":21,"vic":77,"wa":31},{"ts":"2014-01-17T23:00:00Z","nsw":301,"qld":436,"sa":143,"tas":24,"vic":91,"wa":38},{"ts":"2014-01-17T23:10:00Z","nsw":314,"qld":435,"sa":157,"tas":26,"vic":96,"wa":48},{"ts":"2014-01-17T23:20:00Z","nsw":340,"qld":443,"sa":166,"tas":28,"vic":99,"wa":54},{"ts":"2014-01-17T23:30:00Z","nsw":351,"qld":470,"sa":180,"tas":28,"vic":122,"wa":66},{"ts":"2014-01-17T23:40:00Z","nsw":359,"qld":472,"sa":194,"tas":29,"vic":131},{"ts":"2014-01-17T23:50:00Z","nsw":363,"qld":446,"sa":198,"tas":27,"vic":135,"wa":90},{"ts":"2014-01-18T00:00:00Z","nsw":376,"qld":447,"sa":215,"tas":32,"vic":173,"wa":99},{"ts":"2014-01-18T00:10:00Z","nsw":377,"qld":426,"sa":214,"tas":31,"vic":185,"wa":112},{"ts":"2014-01-18T00:20:00Z","nsw":386,"qld":441,"sa":220,"tas":32,"vic":195,"wa":121},{"ts":"2014-01-18T00:30:00Z","nsw":400,"qld":450,"sa":245,"tas":32,"vic":200,"wa":132},{"ts":"2014-01-18T00:40:00Z","nsw":423,"qld":468,"sa":243,"tas":35,"vic":241,"wa":141},{"ts":"2014-01-18T00:50:00Z","nsw":418,"qld":486,"sa":257,"tas":35,"vic":244,"wa":157},{"ts":"2014-01-18T01:00:00Z","nsw":427,"qld":498,"sa":255,"tas":35,"vic":277,"wa":166},{"ts":"2014-01-18T01:10:00Z","nsw":419,"qld":504,"sa":266,"tas":34,"vic":278,"wa":174},{"ts":"2014-01-18T01:20:00Z","nsw":436,"qld":533,"sa":268,"tas":36,"vic":285,"wa":184},{"ts":"2014-01-18T01:30:00Z","nsw":417,"qld":552,"sa":284,"tas":35,"vic":285,"wa":191},{"ts":"2014-01-18T01:40:00Z","nsw":435,"qld":561,"sa":287,"tas":36,"vic":291,"wa":197},{"ts":"2014-01-18T01:50:00Z","nsw":433,"qld":558,"sa":294,"tas":37,"vic":274,"wa":210},{"ts":"2014-01-18T02:00:00Z","nsw":429,"qld":572,"sa":307,"tas":38,"vic":279},{"ts":"2014-01-18T02:10:00Z","nsw":432,"qld":563,"sa":308,"tas":37,"vic":271,"wa":215},{"ts":"2014-01-18T02:20:00Z","nsw":437,"qld":587,"sa":313,"tas":37,"vic":270,"wa":221},{"ts":"2014-01-18T02:30:00Z","nsw":434,"qld":578,"sa":317,"tas":36,"vic":249,"wa":232},{"ts":"2014-01-18T02:40:00Z","nsw":437,"qld":579,"sa":318,"tas":39,"vic":250,"wa":231},{"ts":"2014-01-18T02:50:00Z","nsw":426,"qld":587,"sa":319,"tas":34,"vic":223,"wa":240},{"ts":"2014-01-18T03:00:00Z","nsw":439,"qld":597,"sa":317,"tas":38,"vic":210,"wa":239},{"ts":"2014-01-18T03:10:00Z","nsw":404,"qld":597,"sa":319,"tas":38,"vic":195,"wa":243},{"ts":"2014-01-18T03:20:00Z","nsw":420,"qld":609,"sa":319,"tas":38,"vic":193,"wa":248},{"ts":"2014-01-18T03:30:00Z","nsw":409,"qld":603,"sa":316,"tas":36,"vic":183,"wa":246},{"ts":"2014-01-18T03:40:00Z","nsw":399,"qld":616,"sa":307,"tas":38,"vic":181,"wa":247},{"ts":"2014-01-18T03:50:00Z","nsw":395,"qld":598,"sa":312,"tas":38,"vic":181,"wa":256},{"ts":"2014-01-18T04:00:00Z","nsw":398,"qld":584,"sa":310,"tas":38,"vic":190,"wa":251},{"ts":"2014-01-18T04:10:00Z","nsw":373,"qld":569,"sa":310,"tas":35,"vic":184,"wa":250},{"ts":"2014-01-18T04:20:00Z","nsw":378,"qld":557,"sa":298,"tas":36,"vic":190,"wa":255},{"ts":"2014-01-18T04:30:00Z","nsw":365,"qld":534,"sa":303,"tas":35,"vic":188,"wa":250},{"ts":"2014-01-18T04:40:00Z","nsw":354,"qld":531,"sa":290,"tas":34,"vic":188,"wa":251},{"ts":"2014-01-18T04:50:00Z","nsw":345,"qld":514,"sa":283,"tas":32,"vic":178,"wa":249},{"ts":"2014-01-18T05:00:00Z","nsw":336,"qld":497,"sa":278,"tas":32,"vic":178},{"ts":"2014-01-18T05:10:00Z","nsw":318,"qld":472,"sa":285,"tas":31,"vic":174,"wa":248},{"ts":"2014-01-18T05:20:00Z","nsw":321,"qld":453,"sa":275,"tas":30,"vic":180,"wa":247},{"ts":"2014-01-18T05:30:00Z","nsw":299,"qld":425,"sa":270,"tas":26,"vic":166,"wa":250},{"ts":"2014-01-18T05:40:00Z","nsw":279,"qld":407,"sa":256,"tas":24,"vic":149,"wa":244},{"ts":"2014-01-18T05:50:00Z","nsw":271,"qld":389,"sa":247,"tas":23,"vic":138,"wa":240},{"ts":"2014-01-18T06:00:00Z","nsw":253,"qld":361,"sa":240,"tas":23,"vic":131,"wa":244},{"ts":"2014-01-18T06:10:00Z","nsw":235,"qld":330,"sa":224,"tas":18,"vic":124,"wa":235},{"ts":"2014-01-18T06:20:00Z","nsw":225,"qld":301,"sa":218,"tas":19,"vic":126,"wa":230},{"ts":"2014-01-18T06:30:00Z","nsw":201,"qld":263,"sa":208,"tas":15,"vic":116,"wa":232},{"ts":"2014-01-18T06:40:00Z","nsw":181,"qld":241,"sa":199,"tas":15,"vic":102,"wa":225},{"ts":"2014-01-18T06:50:00Z","nsw":170,"qld":204,"sa":184,"tas":12,"vic":93,"wa":219},{"ts":"2014-01-18T07:00:00Z","nsw":146,"qld":186,"sa":172,"tas":12,"vic":85,"wa":215},{"ts":"2014-01-18T07:10:00Z","nsw":124,"qld":158,"sa":163,"tas":9,"vic":72,"wa":214},{"ts":"2014-01-18T07:20:00Z","nsw":113,"qld":133,"sa":154,"tas":10,"vic":68,"wa":204},{"ts":"2014-01-18T07:30:00Z","nsw":96,"qld":106,"sa":141,"tas":8,"vic":59,"wa":202},{"ts":"2014-01-18T07:40:00Z","nsw":76,"qld":88,"sa":124,"tas":7,"vic":54,"wa":191},{"ts":"2014-01-18T07:50:00Z","nsw":66,"qld":71,"sa":114,"tas":6,"vic":48,"wa":182},{"ts":"2014-01-18T08:00:00Z","nsw":56,"qld":56,"sa":100,"tas":4,"vic":44},{"ts":"2014-01-18T08:10:00Z","nsw":42,"qld":39,"sa":91,"tas":3,"vic":35,"wa":163},{"ts":"2014-01-18T08:20:00Z","nsw":34,"qld":25,"sa":78,"tas":3,"vic":32,"wa":157},{"ts":"2014-01-18T08:30:00Z","nsw":27,"qld":13,"sa":67,"tas":2,"vic":26,"wa":148},{"ts":"2014-01-18T08:40:00Z","nsw":20,"qld":5,"sa":53,"tas":1,"vic":19,"wa":136},{"ts":"2014-01-18T08:50:00Z","nsw":15,"qld":1,"sa":45,"tas":1,"vic":13,"wa":124},{"ts":"2014-01-18T09:00:00Z","nsw":10,"qld":1,"sa":33,"tas":0,"vic":9,"wa":113},{"ts":"2014-01-18T09:10:00Z","nsw":10,"qld":1,"sa":25,"tas":0,"vic":5,"wa":102},{"ts":"2014-01-18T09:20:00Z","nsw":6,"qld":2,"sa":18,"tas":0,"vic":4,"wa":89},{"ts":"2014-01-18T09:30:00Z","nsw":6,"qld":2,"sa":12,"tas":0,"vic":3,"wa":81},{"ts":"2014-01-18T09:40:00Z","nsw":6,"qld":2,"sa":8,"tas":0,"vic":2,"wa":71},{"ts":"2014-01-18T09:50:00Z","nsw":6,"qld":2,"sa":5,"tas":0,"vic":4,"wa":59},{"ts":"2014-01-18T10:00:00Z","nsw":6,"qld":2,"sa":2,"tas":0,"vic":1},{"ts":"2014-01-18T10:10:00Z","nsw":6,"qld":2,"sa":4,"tas":0,"vic":2,"wa":40},{"ts":"2014-01-18T10:20:00Z","nsw":7,"qld":1,"sa":2,"tas":0,"vic":0,"wa":33},{"ts":"2014-01-18T10:30:00Z","nsw":7,"qld":2,"sa":2,"tas":0,"vic":0,"wa":26},{"ts":"2014-01-18T10:40:00Z","nsw":6,"qld":1,"sa":2,"tas":0,"vic":0,"wa":20},{"ts":"2014-01-18T10:50:00Z","nsw":6,"qld":1,"sa":2,"tas":0,"vic":0,"wa":13},{"ts":"2014-01-18T11:00:00Z","nsw":6,"qld":2,"sa":2,"tas":0,"vic":1,"wa":8},{"ts":"2014-01-18T11:10:00Z","nsw":6,"qld":2,"sa":1,"tas":0,"vic":1,"wa":4},{"ts":"2014-01-18T11:20:00Z","nsw":6,"qld":1,"sa":0,"tas":0,"vic":0,"wa":2},{"ts":"2014-01-18T11:30:00Z","nsw":6,"qld":1,"sa":0,"tas":0,"vic":0,"wa":1},{"ts":"2014-01-18T11:40:00Z","nsw":6,"qld":1,"sa":1,"tas":0,"vic":0,"wa":0},{"ts":"2014-01-18T11:50:00Z","nsw":6,"qld":1,"sa":1,"tas":0,"vic":0,"wa":1}]}