{"performance":[{"ts":"2014-03-04T17:00:00Z","nsw":"0.38","nt":"0.00","qld":"0.03","sa":"0.16","tas":"0.09","vic":"0.04","wa":"0.15"},{"ts":"2014-03-04T17:10:00Z","nsw":"0.49","nt":"0.00","qld":"0.04","sa":"0.16","tas":"0.07","vic":"0.04","wa":"0.16"},{"ts":"2014-03-04T17:20:00Z","nsw":"0.51","nt":"0.00","qld":"0.05","sa":"0.16","tas":"0.07","vic":"0.04","wa":"0.14"},{"ts":"2014-03-04T17:30:00Z","nsw":"0.48","nt":"0.00","qld":"0.05","sa":"0.16","tas":"0.07","vic":"0.14","wa":"0.13"},{"ts":"2014-03-04T17:40:00Z","nsw":"0.51","nt":"0.00","qld":"0.05","sa":"0.10","tas":"0.07","vic":"0.14","wa":"0.12"},{"ts":"2014-03-04T17:50:00Z","nsw":"0.42","nt":"0.00","qld":"0.04","sa":"0.17","tas":"0.07","vic":"0.06","wa":"0.13"},{"ts":"2014-03-04T18:00:00Z","nsw":"0.42","nt":"0.00","qld":"0.04","sa":"0.17","tas":"0.07","vic":"0.15","wa":"0.12"},{"ts":"2014-03-04T18:10:00Z","nsw":"0.41","nt":"0.00","qld":"0.03","sa":"0.17","tas":"0.06","vic":"0.07","wa":"0.13"},{"ts":"2014-03-04T18:20:00Z","nsw":"0.45","nt":"0.00","qld":"0.03","sa":"0.17","tas":"0.06","vic":"0.04","wa":"0.15"},{"ts":"2014-03-04T18:30:00Z","nsw":"0.49","nt":"0.00","qld":"0.03","sa":"0.17","tas":"0.06","vic":"0.04","wa":"0.15"},{"ts":"2014-03-04T18:40:00Z","nsw":"0.52","nt":"0.00","qld":"0.04","sa":"0.16","tas":"0.06","vic":"0.11","wa":"0.14"},{"ts":"2014-03-04T18:50:00Z","nsw":"0.55","nt":"0.00","qld":"0.05","sa":"0.17","tas":"0.06","vic":"0.17","wa":"0.18"},{"ts":"2014-03-04T19:00:00Z","nsw":"0.61","nt":"0.00","qld":"0.05","sa":"0.17","tas":"0.06","vic":"0.08","wa":"0.16"},{"ts":"2014-03-04T19:10:00Z","nsw":"0.37","nt":"0.00","qld":"0.07","sa":"0.10","tas":"0.07","vic":"0.07","wa":"0.13"},{"ts":"2014-03-04T19:20:00Z","nsw":"1.07","nt":"0.00","qld":"0.06","sa":"0.16","tas":"0.06","vic":"0.30","wa":"0.14"},{"ts":"2014-03-04T19:30:00Z","nsw":"1.56","qld":"0.06","sa":"0.12","tas":"0.06","vic":"0.15","wa":"0.13"},{"ts":"2014-03-04T19:40:00Z","nsw":"0.76","nt":"0.00","qld":"0.03","sa":"0.16","tas":"0.06","vic":"0.06","wa":"0.05"},{"ts":"2014-03-04T19:50:00Z","nsw":"0.34","nt":"0.00","qld":"0.09","sa":"0.16","tas":"0.04","vic":"0.07","wa":"0.15"},{"ts":"2014-03-04T20:00:00Z","nsw":"1.61","nt":"0.00","qld":"0.42","sa":"0.14","tas":"0.04","vic":"0.18","wa":"0.14"},{"ts":"2014-03-04T20:10:00Z","nsw":"2.31","nt":"0.00","qld":"0.85","sa":"0.14","tas":"0.04","vic":"0.09","wa":"0.15"},{"ts":"2014-03-04T20:20:00Z","nsw":"2.29","nt":"0.00","qld":"1.25","sa":"0.15","tas":"0.32","vic":"0.35","wa":"0.14"},{"ts":"2014-03-04T20:30:00Z","nsw":"3.21","nt":"0.00","qld":"2.07","sa":"0.14","tas":"0.99","vic":"0.84","wa":"0.14"},{"ts":"2014-03-04T20:40:00Z","nsw":"4.96","nt":"0.00","qld":"3.22","sa":"0.12","tas":"2.95","vic":"1.52","wa":"0.14"},{"ts":"2014-03-04T20:50:00Z","nsw":"5.97","nt":"0.00","qld":"4.35","sa":"0.60","tas":"4.33","vic":"2.49","wa":"0.13"},{"ts":"2014-03-04T21:00:00Z","nsw":"8.42","nt":"0.00","qld":"5.66","sa":"1.39","tas":"6.37","vic":"3.88","wa":"0.12"},{"ts":"2014-03-04T21:10:00Z","nsw":"10.48","nt":"0.00","qld":"7.00","sa":"2.57","tas":"6.91","vic":"5.27","wa":"0.13"},{"ts":"2014-03-04T21:20:00Z","nsw":"12.82","nt":"0.00","qld":"8.59","sa":"3.60","tas":"8.88","vic":"7.18","wa":"0.14"},{"ts":"2014-03-04T21:30:00Z","nsw":"15.26","nt":"0.26","qld":"10.76","sa":"5.09","tas":"8.28","vic":"8.20","wa":"0.14"},{"ts":"2014-03-04T21:40:00Z","nsw":"17.55","nt":"1.75","qld":"14.09","sa":"7.36","tas":"15.05","vic":"9.07","wa":"0.15"},{"ts":"2014-03-04T21:50:00Z","nsw":"20.52","nt":"2.91","qld":"18.02","sa":"9.13","tas":"17.33","vic":"8.38","wa":"0.15"},{"ts":"2014-03-04T22:00:00Z","nsw":"23.54","nt":"3.49","qld":"20.31","sa":"11.67","tas":"21.68","vic":"7.77","wa":"0.14"},{"ts":"2014-03-04T22:10:00Z","nsw":"24.38","nt":"6.05","qld":"21.54","sa":"15.29","tas":"19.31","vic":"6.99","wa":"0.15"},{"ts":"2014-03-04T22:20:00Z","nsw":"27.68","nt":"9.18","qld":"24.29","sa":"17.31","tas":"23.34","vic":"7.03","wa":"0.42"},{"ts":"2014-03-04T22:30:00Z","nsw":"31.73","nt":"10.56","qld":"24.41","sa":"20.26","tas":"22.47","vic":"8.33","wa":"1.46"},{"ts":"2014-03-04T22:40:00Z","nsw":"33.98","nt":"14.02","qld":"24.85","sa":"21.61","tas":"22.38","vic":"8.11","wa":"2.79"},{"ts":"2014-03-04T22:50:00Z","nsw":"38.33","nt":"15.99","qld":"24.60","sa":"24.30","tas":"22.42","vic":"8.34","wa":"4.06"},{"ts":"2014-03-04T23:00:00Z","nsw":"40.05","nt":"15.68","qld":"26.93","sa":"28.51","tas":"32.51","vic":"10.48","wa":"6.20"},{"ts":"2014-03-04T23:10:00Z","nsw":"41.01","nt":"24.96","qld":"26.60","sa":"30.65","tas":"31.36","vic":"9.47","wa":"8.23"},{"ts":"2014-03-04T23:20:00Z","nsw":"43.18","nt":"31.50","qld":"28.85","sa":"33.62","tas":"32.51","vic":"9.97","wa":"10.52"},{"ts":"2014-03-04T23:30:00Z","nsw":"44.04","nt":"28.61","qld":"30.98","sa":"36.12","tas":"32.89","vic":"12.30","wa":"12.96"},{"ts":"2014-03-04T23:40:00Z","nsw":"49.64","nt":"37.51","qld":"33.90","sa":"38.65","tas":"37.85","vic":"12.90","wa":"15.04"},{"ts":"2014-03-04T23:50:00Z","nsw":"48.63","nt":"35.29","qld":"36.34","sa":"42.35","tas":"37.99","vic":"13.78","wa":"16.71"},{"ts":"2014-03-05T00:00:00Z","nsw":"54.61","nt":"36.26","qld":"39.11","sa":"43.98","tas":"41.06","vic":"16.07","wa":"20.37"},{"ts":"2014-03-05T00:10:00Z","nsw":"53.74","nt":"34.95","qld":"43.00","sa":"46.93","tas":"40.69","vic":"13.98","wa":"23.82"},{"ts":"2014-03-05T00:20:00Z","nsw":"57.24","nt":"28.01","qld":"49.03","sa":"50.26","tas":"46.05","vic":"15.42","wa":"27.75"},{"ts":"2014-03-05T00:30:00Z","nsw":"56.30","nt":"44.51","qld":"49.48","sa":"50.69","tas":"48.46","vic":"16.00","wa":"31.68"},{"ts":"2014-03-05T00:40:00Z","nsw":"59.53","nt":"32.15","qld":"51.91","sa":"55.10","tas":"60.67","vic":"15.12","wa":"33.61"},{"ts":"2014-03-05T00:50:00Z","nsw":"59.74","nt":"50.73","qld":"49.62","sa":"56.89","tas":"52.02","vic":"14.22","wa":"38.36"},{"ts":"2014-03-05T01:00:00Z","nsw":"58.55","nt":"43.11","qld":"48.64","sa":"56.03","tas":"61.84","vic":"16.60","wa":"42.45"},{"ts":"2014-03-05T01:10:00Z","nsw":"58.05","nt":"64.42","qld":"42.91","sa":"62.54","tas":"56.70","vic":"14.52","wa":"45.41"},{"ts":"2014-03-05T01:20:00Z","nsw":"61.84","nt":"63.15","qld":"38.51","sa":"60.63","tas":"70.52","vic":"16.61","wa":"48.04"},{"ts":"2014-03-05T01:30:00Z","nsw":"59.71","nt":"58.68","qld":"36.22","sa":"65.04","tas":"63.82","vic":"16.80","wa":"50.28"},{"ts":"2014-03-05T01:40:00Z","nsw":"60.59","nt":"52.24","qld":"35.05","sa":"63.50","tas":"74.12","vic":"16.87","wa":"53.48"},{"ts":"2014-03-05T01:50:00Z","nsw":"62.81","nt":"47.66","qld":"33.86","sa":"63.81","tas":"66.86","vic":"16.35","wa":"56.38"},{"ts":"2014-03-05T02:00:00Z","nsw":"63.46","nt":"60.78","qld":"33.60","sa":"63.20","tas":"75.59","vic":"17.84","wa":"58.78"},{"ts":"2014-03-05T02:10:00Z","nsw":"57.12","nt":"58.17","qld":"32.06","sa":"69.58","tas":"69.00","vic":"16.05","wa":"60.93"},{"ts":"2014-03-05T02:20:00Z","nsw":"61.90","nt":"80.28","qld":"33.24","sa":"65.26","tas":"75.18","vic":"16.07","wa":"62.16"},{"ts":"2014-03-05T02:30:00Z","nsw":"58.85","nt":"63.53","qld":"38.92","sa":"72.43","tas":"66.16","vic":"16.90","wa":"62.32"},{"ts":"2014-03-05T02:40:00Z","nsw":"59.98","nt":"80.10","qld":"41.97","sa":"65.78","tas":"76.54","vic":"16.83","wa":"63.88"},{"ts":"2014-03-05T02:50:00Z","nsw":"57.70","nt":"55.89","qld":"42.89","sa":"67.45","tas":"70.70","vic":"16.74","wa":"66.47"},{"ts":"2014-03-05T03:00:00Z","nsw":"56.50","nt":"52.41","qld":"47.43","sa":"68.95","tas":"73.55","vic":"18.81","wa":"67.65"},{"ts":"2014-03-05T03:10:00Z","nsw":"51.02","nt":"70.51","qld":"47.92","sa":"68.92","tas":"74.36","vic":"15.63","wa":"69.11"},{"ts":"2014-03-05T03:20:00Z","nsw":"50.42","nt":"63.12","qld":"53.35","sa":"65.41","tas":"77.11","vic":"17.02","wa":"68.06"},{"ts":"2014-03-05T03:30:00Z","nsw":"53.65","nt":"55.84","qld":"52.87","sa":"67.63","tas":"73.91","vic":"18.02","wa":"70.51"},{"ts":"2014-03-05T03:40:00Z","nsw":"51.92","nt":"69.27","qld":"54.15","sa":"64.79","tas":"73.19","vic":"17.87","wa":"70.58"},{"ts":"2014-03-05T03:50:00Z","nsw":"42.98","nt":"58.65","qld":"49.48","sa":"69.58","tas":"68.81","vic":"17.72","wa":"70.92"},{"ts":"2014-03-05T04:00:00Z","nsw":"44.30","nt":"48.48","qld":"50.36","sa":"64.69","tas":"68.86","vic":"19.93","wa":"72.52"},{"ts":"2014-03-05T04:10:00Z","nsw":"37.30","nt":"53.27","qld":"49.25","sa":"69.47","tas":"65.22","vic":"15.96","wa":"71.91"},{"ts":"2014-03-05T04:20:00Z","nsw":"35.51","nt":"49.46","qld":"47.63","sa":"62.75","tas":"66.62","vic":"15.93","wa":"71.98"},{"ts":"2014-03-05T04:30:00Z","nsw":"35.39","nt":"57.81","qld":"46.19","sa":"67.34","tas":"63.32","vic":"17.88","wa":"72.14"},{"ts":"2014-03-05T04:40:00Z","nsw":"32.25","nt":"61.55","qld":"44.39","sa":"62.58","tas":"64.40","vic":"15.82","wa":"69.16"},{"ts":"2014-03-05T04:50:00Z","nsw":"31.20","nt":"40.59","qld":"42.46","sa":"64.80","tas":"60.09","vic":"15.12","wa":"71.95"},{"ts":"2014-03-05T05:00:00Z","nsw":"30.56","nt":"39.33","qld":"42.59","sa":"61.30","tas":"56.83","vic":"15.56","wa":"71.67"},{"ts":"2014-03-05T05:10:00Z","nsw":"27.89","nt":"53.46","qld":"40.21","sa":"63.00","tas":"54.09","vic":"12.89","wa":"71.56"},{"ts":"2014-03-05T05:20:00Z","nsw":"26.07","nt":"52.12","qld":"38.36","sa":"58.87","tas":"54.53","vic":"13.27","wa":"68.68"},{"ts":"2014-03-05T05:30:00Z","nsw":"27.11","nt":"46.98","qld":"34.86","sa":"59.97","tas":"46.13","vic":"13.86","wa":"69.21"},{"ts":"2014-03-05T05:40:00Z","nsw":"25.16","nt":"65.84","qld":"34.58","sa":"55.56","tas":"47.13","vic":"13.20","wa":"69.78"},{"ts":"2014-03-05T05:50:00Z","nsw":"21.57","nt":"61.68","qld":"32.34","sa":"52.34","tas":"41.07","vic":"12.00","wa":"67.66"},{"ts":"2014-03-05T06:00:00Z","nsw":"18.52","nt":"30.75","qld":"30.31","sa":"50.70","tas":"41.11","vic":"13.34","wa":"67.20"},{"ts":"2014-03-05T06:10:00Z","nsw":"18.53","nt":"19.23","qld":"26.69","sa":"47.47","tas":"36.81","vic":"10.29","wa":"65.51"},{"ts":"2014-03-05T06:20:00Z","nsw":"17.76","nt":"18.91","qld":"24.17","sa":"44.74","tas":"35.14","vic":"10.15","wa":"65.89"},{"ts":"2014-03-05T06:30:00Z","nsw":"13.86","nt":"20.01","qld":"20.54","sa":"42.81","tas":"28.97","vic":"10.34","wa":"64.47"},{"ts":"2014-03-05T06:40:00Z","nsw":"13.59","nt":"40.19","qld":"17.94","sa":"39.36","tas":"27.74","vic":"9.08","wa":"61.81"},{"ts":"2014-03-05T06:50:00Z","nsw":"10.38","nt":"31.95","qld":"16.58","sa":"37.17","tas":"22.84","vic":"8.00","wa":"61.21"},{"ts":"2014-03-05T07:00:00Z","nsw":"7.52","nt":"14.08","qld":"13.64","sa":"33.36","tas":"19.49","vic":"8.71","wa":"59.37"},{"ts":"2014-03-05T07:10:00Z","nsw":"7.55","nt":"12.48","qld":"10.96","sa":"31.50","tas":"16.26","vic":"6.50","wa":"57.50"},{"ts":"2014-03-05T07:20:00Z","nsw":"6.99","nt":"26.69","qld":"8.72","sa":"28.72","tas":"14.72","vic":"6.27","wa":"54.24"},{"ts":"2014-03-05T07:30:00Z","nsw":"4.75","nt":"21.52","qld":"6.79","sa":"25.22","tas":"10.87","vic":"5.83","wa":"53.03"},{"ts":"2014-03-05T07:40:00Z","nsw":"4.55","nt":"23.81","qld":"4.54","sa":"22.39","tas":"9.62","vic":"4.85","wa":"50.87"},{"ts":"2014-03-05T07:50:00Z","nsw":"3.85","nt":"17.53","qld":"2.92","sa":"18.91","tas":"8.04","vic":"3.79","wa":"48.17"},{"ts":"2014-03-05T08:00:00Z","nsw":"2.36","nt":"20.22","qld":"1.80","sa":"15.86","tas":"6.56","vic":"3.89","wa":"45.37"},{"ts":"2014-03-05T08:10:00Z","nsw":"2.29","nt":"9.21","qld":"0.68","sa":"13.59","tas":"5.15","vic":"2.35","wa":"42.22"},{"ts":"2014-03-05T08:20:00Z","nsw":"1.81","nt":"5.65","qld":"0.34","sa":"10.95","tas":"3.16","vic":"1.75","wa":"38.65"},{"ts":"2014-03-05T08:30:00Z","nsw":"1.51","nt":"8.10","qld":"0.28","sa":"8.41","tas":"2.20","vic":"1.33","wa":"36.02"},{"ts":"2014-03-05T08:40:00Z","nsw":"0.88","nt":"2.41","qld":"0.37","sa":"5.97","tas":"1.65","vic":"0.79","wa":"33.65"},{"ts":"2014-03-05T08:50:00Z","nsw":"0.56","nt":"3.25","qld":"0.40","sa":"4.06","tas":"1.50","vic":"0.52","wa":"29.26"},{"ts":"2014-03-05T09:00:00Z","nsw":"0.55","nt":"3.44","qld":"0.35","sa":"2.17","tas":"2.03","vic":"0.46","wa":"26.71"},{"ts":"2014-03-05T09:10:00Z","nsw":"0.58","nt":"3.01","qld":"0.16","sa":"0.98","tas":"2.84","vic":"0.89","wa":"22.52"},{"ts":"2014-03-05T09:20:00Z","nsw":"1.42","nt":"1.68","qld":"0.19","sa":"0.56","tas":"3.93","vic":"0.63","wa":"19.02"},{"ts":"2014-03-05T09:30:00Z","nsw":"1.72","nt":"1.45","qld":"0.20","sa":"0.57","tas":"4.24","vic":"0.24","wa":"15.87"},{"ts":"2014-03-05T09:40:00Z","nsw":"1.54","nt":"0.76","qld":"0.26","sa":"0.65","tas":"5.72","vic":"0.09","wa":"13.48"},{"ts":"2014-03-05T09:50:00Z","nsw":"1.75","nt":"0.76","qld":"0.26","sa":"0.60","tas":"5.72","vic":"0.19","wa":"10.94"},{"ts":"2014-03-05T10:00:00Z","nsw":"1.72","nt":"0.76","qld":"0.24","sa":"0.59","tas":"5.71","vic":"0.28","wa":"8.14"},{"ts":"2014-03-05T10:10:00Z","nsw":"0.64","nt":"0.55","qld":"0.29","sa":"0.67","tas":"5.28","vic":"0.11","wa":"6.08"},{"ts":"2014-03-05T10:20:00Z","nsw":"0.64","nt":"1.00","qld":"0.26","sa":"0.69","tas":"5.28","vic":"0.18","wa":"4.36"},{"ts":"2014-03-05T10:30:00Z","nsw":"0.64","nt":"0.58","qld":"0.16","sa":"0.24","tas":"5.28","vic":"0.07","wa":"1.97"},{"ts":"2014-03-05T10:40:00Z","nsw":"0.60","nt":"0.58","qld":"0.17","sa":"0.19","tas":"5.72","vic":"0.19","wa":"1.44"},{"ts":"2014-03-05T10:50:00Z","nsw":"1.84","nt":"0.58","qld":"0.18","sa":"0.22","tas":"5.72","vic":"0.10","wa":"1.15"},{"ts":"2014-03-05T11:00:00Z","nsw":"1.69","nt":"0.79","qld":"0.18","sa":"0.19","tas":"5.72","vic":"0.09","wa":"1.13"},{"ts":"2014-03-05T11:10:00Z","nsw":"1.77","nt":"0.81","qld":"0.25","sa":"0.20","tas":"5.72","vic":"0.09","wa":"1.45"},{"ts":"2014-03-05T11:20:00Z","nsw":"1.71","nt":"1.15","qld":"0.24","sa":"0.20","tas":"5.72","vic":"0.10","wa":"1.62"},{"ts":"2014-03-05T11:30:00Z","nsw":"1.67","nt":"1.15","qld":"0.25","sa":"0.20","tas":"5.71","vic":"0.22","wa":"1.81"},{"ts":"2014-03-05T11:40:00Z","nsw":"0.53","nt":"1.15","qld":"0.25","sa":"0.20","tas":"5.71","vic":"0.09","wa":"2.10"},{"ts":"2014-03-05T11:50:00Z","nsw":"0.52","nt":"1.00","qld":"0.29","sa":"0.19","tas":"5.72","vic":"0.82","wa":"2.32"}],"contribution":[{"ts":"2014-03-04T17:00:00Z","nsw":"0.04","qld":"0.01","sa":"0.06","tas":"0.00","vic":"0.01"},{"ts":"2014-03-04T17:10:00Z","nsw":"0.05","qld":"0.01","sa":"0.06","tas":"0.00","vic":"0.00","wa":"0.03"},{"ts":"2014-03-04T17:20:00Z","nsw":"0.05","qld":"0.01","sa":"0.06","tas":"0.00","vic":"0.00","wa":"0.03"},{"ts":"2014-03-04T17:30:00Z","nsw":"0.05","qld":"0.01","sa":"0.06","tas":"0.00","vic":"0.02","wa":"0.03"},{"ts":"2014-03-04T17:40:00Z","nsw":"0.05","qld":"0.01","sa":"0.04","tas":"0.00","vic":"0.02"},{"ts":"2014-03-04T17:50:00Z","nsw":"0.04","qld":"0.01","sa":"0.06","tas":"0.00","vic":"0.01","wa":"0.03"},{"ts":"2014-03-04T18:00:00Z","nsw":"0.04","qld":"0.01","sa":"0.06","tas":"0.00","vic":"0.02","wa":"0.02"},{"ts":"2014-03-04T18:10:00Z","nsw":"0.04","qld":"0.01","sa":"0.06","tas":"0.00","vic":"0.01","wa":"0.03"},{"ts":"2014-03-04T18:20:00Z","nsw":"0.05","qld":"0.01","sa":"0.06","tas":"0.00","vic":"0.00","wa":"0.03"},{"ts":"2014-03-04T18:30:00Z","nsw":"0.05","qld":"0.01","sa":"0.06","tas":"0.00","vic":"0.00","wa":"0.03"},{"ts":"2014-03-04T18:40:00Z","nsw":"0.05","qld":"0.01","sa":"0.06","tas":"0.00","vic":"0.01","wa":"0.03"},{"ts":"2014-03-04T18:50:00Z","nsw":"0.05","qld":"0.01","sa":"0.06","tas":"0.00","vic":"0.02","wa":"0.04"},{"ts":"2014-03-04T19:00:00Z","nsw":"0.06","qld":"0.01","sa":"0.06","tas":"0.00","vic":"0.01"},{"ts":"2014-03-04T19:10:00Z","nsw":"0.03","qld":"0.01","sa":"0.04","tas":"0.00","vic":"0.01","wa":"0.03"},{"ts":"2014-03-04T19:20:00Z","nsw":"0.10","qld":"0.01","sa":"0.06","tas":"0.00","vic":"0.03","wa":"0.03"},{"ts":"2014-03-04T19:30:00Z","nsw":"0.14","qld":"0.01","sa":"0.04","tas":"0.00","vic":"0.01","wa":"0.03"},{"ts":"2014-03-04T19:40:00Z","nsw":"0.07","qld":"0.01","sa":"0.05","tas":"0.00","vic":"0.01","wa":"0.01"},{"ts":"2014-03-04T19:50:00Z","nsw":"0.03","qld":"0.02","sa":"0.05","tas":"0.00","vic":"0.01","wa":"0.03"},{"ts":"2014-03-04T20:00:00Z","nsw":"0.14","qld":"0.08","sa":"0.04","tas":"0.00","vic":"0.02","wa":"0.03"},{"ts":"2014-03-04T20:10:00Z","nsw":"0.19","qld":"0.16","sa":"0.04","tas":"0.00","vic":"0.01","wa":"0.03"},{"ts":"2014-03-04T20:20:00Z","nsw":"0.19","qld":"0.22","sa":"0.04","tas":"0.02","vic":"0.03","wa":"0.03"},{"ts":"2014-03-04T20:30:00Z","nsw":"0.26","qld":"0.36","sa":"0.04","tas":"0.05","vic":"0.07","wa":"0.03"},{"ts":"2014-03-04T20:40:00Z","nsw":"0.39","qld":"0.55","sa":"0.04","tas":"0.13","vic":"0.12","wa":"0.03"},{"ts":"2014-03-04T20:50:00Z","nsw":"0.47","qld":"0.72","sa":"0.18","tas":"0.19","vic":"0.20","wa":"0.03"},{"ts":"2014-03-04T21:00:00Z","nsw":"0.65","qld":"0.92","sa":"0.40","tas":"0.28","vic":"0.31","wa":"0.02"},{"ts":"2014-03-04T21:10:00Z","nsw":"0.81","qld":"1.11","sa":"0.73","tas":"0.31","vic":"0.42","wa":"0.02"},{"ts":"2014-03-04T21:20:00Z","nsw":"0.99","qld":"1.37","sa":"1.01","tas":"0.40","vic":"0.57","wa":"0.03"},{"ts":"2014-03-04T21:30:00Z","nsw":"1.17","qld":"1.68","sa":"1.45","tas":"0.38","vic":"0.66","wa":"0.03"},{"ts":"2014-03-04T21:40:00Z","nsw":"1.33","qld":"2.18","sa":"2.10","tas":"0.69","vic":"0.73","wa":"0.03"},{"ts":"2014-03-04T21:50:00Z","nsw":"1.55","qld":"2.77","sa":"2.58","tas":"0.80","vic":"0.67","wa":"0.03"},{"ts":"2014-03-04T22:00:00Z","nsw":"1.76","qld":"3.09","sa":"3.35","tas":"0.99","vic":"0.62"},{"ts":"2014-03-04T22:10:00Z","nsw":"1.80","qld":"3.29","sa":"4.30","tas":"0.90","vic":"0.55","wa":"0.03"},{"ts":"2014-03-04T22:20:00Z","nsw":"2.04","qld":"3.72","sa":"4.83","tas":"1.06","vic":"0.55","wa":"0.07"},{"ts":"2014-03-04T22:30:00Z","nsw":"2.33","qld":"3.73","sa":"5.53","tas":"1.03","vic":"0.65","wa":"0.25"},{"ts":"2014-03-04T22:40:00Z","nsw":"2.48","qld":"3.78","sa":"5.95","tas":"1.04","vic":"0.63","wa":"0.46"},{"ts":"2014-03-04T22:50:00Z","nsw":"2.76","qld":"3.77","sa":"6.71","tas":"1.04","vic":"0.65","wa":"0.67"},{"ts":"2014-03-04T23:00:00Z","nsw":"2.89","qld":"4.11","sa":"7.79","tas":"1.53","vic":"0.82","wa":"1.00"},{"ts":"2014-03-04T23:10:00Z","nsw":"2.94","qld":"4.06","sa":"8.51","tas":"1.54","vic":"0.74","wa":"1.31"},{"ts":"2014-03-04T23:20:00Z","nsw":"3.09","qld":"4.36","sa":"9.30","tas":"1.59","vic":"0.79","wa":"1.66"},{"ts":"2014-03-04T23:30:00Z","nsw":"3.15","qld":"4.63","sa":"9.85","tas":"1.58","vic":"0.97","wa":"1.96"},{"ts":"2014-03-04T23:40:00Z","nsw":"3.54","qld":"5.07","sa":"10.58","tas":"1.84","vic":"1.01","wa":"2.26"},{"ts":"2014-03-04T23:50:00Z","nsw":"3.48","qld":"5.44","sa":"11.57","tas":"1.86","vic":"1.08","wa":"2.51"},{"ts":"2014-03-05T00:00:00Z","nsw":"3.89","qld":"5.82","sa":"11.85","tas":"2.01","vic":"1.26"},{"ts":"2014-03-05T00:10:00Z","nsw":"3.81","qld":"6.39","sa":"12.54","tas":"1.95","vic":"1.10","wa":"3.58"},{"ts":"2014-03-05T00:20:00Z","nsw":"4.05","qld":"7.20","sa":"13.33","tas":"2.23","vic":"1.20","wa":"4.13"},{"ts":"2014-03-05T00:30:00Z","nsw":"3.97","qld":"7.33","sa":"13.46","tas":"2.33","vic":"1.25","wa":"4.71"},{"ts":"2014-03-05T00:40:00Z","nsw":"4.19","qld":"7.61","sa":"14.45","tas":"2.91","vic":"1.19","wa":"4.98"},{"ts":"2014-03-05T00:50:00Z","nsw":"4.16","qld":"7.27","sa":"14.68","tas":"2.52","vic":"1.11","wa":"5.64"},{"ts":"2014-03-05T01:00:00Z","nsw":"4.11","qld":"7.13","sa":"14.71","tas":"2.98","vic":"1.31"},{"ts":"2014-03-05T01:10:00Z","nsw":"4.06","qld":"6.27","sa":"16.14","tas":"2.80","vic":"1.15","wa":"6.57"},{"ts":"2014-03-05T01:20:00Z","nsw":"4.27","qld":"5.69","sa":"15.68","tas":"3.43","vic":"1.32","wa":"6.92"},{"ts":"2014-03-05T01:30:00Z","nsw":"4.14","qld":"5.33","sa":"16.63","tas":"3.10","vic":"1.33","wa":"7.17"},{"ts":"2014-03-05T01:40:00Z","nsw":"4.23","qld":"5.17","sa":"16.37","tas":"3.65","vic":"1.33","wa":"7.58"},{"ts":"2014-03-05T01:50:00Z","nsw":"4.35","qld":"4.94","sa":"16.56","tas":"3.27","vic":"1.30","wa":"7.95"},{"ts":"2014-03-05T02:00:00Z","nsw":"4.43","qld":"4.91","sa":"16.37","tas":"3.66","vic":"1.42"},{"ts":"2014-03-05T02:10:00Z","nsw":"3.96","qld":"4.72","sa":"17.58","tas":"3.32","vic":"1.28","wa":"8.46"},{"ts":"2014-03-05T02:20:00Z","nsw":"4.27","qld":"4.91","sa":"16.89","tas":"3.50","vic":"1.27","wa":"8.60"},{"ts":"2014-03-05T02:30:00Z","nsw":"4.09","qld":"5.65","sa":"18.48","tas":"3.15","vic":"1.35","wa":"8.56"},{"ts":"2014-03-05T02:40:00Z","nsw":"4.12","qld":"6.11","sa":"17.08","tas":"3.61","vic":"1.34","wa":"8.74"},{"ts":"2014-03-05T02:50:00Z","nsw":"3.94","qld":"6.26","sa":"17.43","tas":"3.33","vic":"1.34","wa":"9.06"},{"ts":"2014-03-05T03:00:00Z","nsw":"3.88","qld":"6.94","sa":"17.54","tas":"3.47","vic":"1.51"},{"ts":"2014-03-05T03:10:00Z","nsw":"3.48","qld":"6.92","sa":"17.50","tas":"3.51","vic":"1.26","wa":"9.48"},{"ts":"2014-03-05T03:20:00Z","nsw":"3.43","qld":"7.66","sa":"16.77","tas":"3.72","vic":"1.37","wa":"9.32"},{"ts":"2014-03-05T03:30:00Z","nsw":"3.61","qld":"7.66","sa":"17.76","tas":"3.50","vic":"1.45","wa":"9.39"},{"ts":"2014-03-05T03:40:00Z","nsw":"3.52","qld":"7.81","sa":"17.11","tas":"3.49","vic":"1.44","wa":"9.43"},{"ts":"2014-03-05T03:50:00Z","nsw":"2.92","qld":"7.17","sa":"18.14","tas":"3.31","vic":"1.43","wa":"9.47"},{"ts":"2014-03-05T04:00:00Z","nsw":"2.99","qld":"7.32","sa":"17.49","tas":"3.29","vic":"1.61"},{"ts":"2014-03-05T04:10:00Z","nsw":"2.55","qld":"7.11","sa":"18.07","tas":"3.08","vic":"1.29","wa":"9.39"},{"ts":"2014-03-05T04:20:00Z","nsw":"2.42","qld":"6.86","sa":"16.61","tas":"3.11","vic":"1.29","wa":"9.42"},{"ts":"2014-03-05T04:30:00Z","nsw":"2.41","qld":"6.65","sa":"17.55","tas":"2.99","vic":"1.45","wa":"9.35"},{"ts":"2014-03-05T04:40:00Z","nsw":"2.20","qld":"6.38","sa":"16.49","tas":"3.03","vic":"1.29","wa":"8.97"},{"ts":"2014-03-05T04:50:00Z","nsw":"2.13","qld":"6.15","sa":"17.19","tas":"2.88","vic":"1.23","wa":"9.25"},{"ts":"2014-03-05T05:00:00Z","nsw":"2.09","qld":"6.19","sa":"16.36","tas":"2.67","vic":"1.27"},{"ts":"2014-03-05T05:10:00Z","nsw":"1.91","qld":"5.86","sa":"16.67","tas":"2.57","vic":"1.06","wa":"9.07"},{"ts":"2014-03-05T05:20:00Z","nsw":"1.78","qld":"5.57","sa":"15.53","tas":"2.56","vic":"1.09","wa":"8.71"},{"ts":"2014-03-05T05:30:00Z","nsw":"1.85","qld":"5.09","sa":"15.85","tas":"2.17","vic":"1.13","wa":"8.64"},{"ts":"2014-03-05T05:40:00Z","nsw":"1.73","qld":"4.97","sa":"14.77","tas":"2.21","vic":"1.09","wa":"8.68"},{"ts":"2014-03-05T05:50:00Z","nsw":"1.49","qld":"4.66","sa":"13.96","tas":"1.96","vic":"0.99","wa":"8.40"},{"ts":"2014-03-05T06:00:00Z","nsw":"1.28","qld":"4.40","sa":"13.62","tas":"1.94","vic":"1.10"},{"ts":"2014-03-05T06:10:00Z","nsw":"1.28","qld":"3.90","sa":"12.83","tas":"1.75","vic":"0.85","wa":"8.03"},{"ts":"2014-03-05T06:20:00Z","nsw":"1.23","qld":"3.49","sa":"12.13","tas":"1.66","vic":"0.84","wa":"8.07"},{"ts":"2014-03-05T06:30:00Z","nsw":"0.97","qld":"2.93","sa":"11.60","tas":"1.37","vic":"0.86","wa":"7.89"},{"ts":"2014-03-05T06:40:00Z","nsw":"0.95","qld":"2.60","sa":"10.80","tas":"1.32","vic":"0.76","wa":"7.55"},{"ts":"2014-03-05T06:50:00Z","nsw":"0.73","qld":"2.39","sa":"10.28","tas":"1.07","vic":"0.67","wa":"7.47"},{"ts":"2014-03-05T07:00:00Z","nsw":"0.54","qld":"1.97","sa":"9.22","tas":"0.89","vic":"0.73"},{"ts":"2014-03-05T07:10:00Z","nsw":"0.55","qld":"1.59","sa":"8.81","tas":"0.74","vic":"0.55","wa":"7.10"},{"ts":"2014-03-05T07:20:00Z","nsw":"0.50","qld":"1.27","sa":"8.00","tas":"0.67","vic":"0.54","wa":"6.67"},{"ts":"2014-03-05T07:30:00Z","nsw":"0.35","qld":"0.99","sa":"7.16","tas":"0.51","vic":"0.50","wa":"6.38"},{"ts":"2014-03-05T07:40:00Z","nsw":"0.33","qld":"0.67","sa":"6.51","tas":"0.45","vic":"0.42","wa":"6.11"},{"ts":"2014-03-05T07:50:00Z","nsw":"0.28","qld":"0.43","sa":"5.41","tas":"0.38","vic":"0.34","wa":"5.78"},{"ts":"2014-03-05T08:00:00Z","nsw":"0.17","qld":"0.27","sa":"4.55","tas":"0.31","vic":"0.34"},{"ts":"2014-03-05T08:10:00Z","nsw":"0.17","qld":"0.10","sa":"3.94","tas":"0.24","vic":"0.21","wa":"5.05"},{"ts":"2014-03-05T08:20:00Z","nsw":"0.14","qld":"0.05","sa":"3.31","tas":"0.15","vic":"0.16","wa":"4.63"},{"ts":"2014-03-05T08:30:00Z","nsw":"0.11","qld":"0.04","sa":"2.45","tas":"0.10","vic":"0.12","wa":"4.26"},{"ts":"2014-03-05T08:40:00Z","nsw":"0.07","qld":"0.05","sa":"1.71","tas":"0.08","vic":"0.07","wa":"3.99"},{"ts":"2014-03-05T08:50:00Z","nsw":"0.04","qld":"0.06","sa":"1.20","tas":"0.07","vic":"0.05","wa":"3.50"},{"ts":"2014-03-05T09:00:00Z","nsw":"0.04","qld":"0.05","sa":"0.64","tas":"0.09","vic":"0.04"},{"ts":"2014-03-05T09:10:00Z","nsw":"0.04","qld":"0.02","sa":"0.29","tas":"0.13","vic":"0.08","wa":"2.69"},{"ts":"2014-03-05T09:20:00Z","nsw":"0.11","qld":"0.03","sa":"0.16","tas":"0.18","vic":"0.06","wa":"2.28"},{"ts":"2014-03-05T09:30:00Z","nsw":"0.13","qld":"0.03","sa":"0.17","tas":"0.19","vic":"0.02","wa":"1.92"},{"ts":"2014-03-05T09:40:00Z","nsw":"0.12","qld":"0.04","sa":"0.19","tas":"0.26","vic":"0.01"},{"ts":"2014-03-05T09:50:00Z","nsw":"0.13","qld":"0.04","sa":"0.17","tas":"0.26","vic":"0.02","wa":"1.34"},{"ts":"2014-03-05T10:00:00Z","nsw":"0.13","qld":"0.04","sa":"0.17","tas":"0.26","vic":"0.03"},{"ts":"2014-03-05T10:10:00Z","nsw":"0.05","qld":"0.04","sa":"0.20","tas":"0.24","vic":"0.01","wa":"0.76"},{"ts":"2014-03-05T10:20:00Z","nsw":"0.05","qld":"0.04","sa":"0.20","tas":"0.24","vic":"0.02","wa":"0.55"},{"ts":"2014-03-05T10:30:00Z","nsw":"0.05","qld":"0.03","sa":"0.07","tas":"0.24","vic":"0.01","wa":"0.25"},{"ts":"2014-03-05T10:40:00Z","nsw":"0.05","qld":"0.03","sa":"0.06","tas":"0.26","vic":"0.02","wa":"0.18"},{"ts":"2014-03-05T10:50:00Z","nsw":"0.15","qld":"0.03","sa":"0.07","tas":"0.26","vic":"0.01","wa":"0.15"},{"ts":"2014-03-05T11:00:00Z","nsw":"0.14","qld":"0.03","sa":"0.06","tas":"0.26","vic":"0.01"},{"ts":"2014-03-05T11:10:00Z","nsw":"0.14","qld":"0.04","sa":"0.06","tas":"0.26","vic":"0.01","wa":"0.18"},{"ts":"2014-03-05T11:20:00Z","nsw":"0.14","qld":"0.04","sa":"0.06","tas":"0.26","vic":"0.01","wa":"0.20"},{"ts":"2014-03-05T11:30:00Z","nsw":"0.14","qld":"0.04","sa":"0.06","tas":"0.26","vic":"0.02","wa":"0.23"},{"ts":"2014-03-05T11:40:00Z","nsw":"0.04","qld":"0.04","sa":"0.06","tas":"0.26","vic":"0.01","wa":"0.27"},{"ts":"2014-03-05T11:50:00Z","nsw":"0.04","qld":"0.05","sa":"0.06","tas":"0.26","vic":"0.09","wa":"0.30"}],"demand":[{"ts":"2014-03-04T17:00:00Z","nsw":6047,"qld":4593,"sa":1223,"tas":971,"vic":4618},{"ts":"2014-03-04T17:10:00Z","nsw":6017,"qld":4638,"sa":1243,"tas":973,"vic":4623,"wa":1802},{"ts":"2014-03-04T17:20:00Z","nsw":6080,"qld":4612,"sa":1227,"tas":960,"vic":4606,"wa":1796},{"ts":"2014-03-04T17:30:00Z","nsw":6075,"qld":4663,"sa":1222,"tas":972,"vic":4635,"wa":1771},{"ts":"2014-03-04T17:40:00Z","nsw":6092,"qld":4646,"sa":1223,"tas":958,"vic":4656},{"ts":"2014-03-04T17:50:00Z","nsw":6129,"qld":4675,"sa":1219,"tas":933,"vic":4682,"wa":1765},{"ts":"2014-03-04T18:00:00Z","nsw":6214,"qld":4641,"sa":1215,"tas":803,"vic":4710,"wa":1755},{"ts":"2014-03-04T18:10:00Z","nsw":6305,"qld":4709,"sa":1183,"tas":817,"vic":4768,"wa":1754},{"ts":"2014-03-04T18:20:00Z","nsw":6405,"qld":4671,"sa":1168,"tas":841,"vic":4809,"wa":1749},{"ts":"2014-03-04T18:30:00Z","nsw":6454,"qld":4714,"sa":1183,"tas":904,"vic":4838,"wa":1743},{"ts":"2014-03-04T18:40:00Z","nsw":6584,"qld":4737,"sa":1224,"tas":947,"vic":4920,"wa":1748},{"ts":"2014-03-04T18:50:00Z","nsw":6695,"qld":4827,"sa":1235,"tas":960,"vic":5009,"wa":1749},{"ts":"2014-03-04T19:00:00Z","nsw":6829,"qld":4890,"sa":1259,"tas":967,"vic":5124},{"ts":"2014-03-04T19:10:00Z","nsw":7093,"qld":4939,"sa":1263,"tas":988,"vic":5330,"wa":1732},{"ts":"2014-03-04T19:20:00Z","nsw":7328,"qld":5000,"sa":1249,"tas":994,"vic":5413,"wa":1732},{"ts":"2014-03-04T19:30:00Z","nsw":7421,"qld":5084,"sa":1266,"tas":1017,"vic":5516,"wa":1748},{"ts":"2014-03-04T19:40:00Z","nsw":7556,"qld":5123,"sa":1307,"tas":1040,"vic":5658,"wa":1747},{"ts":"2014-03-04T19:50:00Z","nsw":7786,"qld":5202,"sa":1367,"tas":1039,"vic":5803,"wa":1746},{"ts":"2014-03-04T20:00:00Z","nsw":7790,"qld":5300,"sa":1397,"tas":1040,"vic":5925,"wa":1746},{"ts":"2014-03-04T20:10:00Z","nsw":7959,"qld":5487,"sa":1449,"tas":1060,"vic":6133,"wa":1739},{"ts":"2014-03-04T20:20:00Z","nsw":8050,"qld":5607,"sa":1466,"tas":1080,"vic":6219,"wa":1739},{"ts":"2014-03-04T20:30:00Z","nsw":8188,"qld":5758,"sa":1502,"tas":1098,"vic":6356,"wa":1745},{"ts":"2014-03-04T20:40:00Z","nsw":8240,"qld":5791,"sa":1499,"tas":1146,"vic":6472,"wa":1751},{"ts":"2014-03-04T20:50:00Z","nsw":8332,"qld":5901,"sa":1525,"tas":1170,"vic":6531,"wa":1755},{"ts":"2014-03-04T21:00:00Z","nsw":8382,"qld":6020,"sa":1539,"tas":1157,"vic":6454,"wa":1787},{"ts":"2014-03-04T21:10:00Z","nsw":8382,"qld":6168,"sa":1552,"tas":1140,"vic":6374,"wa":1800},{"ts":"2014-03-04T21:20:00Z","nsw":8393,"qld":6186,"sa":1563,"tas":1121,"vic":6417,"wa":1814},{"ts":"2014-03-04T21:30:00Z","nsw":8448,"qld":6245,"sa":1535,"tas":1125,"vic":6395,"wa":1864},{"ts":"2014-03-04T21:40:00Z","nsw":8496,"qld":6272,"sa":1524,"tas":1124,"vic":6375,"wa":1877},{"ts":"2014-03-04T21:50:00Z","nsw":8553,"qld":6251,"sa":1530,"tas":1112,"vic":6406,"wa":1891},{"ts":"2014-03-04T22:00:00Z","nsw":8579,"qld":6292,"sa":1511,"tas":1112,"vic":6477},{"ts":"2014-03-04T22:10:00Z","nsw":8665,"qld":6284,"sa":1512,"tas":1114,"vic":6502,"wa":1975},{"ts":"2014-03-04T22:20:00Z","nsw":8648,"qld":6243,"sa":1517,"tas":1125,"vic":6529,"wa":1986},{"ts":"2014-03-04T22:30:00Z","nsw":8696,"qld":6222,"sa":1527,"tas":1113,"vic":6537,"wa":2059},{"ts":"2014-03-04T22:40:00Z","nsw":8739,"qld":6243,"sa":1511,"tas":1102,"vic":6544,"wa":2076},{"ts":"2014-03-04T22:50:00Z","nsw":8790,"qld":6259,"sa":1495,"tas":1097,"vic":6576,"wa":2090},{"ts":"2014-03-04T23:00:00Z","nsw":8804,"qld":6256,"sa":1499,"tas":1065,"vic":6555,"wa":2131},{"ts":"2014-03-04T23:10:00Z","nsw":8820,"qld":6266,"sa":1460,"tas":1048,"vic":6535,"wa":2152},{"ts":"2014-03-04T23:20:00Z","nsw":8820,"qld":6323,"sa":1452,"tas":1050,"vic":6485,"wa":2168},{"ts":"2014-03-04T23:30:00Z","nsw":8834,"qld":6295,"sa":1456,"tas":1058,"vic":6502,"wa":2255},{"ts":"2014-03-04T23:40:00Z","nsw":8807,"qld":6279,"sa":1439,"tas":1046,"vic":6506,"wa":2258},{"ts":"2014-03-04T23:50:00Z","nsw":8788,"qld":6250,"sa":1435,"tas":1038,"vic":6492,"wa":2259},{"ts":"2014-03-05T00:00:00Z","nsw":8819,"qld":6269,"sa":1445,"tas":1046,"vic":6500},{"ts":"2014-03-05T00:10:00Z","nsw":8849,"qld":6255,"sa":1447,"tas":1056,"vic":6514,"wa":2231},{"ts":"2014-03-05T00:20:00Z","nsw":8858,"qld":6243,"sa":1453,"tas":1050,"vic":6540,"wa":2240},{"ts":"2014-03-05T00:30:00Z","nsw":8930,"qld":6229,"sa":1450,"tas":1058,"vic":6519,"wa":2229},{"ts":"2014-03-05T00:40:00Z","nsw":8918,"qld":6272,"sa":1446,"tas":1047,"vic":6503,"wa":2231},{"ts":"2014-03-05T00:50:00Z","nsw":8977,"qld":6271,"sa":1464,"tas":1045,"vic":6496,"wa":2233},{"ts":"2014-03-05T01:00:00Z","nsw":8939,"qld":6300,"sa":1455,"tas":1028,"vic":6439},{"ts":"2014-03-05T01:10:00Z","nsw":8989,"qld":6324,"sa":1449,"tas":1032,"vic":6413,"wa":2247},{"ts":"2014-03-05T01:20:00Z","nsw":8995,"qld":6350,"sa":1445,"tas":1027,"vic":6428,"wa":2249},{"ts":"2014-03-05T01:30:00Z","nsw":9003,"qld":6426,"sa":1440,"tas":1022,"vic":6423,"wa":2265},{"ts":"2014-03-05T01:40:00Z","nsw":8971,"qld":6398,"sa":1427,"tas":1013,"vic":6430,"wa":2267},{"ts":"2014-03-05T01:50:00Z","nsw":8990,"qld":6458,"sa":1426,"tas":1025,"vic":6410,"wa":2270},{"ts":"2014-03-05T02:00:00Z","nsw":8952,"qld":6440,"sa":1424,"tas":1033,"vic":6405},{"ts":"2014-03-05T02:10:00Z","nsw":9042,"qld":6419,"sa":1434,"tas":1045,"vic":6394,"wa":2292},{"ts":"2014-03-05T02:20:00Z","nsw":9086,"qld":6394,"sa":1423,"tas":1065,"vic":6393,"wa":2297},{"ts":"2014-03-05T02:30:00Z","nsw":9047,"qld":6440,"sa":1413,"tas":1060,"vic":6376,"wa":2315},{"ts":"2014-03-05T02:40:00Z","nsw":9118,"qld":6401,"sa":1424,"tas":1063,"vic":6382,"wa":2320},{"ts":"2014-03-05T02:50:00Z","nsw":9172,"qld":6390,"sa":1437,"tas":1059,"vic":6360,"wa":2322},{"ts":"2014-03-05T03:00:00Z","nsw":9169,"qld":6324,"sa":1438,"tas":1055,"vic":6340},{"ts":"2014-03-05T03:10:00Z","nsw":9260,"qld":6368,"sa":1437,"tas":1058,"vic":6317,"wa":2296},{"ts":"2014-03-05T03:20:00Z","nsw":9292,"qld":6367,"sa":1427,"tas":1047,"vic":6312,"wa":2304},{"ts":"2014-03-05T03:30:00Z","nsw":9360,"qld":6321,"sa":1390,"tas":1050,"vic":6306,"wa":2366},{"ts":"2014-03-05T03:40:00Z","nsw":9314,"qld":6341,"sa":1400,"tas":1048,"vic":6299,"wa":2357},{"ts":"2014-03-05T03:50:00Z","nsw":9362,"qld":6334,"sa":1403,"tas":1040,"vic":6275,"wa":2358},{"ts":"2014-03-05T04:00:00Z","nsw":9365,"qld":6333,"sa":1378,"tas":1055,"vic":6290},{"ts":"2014-03-05T04:10:00Z","nsw":9303,"qld":6425,"sa":1403,"tas":1064,"vic":6293,"wa":2414},{"ts":"2014-03-05T04:20:00Z","nsw":9346,"qld":6445,"sa":1400,"tas":1071,"vic":6263,"wa":2408},{"ts":"2014-03-05T04:30:00Z","nsw":9386,"qld":6440,"sa":1402,"tas":1064,"vic":6235,"wa":2432},{"ts":"2014-03-05T04:40:00Z","nsw":9381,"qld":6420,"sa":1398,"tas":1061,"vic":6246,"wa":2443},{"ts":"2014-03-05T04:50:00Z","nsw":9375,"qld":6402,"sa":1376,"tas":1053,"vic":6258,"wa":2457},{"ts":"2014-03-05T05:00:00Z","nsw":9373,"qld":6417,"sa":1399,"tas":1070,"vic":6237},{"ts":"2014-03-05T05:10:00Z","nsw":9369,"qld":6438,"sa":1397,"tas":1071,"vic":6241,"wa":2495},{"ts":"2014-03-05T05:20:00Z","nsw":9395,"qld":6441,"sa":1417,"tas":1082,"vic":6231,"wa":2504},{"ts":"2014-03-05T05:30:00Z","nsw":9366,"qld":6463,"sa":1416,"tas":1068,"vic":6233,"wa":2545},{"ts":"2014-03-05T05:40:00Z","nsw":9321,"qld":6528,"sa":1428,"tas":1072,"vic":6176,"wa":2556},{"ts":"2014-03-05T05:50:00Z","nsw":9294,"qld":6557,"sa":1430,"tas":1061,"vic":6175,"wa":2566},{"ts":"2014-03-05T06:00:00Z","nsw":9283,"qld":6539,"sa":1434,"tas":1083,"vic":6167},{"ts":"2014-03-05T06:10:00Z","nsw":9293,"qld":6529,"sa":1428,"tas":1074,"vic":6183,"wa":2609},{"ts":"2014-03-05T06:20:00Z","nsw":9304,"qld":6628,"sa":1439,"tas":1084,"vic":6158,"wa":2613},{"ts":"2014-03-05T06:30:00Z","nsw":9267,"qld":6694,"sa":1441,"tas":1068,"vic":6150,"wa":2619},{"ts":"2014-03-05T06:40:00Z","nsw":9219,"qld":6672,"sa":1436,"tas":1074,"vic":6133,"wa":2632},{"ts":"2014-03-05T06:50:00Z","nsw":9153,"qld":6720,"sa":1444,"tas":1104,"vic":6117,"wa":2638},{"ts":"2014-03-05T07:00:00Z","nsw":9071,"qld":6722,"sa":1455,"tas":1115,"vic":6091},{"ts":"2014-03-05T07:10:00Z","nsw":8950,"qld":6708,"sa":1443,"tas":1133,"vic":6021,"wa":2618},{"ts":"2014-03-05T07:20:00Z","nsw":8953,"qld":6714,"sa":1456,"tas":1117,"vic":5988,"wa":2642},{"ts":"2014-03-05T07:30:00Z","nsw":8908,"qld":6699,"sa":1446,"tas":1092,"vic":5937,"wa":2706},{"ts":"2014-03-05T07:40:00Z","nsw":8837,"qld":6671,"sa":1447,"tas":1085,"vic":5874,"wa":2721},{"ts":"2014-03-05T07:50:00Z","nsw":8828,"qld":6677,"sa":1455,"tas":1090,"vic":5810,"wa":2731},{"ts":"2014-03-05T08:00:00Z","nsw":8782,"qld":6654,"sa":1472,"tas":1100,"vic":5789},{"ts":"2014-03-05T08:10:00Z","nsw":8685,"qld":6666,"sa":1455,"tas":1103,"vic":5749,"wa":2765},{"ts":"2014-03-05T08:20:00Z","nsw":8716,"qld":6677,"sa":1430,"tas":1094,"vic":5714,"wa":2768},{"ts":"2014-03-05T08:30:00Z","nsw":8752,"qld":6775,"sa":1472,"tas":1095,"vic":5749,"wa":2817},{"ts":"2014-03-05T08:40:00Z","nsw":8809,"qld":6798,"sa":1495,"tas":1085,"vic":5769,"wa":2815},{"ts":"2014-03-05T08:50:00Z","nsw":8876,"qld":6849,"sa":1493,"tas":1117,"vic":5768,"wa":2810},{"ts":"2014-03-05T09:00:00Z","nsw":8796,"qld":6864,"sa":1496,"tas":1123,"vic":5771},{"ts":"2014-03-05T09:10:00Z","nsw":8800,"qld":6767,"sa":1511,"tas":1139,"vic":5777,"wa":2833},{"ts":"2014-03-05T09:20:00Z","nsw":8693,"qld":6643,"sa":1508,"tas":1150,"vic":5773,"wa":2831},{"ts":"2014-03-05T09:30:00Z","nsw":8678,"qld":6653,"sa":1524,"tas":1150,"vic":5753,"wa":2818},{"ts":"2014-03-05T09:40:00Z","nsw":8547,"qld":6660,"sa":1543,"tas":1150,"vic":5739},{"ts":"2014-03-05T09:50:00Z","nsw":8490,"qld":6613,"sa":1545,"tas":1151,"vic":5666,"wa":2803},{"ts":"2014-03-05T10:00:00Z","nsw":8437,"qld":6554,"sa":1523,"tas":1150,"vic":5647},{"ts":"2014-03-05T10:10:00Z","nsw":8371,"qld":6455,"sa":1516,"tas":1161,"vic":5593,"wa":2764},{"ts":"2014-03-05T10:20:00Z","nsw":8275,"qld":6339,"sa":1509,"tas":1168,"vic":5507,"wa":2756},{"ts":"2014-03-05T10:30:00Z","nsw":8138,"qld":6334,"sa":1504,"tas":1149,"vic":5474,"wa":2710},{"ts":"2014-03-05T10:40:00Z","nsw":7962,"qld":6305,"sa":1477,"tas":1147,"vic":5406,"wa":2709},{"ts":"2014-03-05T10:50:00Z","nsw":7870,"qld":6227,"sa":1480,"tas":1153,"vic":5328,"wa":2711},{"ts":"2014-03-05T11:00:00Z","nsw":7966,"qld":6157,"sa":1461,"tas":1155,"vic":5242},{"ts":"2014-03-05T11:10:00Z","nsw":8017,"qld":6225,"sa":1449,"tas":1150,"vic":5142,"wa":2779},{"ts":"2014-03-05T11:20:00Z","nsw":7914,"qld":6159,"sa":1441,"tas":1143,"vic":5018,"wa":2776},{"ts":"2014-03-05T11:30:00Z","nsw":7823,"qld":6019,"sa":1404,"tas":1132,"vic":4963,"wa":2730},{"ts":"2014-03-05T11:40:00Z","nsw":7751,"qld":5955,"sa":1412,"tas":1133,"vic":4878,"wa":2718},{"ts":"2014-03-05T11:50:00Z","nsw":7645,"qld":5866,"sa":1387,"tas":1145,"vic":4782,"wa":2709}],"output":[{"ts":"2014-03-04T17:00:00Z","nsw":2,"qld":0,"sa":0,"tas":0,"vic":0},{"ts":"2014-03-04T17:10:00Z","nsw":3,"qld":0,"sa":0,"tas":0,"vic":0,"wa":0},{"ts":"2014-03-04T17:20:00Z","nsw":3,"qld":0,"sa":0,"tas":0,"vic":0,"wa":0},{"ts":"2014-03-04T17:30:00Z","nsw":3,"qld":0,"sa":0,"tas":0,"vic":0,"wa":0},{"ts":"2014-03-04T17:40:00Z","nsw":3,"qld":0,"sa":0,"tas":0,"vic":0},{"ts":"2014-03-04T17:50:00Z","nsw":2,"qld":0,"sa":0,"tas":0,"vic":0,"wa":0},{"ts":"2014-03-04T18:00:00Z","nsw":2,"qld":0,"sa":0,"tas":0,"vic":0,"wa":0},{"ts":"2014-03-04T18:10:00Z","nsw":2,"qld":0,"sa":0,"tas":0,"vic":0,"wa":0},{"ts":"2014-03-04T18:20:00Z","nsw":2,"qld":0,"sa":0,"tas":0,"vic":0,"wa":0},{"ts":"2014-03-04T18:30:00Z","nsw":3,"qld":0,"sa":0,"tas":0,"vic":0,"wa":0},{"ts":"2014-03-04T18:40:00Z","nsw":3,"qld":0,"sa":0,"tas":0,"vic":0,"wa":0},{"ts":"2014-03-04T18:50:00Z","nsw":3,"qld":0,"sa":0,"tas":0,"vic":0,"wa":0},{"ts":"2014-03-04T19:00:00Z","nsw":3,"qld":0,"sa":0,"tas":0,"vic":0},{"ts":"2014-03-04T19:10:00Z","nsw":2,"qld":0,"sa":0,"tas":0,"vic":0,"wa":0},{"ts":"2014-03-04T19:20:00Z","nsw":6,"qld":0,"sa":0,"tas":0,"vic":1,"wa":0},{"ts":"2014-03-04T19:30:00Z","nsw":10,"qld":0,"sa":0,"tas":0,"vic":0,"wa":0},{"ts":"2014-03-04T19:40:00Z","nsw":4,"qld":0,"sa":0,"tas":0,"vic":0,"wa":0},{"ts":"2014-03-04T19:50:00Z","nsw":2,"qld":0,"sa":0,"tas":0,"vic":0,"wa":0},{"ts":"2014-03-04T20:00:00Z","nsw":10,"qld":4,"sa":0,"tas":0,"vic":0,"wa":0},{"ts":"2014-03-04T20:10:00Z","nsw":15,"qld":8,"sa":0,"tas":0,"vic":0,"wa":0},{"ts":"2014-03-04T20:20:00Z","nsw":14,"qld":12,"sa":0,"tas":0,"vic":1,"wa":0},{"ts":"2014-03-04T20:30:00Z","nsw":20,"qld":20,"sa":0,"tas":0,"vic":4,"wa":0},{"ts":"2014-03-04T20:40:00Z","nsw":32,"qld":31,"sa":0,"tas":1,"vic":7,"wa":0},{"ts":"2014-03-04T20:50:00Z","nsw":39,"qld":43,"sa":2,"tas":2,"vic":12,"wa":0},{"ts":"2014-03-04T21:00:00Z","nsw":54,"qld":56,"sa":6,"tas":3,"vic":20,"wa":0},{"ts":"2014-03-04T21:10:00Z","nsw":68,"qld":69,"sa":11,"tas":3,"vic":27,"wa":0},{"ts":"2014-03-04T21:20:00Z","nsw":83,"qld":85,"sa":15,"tas":4,"vic":37,"wa":0},{"ts":"2014-03-04T21:30:00Z","nsw":99,"qld":106,"sa":22,"tas":4,"vic":42,"wa":0},{"ts":"2014-03-04T21:40:00Z","nsw":114,"qld":139,"sa":32,"tas":7,"vic":46,"wa":0},{"ts":"2014-03-04T21:50:00Z","nsw":133,"qld":178,"sa":40,"tas":8,"vic":43,"wa":0},{"ts":"2014-03-04T22:00:00Z","nsw":153,"qld":201,"sa":51,"tas":11,"vic":40},{"ts":"2014-03-04T22:10:00Z","nsw":159,"qld":213,"sa":67,"tas":9,"vic":36,"wa":0},{"ts":"2014-03-04T22:20:00Z","nsw":180,"qld":240,"sa":76,"tas":12,"vic":36,"wa":1},{"ts":"2014-03-04T22:30:00Z","nsw":207,"qld":242,"sa":89,"tas":11,"vic":42,"wa":5},{"ts":"2014-03-04T22:40:00Z","nsw":221,"qld":246,"sa":95,"tas":11,"vic":41,"wa":9},{"ts":"2014-03-04T22:50:00Z","nsw":250,"qld":244,"sa":107,"tas":11,"vic":43,"wa":14},{"ts":"2014-03-04T23:00:00Z","nsw":261,"qld":267,"sa":126,"tas":16,"vic":54,"wa":21},{"ts":"2014-03-04T23:10:00Z","nsw":267,"qld":263,"sa":136,"tas":16,"vic":48,"wa":28},{"ts":"2014-03-04T23:20:00Z","nsw":281,"qld":286,"sa":149,"tas":16,"vic":51,"wa":36},{"ts":"2014-03-04T23:30:00Z","nsw":287,"qld":307,"sa":160,"tas":17,"vic":63,"wa":45},{"ts":"2014-03-04T23:40:00Z","nsw":324,"qld":336,"sa":171,"tas":19,"vic":66,"wa":52},{"ts":"2014-03-04T23:50:00Z","nsw":317,"qld":360,"sa":187,"tas":19,"vic":71,"wa":58},{"ts":"2014-03-05T00:00:00Z","nsw":356,"qld":388,"sa":195,"tas":21,"vic":82},{"ts":"2014-03-05T00:10:00Z","nsw":350,"qld":426,"sa":208,"tas":21,"vic":72,"wa":82},{"ts":"2014-03-05T00:20:00Z","nsw":373,"qld":486,"sa":223,"tas":23,"vic":79,"wa":96},{"ts":"2014-03-05T00:30:00Z","nsw":367,"qld":490,"sa":225,"tas":25,"vic":82,"wa":110},{"ts":"2014-03-05T00:40:00Z","nsw":388,"qld":515,"sa":244,"tas":31,"vic":77,"wa":116},{"ts":"2014-03-05T00:50:00Z","nsw":390,"qld":492,"sa":252,"tas":26,"vic":73,"wa":133},{"ts":"2014-03-05T01:00:00Z","nsw":382,"qld":482,"sa":248,"tas":32,"vic":85},{"ts":"2014-03-05T01:10:00Z","nsw":379,"qld":425,"sa":277,"tas":29,"vic":74,"wa":158},{"ts":"2014-03-05T01:20:00Z","nsw":403,"qld":382,"sa":269,"tas":36,"vic":85,"wa":167},{"ts":"2014-03-05T01:30:00Z","nsw":389,"qld":359,"sa":288,"tas":33,"vic":86,"wa":174},{"ts":"2014-03-05T01:40:00Z","nsw":395,"qld":347,"sa":281,"tas":38,"vic":87,"wa":186},{"ts":"2014-03-05T01:50:00Z","nsw":410,"qld":335,"sa":283,"tas":34,"vic":84,"wa":196},{"ts":"2014-03-05T02:00:00Z","nsw":414,"qld":333,"sa":280,"tas":39,"vic":92},{"ts":"2014-03-05T02:10:00Z","nsw":372,"qld":318,"sa":308,"tas":35,"vic":82,"wa":212},{"ts":"2014-03-05T02:20:00Z","nsw":404,"qld":329,"sa":289,"tas":38,"vic":82,"wa":216},{"ts":"2014-03-05T02:30:00Z","nsw":384,"qld":386,"sa":321,"tas":34,"vic":87,"wa":216},{"ts":"2014-03-05T02:40:00Z","nsw":391,"qld":416,"sa":291,"tas":39,"vic":86,"wa":222},{"ts":"2014-03-05T02:50:00Z","nsw":376,"qld":425,"sa":299,"tas":36,"vic":86,"wa":231},{"ts":"2014-03-05T03:00:00Z","nsw":368,"qld":470,"sa":306,"tas":38,"vic":97},{"ts":"2014-03-05T03:10:00Z","nsw":333,"qld":475,"sa":305,"tas":38,"vic":80,"wa":240},{"ts":"2014-03-05T03:20:00Z","nsw":329,"qld":529,"sa":290,"tas":39,"vic":87,"wa":236},{"ts":"2014-03-05T03:30:00Z","nsw":350,"qld":524,"sa":300,"tas":38,"vic":92,"wa":245},{"ts":"2014-03-05T03:40:00Z","nsw":338,"qld":537,"sa":287,"tas":37,"vic":92,"wa":245},{"ts":"2014-03-05T03:50:00Z","nsw":280,"qld":490,"sa":308,"tas":35,"vic":91,"wa":246},{"ts":"2014-03-05T04:00:00Z","nsw":289,"qld":499,"sa":287,"tas":35,"vic":102},{"ts":"2014-03-05T04:10:00Z","nsw":243,"qld":488,"sa":308,"tas":33,"vic":82,"wa":250},{"ts":"2014-03-05T04:20:00Z","nsw":231,"qld":472,"sa":278,"tas":34,"vic":82,"wa":250},{"ts":"2014-03-05T04:30:00Z","nsw":231,"qld":458,"sa":298,"tas":32,"vic":92,"wa":251},{"ts":"2014-03-05T04:40:00Z","nsw":210,"qld":440,"sa":277,"tas":33,"vic":81,"wa":240},{"ts":"2014-03-05T04:50:00Z","nsw":203,"qld":421,"sa":287,"tas":31,"vic":77,"wa":250},{"ts":"2014-03-05T05:00:00Z","nsw":199,"qld":422,"sa":272,"tas":29,"vic":80},{"ts":"2014-03-05T05:10:00Z","nsw":182,"qld":398,"sa":279,"tas":28,"vic":66,"wa":249},{"ts":"2014-03-05T05:20:00Z","nsw":170,"qld":380,"sa":261,"tas":28,"vic":68,"wa":238},{"ts":"2014-03-05T05:30:00Z","nsw":177,"qld":345,"sa":266,"tas":23,"vic":71,"wa":240},{"ts":"2014-03-05T05:40:00Z","nsw":164,"qld":343,"sa":246,"tas":24,"vic":68,"wa":242},{"ts":"2014-03-05T05:50:00Z","nsw":140,"qld":320,"sa":232,"tas":21,"vic":61,"wa":235},{"ts":"2014-03-05T06:00:00Z","nsw":120,"qld":300,"sa":225,"tas":21,"vic":68},{"ts":"2014-03-05T06:10:00Z","nsw":120,"qld":264,"sa":210,"tas":19,"vic":53,"wa":227},{"ts":"2014-03-05T06:20:00Z","nsw":115,"qld":239,"sa":198,"tas":18,"vic":52,"wa":229},{"ts":"2014-03-05T06:30:00Z","nsw":90,"qld":203,"sa":190,"tas":14,"vic":53,"wa":224},{"ts":"2014-03-05T06:40:00Z","nsw":88,"qld":177,"sa":174,"tas":14,"vic":46,"wa":215},{"ts":"2014-03-05T06:50:00Z","nsw":67,"qld":164,"sa":165,"tas":11,"vic":41,"wa":212},{"ts":"2014-03-05T07:00:00Z","nsw":49,"qld":135,"sa":148,"tas":10,"vic":44},{"ts":"2014-03-05T07:10:00Z","nsw":49,"qld":108,"sa":139,"tas":8,"vic":33,"wa":200},{"ts":"2014-03-05T07:20:00Z","nsw":45,"qld":86,"sa":127,"tas":7,"vic":32,"wa":188},{"ts":"2014-03-05T07:30:00Z","nsw":31,"qld":67,"sa":111,"tas":5,"vic":30,"wa":184},{"ts":"2014-03-05T07:40:00Z","nsw":29,"qld":45,"sa":99,"tas":4,"vic":25,"wa":177},{"ts":"2014-03-05T07:50:00Z","nsw":25,"qld":28,"sa":83,"tas":4,"vic":19,"wa":167},{"ts":"2014-03-05T08:00:00Z","nsw":15,"qld":17,"sa":70,"tas":3,"vic":20},{"ts":"2014-03-05T08:10:00Z","nsw":14,"qld":6,"sa":60,"tas":2,"vic":12,"wa":146},{"ts":"2014-03-05T08:20:00Z","nsw":11,"qld":3,"sa":48,"tas":1,"vic":9,"wa":134},{"ts":"2014-03-05T08:30:00Z","nsw":9,"qld":2,"sa":37,"tas":1,"vic":6,"wa":125},{"ts":"2014-03-05T08:40:00Z","nsw":5,"qld":3,"sa":26,"tas":0,"vic":4,"wa":117},{"ts":"2014-03-05T08:50:00Z","nsw":3,"qld":3,"sa":18,"tas":0,"vic":2,"wa":101},{"ts":"2014-03-05T09:00:00Z","nsw":3,"qld":3,"sa":9,"tas":1,"vic":2},{"ts":"2014-03-05T09:10:00Z","nsw":3,"qld":1,"sa":4,"tas":1,"vic":4,"wa":78},{"ts":"2014-03-05T09:20:00Z","nsw":9,"qld":1,"sa":2,"tas":2,"vic":3,"wa":66},{"ts":"2014-03-05T09:30:00Z","nsw":11,"qld":2,"sa":2,"tas":2,"vic":1,"wa":55},{"ts":"2014-03-05T09:40:00Z","nsw":10,"qld":2,"sa":2,"tas":2,"vic":0},{"ts":"2014-03-05T09:50:00Z","nsw":11,"qld":2,"sa":2,"tas":2,"vic":0,"wa":38},{"ts":"2014-03-05T10:00:00Z","nsw":11,"qld":2,"sa":2,"tas":2,"vic":1},{"ts":"2014-03-05T10:10:00Z","nsw":4,"qld":2,"sa":2,"tas":2,"vic":0,"wa":21},{"ts":"2014-03-05T10:20:00Z","nsw":4,"qld":2,"sa":3,"tas":2,"vic":0,"wa":15},{"ts":"2014-03-05T10:30:00Z","nsw":4,"qld":1,"sa":1,"tas":2,"vic":0,"wa":6},{"ts":"2014-03-05T10:40:00Z","nsw":3,"qld":1,"sa":0,"tas":2,"vic":0,"wa":4},{"ts":"2014-03-05T10:50:00Z","nsw":12,"qld":1,"sa":0,"tas":2,"vic":0,"wa":4},{"ts":"2014-03-05T11:00:00Z","nsw":11,"qld":1,"sa":0,"tas":2,"vic":0},{"ts":"2014-03-05T11:10:00Z","nsw":11,"qld":2,"sa":0,"tas":2,"vic":0,"wa":5},{"ts":"2014-03-05T11:20:00Z","nsw":11,"qld":2,"sa":0,"tas":2,"vic":0,"wa":5},{"ts":"2014-03-05T11:30:00Z","nsw":10,"qld":2,"sa":0,"tas":2,"vic":1,"wa":6},{"ts":"2014-03-05T11:40:00Z","nsw":3,"qld":2,"sa":0,"tas":2,"vic":0,"wa":7},{"ts":"2014-03-05T11:50:00Z","nsw":3,"qld":2,"sa":0,"tas":2,"vic":4,"wa":8}]}