{"performance":[{"ts":"2014-01-07T17:00:00Z","nsw":"0.28","nt":"0.00","qld":"0.16","sa":"0.14","tas":"0.06","vic":"0.08","wa":"0.08"},{"ts":"2014-01-07T17:10:00Z","nsw":"0.39","nt":"0.00","qld":"0.13","sa":"0.14","tas":"0.06","vic":"0.07","wa":"0.08"},{"ts":"2014-01-07T17:20:00Z","nsw":"0.39","nt":"0.00","qld":"0.13","sa":"0.16","tas":"0.06","vic":"0.09","wa":"0.08"},{"ts":"2014-01-07T17:30:00Z","nsw":"0.39","nt":"0.00","qld":"0.15","sa":"0.15","tas":"0.05","vic":"0.07","wa":"0.09"},{"ts":"2014-01-07T17:40:00Z","nsw":"0.39","nt":"0.00","qld":"0.14","sa":"0.14","tas":"0.05","vic":"0.15","wa":"0.08"},{"ts":"2014-01-07T17:50:00Z","nsw":"0.39","nt":"0.00","qld":"0.14","sa":"0.15","tas":"0.05","vic":"0.08","wa":"0.09"},{"ts":"2014-01-07T18:00:00Z","nsw":"0.38","nt":"0.00","qld":"0.13","sa":"0.16","tas":"0.05","vic":"0.04","wa":"0.08"},{"ts":"2014-01-07T18:10:00Z","nsw":"0.36","nt":"0.00","qld":"0.13","sa":"0.15","tas":"0.05","vic":"0.07","wa":"0.09"},{"ts":"2014-01-07T18:20:00Z","nsw":"0.51","nt":"0.00","qld":"0.13","sa":"0.14","tas":"0.05","vic":"0.06","wa":"0.08"},{"ts":"2014-01-07T18:30:00Z","nsw":"0.38","nt":"0.00","qld":"0.14","sa":"0.13","tas":"0.05","vic":"0.08","wa":"0.09"},{"ts":"2014-01-07T18:40:00Z","nsw":"0.38","nt":"0.00","qld":"0.14","sa":"0.15","tas":"0.04","vic":"0.08","wa":"0.08"},{"ts":"2014-01-07T18:50:00Z","nsw":"0.38","nt":"0.00","qld":"0.06","sa":"0.14","tas":"0.04","vic":"0.07","wa":"0.09"},{"ts":"2014-01-07T19:00:00Z","nsw":"0.39","nt":"0.00","qld":"0.08","sa":"0.13","tas":"0.24","vic":"0.11","wa":"0.08"},{"ts":"2014-01-07T19:10:00Z","nsw":"0.45","nt":"0.00","qld":"0.50","sa":"0.14","tas":"0.69","vic":"0.14","wa":"0.08"},{"ts":"2014-01-07T19:20:00Z","nsw":"0.93","nt":"0.00","qld":"1.53","sa":"0.14","tas":"1.39","vic":"0.57","wa":"0.08"},{"ts":"2014-01-07T19:30:00Z","nsw":"1.08","nt":"0.00","qld":"2.73","sa":"0.12","tas":"2.11","vic":"1.18","wa":"0.09"},{"ts":"2014-01-07T19:40:00Z","nsw":"1.68","nt":"0.00","qld":"3.74","sa":"0.14","tas":"3.29","vic":"2.01","wa":"0.08"},{"ts":"2014-01-07T19:50:00Z","nsw":"1.97","nt":"0.00","qld":"5.16","sa":"0.23","tas":"4.37","vic":"2.59","wa":"0.09"},{"ts":"2014-01-07T20:00:00Z","nsw":"2.82","nt":"0.00","qld":"6.78","sa":"0.72","tas":"5.81","vic":"3.40","wa":"0.08"},{"ts":"2014-01-07T20:10:00Z","nsw":"3.88","nt":"0.00","qld":"8.79","sa":"1.49","tas":"7.18","vic":"4.43","wa":"0.09"},{"ts":"2014-01-07T20:20:00Z","nsw":"4.95","nt":"0.00","qld":"11.08","sa":"2.37","tas":"9.14","vic":"5.88","wa":"0.08"},{"ts":"2014-01-07T20:30:00Z","nsw":"5.47","nt":"0.00","qld":"12.95","sa":"3.38","tas":"10.03","vic":"7.41","wa":"0.09"},{"ts":"2014-01-07T20:40:00Z","nsw":"6.78","nt":"0.00","qld":"14.47","sa":"4.47","tas":"12.52","vic":"9.78","wa":"0.08"},{"ts":"2014-01-07T20:50:00Z","nsw":"7.24","nt":"0.00","qld":"16.44","sa":"5.90","tas":"13.87","vic":"11.66","wa":"0.09"},{"ts":"2014-01-07T21:00:00Z","nsw":"8.17","nt":"0.00","qld":"19.26","sa":"7.87","tas":"16.05","vic":"14.15","wa":"0.08"},{"ts":"2014-01-07T21:10:00Z","nsw":"10.76","nt":"0.00","qld":"21.94","sa":"9.35","tas":"16.69","vic":"16.52","wa":"0.11"},{"ts":"2014-01-07T21:20:00Z","nsw":"12.27","nt":"0.38","qld":"22.95","sa":"11.16","tas":"19.46","vic":"19.18","wa":"0.13"},{"ts":"2014-01-07T21:30:00Z","qld":"26.67","sa":"19.61","vic":"17.09","wa":"0.02"},{"ts":"2014-01-07T21:40:00Z","nsw":"14.96","nt":"1.44","qld":"26.14","sa":"14.70","tas":"21.44","vic":"23.40","wa":"0.67"},{"ts":"2014-01-07T21:50:00Z","nsw":"16.49","nt":"2.22","qld":"27.72","sa":"19.22","tas":"24.50","vic":"27.41","wa":"1.78"},{"ts":"2014-01-07T22:00:00Z","nsw":"19.96","nt":"3.77","qld":"30.18","sa":"22.06","tas":"28.99","vic":"30.66","wa":"2.85"},{"ts":"2014-01-07T22:10:00Z","nsw":"20.48","nt":"4.31","qld":"32.69","sa":"25.85","tas":"29.67","vic":"34.23","wa":"3.78"},{"ts":"2014-01-07T22:20:00Z","nsw":"20.59","nt":"5.61","qld":"36.28","sa":"27.78","tas":"34.05","vic":"36.57","wa":"4.73"},{"ts":"2014-01-07T22:30:00Z","nsw":"23.31","nt":"5.92","qld":"37.13","sa":"32.27","tas":"36.75","vic":"39.77","wa":"6.15"},{"ts":"2014-01-07T22:40:00Z","nsw":"26.45","nt":"8.84","qld":"38.91","sa":"35.67","tas":"41.97","vic":"42.12","wa":"8.26"},{"ts":"2014-01-07T22:50:00Z","nsw":"28.42","nt":"9.08","qld":"40.90","sa":"38.17","tas":"44.25","vic":"44.59","wa":"9.64"},{"ts":"2014-01-07T23:00:00Z","nsw":"30.03","nt":"10.38","qld":"45.54","sa":"40.43","tas":"46.80","vic":"47.24","wa":"11.51"},{"ts":"2014-01-07T23:10:00Z","nsw":"30.62","nt":"11.91","qld":"45.76","sa":"44.88","tas":"42.98","vic":"49.43","wa":"14.02"},{"ts":"2014-01-07T23:20:00Z","nsw":"32.82","nt":"22.93","qld":"49.28","sa":"47.42","tas":"48.99","vic":"52.84","wa":"16.98"},{"ts":"2014-01-07T23:30:00Z","nsw":"32.96","nt":"17.55","qld":"48.96","sa":"50.46","tas":"46.77","vic":"54.34","wa":"19.67"},{"ts":"2014-01-07T23:40:00Z","nsw":"36.00","nt":"19.96","qld":"51.66","sa":"53.08","tas":"50.08","vic":"57.44","wa":"22.65"},{"ts":"2014-01-07T23:50:00Z","nsw":"33.32","nt":"21.46","qld":"51.47","sa":"55.41","tas":"49.52","vic":"58.95","wa":"25.63"},{"ts":"2014-01-08T00:00:00Z","nsw":"35.63","nt":"23.69","qld":"52.42","sa":"58.65","tas":"50.10","vic":"60.53","wa":"28.34"},{"ts":"2014-01-08T00:10:00Z","nsw":"38.91","nt":"28.04","qld":"52.80","sa":"59.47","tas":"51.05","vic":"62.44","wa":"30.56"},{"ts":"2014-01-08T00:20:00Z","nsw":"35.42","nt":"31.39","qld":"54.75","sa":"61.91","tas":"52.13","vic":"63.02","wa":"34.09"},{"ts":"2014-01-08T00:30:00Z","nsw":"37.64","nt":"30.27","qld":"52.95","sa":"63.77","tas":"54.34","vic":"63.77","wa":"38.26"},{"ts":"2014-01-08T00:40:00Z","nsw":"40.29","nt":"33.16","qld":"55.58","sa":"64.75","tas":"64.38","vic":"66.05","wa":"41.11"},{"ts":"2014-01-08T00:50:00Z","nsw":"38.05","nt":"34.89","qld":"56.33","sa":"67.99","tas":"64.91","vic":"66.84","wa":"44.67"},{"ts":"2014-01-08T01:00:00Z","nsw":"38.19","nt":"39.31","qld":"58.30","sa":"68.36","tas":"62.16","vic":"68.13","wa":"46.94"},{"ts":"2014-01-08T01:10:00Z","nsw":"39.39","nt":"39.28","qld":"55.87","sa":"70.28","tas":"63.92","vic":"69.43","wa":"48.71"},{"ts":"2014-01-08T01:20:00Z","nsw":"36.63","nt":"32.43","qld":"57.48","sa":"71.81","tas":"66.20","vic":"70.04","wa":"51.70"},{"ts":"2014-01-08T01:30:00Z","nsw":"34.01","nt":"49.05","qld":"53.39","sa":"73.32","tas":"66.96","vic":"70.26","wa":"54.20"},{"ts":"2014-01-08T01:40:00Z","nsw":"36.71","nt":"48.23","qld":"56.06","sa":"74.02","tas":"68.80","vic":"71.68","wa":"52.91"},{"ts":"2014-01-08T01:50:00Z","nsw":"32.84","nt":"38.59","qld":"55.45","sa":"74.77","tas":"67.78","vic":"70.95","wa":"55.29"},{"ts":"2014-01-08T02:00:00Z","nsw":"33.22","nt":"51.23","qld":"53.27","sa":"76.52","tas":"69.48","vic":"70.68","wa":"59.01"},{"ts":"2014-01-08T02:10:00Z","nsw":"33.47","nt":"47.99","qld":"53.82","sa":"77.28","tas":"73.57","vic":"70.80","wa":"61.69"},{"ts":"2014-01-08T02:20:00Z","nsw":"34.34","nt":"44.99","qld":"54.77","sa":"77.60","tas":"72.78","vic":"70.65","wa":"65.16"},{"ts":"2014-01-08T02:30:00Z","nsw":"33.88","nt":"54.67","qld":"51.98","sa":"78.24","tas":"68.50","vic":"70.41","wa":"64.97"},{"ts":"2014-01-08T02:40:00Z","nsw":"36.98","nt":"57.11","qld":"54.08","sa":"78.22","tas":"72.22","vic":"69.85","wa":"67.54"},{"ts":"2014-01-08T02:50:00Z","nsw":"31.96","nt":"51.73","qld":"54.09","sa":"78.83","tas":"67.59","vic":"70.62","wa":"66.87"},{"ts":"2014-01-08T03:00:00Z","nsw":"30.77","nt":"49.48","qld":"52.44","sa":"79.04","tas":"71.21","vic":"69.84","wa":"70.14"},{"ts":"2014-01-08T03:10:00Z","nsw":"31.67","nt":"50.31","qld":"50.14","sa":"79.09","tas":"70.55","vic":"69.70","wa":"70.64"},{"ts":"2014-01-08T03:20:00Z","nsw":"30.19","nt":"46.67","qld":"53.29","sa":"78.87","tas":"69.11","vic":"68.37","wa":"73.01"},{"ts":"2014-01-08T03:30:00Z","nsw":"26.93","nt":"50.91","qld":"50.58","sa":"78.73","tas":"67.62","vic":"67.09","wa":"70.25"},{"ts":"2014-01-08T03:40:00Z","nsw":"28.75","nt":"51.25","qld":"50.03","sa":"77.92","tas":"71.03","vic":"65.56","wa":"70.79"},{"ts":"2014-01-08T03:50:00Z","nsw":"27.14","nt":"37.43","qld":"48.50","sa":"78.04","tas":"67.76","vic":"64.61","wa":"72.64"},{"ts":"2014-01-08T04:00:00Z","nsw":"28.48","nt":"62.68","qld":"47.67","sa":"77.56","tas":"68.35","vic":"64.30","wa":"74.04"},{"ts":"2014-01-08T04:10:00Z","nsw":"29.09","nt":"54.20","qld":"46.87","sa":"75.22","tas":"62.40","vic":"62.41","wa":"70.97"},{"ts":"2014-01-08T04:20:00Z","nsw":"27.38","nt":"39.61","qld":"47.25","sa":"75.10","tas":"67.04","vic":"61.77","wa":"73.52"},{"ts":"2014-01-08T04:30:00Z","nsw":"26.76","nt":"50.01","qld":"41.83","sa":"75.16","tas":"64.11","vic":"60.03","wa":"72.07"},{"ts":"2014-01-08T04:40:00Z","nsw":"27.83","nt":"44.76","qld":"40.98","sa":"72.87","tas":"68.23","vic":"58.95","wa":"73.40"},{"ts":"2014-01-08T04:50:00Z","nsw":"24.64","nt":"60.92","qld":"41.27","sa":"71.99","tas":"64.75","vic":"57.65","wa":"75.81"},{"ts":"2014-01-08T05:00:00Z","nsw":"22.71","nt":"52.15","qld":"37.42","sa":"71.23","tas":"62.28","vic":"56.57","wa":"75.20"},{"ts":"2014-01-08T05:10:00Z","nsw":"20.03","nt":"41.61","qld":"33.79","sa":"69.61","tas":"60.78","vic":"53.24","wa":"75.07"},{"ts":"2014-01-08T05:20:00Z","nsw":"18.43","nt":"36.16","qld":"32.02","sa":"68.37","tas":"59.98","vic":"53.89","wa":"72.50"},{"ts":"2014-01-08T05:30:00Z","nsw":"17.10","nt":"43.00","qld":"28.09","sa":"66.99","tas":"53.17","vic":"49.50","wa":"72.86"},{"ts":"2014-01-08T05:40:00Z","nsw":"17.76","nt":"38.74","qld":"23.30","sa":"64.40","tas":"51.10","vic":"48.55","wa":"70.82"},{"ts":"2014-01-08T05:50:00Z","nsw":"16.20","nt":"30.64","qld":"20.30","sa":"62.98","tas":"50.24","vic":"45.90","wa":"70.37"},{"ts":"2014-01-08T06:00:00Z","nsw":"16.10","nt":"35.88","qld":"18.82","sa":"59.71","tas":"49.34","vic":"43.18","wa":"69.64"},{"ts":"2014-01-08T06:10:00Z","nsw":"15.63","nt":"27.90","qld":"16.02","sa":"58.12","tas":"46.03","vic":"40.34","wa":"64.92"},{"ts":"2014-01-08T06:20:00Z","nsw":"14.28","nt":"29.64","qld":"13.80","sa":"55.63","tas":"44.22","vic":"37.40","wa":"63.02"},{"ts":"2014-01-08T06:30:00Z","nsw":"14.19","nt":"30.02","qld":"11.41","sa":"52.63","tas":"38.16","vic":"34.27","wa":"56.61"},{"ts":"2014-01-08T06:40:00Z","nsw":"13.42","nt":"32.80","qld":"10.19","sa":"49.38","tas":"35.91","vic":"31.33","wa":"53.15"},{"ts":"2014-01-08T06:50:00Z","nsw":"11.36","nt":"22.00","qld":"9.17","sa":"47.15","tas":"33.23","vic":"28.46","wa":"48.00"},{"ts":"2014-01-08T07:00:00Z","nsw":"9.60","nt":"28.13","qld":"7.90","sa":"43.67","tas":"29.44","vic":"26.36","wa":"47.21"},{"ts":"2014-01-08T07:10:00Z","nsw":"10.10","nt":"21.33","qld":"6.41","sa":"42.01","tas":"25.62","vic":"23.59","wa":"49.58"},{"ts":"2014-01-08T07:20:00Z","nsw":"7.77","nt":"9.94","qld":"6.39","sa":"38.24","tas":"22.21","vic":"21.56","wa":"43.89"},{"ts":"2014-01-08T07:30:00Z","nsw":"6.05","nt":"19.79","qld":"5.18","sa":"35.94","tas":"19.32","vic":"18.82","wa":"45.18"},{"ts":"2014-01-08T07:40:00Z","nsw":"5.75","nt":"16.48","qld":"3.91","sa":"32.64","tas":"16.96","vic":"16.10","wa":"45.74"},{"ts":"2014-01-08T07:50:00Z","nsw":"4.93","nt":"5.84","qld":"3.54","sa":"29.48","tas":"14.15","vic":"13.98","wa":"45.02"},{"ts":"2014-01-08T08:00:00Z","nsw":"4.46","nt":"12.02","qld":"2.81","sa":"26.50","tas":"13.32","vic":"11.67","wa":"42.01"},{"ts":"2014-01-08T08:10:00Z","nsw":"3.62","nt":"11.14","qld":"1.83","sa":"23.31","tas":"10.73","vic":"8.93","wa":"36.27"},{"ts":"2014-01-08T08:20:00Z","nsw":"2.89","nt":"7.23","qld":"1.37","sa":"19.78","tas":"9.53","vic":"7.80","wa":"35.35"},{"ts":"2014-01-08T08:30:00Z","nsw":"2.15","nt":"8.19","qld":"0.74","sa":"17.78","tas":"7.78","vic":"6.42","wa":"34.12"},{"ts":"2014-01-08T08:40:00Z","nsw":"1.79","nt":"5.97","qld":"0.29","sa":"14.33","tas":"5.73","vic":"5.22","wa":"34.27"},{"ts":"2014-01-08T08:50:00Z","nsw":"1.31","nt":"4.86","qld":"0.33","sa":"12.93","tas":"4.82","vic":"4.37","wa":"30.49"},{"ts":"2014-01-08T09:00:00Z","nsw":"1.00","nt":"5.05","qld":"0.21","sa":"10.36","tas":"4.34","vic":"3.90","wa":"25.39"},{"ts":"2014-01-08T09:10:00Z","nsw":"0.94","nt":"3.77","qld":"0.20","sa":"8.31","tas":"2.64","vic":"2.83","wa":"20.91"},{"ts":"2014-01-08T09:20:00Z","nsw":"0.71","nt":"1.73","qld":"0.24","sa":"6.31","tas":"1.61","vic":"2.16","wa":"20.75"},{"ts":"2014-01-08T09:30:00Z","nsw":"0.49","nt":"1.95","qld":"0.19","sa":"4.38","tas":"0.70","vic":"1.21","wa":"17.38"},{"ts":"2014-01-08T09:40:00Z","nsw":"0.42","nt":"0.61","qld":"0.17","sa":"2.81","tas":"0.30","vic":"0.72","wa":"18.15"},{"ts":"2014-01-08T09:50:00Z","nsw":"0.47","nt":"0.08","qld":"0.18","sa":"1.90","tas":"0.19","vic":"0.52","wa":"16.03"},{"ts":"2014-01-08T10:00:00Z","nsw":"0.54","nt":"0.11","qld":"0.18","sa":"1.33","tas":"0.10","vic":"0.54","wa":"14.66"},{"ts":"2014-01-08T10:10:00Z","nsw":"0.44","nt":"0.08","qld":"0.20","sa":"1.43","tas":"0.12","vic":"0.37","wa":"10.07"},{"ts":"2014-01-08T10:20:00Z","nsw":"0.53","nt":"0.08","qld":"0.20","sa":"1.72","tas":"0.15","vic":"0.15","wa":"8.43"},{"ts":"2014-01-08T10:30:00Z","nsw":"0.57","nt":"0.08","qld":"0.17","sa":"1.14","tas":"0.08","vic":"0.09","wa":"8.12"},{"ts":"2014-01-08T10:40:00Z","nsw":"0.58","nt":"0.00","qld":"0.17","sa":"1.20","tas":"0.08","vic":"0.08","wa":"6.94"},{"ts":"2014-01-08T10:50:00Z","nsw":"0.42","nt":"0.00","qld":"0.19","sa":"1.24","tas":"0.08","vic":"0.06","wa":"4.80"},{"ts":"2014-01-08T11:00:00Z","nsw":"0.41","nt":"0.00","qld":"0.22","sa":"1.27","tas":"0.09","vic":"0.06","wa":"3.12"},{"ts":"2014-01-08T11:10:00Z","nsw":"0.49","nt":"0.00","qld":"0.17","sa":"1.27","tas":"0.09","vic":"0.06","wa":"1.67"},{"ts":"2014-01-08T11:20:00Z","nsw":"0.53","nt":"0.00","qld":"0.17","sa":"1.31","tas":"0.09","vic":"0.08","wa":"0.80"},{"ts":"2014-01-08T11:30:00Z","nsw":"0.40","nt":"0.00","qld":"0.19","sa":"1.34","tas":"0.09","vic":"0.06","wa":"0.52"},{"ts":"2014-01-08T11:40:00Z","nsw":"0.40","nt":"0.00","qld":"0.19","sa":"1.39","tas":"0.09","vic":"0.08","wa":"1.31"},{"ts":"2014-01-08T11:50:00Z","nsw":"0.78","nt":"0.00","qld":"0.19","sa":"1.21","tas":"0.09","vic":"0.08","wa":"2.12"}],"contribution":[{"ts":"2014-01-07T17:00:00Z","nsw":"0.03","qld":"0.03","sa":"0.06","tas":"0.00","vic":"0.01","wa":"0.02"},{"ts":"2014-01-07T17:10:00Z","nsw":"0.04","qld":"0.03","sa":"0.06","tas":"0.00","vic":"0.01","wa":"0.02"},{"ts":"2014-01-07T17:20:00Z","nsw":"0.04","qld":"0.03","sa":"0.06","tas":"0.00","vic":"0.01","wa":"0.02"},{"ts":"2014-01-07T17:30:00Z","nsw":"0.04","qld":"0.03","sa":"0.06","tas":"0.00","vic":"0.01","wa":"0.02"},{"ts":"2014-01-07T17:40:00Z","nsw":"0.04","qld":"0.03","sa":"0.06","tas":"0.00","vic":"0.02","wa":"0.02"},{"ts":"2014-01-07T17:50:00Z","nsw":"0.04","qld":"0.03","sa":"0.06","tas":"0.00","vic":"0.01","wa":"0.02"},{"ts":"2014-01-07T18:00:00Z","nsw":"0.04","qld":"0.03","sa":"0.06","tas":"0.00","vic":"0.00","wa":"0.02"},{"ts":"2014-01-07T18:10:00Z","nsw":"0.04","qld":"0.03","sa":"0.06","tas":"0.00","vic":"0.01","wa":"0.02"},{"ts":"2014-01-07T18:20:00Z","nsw":"0.05","qld":"0.03","sa":"0.06","tas":"0.00","vic":"0.01","wa":"0.02"},{"ts":"2014-01-07T18:30:00Z","nsw":"0.04","qld":"0.03","sa":"0.05","tas":"0.00","vic":"0.01","wa":"0.02"},{"ts":"2014-01-07T18:40:00Z","nsw":"0.04","qld":"0.03","sa":"0.06","tas":"0.00","vic":"0.01","wa":"0.02"},{"ts":"2014-01-07T18:50:00Z","nsw":"0.04","qld":"0.01","sa":"0.06","tas":"0.00","vic":"0.01","wa":"0.02"},{"ts":"2014-01-07T19:00:00Z","nsw":"0.04","qld":"0.02","sa":"0.05","tas":"0.01","vic":"0.01","wa":"0.02"},{"ts":"2014-01-07T19:10:00Z","nsw":"0.05","qld":"0.10","sa":"0.06","tas":"0.03","vic":"0.02","wa":"0.02"},{"ts":"2014-01-07T19:20:00Z","nsw":"0.09","qld":"0.31","sa":"0.05","tas":"0.07","vic":"0.07","wa":"0.02"},{"ts":"2014-01-07T19:30:00Z","nsw":"0.11","qld":"0.54","sa":"0.05","tas":"0.10","vic":"0.14","wa":"0.02"},{"ts":"2014-01-07T19:40:00Z","nsw":"0.16","qld":"0.72","sa":"0.05","tas":"0.15","vic":"0.23","wa":"0.02"},{"ts":"2014-01-07T19:50:00Z","nsw":"0.19","qld":"0.98","sa":"0.09","tas":"0.20","vic":"0.28","wa":"0.02"},{"ts":"2014-01-07T20:00:00Z","nsw":"0.27","qld":"1.27","sa":"0.27","tas":"0.26","vic":"0.37","wa":"0.02"},{"ts":"2014-01-07T20:10:00Z","nsw":"0.36","qld":"1.61","sa":"0.55","tas":"0.32","vic":"0.46","wa":"0.02"},{"ts":"2014-01-07T20:20:00Z","nsw":"0.45","qld":"1.97","sa":"0.84","tas":"0.40","vic":"0.60","wa":"0.02"},{"ts":"2014-01-07T20:30:00Z","nsw":"0.50","qld":"2.28","sa":"1.19","tas":"0.43","vic":"0.75","wa":"0.02"},{"ts":"2014-01-07T20:40:00Z","nsw":"0.60","qld":"2.51","sa":"1.53","tas":"0.53","vic":"0.95","wa":"0.02"},{"ts":"2014-01-07T20:50:00Z","nsw":"0.63","qld":"2.81","sa":"2.00","tas":"0.58","vic":"1.12","wa":"0.02"},{"ts":"2014-01-07T21:00:00Z","nsw":"0.71","qld":"3.19","sa":"2.59","tas":"0.67","vic":"1.33","wa":"0.02"},{"ts":"2014-01-07T21:10:00Z","nsw":"0.92","qld":"3.57","sa":"3.08","tas":"0.70","vic":"1.60","wa":"0.02"},{"ts":"2014-01-07T21:20:00Z","nsw":"1.04","qld":"3.74","sa":"3.66","tas":"0.83","vic":"1.85","wa":"0.03"},{"ts":"2014-01-07T21:30:00Z","qld":"4.21","sa":"6.28","vic":"1.64"},{"ts":"2014-01-07T21:40:00Z","nsw":"1.23","qld":"4.16","sa":"4.93","tas":"0.90","vic":"2.23","wa":"0.13"},{"ts":"2014-01-07T21:50:00Z","nsw":"1.36","qld":"4.30","sa":"6.51","tas":"1.05","vic":"2.58","wa":"0.34"},{"ts":"2014-01-07T22:00:00Z","nsw":"1.63","qld":"4.64","sa":"7.30","tas":"1.23","vic":"2.88","wa":"0.53"},{"ts":"2014-01-07T22:10:00Z","nsw":"1.65","qld":"4.99","sa":"8.46","tas":"1.26","vic":"3.18","wa":"0.69"},{"ts":"2014-01-07T22:20:00Z","nsw":"1.65","qld":"5.48","sa":"8.97","tas":"1.45","vic":"3.40","wa":"0.85"},{"ts":"2014-01-07T22:30:00Z","nsw":"1.87","qld":"5.60","sa":"10.27","tas":"1.57","vic":"3.70","wa":"1.07"},{"ts":"2014-01-07T22:40:00Z","nsw":"2.09","qld":"5.81","sa":"11.15","tas":"1.80","vic":"3.94","wa":"1.42"},{"ts":"2014-01-07T22:50:00Z","nsw":"2.24","qld":"6.03","sa":"11.96","tas":"1.90","vic":"4.15","wa":"1.64"},{"ts":"2014-01-07T23:00:00Z","nsw":"2.35","qld":"6.69","sa":"12.59","tas":"2.02","vic":"4.39","wa":"1.95"},{"ts":"2014-01-07T23:10:00Z","nsw":"2.39","qld":"6.73","sa":"13.85","tas":"1.86","vic":"4.55","wa":"2.36"},{"ts":"2014-01-07T23:20:00Z","nsw":"2.57","qld":"7.16","sa":"14.42","tas":"2.15","vic":"4.86","wa":"2.85"},{"ts":"2014-01-07T23:30:00Z","nsw":"2.57","qld":"7.17","sa":"15.28","tas":"2.06","vic":"5.01","wa":"3.05"},{"ts":"2014-01-07T23:40:00Z","nsw":"2.81","qld":"7.39","sa":"15.99","tas":"2.20","vic":"5.28","wa":"3.50"},{"ts":"2014-01-07T23:50:00Z","nsw":"2.58","qld":"7.46","sa":"16.70","tas":"2.20","vic":"5.40","wa":"3.94"},{"ts":"2014-01-08T00:00:00Z","nsw":"2.77","qld":"7.60","sa":"17.62","tas":"2.24","vic":"5.54","wa":"4.29"},{"ts":"2014-01-08T00:10:00Z","nsw":"3.01","qld":"7.64","sa":"17.50","tas":"2.30","vic":"5.71","wa":"4.52"},{"ts":"2014-01-08T00:20:00Z","nsw":"2.73","qld":"7.83","sa":"18.00","tas":"2.36","vic":"5.73","wa":"5.00"},{"ts":"2014-01-08T00:30:00Z","nsw":"2.90","qld":"7.60","sa":"18.33","tas":"2.46","vic":"5.77","wa":"5.49"},{"ts":"2014-01-08T00:40:00Z","nsw":"3.12","qld":"7.89","sa":"18.45","tas":"2.92","vic":"5.89","wa":"5.86"},{"ts":"2014-01-08T00:50:00Z","nsw":"2.94","qld":"8.03","sa":"19.22","tas":"2.91","vic":"5.92","wa":"6.34"},{"ts":"2014-01-08T01:00:00Z","nsw":"2.95","qld":"8.37","sa":"19.34","tas":"2.83","vic":"6.01","wa":"6.62"},{"ts":"2014-01-08T01:10:00Z","nsw":"3.06","qld":"7.97","sa":"19.87","tas":"2.93","vic":"6.10"},{"ts":"2014-01-08T01:20:00Z","nsw":"2.83","qld":"8.18","sa":"19.83","tas":"3.07","vic":"6.14","wa":"7.20"},{"ts":"2014-01-08T01:30:00Z","nsw":"2.65","qld":"7.68","sa":"20.31","tas":"3.13","vic":"6.19","wa":"7.52"},{"ts":"2014-01-08T01:40:00Z","nsw":"2.85","qld":"8.01","sa":"20.51","tas":"3.25","vic":"6.31","wa":"7.30"},{"ts":"2014-01-08T01:50:00Z","nsw":"2.55","qld":"7.85","sa":"20.89","tas":"3.17","vic":"6.22","wa":"7.60"},{"ts":"2014-01-08T02:00:00Z","nsw":"2.57","qld":"7.63","sa":"21.25","tas":"3.24","vic":"6.19","wa":"8.03"},{"ts":"2014-01-08T02:10:00Z","nsw":"2.61","qld":"7.71","sa":"21.32","tas":"3.41","vic":"6.22","wa":"8.41"},{"ts":"2014-01-08T02:20:00Z","nsw":"2.67","qld":"7.80","sa":"21.08","tas":"3.39","vic":"6.21","wa":"8.85"},{"ts":"2014-01-08T02:30:00Z","nsw":"2.63","qld":"7.43","sa":"21.75","tas":"3.23","vic":"6.14","wa":"8.83"},{"ts":"2014-01-08T02:40:00Z","nsw":"2.88","qld":"7.64","sa":"21.48","tas":"3.44","vic":"6.10","wa":"9.15"},{"ts":"2014-01-08T02:50:00Z","nsw":"2.49","qld":"7.62","sa":"22.15","tas":"3.20","vic":"6.15","wa":"9.09"},{"ts":"2014-01-08T03:00:00Z","nsw":"2.39","qld":"7.48","sa":"22.11","tas":"3.35","vic":"6.10","wa":"9.49"},{"ts":"2014-01-08T03:10:00Z","nsw":"2.46","qld":"7.13","sa":"22.34","tas":"3.33","vic":"6.04","wa":"9.41"},{"ts":"2014-01-08T03:20:00Z","nsw":"2.35","qld":"7.50","sa":"22.15","tas":"3.23","vic":"5.98","wa":"9.67"},{"ts":"2014-01-08T03:30:00Z","nsw":"2.10","qld":"7.15","sa":"22.25","tas":"3.13","vic":"5.85","wa":"9.32"},{"ts":"2014-01-08T03:40:00Z","nsw":"2.25","qld":"7.00","sa":"21.89","tas":"3.30","vic":"5.67","wa":"9.32"},{"ts":"2014-01-08T03:50:00Z","nsw":"2.13","qld":"6.82","sa":"21.86","tas":"3.14","vic":"5.61","wa":"9.50"},{"ts":"2014-01-08T04:00:00Z","nsw":"2.22","qld":"6.74","sa":"22.10","tas":"3.15","vic":"5.59","wa":"9.62"},{"ts":"2014-01-08T04:10:00Z","nsw":"2.29","qld":"6.59","sa":"21.50","tas":"2.86","vic":"5.42","wa":"9.22"},{"ts":"2014-01-08T04:20:00Z","nsw":"2.16","qld":"6.61","sa":"21.45","tas":"3.01","vic":"5.35","wa":"9.49"},{"ts":"2014-01-08T04:30:00Z","nsw":"2.10","qld":"5.94","sa":"21.33","tas":"2.87","vic":"5.18","wa":"9.30"},{"ts":"2014-01-08T04:40:00Z","nsw":"2.19","qld":"5.80","sa":"20.90","tas":"3.13","vic":"5.07","wa":"9.30"},{"ts":"2014-01-08T04:50:00Z","nsw":"1.95","qld":"5.83","sa":"20.65","tas":"2.99","vic":"4.99","wa":"9.58"},{"ts":"2014-01-08T05:00:00Z","nsw":"1.79","qld":"5.32","sa":"20.56","tas":"2.88","vic":"4.88","wa":"9.49"},{"ts":"2014-01-08T05:10:00Z","nsw":"1.59","qld":"4.82","sa":"20.11","tas":"2.82","vic":"4.58","wa":"9.46"},{"ts":"2014-01-08T05:20:00Z","nsw":"1.46","qld":"4.49","sa":"19.78","tas":"2.80","vic":"4.63","wa":"9.15"},{"ts":"2014-01-08T05:30:00Z","nsw":"1.35","qld":"4.02","sa":"19.31","tas":"2.47","vic":"4.25","wa":"9.18"},{"ts":"2014-01-08T05:40:00Z","nsw":"1.40","qld":"3.32","sa":"18.90","tas":"2.38","vic":"4.13","wa":"8.94"},{"ts":"2014-01-08T05:50:00Z","nsw":"1.28","qld":"2.92","sa":"18.56","tas":"2.31","vic":"3.92","wa":"8.84"},{"ts":"2014-01-08T06:00:00Z","nsw":"1.28","qld":"2.71","sa":"17.69","tas":"2.33","vic":"3.68","wa":"8.73"},{"ts":"2014-01-08T06:10:00Z","nsw":"1.24","qld":"2.32","sa":"17.11","tas":"2.07","vic":"3.46","wa":"8.07"},{"ts":"2014-01-08T06:20:00Z","nsw":"1.13","qld":"2.00","sa":"16.31","tas":"1.96","vic":"3.19","wa":"7.86"},{"ts":"2014-01-08T06:30:00Z","nsw":"1.12","qld":"1.66","sa":"15.44","tas":"1.68","vic":"2.93","wa":"7.10"},{"ts":"2014-01-08T06:40:00Z","nsw":"1.06","qld":"1.49","sa":"14.39","tas":"1.59","vic":"2.71","wa":"6.67"},{"ts":"2014-01-08T06:50:00Z","nsw":"0.90","qld":"1.33","sa":"13.79","tas":"1.48","vic":"2.48","wa":"6.09"},{"ts":"2014-01-08T07:00:00Z","nsw":"0.77","qld":"1.15","sa":"12.87","tas":"1.32","vic":"2.31","wa":"6.01"},{"ts":"2014-01-08T07:10:00Z","nsw":"0.82","qld":"0.94","sa":"12.22","tas":"1.14","vic":"2.12","wa":"6.26"},{"ts":"2014-01-08T07:20:00Z","nsw":"0.63","qld":"0.93","sa":"11.26","tas":"0.99","vic":"1.94","wa":"5.58"},{"ts":"2014-01-08T07:30:00Z","nsw":"0.49","qld":"0.76","sa":"10.72","tas":"0.88","vic":"1.72","wa":"5.72"},{"ts":"2014-01-08T07:40:00Z","nsw":"0.47","qld":"0.58","sa":"9.68","tas":"0.76","vic":"1.50","wa":"5.82"},{"ts":"2014-01-08T07:50:00Z","nsw":"0.41","qld":"0.52","sa":"8.82","tas":"0.63","vic":"1.33","wa":"5.69"},{"ts":"2014-01-08T08:00:00Z","nsw":"0.37","qld":"0.42","sa":"7.82","tas":"0.58","vic":"1.12","wa":"5.33"},{"ts":"2014-01-08T08:10:00Z","nsw":"0.30","qld":"0.27","sa":"7.03","tas":"0.48","vic":"0.88","wa":"4.57"},{"ts":"2014-01-08T08:20:00Z","nsw":"0.24","qld":"0.21","sa":"5.95","tas":"0.43","vic":"0.77","wa":"4.46"},{"ts":"2014-01-08T08:30:00Z","nsw":"0.18","qld":"0.11","sa":"5.36","tas":"0.35","vic":"0.64","wa":"4.35"},{"ts":"2014-01-08T08:40:00Z","nsw":"0.15","qld":"0.04","sa":"4.30","tas":"0.25","vic":"0.53","wa":"4.36"},{"ts":"2014-01-08T08:50:00Z","nsw":"0.11","qld":"0.05","sa":"3.91","tas":"0.21","vic":"0.44","wa":"3.90"},{"ts":"2014-01-08T09:00:00Z","nsw":"0.08","qld":"0.03","sa":"3.17","tas":"0.19","vic":"0.40","wa":"3.27"},{"ts":"2014-01-08T09:10:00Z","nsw":"0.08","qld":"0.03","sa":"2.54","tas":"0.12","vic":"0.29","wa":"2.71"},{"ts":"2014-01-08T09:20:00Z","nsw":"0.06","qld":"0.04","sa":"1.97","tas":"0.07","vic":"0.23","wa":"2.69"},{"ts":"2014-01-08T09:30:00Z","nsw":"0.04","qld":"0.03","sa":"1.37","tas":"0.03","vic":"0.13","wa":"2.28"},{"ts":"2014-01-08T09:40:00Z","nsw":"0.03","qld":"0.03","sa":"0.89","tas":"0.01","vic":"0.08","wa":"2.39"},{"ts":"2014-01-08T09:50:00Z","nsw":"0.04","qld":"0.03","sa":"0.60","tas":"0.01","vic":"0.05","wa":"2.12"},{"ts":"2014-01-08T10:00:00Z","nsw":"0.05","qld":"0.03","sa":"0.41","tas":"0.00","vic":"0.06","wa":"1.95"},{"ts":"2014-01-08T10:10:00Z","nsw":"0.04","qld":"0.03","sa":"0.44","tas":"0.01","vic":"0.04","wa":"1.35"},{"ts":"2014-01-08T10:20:00Z","nsw":"0.05","qld":"0.03","sa":"0.52","tas":"0.01","vic":"0.01","wa":"1.13"},{"ts":"2014-01-08T10:30:00Z","nsw":"0.05","qld":"0.03","sa":"0.34","tas":"0.00","vic":"0.01","wa":"1.09"},{"ts":"2014-01-08T10:40:00Z","nsw":"0.05","qld":"0.03","sa":"0.36","tas":"0.00","vic":"0.01","wa":"0.94"},{"ts":"2014-01-08T10:50:00Z","nsw":"0.04","qld":"0.03","sa":"0.38","tas":"0.00","vic":"0.01","wa":"0.65"},{"ts":"2014-01-08T11:00:00Z","nsw":"0.04","qld":"0.03","sa":"0.40","tas":"0.00","vic":"0.01","wa":"0.43"},{"ts":"2014-01-08T11:10:00Z","nsw":"0.04","qld":"0.03","sa":"0.40","tas":"0.00","vic":"0.01","wa":"0.23"},{"ts":"2014-01-08T11:20:00Z","nsw":"0.05","qld":"0.03","sa":"0.41","tas":"0.00","vic":"0.01","wa":"0.11"},{"ts":"2014-01-08T11:30:00Z","nsw":"0.03","qld":"0.03","sa":"0.43","tas":"0.00","vic":"0.01","wa":"0.07"},{"ts":"2014-01-08T11:40:00Z","nsw":"0.04","qld":"0.03","sa":"0.45","tas":"0.00","vic":"0.01","wa":"0.18"},{"ts":"2014-01-08T11:50:00Z","nsw":"0.07","qld":"0.03","sa":"0.40","tas":"0.00","vic":"0.01","wa":"0.29"}],"demand":[{"ts":"2014-01-07T17:00:00Z","nsw":5777,"qld":4804,"sa":1100,"tas":998,"vic":3880,"wa":1818},{"ts":"2014-01-07T17:10:00Z","nsw":5790,"qld":4800,"sa":1100,"tas":1002,"vic":3877,"wa":1794},{"ts":"2014-01-07T17:20:00Z","nsw":5813,"qld":4803,"sa":1106,"tas":1007,"vic":3878,"wa":1787},{"ts":"2014-01-07T17:30:00Z","nsw":5809,"qld":4780,"sa":1093,"tas":1003,"vic":3886,"wa":1774},{"ts":"2014-01-07T17:40:00Z","nsw":5811,"qld":4804,"sa":1080,"tas":1011,"vic":3891,"wa":1779},{"ts":"2014-01-07T17:50:00Z","nsw":5818,"qld":4785,"sa":1102,"tas":1012,"vic":3931,"wa":1775},{"ts":"2014-01-07T18:00:00Z","nsw":5940,"qld":4809,"sa":1107,"tas":1018,"vic":3912,"wa":1749},{"ts":"2014-01-07T18:10:00Z","nsw":5983,"qld":4795,"sa":1086,"tas":1025,"vic":3979,"wa":1735},{"ts":"2014-01-07T18:20:00Z","nsw":6065,"qld":4841,"sa":1105,"tas":1025,"vic":4006,"wa":1729},{"ts":"2014-01-07T18:30:00Z","nsw":6125,"qld":4907,"sa":1091,"tas":1027,"vic":4052,"wa":1742},{"ts":"2014-01-07T18:40:00Z","nsw":6151,"qld":4918,"sa":1095,"tas":1040,"vic":4078,"wa":1738},{"ts":"2014-01-07T18:50:00Z","nsw":6200,"qld":4907,"sa":1128,"tas":1061,"vic":4109,"wa":1738},{"ts":"2014-01-07T19:00:00Z","nsw":6289,"qld":4913,"sa":1136,"tas":1085,"vic":4204,"wa":1738},{"ts":"2014-01-07T19:10:00Z","nsw":6389,"qld":4951,"sa":1119,"tas":1089,"vic":4384,"wa":1732},{"ts":"2014-01-07T19:20:00Z","nsw":6533,"qld":4955,"sa":1126,"tas":1094,"vic":4413,"wa":1732},{"ts":"2014-01-07T19:30:00Z","nsw":6651,"qld":5031,"sa":1136,"tas":1108,"vic":4491,"wa":1724},{"ts":"2014-01-07T19:40:00Z","nsw":6761,"qld":5115,"sa":1161,"tas":1123,"vic":4567,"wa":1715},{"ts":"2014-01-07T19:50:00Z","nsw":6839,"qld":5142,"sa":1173,"tas":1139,"vic":4668,"wa":1714},{"ts":"2014-01-07T20:00:00Z","nsw":6897,"qld":5263,"sa":1195,"tas":1153,"vic":4794,"wa":1725},{"ts":"2014-01-07T20:10:00Z","nsw":7046,"qld":5364,"sa":1202,"tas":1173,"vic":4953,"wa":1729},{"ts":"2014-01-07T20:20:00Z","nsw":7155,"qld":5472,"sa":1234,"tas":1190,"vic":5071,"wa":1733},{"ts":"2014-01-07T20:30:00Z","nsw":7222,"qld":5553,"sa":1265,"tas":1205,"vic":5126,"wa":1750},{"ts":"2014-01-07T20:40:00Z","nsw":7377,"qld":5605,"sa":1288,"tas":1214,"vic":5275,"wa":1747},{"ts":"2014-01-07T20:50:00Z","nsw":7432,"qld":5665,"sa":1286,"tas":1237,"vic":5333,"wa":1754},{"ts":"2014-01-07T21:00:00Z","nsw":7494,"qld":5778,"sa":1302,"tas":1230,"vic":5309,"wa":1754},{"ts":"2014-01-07T21:10:00Z","nsw":7561,"qld":5908,"sa":1311,"tas":1213,"vic":5258,"wa":1774},{"ts":"2014-01-07T21:20:00Z","nsw":7631,"qld":5916,"sa":1304,"tas":1207,"vic":5276,"wa":1779},{"ts":"2014-01-07T21:30:00Z","nsw":7710,"qld":6000,"sa":1292,"tas":1214,"vic":5298},{"ts":"2014-01-07T21:40:00Z","nsw":7798,"qld":6025,"sa":1253,"tas":1212,"vic":5314,"wa":1812},{"ts":"2014-01-07T21:50:00Z","nsw":7778,"qld":6121,"sa":1233,"tas":1200,"vic":5346,"wa":1817},{"ts":"2014-01-07T22:00:00Z","nsw":7918,"qld":6152,"sa":1253,"tas":1209,"vic":5355,"wa":1863},{"ts":"2014-01-07T22:10:00Z","nsw":8001,"qld":6197,"sa":1248,"tas":1201,"vic":5375,"wa":1899},{"ts":"2014-01-07T22:20:00Z","nsw":8012,"qld":6202,"sa":1248,"tas":1191,"vic":5364,"wa":1920},{"ts":"2014-01-07T22:30:00Z","nsw":8044,"qld":6205,"sa":1249,"tas":1187,"vic":5336,"wa":1988},{"ts":"2014-01-07T22:40:00Z","nsw":8109,"qld":6251,"sa":1255,"tas":1180,"vic":5288,"wa":1999},{"ts":"2014-01-07T22:50:00Z","nsw":8103,"qld":6326,"sa":1251,"tas":1181,"vic":5288,"wa":2008},{"ts":"2014-01-07T23:00:00Z","nsw":8154,"qld":6316,"sa":1245,"tas":1176,"vic":5316,"wa":2016},{"ts":"2014-01-07T23:10:00Z","nsw":8168,"qld":6282,"sa":1239,"tas":1163,"vic":5347,"wa":2016},{"ts":"2014-01-07T23:20:00Z","nsw":8125,"qld":6347,"sa":1251,"tas":1155,"vic":5333,"wa":2016},{"ts":"2014-01-07T23:30:00Z","nsw":8160,"qld":6300,"sa":1243,"tas":1150,"vic":5311,"wa":2173},{"ts":"2014-01-07T23:40:00Z","nsw":8171,"qld":6390,"sa":1230,"tas":1150,"vic":5315,"wa":2170},{"ts":"2014-01-07T23:50:00Z","nsw":8227,"qld":6335,"sa":1234,"tas":1137,"vic":5314,"wa":2173},{"ts":"2014-01-08T00:00:00Z","nsw":8170,"qld":6339,"sa":1232,"tas":1130,"vic":5330,"wa":2200},{"ts":"2014-01-08T00:10:00Z","nsw":8190,"qld":6351,"sa":1247,"tas":1120,"vic":5324,"wa":2245},{"ts":"2014-01-08T00:20:00Z","nsw":8203,"qld":6396,"sa":1264,"tas":1115,"vic":5358,"wa":2254},{"ts":"2014-01-08T00:30:00Z","nsw":8204,"qld":6376,"sa":1269,"tas":1113,"vic":5386,"wa":2291},{"ts":"2014-01-08T00:40:00Z","nsw":8186,"qld":6393,"sa":1271,"tas":1113,"vic":5449,"wa":2296},{"ts":"2014-01-08T00:50:00Z","nsw":8238,"qld":6390,"sa":1268,"tas":1114,"vic":5483,"wa":2297},{"ts":"2014-01-08T01:00:00Z","nsw":8198,"qld":6329,"sa":1263,"tas":1100,"vic":5494,"wa":2306},{"ts":"2014-01-08T01:10:00Z","nsw":8176,"qld":6385,"sa":1265,"tas":1090,"vic":5508},{"ts":"2014-01-08T01:20:00Z","nsw":8186,"qld":6372,"sa":1277,"tas":1082,"vic":5501,"wa":2318},{"ts":"2014-01-08T01:30:00Z","nsw":8162,"qld":6379,"sa":1265,"tas":1067,"vic":5485,"wa":2319},{"ts":"2014-01-08T01:40:00Z","nsw":8164,"qld":6391,"sa":1263,"tas":1058,"vic":5499,"wa":2336},{"ts":"2014-01-08T01:50:00Z","nsw":8203,"qld":6467,"sa":1263,"tas":1075,"vic":5519,"wa":2339},{"ts":"2014-01-08T02:00:00Z","nsw":8208,"qld":6413,"sa":1256,"tas":1070,"vic":5529,"wa":2351},{"ts":"2014-01-08T02:10:00Z","nsw":8166,"qld":6420,"sa":1265,"tas":1079,"vic":5527,"wa":2339},{"ts":"2014-01-08T02:20:00Z","nsw":8179,"qld":6464,"sa":1286,"tas":1068,"vic":5508,"wa":2335},{"ts":"2014-01-08T02:30:00Z","nsw":8186,"qld":6447,"sa":1250,"tas":1064,"vic":5551,"wa":2334},{"ts":"2014-01-08T02:40:00Z","nsw":8152,"qld":6497,"sa":1258,"tas":1054,"vic":5546,"wa":2333},{"ts":"2014-01-08T02:50:00Z","nsw":8196,"qld":6496,"sa":1227,"tas":1058,"vic":5556,"wa":2327},{"ts":"2014-01-08T03:00:00Z","nsw":8193,"qld":6453,"sa":1242,"tas":1061,"vic":5550,"wa":2326},{"ts":"2014-01-08T03:10:00Z","nsw":8189,"qld":6521,"sa":1217,"tas":1060,"vic":5572,"wa":2367},{"ts":"2014-01-08T03:20:00Z","nsw":8216,"qld":6501,"sa":1227,"tas":1067,"vic":5560,"wa":2373},{"ts":"2014-01-08T03:30:00Z","nsw":8200,"qld":6529,"sa":1225,"tas":1077,"vic":5567,"wa":2377},{"ts":"2014-01-08T03:40:00Z","nsw":8155,"qld":6569,"sa":1236,"tas":1079,"vic":5606,"wa":2396},{"ts":"2014-01-08T03:50:00Z","nsw":8164,"qld":6567,"sa":1227,"tas":1082,"vic":5601,"wa":2407},{"ts":"2014-01-08T04:00:00Z","nsw":8158,"qld":6574,"sa":1218,"tas":1087,"vic":5603,"wa":2421},{"ts":"2014-01-08T04:10:00Z","nsw":8125,"qld":6588,"sa":1215,"tas":1100,"vic":5622,"wa":2431},{"ts":"2014-01-08T04:20:00Z","nsw":8117,"qld":6610,"sa":1222,"tas":1117,"vic":5648,"wa":2439},{"ts":"2014-01-08T04:30:00Z","nsw":8132,"qld":6597,"sa":1224,"tas":1114,"vic":5661,"wa":2446},{"ts":"2014-01-08T04:40:00Z","nsw":8108,"qld":6636,"sa":1210,"tas":1095,"vic":5675,"wa":2490},{"ts":"2014-01-08T04:50:00Z","nsw":8109,"qld":6622,"sa":1221,"tas":1086,"vic":5684,"wa":2490},{"ts":"2014-01-08T05:00:00Z","nsw":8123,"qld":6608,"sa":1231,"tas":1083,"vic":5709,"wa":2496},{"ts":"2014-01-08T05:10:00Z","nsw":8084,"qld":6641,"sa":1227,"tas":1080,"vic":5729,"wa":2499},{"ts":"2014-01-08T05:20:00Z","nsw":8101,"qld":6748,"sa":1232,"tas":1077,"vic":5744,"wa":2504},{"ts":"2014-01-08T05:30:00Z","nsw":8157,"qld":6697,"sa":1228,"tas":1087,"vic":5771,"wa":2508},{"ts":"2014-01-08T05:40:00Z","nsw":8176,"qld":6736,"sa":1231,"tas":1092,"vic":5822,"wa":2508},{"ts":"2014-01-08T05:50:00Z","nsw":8165,"qld":6740,"sa":1235,"tas":1101,"vic":5827,"wa":2524},{"ts":"2014-01-08T06:00:00Z","nsw":8110,"qld":6714,"sa":1234,"tas":1082,"vic":5826,"wa":2532},{"ts":"2014-01-08T06:10:00Z","nsw":8133,"qld":6703,"sa":1259,"tas":1131,"vic":5801,"wa":2572},{"ts":"2014-01-08T06:20:00Z","nsw":8149,"qld":6707,"sa":1274,"tas":1148,"vic":5833,"wa":2571},{"ts":"2014-01-08T06:30:00Z","nsw":8123,"qld":6703,"sa":1285,"tas":1156,"vic":5833,"wa":2577},{"ts":"2014-01-08T06:40:00Z","nsw":8146,"qld":6730,"sa":1313,"tas":1147,"vic":5816,"wa":2588},{"ts":"2014-01-08T06:50:00Z","nsw":8185,"qld":6749,"sa":1310,"tas":1139,"vic":5792,"wa":2576},{"ts":"2014-01-08T07:00:00Z","nsw":8115,"qld":6745,"sa":1322,"tas":1137,"vic":5740,"wa":2570},{"ts":"2014-01-08T07:10:00Z","nsw":7994,"qld":6725,"sa":1332,"tas":1151,"vic":5629,"wa":2585},{"ts":"2014-01-08T07:20:00Z","nsw":7971,"qld":6741,"sa":1337,"tas":1152,"vic":5576,"wa":2582},{"ts":"2014-01-08T07:30:00Z","nsw":7976,"qld":6751,"sa":1333,"tas":1128,"vic":5533,"wa":2592},{"ts":"2014-01-08T07:40:00Z","nsw":7934,"qld":6677,"sa":1346,"tas":1141,"vic":5407,"wa":2575},{"ts":"2014-01-08T07:50:00Z","nsw":7874,"qld":6658,"sa":1361,"tas":1162,"vic":5325,"wa":2596},{"ts":"2014-01-08T08:00:00Z","nsw":7845,"qld":6604,"sa":1375,"tas":1171,"vic":5288,"wa":2596},{"ts":"2014-01-08T08:10:00Z","nsw":7750,"qld":6603,"sa":1376,"tas":1161,"vic":5189,"wa":2632},{"ts":"2014-01-08T08:20:00Z","nsw":7696,"qld":6548,"sa":1398,"tas":1156,"vic":5144,"wa":2635},{"ts":"2014-01-08T08:30:00Z","nsw":7651,"qld":6607,"sa":1398,"tas":1161,"vic":5101,"wa":2608},{"ts":"2014-01-08T08:40:00Z","nsw":7622,"qld":6524,"sa":1416,"tas":1170,"vic":5079,"wa":2613},{"ts":"2014-01-08T08:50:00Z","nsw":7678,"qld":6566,"sa":1407,"tas":1167,"vic":5049,"wa":2614},{"ts":"2014-01-08T09:00:00Z","nsw":7634,"qld":6577,"sa":1395,"tas":1166,"vic":5006,"wa":2613},{"ts":"2014-01-08T09:10:00Z","nsw":7667,"qld":6581,"sa":1405,"tas":1163,"vic":4971,"wa":2609},{"ts":"2014-01-08T09:20:00Z","nsw":7722,"qld":6552,"sa":1404,"tas":1173,"vic":4931,"wa":2607},{"ts":"2014-01-08T09:30:00Z","nsw":7720,"qld":6621,"sa":1407,"tas":1158,"vic":4917,"wa":2594},{"ts":"2014-01-08T09:40:00Z","nsw":7748,"qld":6523,"sa":1403,"tas":1161,"vic":4953,"wa":2581},{"ts":"2014-01-08T09:50:00Z","nsw":7610,"qld":6535,"sa":1413,"tas":1174,"vic":4997,"wa":2573},{"ts":"2014-01-08T10:00:00Z","nsw":7623,"qld":6439,"sa":1425,"tas":1186,"vic":4986,"wa":2568},{"ts":"2014-01-08T10:10:00Z","nsw":7560,"qld":6431,"sa":1453,"tas":1185,"vic":5067,"wa":2563},{"ts":"2014-01-08T10:20:00Z","nsw":7565,"qld":6378,"sa":1458,"tas":1190,"vic":5092,"wa":2560},{"ts":"2014-01-08T10:30:00Z","nsw":7511,"qld":6311,"sa":1475,"tas":1189,"vic":5089,"wa":2559},{"ts":"2014-01-08T10:40:00Z","nsw":7418,"qld":6355,"sa":1455,"tas":1184,"vic":5040,"wa":2547},{"ts":"2014-01-08T10:50:00Z","nsw":7397,"qld":6265,"sa":1431,"tas":1179,"vic":4950,"wa":2542},{"ts":"2014-01-08T11:00:00Z","nsw":7406,"qld":6239,"sa":1416,"tas":1175,"vic":4869,"wa":2533},{"ts":"2014-01-08T11:10:00Z","nsw":7444,"qld":6350,"sa":1418,"tas":1164,"vic":4821,"wa":2502},{"ts":"2014-01-08T11:20:00Z","nsw":7395,"qld":6351,"sa":1403,"tas":1155,"vic":4739,"wa":2501},{"ts":"2014-01-08T11:30:00Z","nsw":7412,"qld":6256,"sa":1394,"tas":1142,"vic":4710,"wa":2485},{"ts":"2014-01-08T11:40:00Z","nsw":7397,"qld":6232,"sa":1364,"tas":1135,"vic":4635,"wa":2485},{"ts":"2014-01-08T11:50:00Z","nsw":7324,"qld":6111,"sa":1319,"tas":1110,"vic":4573,"wa":2490}],"output":[{"ts":"2014-01-07T17:00:00Z","nsw":1,"qld":1,"sa":0,"tas":0,"vic":0,"wa":0},{"ts":"2014-01-07T17:10:00Z","nsw":2,"qld":1,"sa":0,"tas":0,"vic":0,"wa":0},{"ts":"2014-01-07T17:20:00Z","nsw":2,"qld":1,"sa":0,"tas":0,"vic":0,"wa":0},{"ts":"2014-01-07T17:30:00Z","nsw":2,"qld":1,"sa":0,"tas":0,"vic":0,"wa":0},{"ts":"2014-01-07T17:40:00Z","nsw":2,"qld":1,"sa":0,"tas":0,"vic":0,"wa":0},{"ts":"2014-01-07T17:50:00Z","nsw":2,"qld":1,"sa":0,"tas":0,"vic":0,"wa":0},{"ts":"2014-01-07T18:00:00Z","nsw":2,"qld":1,"sa":0,"tas":0,"vic":0,"wa":0},{"ts":"2014-01-07T18:10:00Z","nsw":2,"qld":1,"sa":0,"tas":0,"vic":0,"wa":0},{"ts":"2014-01-07T18:20:00Z","nsw":3,"qld":1,"sa":0,"tas":0,"vic":0,"wa":0},{"ts":"2014-01-07T18:30:00Z","nsw":2,"qld":1,"sa":0,"tas":0,"vic":0,"wa":0},{"ts":"2014-01-07T18:40:00Z","nsw":2,"qld":1,"sa":0,"tas":0,"vic":0,"wa":0},{"ts":"2014-01-07T18:50:00Z","nsw":2,"qld":0,"sa":0,"tas":0,"vic":0,"wa":0},{"ts":"2014-01-07T19:00:00Z","nsw":2,"qld":0,"sa":0,"tas":0,"vic":0,"wa":0},{"ts":"2014-01-07T19:10:00Z","nsw":2,"qld":4,"sa":0,"tas":0,"vic":0,"wa":0},{"ts":"2014-01-07T19:20:00Z","nsw":6,"qld":15,"sa":0,"tas":0,"vic":2,"wa":0},{"ts":"2014-01-07T19:30:00Z","nsw":7,"qld":27,"sa":0,"tas":1,"vic":6,"wa":0},{"ts":"2014-01-07T19:40:00Z","nsw":10,"qld":37,"sa":0,"tas":1,"vic":10,"wa":0},{"ts":"2014-01-07T19:50:00Z","nsw":12,"qld":51,"sa":1,"tas":2,"vic":13,"wa":0},{"ts":"2014-01-07T20:00:00Z","nsw":18,"qld":67,"sa":3,"tas":3,"vic":17,"wa":0},{"ts":"2014-01-07T20:10:00Z","nsw":25,"qld":87,"sa":6,"tas":3,"vic":22,"wa":0},{"ts":"2014-01-07T20:20:00Z","nsw":32,"qld":109,"sa":10,"tas":4,"vic":30,"wa":0},{"ts":"2014-01-07T20:30:00Z","nsw":35,"qld":128,"sa":15,"tas":5,"vic":38,"wa":0},{"ts":"2014-01-07T20:40:00Z","nsw":44,"qld":143,"sa":19,"tas":6,"vic":50,"wa":0},{"ts":"2014-01-07T20:50:00Z","nsw":47,"qld":163,"sa":26,"tas":7,"vic":60,"wa":0},{"ts":"2014-01-07T21:00:00Z","nsw":53,"qld":191,"sa":34,"tas":8,"vic":72,"wa":0},{"ts":"2014-01-07T21:10:00Z","nsw":70,"qld":217,"sa":41,"tas":8,"vic":85,"wa":0},{"ts":"2014-01-07T21:20:00Z","nsw":80,"qld":227,"sa":49,"tas":10,"vic":98,"wa":0},{"ts":"2014-01-07T21:30:00Z","qld":264,"sa":87,"vic":88},{"ts":"2014-01-07T21:40:00Z","nsw":97,"qld":259,"sa":65,"tas":11,"vic":120,"wa":2},{"ts":"2014-01-07T21:50:00Z","nsw":107,"qld":275,"sa":85,"tas":12,"vic":141,"wa":6},{"ts":"2014-01-07T22:00:00Z","nsw":130,"qld":299,"sa":97,"tas":15,"vic":158,"wa":9},{"ts":"2014-01-07T22:10:00Z","nsw":133,"qld":324,"sa":114,"tas":15,"vic":176,"wa":13},{"ts":"2014-01-07T22:20:00Z","nsw":134,"qld":359,"sa":123,"tas":17,"vic":188,"wa":16},{"ts":"2014-01-07T22:30:00Z","nsw":152,"qld":368,"sa":143,"tas":19,"vic":205,"wa":21},{"ts":"2014-01-07T22:40:00Z","nsw":172,"qld":386,"sa":158,"tas":21,"vic":217,"wa":28},{"ts":"2014-01-07T22:50:00Z","nsw":185,"qld":405,"sa":169,"tas":22,"vic":230,"wa":33},{"ts":"2014-01-07T23:00:00Z","nsw":196,"qld":451,"sa":179,"tas":24,"vic":243,"wa":40},{"ts":"2014-01-07T23:10:00Z","nsw":199,"qld":453,"sa":199,"tas":22,"vic":254,"wa":48},{"ts":"2014-01-07T23:20:00Z","nsw":214,"qld":488,"sa":210,"tas":25,"vic":272,"wa":59},{"ts":"2014-01-07T23:30:00Z","nsw":215,"qld":485,"sa":223,"tas":24,"vic":280,"wa":68},{"ts":"2014-01-07T23:40:00Z","nsw":235,"qld":512,"sa":235,"tas":25,"vic":296,"wa":78},{"ts":"2014-01-07T23:50:00Z","nsw":217,"qld":510,"sa":245,"tas":25,"vic":304,"wa":89},{"ts":"2014-01-08T00:00:00Z","nsw":232,"qld":520,"sa":260,"tas":25,"vic":312,"wa":98},{"ts":"2014-01-08T00:10:00Z","nsw":254,"qld":523,"sa":263,"tas":26,"vic":322,"wa":106},{"ts":"2014-01-08T00:20:00Z","nsw":231,"qld":543,"sa":274,"tas":26,"vic":325,"wa":118},{"ts":"2014-01-08T00:30:00Z","nsw":245,"qld":525,"sa":283,"tas":28,"vic":328,"wa":133},{"ts":"2014-01-08T00:40:00Z","nsw":263,"qld":551,"sa":287,"tas":33,"vic":340,"wa":143},{"ts":"2014-01-08T00:50:00Z","nsw":248,"qld":558,"sa":301,"tas":33,"vic":344,"wa":155},{"ts":"2014-01-08T01:00:00Z","nsw":249,"qld":578,"sa":303,"tas":32,"vic":351,"wa":163},{"ts":"2014-01-08T01:10:00Z","nsw":257,"qld":554,"sa":311,"tas":33,"vic":358},{"ts":"2014-01-08T01:20:00Z","nsw":239,"qld":570,"sa":318,"tas":34,"vic":361,"wa":179},{"ts":"2014-01-08T01:30:00Z","nsw":222,"qld":529,"sa":325,"tas":34,"vic":362,"wa":188},{"ts":"2014-01-08T01:40:00Z","nsw":239,"qld":556,"sa":328,"tas":35,"vic":369,"wa":184},{"ts":"2014-01-08T01:50:00Z","nsw":214,"qld":550,"sa":331,"tas":35,"vic":366,"wa":192},{"ts":"2014-01-08T02:00:00Z","nsw":216,"qld":528,"sa":339,"tas":35,"vic":364,"wa":205},{"ts":"2014-01-08T02:10:00Z","nsw":218,"qld":533,"sa":343,"tas":38,"vic":365,"wa":214},{"ts":"2014-01-08T02:20:00Z","nsw":224,"qld":543,"sa":344,"tas":37,"vic":364,"wa":226},{"ts":"2014-01-08T02:30:00Z","nsw":221,"qld":515,"sa":347,"tas":35,"vic":363,"wa":226},{"ts":"2014-01-08T02:40:00Z","nsw":241,"qld":536,"sa":347,"tas":37,"vic":360,"wa":235},{"ts":"2014-01-08T02:50:00Z","nsw":208,"qld":536,"sa":349,"tas":34,"vic":364,"wa":232},{"ts":"2014-01-08T03:00:00Z","nsw":200,"qld":520,"sa":350,"tas":36,"vic":360,"wa":244},{"ts":"2014-01-08T03:10:00Z","nsw":206,"qld":497,"sa":351,"tas":36,"vic":359,"wa":245},{"ts":"2014-01-08T03:20:00Z","nsw":197,"qld":528,"sa":350,"tas":35,"vic":352,"wa":254},{"ts":"2014-01-08T03:30:00Z","nsw":175,"qld":501,"sa":349,"tas":35,"vic":346,"wa":244},{"ts":"2014-01-08T03:40:00Z","nsw":187,"qld":496,"sa":345,"tas":36,"vic":338,"wa":246},{"ts":"2014-01-08T03:50:00Z","nsw":177,"qld":481,"sa":346,"tas":35,"vic":333,"wa":252},{"ts":"2014-01-08T04:00:00Z","nsw":185,"qld":472,"sa":344,"tas":35,"vic":331,"wa":257},{"ts":"2014-01-08T04:10:00Z","nsw":189,"qld":464,"sa":333,"tas":32,"vic":321,"wa":246},{"ts":"2014-01-08T04:20:00Z","nsw":178,"qld":468,"sa":333,"tas":34,"vic":318,"wa":255},{"ts":"2014-01-08T04:30:00Z","nsw":174,"qld":414,"sa":333,"tas":33,"vic":309,"wa":250},{"ts":"2014-01-08T04:40:00Z","nsw":181,"qld":406,"sa":323,"tas":35,"vic":304,"wa":255},{"ts":"2014-01-08T04:50:00Z","nsw":160,"qld":409,"sa":319,"tas":33,"vic":297,"wa":263},{"ts":"2014-01-08T05:00:00Z","nsw":148,"qld":371,"sa":316,"tas":32,"vic":291,"wa":261},{"ts":"2014-01-08T05:10:00Z","nsw":130,"qld":335,"sa":309,"tas":31,"vic":274,"wa":261},{"ts":"2014-01-08T05:20:00Z","nsw":120,"qld":317,"sa":303,"tas":31,"vic":277,"wa":252},{"ts":"2014-01-08T05:30:00Z","nsw":111,"qld":278,"sa":297,"tas":27,"vic":255,"wa":253},{"ts":"2014-01-08T05:40:00Z","nsw":115,"qld":231,"sa":285,"tas":26,"vic":250,"wa":246},{"ts":"2014-01-08T05:50:00Z","nsw":105,"qld":201,"sa":279,"tas":26,"vic":236,"wa":244},{"ts":"2014-01-08T06:00:00Z","nsw":105,"qld":186,"sa":265,"tas":25,"vic":222,"wa":242},{"ts":"2014-01-08T06:10:00Z","nsw":102,"qld":158,"sa":257,"tas":23,"vic":208,"wa":225},{"ts":"2014-01-08T06:20:00Z","nsw":93,"qld":136,"sa":246,"tas":22,"vic":192,"wa":219},{"ts":"2014-01-08T06:30:00Z","nsw":92,"qld":113,"sa":233,"tas":19,"vic":176,"wa":196},{"ts":"2014-01-08T06:40:00Z","nsw":87,"qld":101,"sa":219,"tas":18,"vic":161,"wa":184},{"ts":"2014-01-08T06:50:00Z","nsw":74,"qld":90,"sa":209,"tas":17,"vic":146,"wa":167},{"ts":"2014-01-08T07:00:00Z","nsw":62,"qld":78,"sa":193,"tas":15,"vic":135,"wa":164},{"ts":"2014-01-08T07:10:00Z","nsw":65,"qld":63,"sa":186,"tas":13,"vic":121,"wa":172},{"ts":"2014-01-08T07:20:00Z","nsw":50,"qld":63,"sa":169,"tas":11,"vic":111,"wa":152},{"ts":"2014-01-08T07:30:00Z","nsw":39,"qld":51,"sa":159,"tas":10,"vic":97,"wa":157},{"ts":"2014-01-08T07:40:00Z","nsw":37,"qld":38,"sa":144,"tas":8,"vic":83,"wa":159},{"ts":"2014-01-08T07:50:00Z","nsw":32,"qld":35,"sa":130,"tas":7,"vic":72,"wa":156},{"ts":"2014-01-08T08:00:00Z","nsw":29,"qld":27,"sa":117,"tas":6,"vic":60,"wa":146},{"ts":"2014-01-08T08:10:00Z","nsw":23,"qld":18,"sa":103,"tas":5,"vic":46,"wa":126},{"ts":"2014-01-08T08:20:00Z","nsw":18,"qld":13,"sa":87,"tas":4,"vic":40,"wa":123},{"ts":"2014-01-08T08:30:00Z","nsw":14,"qld":7,"sa":78,"tas":4,"vic":33,"wa":118},{"ts":"2014-01-08T08:40:00Z","nsw":11,"qld":2,"sa":63,"tas":2,"vic":26,"wa":119},{"ts":"2014-01-08T08:50:00Z","nsw":8,"qld":3,"sa":57,"tas":2,"vic":22,"wa":106},{"ts":"2014-01-08T09:00:00Z","nsw":6,"qld":2,"sa":45,"tas":2,"vic":20,"wa":88},{"ts":"2014-01-08T09:10:00Z","nsw":6,"qld":1,"sa":36,"tas":1,"vic":14,"wa":72},{"ts":"2014-01-08T09:20:00Z","nsw":4,"qld":2,"sa":28,"tas":0,"vic":11,"wa":72},{"ts":"2014-01-08T09:30:00Z","nsw":3,"qld":1,"sa":19,"tas":0,"vic":6,"wa":60},{"ts":"2014-01-08T09:40:00Z","nsw":2,"qld":1,"sa":12,"tas":0,"vic":3,"wa":63},{"ts":"2014-01-08T09:50:00Z","nsw":3,"qld":1,"sa":8,"tas":0,"vic":2,"wa":55},{"ts":"2014-01-08T10:00:00Z","nsw":3,"qld":1,"sa":5,"tas":0,"vic":2,"wa":51},{"ts":"2014-01-08T10:10:00Z","nsw":2,"qld":1,"sa":6,"tas":0,"vic":1,"wa":35},{"ts":"2014-01-08T10:20:00Z","nsw":3,"qld":1,"sa":7,"tas":0,"vic":0,"wa":29},{"ts":"2014-01-08T10:30:00Z","nsw":3,"qld":1,"sa":5,"tas":0,"vic":0,"wa":28},{"ts":"2014-01-08T10:40:00Z","nsw":3,"qld":1,"sa":5,"tas":0,"vic":0,"wa":24},{"ts":"2014-01-08T10:50:00Z","nsw":2,"qld":1,"sa":5,"tas":0,"vic":0,"wa":16},{"ts":"2014-01-08T11:00:00Z","nsw":2,"qld":2,"sa":5,"tas":0,"vic":0,"wa":10},{"ts":"2014-01-08T11:10:00Z","nsw":3,"qld":1,"sa":5,"tas":0,"vic":0,"wa":5},{"ts":"2014-01-08T11:20:00Z","nsw":3,"qld":1,"sa":5,"tas":0,"vic":0,"wa":2},{"ts":"2014-01-08T11:30:00Z","nsw":2,"qld":1,"sa":5,"tas":0,"vic":0,"wa":1},{"ts":"2014-01-08T11:40:00Z","nsw":2,"qld":1,"sa":6,"tas":0,"vic":0,"wa":4},{"ts":"2014-01-08T11:50:00Z","nsw":5,"qld":1,"sa":5,"tas":0,"vic":0,"wa":7}]}