{"performance":[{"ts":"2014-02-11T17:00:00Z","nsw":"0.39","nt":"0.00","qld":"0.19","sa":"0.13","tas":"0.09","vic":"0.14","wa":"0.13"},{"ts":"2014-02-11T17:10:00Z","nsw":"0.50","nt":"0.00","qld":"0.18","sa":"0.16","tas":"0.07","vic":"0.14","wa":"0.14"},{"ts":"2014-02-11T17:20:00Z","nsw":"0.49","nt":"0.00","qld":"0.17","sa":"0.17","tas":"0.07","vic":"0.14","wa":"0.13"},{"ts":"2014-02-11T17:30:00Z","nsw":"0.48","nt":"0.00","qld":"0.17","sa":"0.14","tas":"0.07","vic":"0.16","wa":"0.13"},{"ts":"2014-02-11T17:40:00Z","nsw":"0.53","nt":"0.00","qld":"0.18","sa":"0.14","tas":"0.07","vic":"0.14","wa":"0.13"},{"ts":"2014-02-11T17:50:00Z","nsw":"0.51","nt":"0.00","qld":"0.16","sa":"0.15","tas":"0.07","vic":"0.11","wa":"0.13"},{"ts":"2014-02-11T18:00:00Z","nsw":"0.50","nt":"0.00","qld":"0.16","sa":"0.15","tas":"0.07","vic":"0.13","wa":"0.13"},{"ts":"2014-02-11T18:10:00Z","nsw":"0.53","nt":"0.00","qld":"0.17","sa":"0.15","tas":"0.06","vic":"0.12","wa":"0.14"},{"ts":"2014-02-11T18:20:00Z","nsw":"0.49","nt":"0.00","qld":"0.17","sa":"0.14","tas":"0.06","vic":"0.15","wa":"0.13"},{"ts":"2014-02-11T18:30:00Z","nsw":"0.52","nt":"0.00","qld":"0.17","sa":"0.23","tas":"0.06","vic":"0.16","wa":"0.14"},{"ts":"2014-02-11T18:40:00Z","nsw":"0.53","nt":"0.00","qld":"0.17","sa":"0.15","tas":"0.06","vic":"0.10","wa":"0.13"},{"ts":"2014-02-11T18:50:00Z","nsw":"0.55","nt":"0.00","qld":"0.17","sa":"0.13","tas":"0.06","vic":"0.14","wa":"0.14"},{"ts":"2014-02-11T19:00:00Z","nsw":"0.61","nt":"0.00","qld":"0.16","sa":"0.14","tas":"0.06","vic":"0.11","wa":"0.13"},{"ts":"2014-02-11T19:10:00Z","nsw":"0.61","nt":"0.00","qld":"0.18","sa":"0.14","tas":"0.06","vic":"0.11","wa":"0.14"},{"ts":"2014-02-11T19:20:00Z","nsw":"0.72","nt":"0.00","qld":"0.14","sa":"0.14","tas":"0.06","vic":"0.12","wa":"0.13"},{"ts":"2014-02-11T19:30:00Z","nsw":"0.60","nt":"0.00","qld":"0.13","sa":"0.16","tas":"0.12","vic":"0.13","wa":"0.14"},{"ts":"2014-02-11T19:40:00Z","nsw":"0.87","nt":"0.00","qld":"0.58","sa":"0.15","tas":"0.16","vic":"0.16","wa":"0.13"},{"ts":"2014-02-11T19:50:00Z","nsw":"1.19","nt":"0.00","qld":"1.49","sa":"0.14","tas":"0.54","vic":"0.21","wa":"0.14"},{"ts":"2014-02-11T20:00:00Z","nsw":"1.84","nt":"0.00","qld":"2.86","sa":"0.15","tas":"1.37","vic":"0.64","wa":"0.13"},{"ts":"2014-02-11T20:10:00Z","nsw":"2.25","nt":"0.00","qld":"4.38","sa":"0.15","tas":"2.15","vic":"1.70","wa":"0.14"},{"ts":"2014-02-11T20:20:00Z","nsw":"3.16","nt":"0.00","qld":"6.19","sa":"0.26","tas":"3.29","vic":"2.58","wa":"0.13"},{"ts":"2014-02-11T20:30:00Z","nsw":"4.11","nt":"0.00","qld":"8.27","sa":"0.97","tas":"4.49","vic":"3.35","wa":"0.14"},{"ts":"2014-02-11T20:40:00Z","nsw":"5.71","nt":"0.00","qld":"10.84","sa":"1.70","tas":"5.18","vic":"4.53","wa":"0.13"},{"ts":"2014-02-11T20:50:00Z","nsw":"6.70","nt":"0.00","qld":"13.23","sa":"2.93","tas":"5.71","vic":"5.25","wa":"0.14"},{"ts":"2014-02-11T21:00:00Z","nsw":"8.57","nt":"0.00","qld":"15.85","sa":"3.71","tas":"6.54","vic":"6.65","wa":"0.13"},{"ts":"2014-02-11T21:10:00Z","nsw":"10.04","nt":"0.00","qld":"18.37","sa":"4.83","tas":"7.32","vic":"7.94","wa":"0.15"},{"ts":"2014-02-11T21:20:00Z","nsw":"11.71","nt":"0.00","qld":"21.29","sa":"6.91","tas":"7.93","vic":"9.72","wa":"0.14"},{"ts":"2014-02-11T21:30:00Z","nsw":"13.22","nt":"0.00","qld":"24.09","sa":"8.80","tas":"8.59","vic":"11.65","wa":"0.14"},{"ts":"2014-02-11T21:40:00Z","nsw":"14.89","nt":"0.61","qld":"28.07","sa":"11.24","tas":"8.74","vic":"13.51","wa":"0.14"},{"ts":"2014-02-11T21:50:00Z","nsw":"16.13","nt":"1.32","qld":"30.24","sa":"13.19","tas":"10.62","vic":"15.01","wa":"0.15"},{"ts":"2014-02-11T22:00:00Z","nsw":"17.75","nt":"2.82","qld":"34.17","sa":"14.97","tas":"12.31","vic":"17.34","wa":"0.44"},{"ts":"2014-02-11T22:10:00Z","nsw":"19.63","nt":"4.51","qld":"36.74","sa":"17.88","tas":"12.65","vic":"19.34","wa":"1.48"},{"ts":"2014-02-11T22:20:00Z","nsw":"21.66","nt":"4.47","qld":"39.27","sa":"21.50","tas":"12.03","vic":"22.38","wa":"2.50"},{"ts":"2014-02-11T22:30:00Z","nsw":"22.51","nt":"5.61","qld":"40.43","sa":"23.78","tas":"11.65","vic":"24.67","wa":"3.58"},{"ts":"2014-02-11T22:40:00Z","nsw":"24.03","nt":"6.88","qld":"41.10","sa":"26.52","tas":"10.37","vic":"28.02","wa":"5.57"},{"ts":"2014-02-11T22:50:00Z","nsw":"25.01","nt":"6.92","qld":"40.86","sa":"31.23","tas":"9.47","vic":"29.41","wa":"6.96"},{"ts":"2014-02-11T23:00:00Z","nsw":"27.58","nt":"7.05","qld":"41.58","sa":"32.23","tas":"11.01","vic":"31.54","wa":"8.35"},{"ts":"2014-02-11T23:10:00Z","nsw":"28.64","nt":"6.68","qld":"40.99","sa":"35.40","tas":"10.72","vic":"30.93","wa":"10.18"},{"ts":"2014-02-11T23:20:00Z","nsw":"30.28","nt":"6.91","qld":"41.20","sa":"38.19","tas":"12.76","vic":"32.22","wa":"11.04"},{"ts":"2014-02-11T23:30:00Z","nsw":"31.01","nt":"7.47","qld":"42.02","sa":"39.68","tas":"15.71","vic":"33.67","wa":"11.03"},{"ts":"2014-02-11T23:40:00Z","nsw":"33.22","nt":"7.68","qld":"44.10","sa":"39.54","tas":"17.96","vic":"37.53","wa":"12.41"},{"ts":"2014-02-11T23:50:00Z","nsw":"32.34","nt":"7.00","qld":"46.62","sa":"43.12","tas":"19.42","vic":"39.96","wa":"15.20"},{"ts":"2014-02-12T00:00:00Z","nsw":"33.53","nt":"7.16","qld":"47.48","sa":"40.72","tas":"23.81","vic":"41.37","wa":"17.20"},{"ts":"2014-02-12T00:10:00Z","nsw":"34.56","nt":"7.29","qld":"47.52","sa":"39.23","tas":"22.11","vic":"43.06","wa":"19.51"},{"ts":"2014-02-12T00:20:00Z","nsw":"36.12","nt":"8.55","qld":"48.17","sa":"41.33","tas":"22.20","vic":"45.04","wa":"22.17"},{"ts":"2014-02-12T00:30:00Z","nsw":"36.39","nt":"7.67","qld":"46.57","sa":"50.36","tas":"18.47","vic":"45.13","wa":"25.62"},{"ts":"2014-02-12T00:40:00Z","nsw":"39.37","nt":"6.43","qld":"50.00","sa":"52.10","tas":"17.59","vic":"48.60","wa":"31.19"},{"ts":"2014-02-12T00:50:00Z","nsw":"38.61","nt":"7.92","qld":"50.55","sa":"47.97","tas":"19.04","vic":"48.06","wa":"35.02"},{"ts":"2014-02-12T01:00:00Z","nsw":"41.23","nt":"8.37","qld":"51.77","sa":"45.91","tas":"22.90","vic":"47.81","wa":"37.85"},{"ts":"2014-02-12T01:10:00Z","nsw":"44.59","nt":"9.21","qld":"53.91","sa":"41.29","tas":"21.68","vic":"47.51","wa":"40.92"},{"ts":"2014-02-12T01:20:00Z","nsw":"47.76","nt":"11.98","qld":"53.85","sa":"39.06","tas":"28.80","vic":"50.18","wa":"44.25"},{"ts":"2014-02-12T01:30:00Z","nsw":"45.39","nt":"15.57","qld":"54.58","sa":"36.50","tas":"29.62","vic":"51.74","wa":"44.38"},{"ts":"2014-02-12T01:40:00Z","nsw":"45.30","nt":"21.33","qld":"55.91","sa":"34.73","tas":"37.61","vic":"56.27","wa":"48.84"},{"ts":"2014-02-12T01:50:00Z","nsw":"45.39","nt":"22.68","qld":"53.36","sa":"41.16","tas":"40.02","vic":"55.65","wa":"49.90"},{"ts":"2014-02-12T02:00:00Z","nsw":"45.69","nt":"24.25","qld":"56.10","sa":"43.74","tas":"45.96","vic":"58.89","wa":"54.58"},{"ts":"2014-02-12T02:10:00Z","nsw":"46.47","nt":"23.12","qld":"53.87","sa":"49.06","tas":"45.21","vic":"57.54","wa":"54.05"},{"ts":"2014-02-12T02:20:00Z","nsw":"47.88","nt":"27.35","qld":"57.16","sa":"43.21","tas":"49.69","vic":"59.01","wa":"58.54"},{"ts":"2014-02-12T02:30:00Z","nsw":"46.62","nt":"28.44","qld":"57.52","sa":"43.74","tas":"48.44","vic":"57.83","wa":"61.84"},{"ts":"2014-02-12T02:40:00Z","nsw":"47.05","nt":"30.07","qld":"59.05","sa":"41.52","tas":"53.28","vic":"56.04","wa":"61.78"},{"ts":"2014-02-12T02:50:00Z","nsw":"45.22","nt":"33.70","qld":"60.19","sa":"38.88","tas":"49.74","vic":"53.31","wa":"62.61"},{"ts":"2014-02-12T03:00:00Z","nsw":"47.18","nt":"37.03","qld":"60.30","sa":"40.73","tas":"49.10","vic":"55.11","wa":"66.30"},{"ts":"2014-02-12T03:10:00Z","nsw":"46.55","nt":"43.07","qld":"59.62","sa":"45.36","tas":"42.52","vic":"52.98","wa":"64.58"},{"ts":"2014-02-12T03:20:00Z","nsw":"50.26","nt":"44.14","qld":"60.64","sa":"47.67","tas":"37.18","vic":"51.90","wa":"67.56"},{"ts":"2014-02-12T03:30:00Z","nsw":"49.30","nt":"37.11","qld":"57.94","sa":"48.53","tas":"35.51","vic":"50.88","wa":"66.63"},{"ts":"2014-02-12T03:40:00Z","nsw":"48.63","nt":"27.69","qld":"60.38","sa":"47.89","tas":"35.32","vic":"54.62","wa":"67.44"},{"ts":"2014-02-12T03:50:00Z","nsw":"48.52","nt":"32.12","qld":"57.71","sa":"46.10","tas":"31.96","vic":"54.76","wa":"66.39"},{"ts":"2014-02-12T04:00:00Z","nsw":"47.38","nt":"40.83","qld":"58.87","sa":"42.08","tas":"34.73","vic":"56.03","wa":"70.28"},{"ts":"2014-02-12T04:10:00Z","nsw":"48.63","nt":"54.40","qld":"58.08","sa":"38.21","tas":"29.39","vic":"52.96","wa":"68.29"},{"ts":"2014-02-12T04:20:00Z","nsw":"47.39","nt":"56.05","qld":"58.82","sa":"34.02","tas":"27.59","vic":"53.84","wa":"68.70"},{"ts":"2014-02-12T04:40:00Z","nsw":"41.11","nt":"55.89","qld":"56.22","sa":"26.48","tas":"23.16","vic":"52.37","wa":"69.25"},{"ts":"2014-02-12T04:50:00Z","nsw":"39.06","nt":"39.27","qld":"55.55","sa":"24.10","tas":"18.57","vic":"46.88","wa":"67.52"},{"ts":"2014-02-12T05:00:00Z","nsw":"39.67","nt":"51.82","qld":"52.60","sa":"21.13","tas":"21.28","vic":"45.42","wa":"70.07"},{"ts":"2014-02-12T05:10:00Z","nsw":"37.15","nt":"49.18","qld":"50.10","sa":"17.78","tas":"21.63","vic":"37.43","wa":"68.88"},{"ts":"2014-02-12T05:20:00Z","nsw":"36.67","nt":"29.83","qld":"49.09","sa":"16.09","tas":"20.91","vic":"38.14","wa":"69.10"},{"ts":"2014-02-12T05:30:00Z","nsw":"33.90","nt":"30.56","qld":"46.97","sa":"16.08","tas":"18.43","vic":"33.10","wa":"67.64"},{"ts":"2014-02-12T05:40:00Z","nsw":"30.90","nt":"30.42","qld":"43.79","sa":"17.37","tas":"17.70","vic":"32.33","wa":"66.90"},{"ts":"2014-02-12T05:50:00Z","nsw":"28.21","nt":"19.79","qld":"41.06","sa":"21.02","tas":"16.96","vic":"29.23","wa":"64.87"},{"ts":"2014-02-12T06:00:00Z","nsw":"24.88","nt":"24.98","qld":"37.25","sa":"23.54","tas":"17.39","vic":"30.27","wa":"66.18"},{"ts":"2014-02-12T06:10:00Z","nsw":"21.21","nt":"13.44","qld":"34.47","sa":"26.84","tas":"16.77","vic":"28.56","wa":"63.37"},{"ts":"2014-02-12T06:20:00Z","nsw":"20.63","nt":"16.88","qld":"31.31","sa":"29.13","tas":"15.55","vic":"25.93","wa":"62.42"},{"ts":"2014-02-12T06:30:00Z","nsw":"18.68","nt":"18.95","qld":"27.96","sa":"26.69","tas":"12.55","vic":"22.01","wa":"62.99"},{"ts":"2014-02-12T06:40:00Z","nsw":"18.27","nt":"15.21","qld":"24.72","sa":"24.05","tas":"11.00","vic":"21.22","wa":"60.93"},{"ts":"2014-02-12T06:50:00Z","nsw":"16.45","nt":"10.19","qld":"22.06","sa":"21.99","tas":"10.11","vic":"18.23","wa":"58.81"},{"ts":"2014-02-12T07:00:00Z","nsw":"14.24","nt":"11.26","qld":"18.76","sa":"18.68","tas":"10.18","vic":"16.34","wa":"58.80"},{"ts":"2014-02-12T07:10:00Z","nsw":"12.02","nt":"9.54","qld":"15.37","sa":"16.90","tas":"8.99","vic":"13.15","wa":"55.65"},{"ts":"2014-02-12T07:20:00Z","nsw":"9.58","nt":"4.54","qld":"13.42","sa":"15.18","tas":"9.68","vic":"11.91","wa":"54.59"},{"ts":"2014-02-12T07:30:00Z","nsw":"8.50","nt":"2.77","qld":"10.21","sa":"13.84","tas":"7.78","vic":"10.14","wa":"49.77"},{"ts":"2014-02-12T07:40:00Z","nsw":"8.15","nt":"0.74","qld":"7.80","sa":"12.12","tas":"7.19","vic":"8.57","wa":"50.05"},{"ts":"2014-02-12T07:50:00Z","nsw":"6.78","nt":"2.34","qld":"5.77","sa":"10.52","tas":"7.79","vic":"7.96","wa":"46.99"},{"ts":"2014-02-12T08:00:00Z","nsw":"5.62","nt":"1.29","qld":"3.75","sa":"8.80","tas":"7.72","vic":"6.73","wa":"46.81"},{"ts":"2014-02-12T08:10:00Z","nsw":"4.28","nt":"0.40","qld":"2.15","sa":"6.99","tas":"9.12","vic":"5.00","wa":"41.52"},{"ts":"2014-02-12T08:20:00Z","nsw":"3.03","nt":"0.28","qld":"1.19","sa":"5.40","tas":"6.55","vic":"4.30","wa":"39.85"},{"ts":"2014-02-12T08:30:00Z","nsw":"2.40","nt":"0.33","qld":"0.43","sa":"4.25","tas":"4.59","vic":"3.42","wa":"38.25"},{"ts":"2014-02-12T08:40:00Z","nsw":"1.55","nt":"0.24","qld":"0.20","sa":"2.95","tas":"3.54","vic":"2.45","wa":"34.77"},{"ts":"2014-02-12T08:50:00Z","nsw":"1.14","nt":"0.33","qld":"0.18","sa":"2.02","tas":"1.88","vic":"1.51","wa":"31.35"},{"ts":"2014-02-12T09:00:00Z","nsw":"1.16","nt":"0.33","qld":"0.20","sa":"1.69","tas":"0.89","vic":"0.93","wa":"25.98"},{"ts":"2014-02-12T09:10:00Z","nsw":"1.19","nt":"0.25","qld":"0.22","sa":"1.03","tas":"0.45","vic":"0.61","wa":"24.19"},{"ts":"2014-02-12T09:20:00Z","nsw":"0.82","nt":"0.25","qld":"0.23","sa":"0.71","tas":"0.22","vic":"0.49","wa":"22.28"},{"ts":"2014-02-12T09:30:00Z","nsw":"0.91","nt":"0.25","qld":"0.21","sa":"0.39","tas":"0.12","vic":"0.61","wa":"19.12"},{"ts":"2014-02-12T09:40:00Z","nsw":"1.53","nt":"0.25","qld":"0.22","sa":"0.34","tas":"0.13","vic":"0.41","wa":"16.45"},{"ts":"2014-02-12T09:50:00Z","nsw":"1.60","nt":"0.25","qld":"0.21","sa":"0.30","tas":"0.18","vic":"0.21","wa":"13.38"},{"ts":"2014-02-12T10:00:00Z","nsw":"1.27","nt":"0.25","qld":"0.20","sa":"0.34","tas":"0.14","vic":"0.26","wa":"12.06"},{"ts":"2014-02-12T10:10:00Z","nsw":"1.27","nt":"0.26","qld":"0.19","sa":"0.36","tas":"0.12","vic":"0.10","wa":"9.87"},{"ts":"2014-02-12T10:20:00Z","nsw":"1.11","nt":"0.26","qld":"0.19","sa":"0.38","tas":"0.12","vic":"0.20","wa":"7.70"},{"ts":"2014-02-12T10:30:00Z","nsw":"1.11","nt":"0.26","qld":"0.20","sa":"0.25","tas":"0.12","vic":"0.11","wa":"5.27"},{"ts":"2014-02-12T10:40:00Z","nsw":"0.93","nt":"0.26","qld":"0.19","sa":"0.23","tas":"0.13","vic":"0.12","wa":"3.62"},{"ts":"2014-02-12T10:50:00Z","nsw":"1.00","nt":"0.26","qld":"0.19","sa":"0.20","tas":"0.13","vic":"0.12","wa":"2.07"},{"ts":"2014-02-12T11:00:00Z","nsw":"0.93","nt":"0.26","qld":"0.19","sa":"0.20","tas":"0.13","vic":"0.23","wa":"1.10"},{"ts":"2014-02-12T11:10:00Z","nsw":"0.83","nt":"0.26","qld":"0.19","sa":"0.20","tas":"0.13","vic":"0.26","wa":"0.47"},{"ts":"2014-02-12T11:20:00Z","nsw":"0.77","nt":"0.26","qld":"0.19","sa":"0.20","tas":"0.13","vic":"0.23","wa":"0.30"},{"ts":"2014-02-12T11:30:00Z","nsw":"0.80","nt":"0.26","qld":"0.18","sa":"0.17","tas":"0.13","vic":"0.09","wa":"0.46"},{"ts":"2014-02-12T11:40:00Z","nsw":"0.76","nt":"0.26","qld":"0.20","sa":"0.18","tas":"0.13","vic":"0.23","wa":"0.41"},{"ts":"2014-02-12T11:50:00Z","nsw":"0.69","nt":"0.26","qld":"0.17","sa":"0.18","tas":"0.13","vic":"0.23","wa":"0.36"}],"contribution":[{"ts":"2014-02-11T17:00:00Z","nsw":"0.04","qld":"0.04","sa":"0.04","tas":"0.01","vic":"0.02","wa":"0.02"},{"ts":"2014-02-11T17:10:00Z","nsw":"0.05","qld":"0.04","sa":"0.05","tas":"0.00","vic":"0.02","wa":"0.03"},{"ts":"2014-02-11T17:20:00Z","nsw":"0.05","qld":"0.04","sa":"0.05","tas":"0.00","vic":"0.02","wa":"0.02"},{"ts":"2014-02-11T17:30:00Z","nsw":"0.05","qld":"0.04","sa":"0.04","tas":"0.00","vic":"0.02","wa":"0.03"},{"ts":"2014-02-11T17:40:00Z","nsw":"0.05","qld":"0.04","sa":"0.04","tas":"0.00","vic":"0.02","wa":"0.02"},{"ts":"2014-02-11T17:50:00Z","nsw":"0.05","qld":"0.03","sa":"0.04","tas":"0.00","vic":"0.01","wa":"0.03"},{"ts":"2014-02-11T18:00:00Z","nsw":"0.05","qld":"0.03","sa":"0.04","tas":"0.00","vic":"0.01","wa":"0.02"},{"ts":"2014-02-11T18:10:00Z","nsw":"0.05","qld":"0.04","sa":"0.04","tas":"0.00","vic":"0.01","wa":"0.03"},{"ts":"2014-02-11T18:20:00Z","nsw":"0.05","qld":"0.03","sa":"0.04","tas":"0.00","vic":"0.02","wa":"0.02"},{"ts":"2014-02-11T18:30:00Z","nsw":"0.05","qld":"0.03","sa":"0.06","tas":"0.00","vic":"0.02","wa":"0.03"},{"ts":"2014-02-11T18:40:00Z","nsw":"0.05","qld":"0.03","sa":"0.04","tas":"0.00","vic":"0.01","wa":"0.02"},{"ts":"2014-02-11T18:50:00Z","nsw":"0.05","qld":"0.03","sa":"0.03","tas":"0.00","vic":"0.01","wa":"0.03"},{"ts":"2014-02-11T19:00:00Z","nsw":"0.06","qld":"0.03","sa":"0.04","tas":"0.00","vic":"0.01","wa":"0.02"},{"ts":"2014-02-11T19:10:00Z","nsw":"0.05","qld":"0.04","sa":"0.04","tas":"0.00","vic":"0.01","wa":"0.03"},{"ts":"2014-02-11T19:20:00Z","nsw":"0.06","qld":"0.03","sa":"0.04","tas":"0.00","vic":"0.01","wa":"0.03"},{"ts":"2014-02-11T19:30:00Z","nsw":"0.05","qld":"0.02","sa":"0.04","tas":"0.01","vic":"0.01","wa":"0.03"},{"ts":"2014-02-11T19:40:00Z","nsw":"0.07","qld":"0.11","sa":"0.04","tas":"0.01","vic":"0.01","wa":"0.02"},{"ts":"2014-02-11T19:50:00Z","nsw":"0.10","qld":"0.29","sa":"0.03","tas":"0.03","vic":"0.02","wa":"0.03"},{"ts":"2014-02-11T20:00:00Z","nsw":"0.15","qld":"0.54","sa":"0.04","tas":"0.07","vic":"0.06","wa":"0.02"},{"ts":"2014-02-11T20:10:00Z","nsw":"0.18","qld":"0.80","sa":"0.04","tas":"0.10","vic":"0.15","wa":"0.03"},{"ts":"2014-02-11T20:20:00Z","nsw":"0.24","qld":"1.11","sa":"0.06","tas":"0.15","vic":"0.22","wa":"0.02"},{"ts":"2014-02-11T20:30:00Z","nsw":"0.31","qld":"1.43","sa":"0.23","tas":"0.20","vic":"0.28","wa":"0.03"},{"ts":"2014-02-11T20:40:00Z","nsw":"0.42","qld":"1.86","sa":"0.38","tas":"0.23","vic":"0.37","wa":"0.02"},{"ts":"2014-02-11T20:50:00Z","nsw":"0.49","qld":"2.20","sa":"0.63","tas":"0.25","vic":"0.43","wa":"0.03"},{"ts":"2014-02-11T21:00:00Z","nsw":"0.62","qld":"2.59","sa":"0.81","tas":"0.29","vic":"0.54","wa":"0.02"},{"ts":"2014-02-11T21:10:00Z","nsw":"0.72","qld":"2.93","sa":"1.03","tas":"0.32","vic":"0.66","wa":"0.03"},{"ts":"2014-02-11T21:20:00Z","nsw":"0.84","qld":"3.34","sa":"1.46","tas":"0.35","vic":"0.80","wa":"0.03"},{"ts":"2014-02-11T21:30:00Z","nsw":"0.94","qld":"3.76","sa":"1.82","tas":"0.38","vic":"0.96","wa":"0.03"},{"ts":"2014-02-11T21:40:00Z","nsw":"1.05","qld":"4.31","sa":"2.32","tas":"0.38","vic":"1.10","wa":"0.02"},{"ts":"2014-02-11T21:50:00Z","nsw":"1.13","qld":"4.62","sa":"2.66","tas":"0.47","vic":"1.22","wa":"0.03"},{"ts":"2014-02-11T22:00:00Z","nsw":"1.24","qld":"5.13","sa":"3.01","tas":"0.54","vic":"1.41","wa":"0.08"},{"ts":"2014-02-11T22:10:00Z","nsw":"1.34","qld":"5.49","sa":"3.51","tas":"0.56","vic":"1.55","wa":"0.25"},{"ts":"2014-02-11T22:20:00Z","nsw":"1.48","qld":"5.89","sa":"4.14","tas":"0.53","vic":"1.79","wa":"0.42"},{"ts":"2014-02-11T22:30:00Z","nsw":"1.54","qld":"6.10","sa":"4.49","tas":"0.51","vic":"1.97","wa":"0.58"},{"ts":"2014-02-11T22:40:00Z","nsw":"1.62","qld":"6.21","sa":"5.00","tas":"0.46","vic":"2.20","wa":"0.89"},{"ts":"2014-02-11T22:50:00Z","nsw":"1.68","qld":"6.07","sa":"5.75","tas":"0.42","vic":"2.30","wa":"1.09"},{"ts":"2014-02-11T23:00:00Z","nsw":"1.85","qld":"6.15","sa":"5.85","tas":"0.49","vic":"2.46"},{"ts":"2014-02-11T23:10:00Z","nsw":"1.91","qld":"6.00","sa":"6.34","tas":"0.48","vic":"2.40","wa":"1.53"},{"ts":"2014-02-11T23:20:00Z","nsw":"2.01","qld":"6.04","sa":"6.70","tas":"0.57","vic":"2.48","wa":"1.64"},{"ts":"2014-02-11T23:30:00Z","nsw":"2.05","qld":"6.25","sa":"6.83","tas":"0.70","vic":"2.59","wa":"1.60"},{"ts":"2014-02-11T23:40:00Z","nsw":"2.18","qld":"6.46","sa":"6.77","tas":"0.81","vic":"2.86","wa":"1.79"},{"ts":"2014-02-11T23:50:00Z","nsw":"2.13","qld":"6.77","sa":"7.21","tas":"0.96","vic":"3.04","wa":"2.18"},{"ts":"2014-02-12T00:00:00Z","nsw":"2.19","qld":"6.97","sa":"6.77","tas":"1.19","vic":"3.11","wa":"2.45"},{"ts":"2014-02-12T00:10:00Z","nsw":"2.26","qld":"6.93","sa":"6.45","tas":"1.04","vic":"3.24","wa":"2.74"},{"ts":"2014-02-12T00:20:00Z","nsw":"2.35","qld":"7.06","sa":"6.81","tas":"1.06","vic":"3.37","wa":"3.12"},{"ts":"2014-02-12T00:30:00Z","nsw":"2.36","qld":"6.78","sa":"8.18","tas":"0.89","vic":"3.36","wa":"3.54"},{"ts":"2014-02-12T00:40:00Z","nsw":"2.56","qld":"7.29","sa":"8.44","tas":"0.84","vic":"3.60","wa":"4.26"},{"ts":"2014-02-12T00:50:00Z","nsw":"2.50","qld":"7.35","sa":"7.73","tas":"0.93","vic":"3.54","wa":"4.74"},{"ts":"2014-02-12T01:00:00Z","nsw":"2.66","qld":"7.44","sa":"7.33","tas":"1.12","vic":"3.51","wa":"5.03"},{"ts":"2014-02-12T01:10:00Z","nsw":"2.87","qld":"7.77","sa":"6.56","tas":"1.06","vic":"3.49","wa":"5.43"},{"ts":"2014-02-12T01:20:00Z","nsw":"3.05","qld":"7.69","sa":"6.11","tas":"1.41","vic":"3.66","wa":"5.84"},{"ts":"2014-02-12T01:30:00Z","nsw":"2.93","qld":"7.88","sa":"5.72","tas":"1.44","vic":"3.77","wa":"5.85"},{"ts":"2014-02-12T01:40:00Z","nsw":"2.91","qld":"8.01","sa":"5.39","tas":"1.80","vic":"4.06","wa":"6.39"},{"ts":"2014-02-12T01:50:00Z","nsw":"2.91","qld":"7.63","sa":"6.28","tas":"1.90","vic":"3.99","wa":"6.48"},{"ts":"2014-02-12T02:00:00Z","nsw":"2.92","qld":"8.05","sa":"6.75","tas":"2.17","vic":"4.21","wa":"6.89"},{"ts":"2014-02-12T02:10:00Z","nsw":"2.95","qld":"7.62","sa":"7.46","tas":"2.18","vic":"4.10","wa":"6.84"},{"ts":"2014-02-12T02:20:00Z","nsw":"3.04","qld":"8.18","sa":"6.52","tas":"2.40","vic":"4.17","wa":"7.37"},{"ts":"2014-02-12T02:30:00Z","nsw":"2.94","qld":"8.14","sa":"6.52","tas":"2.35","vic":"4.10","wa":"7.70"},{"ts":"2014-02-12T02:40:00Z","nsw":"2.98","qld":"8.28","sa":"6.19","tas":"2.55","vic":"3.92","wa":"7.67"},{"ts":"2014-02-12T02:50:00Z","nsw":"2.83","qld":"8.43","sa":"5.73","tas":"2.38","vic":"3.74","wa":"7.75"},{"ts":"2014-02-12T03:00:00Z","nsw":"2.96","qld":"8.44","sa":"6.11","tas":"2.34","vic":"3.84","wa":"8.12"},{"ts":"2014-02-12T03:10:00Z","nsw":"2.92","qld":"8.36","sa":"6.74","tas":"2.00","vic":"3.65","wa":"8.01"},{"ts":"2014-02-12T03:20:00Z","nsw":"3.13","qld":"8.41","sa":"7.09","tas":"1.76","vic":"3.58","wa":"8.34"},{"ts":"2014-02-12T03:30:00Z","nsw":"3.08","qld":"8.05","sa":"7.16","tas":"1.67","vic":"3.49","wa":"8.01"},{"ts":"2014-02-12T03:40:00Z","nsw":"3.04","qld":"8.42","sa":"7.04","tas":"1.70","vic":"3.76","wa":"8.06"},{"ts":"2014-02-12T03:50:00Z","nsw":"3.01","qld":"8.03","sa":"6.75","tas":"1.55","vic":"3.75","wa":"7.94"},{"ts":"2014-02-12T04:00:00Z","nsw":"2.95","qld":"8.20","sa":"6.19","tas":"1.66","vic":"3.82","wa":"8.38"},{"ts":"2014-02-12T04:10:00Z","nsw":"3.03","qld":"7.98","sa":"5.63","tas":"1.42","vic":"3.60","wa":"8.10"},{"ts":"2014-02-12T04:20:00Z","nsw":"2.95","qld":"8.07","sa":"5.00","tas":"1.31","vic":"3.65","wa":"8.13"},{"ts":"2014-02-12T04:40:00Z","nsw":"2.57","qld":"7.78","sa":"3.94","tas":"1.07","vic":"3.56","wa":"8.09"},{"ts":"2014-02-12T04:50:00Z","nsw":"2.40","qld":"7.64","sa":"3.57","tas":"0.87","vic":"3.21","wa":"7.85"},{"ts":"2014-02-12T05:00:00Z","nsw":"2.45","qld":"7.32","sa":"3.13","tas":"0.99","vic":"3.08"},{"ts":"2014-02-12T05:10:00Z","nsw":"2.30","qld":"7.01","sa":"2.63","tas":"1.00","vic":"2.54","wa":"7.88"},{"ts":"2014-02-12T05:20:00Z","nsw":"2.25","qld":"6.78","sa":"2.35","tas":"0.97","vic":"2.59","wa":"7.88"},{"ts":"2014-02-12T05:30:00Z","nsw":"2.09","qld":"6.55","sa":"2.36","tas":"0.87","vic":"2.25","wa":"7.70"},{"ts":"2014-02-12T05:40:00Z","nsw":"1.91","qld":"6.04","sa":"2.56","tas":"0.83","vic":"2.20","wa":"7.49"},{"ts":"2014-02-12T05:50:00Z","nsw":"1.74","qld":"5.66","sa":"3.07","tas":"0.79","vic":"1.98","wa":"7.22"},{"ts":"2014-02-12T06:00:00Z","nsw":"1.54","qld":"5.16","sa":"3.44","tas":"0.82","vic":"2.03"},{"ts":"2014-02-12T06:10:00Z","nsw":"1.33","qld":"4.78","sa":"3.96","tas":"0.78","vic":"1.94","wa":"6.87"},{"ts":"2014-02-12T06:20:00Z","nsw":"1.29","qld":"4.30","sa":"4.35","tas":"0.72","vic":"1.77","wa":"6.73"},{"ts":"2014-02-12T06:30:00Z","nsw":"1.17","qld":"3.86","sa":"4.07","tas":"0.59","vic":"1.50","wa":"6.75"},{"ts":"2014-02-12T06:40:00Z","nsw":"1.15","qld":"3.42","sa":"3.64","tas":"0.52","vic":"1.46","wa":"6.53"},{"ts":"2014-02-12T06:50:00Z","nsw":"1.05","qld":"3.05","sa":"3.26","tas":"0.47","vic":"1.27","wa":"6.31"},{"ts":"2014-02-12T07:00:00Z","nsw":"0.91","qld":"2.60","sa":"2.78","tas":"0.47","vic":"1.15"},{"ts":"2014-02-12T07:10:00Z","nsw":"0.79","qld":"2.15","sa":"2.55","tas":"0.42","vic":"0.94","wa":"5.93"},{"ts":"2014-02-12T07:20:00Z","nsw":"0.63","qld":"1.89","sa":"2.34","tas":"0.46","vic":"0.86","wa":"5.78"},{"ts":"2014-02-12T07:30:00Z","nsw":"0.56","qld":"1.42","sa":"2.16","tas":"0.36","vic":"0.74","wa":"5.19"},{"ts":"2014-02-12T07:40:00Z","nsw":"0.54","qld":"1.10","sa":"1.93","tas":"0.33","vic":"0.63","wa":"5.20"},{"ts":"2014-02-12T07:50:00Z","nsw":"0.45","qld":"0.82","sa":"1.72","tas":"0.36","vic":"0.59","wa":"4.88"},{"ts":"2014-02-12T08:00:00Z","nsw":"0.38","qld":"0.54","sa":"1.45","tas":"0.36","vic":"0.50"},{"ts":"2014-02-12T08:10:00Z","nsw":"0.29","qld":"0.31","sa":"1.16","tas":"0.42","vic":"0.38","wa":"4.27"},{"ts":"2014-02-12T08:20:00Z","nsw":"0.21","qld":"0.18","sa":"0.91","tas":"0.31","vic":"0.33","wa":"4.09"},{"ts":"2014-02-12T08:30:00Z","nsw":"0.16","qld":"0.06","sa":"0.72","tas":"0.21","vic":"0.26","wa":"3.90"},{"ts":"2014-02-12T08:40:00Z","nsw":"0.11","qld":"0.03","sa":"0.50","tas":"0.16","vic":"0.19","wa":"3.54"},{"ts":"2014-02-12T08:50:00Z","nsw":"0.08","qld":"0.03","sa":"0.35","tas":"0.09","vic":"0.12","wa":"3.20"},{"ts":"2014-02-12T09:00:00Z","nsw":"0.08","qld":"0.03","sa":"0.30","tas":"0.04","vic":"0.07"},{"ts":"2014-02-12T09:10:00Z","nsw":"0.08","qld":"0.03","sa":"0.18","tas":"0.02","vic":"0.05","wa":"2.51"},{"ts":"2014-02-12T09:20:00Z","nsw":"0.06","qld":"0.03","sa":"0.12","tas":"0.01","vic":"0.04","wa":"2.32"},{"ts":"2014-02-12T09:30:00Z","nsw":"0.06","qld":"0.03","sa":"0.07","tas":"0.01","vic":"0.05"},{"ts":"2014-02-12T09:40:00Z","nsw":"0.11","qld":"0.03","sa":"0.06","tas":"0.01","vic":"0.03","wa":"1.72"},{"ts":"2014-02-12T09:50:00Z","nsw":"0.11","qld":"0.03","sa":"0.05","tas":"0.01","vic":"0.02","wa":"1.41"},{"ts":"2014-02-12T10:00:00Z","nsw":"0.09","qld":"0.03","sa":"0.06","tas":"0.01","vic":"0.02"},{"ts":"2014-02-12T10:10:00Z","nsw":"0.09","qld":"0.03","sa":"0.06","tas":"0.01","vic":"0.01","wa":"1.05"},{"ts":"2014-02-12T10:20:00Z","nsw":"0.08","qld":"0.03","sa":"0.07","tas":"0.01","vic":"0.02","wa":"0.82"},{"ts":"2014-02-12T10:30:00Z","nsw":"0.08","qld":"0.03","sa":"0.05","tas":"0.01","vic":"0.01","wa":"0.57"},{"ts":"2014-02-12T10:40:00Z","nsw":"0.07","qld":"0.03","sa":"0.04","tas":"0.01","vic":"0.01","wa":"0.39"},{"ts":"2014-02-12T10:50:00Z","nsw":"0.08","qld":"0.03","sa":"0.04","tas":"0.01","vic":"0.01","wa":"0.23"},{"ts":"2014-02-12T11:00:00Z","nsw":"0.07","qld":"0.03","sa":"0.04","tas":"0.01","vic":"0.02"},{"ts":"2014-02-12T11:10:00Z","nsw":"0.06","qld":"0.03","sa":"0.04","tas":"0.01","vic":"0.02","wa":"0.05"},{"ts":"2014-02-12T11:20:00Z","nsw":"0.06","qld":"0.03","sa":"0.04","tas":"0.01","vic":"0.02","wa":"0.03"},{"ts":"2014-02-12T11:30:00Z","nsw":"0.06","qld":"0.03","sa":"0.03","tas":"0.01","vic":"0.01","wa":"0.05"},{"ts":"2014-02-12T11:40:00Z","nsw":"0.06","qld":"0.03","sa":"0.04","tas":"0.01","vic":"0.02","wa":"0.05"},{"ts":"2014-02-12T11:50:00Z","nsw":"0.05","qld":"0.03","sa":"0.04","tas":"0.01","vic":"0.02","wa":"0.04"}],"demand":[{"ts":"2014-02-11T17:00:00Z","nsw":6287,"qld":4656,"sa":1607,"tas":903,"vic":4423,"wa":1879},{"ts":"2014-02-11T17:10:00Z","nsw":6297,"qld":4703,"sa":1580,"tas":910,"vic":4466,"wa":1873},{"ts":"2014-02-11T17:20:00Z","nsw":6325,"qld":4694,"sa":1585,"tas":894,"vic":4506,"wa":1865},{"ts":"2014-02-11T17:30:00Z","nsw":6364,"qld":4640,"sa":1585,"tas":909,"vic":4525,"wa":1826},{"ts":"2014-02-11T17:40:00Z","nsw":6378,"qld":4682,"sa":1589,"tas":914,"vic":4529,"wa":1838},{"ts":"2014-02-11T17:50:00Z","nsw":6469,"qld":4741,"sa":1595,"tas":903,"vic":4556,"wa":1818},{"ts":"2014-02-11T18:00:00Z","nsw":6513,"qld":4707,"sa":1597,"tas":950,"vic":4583,"wa":1821},{"ts":"2014-02-11T18:10:00Z","nsw":6627,"qld":4776,"sa":1597,"tas":946,"vic":4641,"wa":1817},{"ts":"2014-02-11T18:20:00Z","nsw":6694,"qld":4773,"sa":1614,"tas":949,"vic":4699,"wa":1813},{"ts":"2014-02-11T18:30:00Z","nsw":6745,"qld":4811,"sa":1634,"tas":965,"vic":4758,"wa":1813},{"ts":"2014-02-11T18:40:00Z","nsw":6887,"qld":4778,"sa":1691,"tas":973,"vic":4830,"wa":1811},{"ts":"2014-02-11T18:50:00Z","nsw":6999,"qld":4800,"sa":1702,"tas":969,"vic":4956,"wa":1806},{"ts":"2014-02-11T19:00:00Z","nsw":7084,"qld":4821,"sa":1695,"tas":991,"vic":5097,"wa":1800},{"ts":"2014-02-11T19:10:00Z","nsw":7432,"qld":4921,"sa":1700,"tas":1016,"vic":5309,"wa":1804},{"ts":"2014-02-11T19:20:00Z","nsw":7605,"qld":4985,"sa":1712,"tas":1029,"vic":5398,"wa":1802},{"ts":"2014-02-11T19:30:00Z","nsw":7730,"qld":5061,"sa":1750,"tas":1058,"vic":5485,"wa":1801},{"ts":"2014-02-11T19:40:00Z","nsw":7887,"qld":5115,"sa":1811,"tas":1048,"vic":5531,"wa":1807},{"ts":"2014-02-11T19:50:00Z","nsw":8063,"qld":5142,"sa":1810,"tas":1052,"vic":5598,"wa":1806},{"ts":"2014-02-11T20:00:00Z","nsw":8104,"qld":5298,"sa":1812,"tas":1092,"vic":5747,"wa":1786},{"ts":"2014-02-11T20:10:00Z","nsw":8337,"qld":5416,"sa":1833,"tas":1128,"vic":5927,"wa":1821},{"ts":"2014-02-11T20:20:00Z","nsw":8532,"qld":5529,"sa":1846,"tas":1153,"vic":6047,"wa":1827},{"ts":"2014-02-11T20:30:00Z","nsw":8676,"qld":5640,"sa":1892,"tas":1167,"vic":6164,"wa":1846},{"ts":"2014-02-11T20:40:00Z","nsw":8856,"qld":5715,"sa":1980,"tas":1170,"vic":6255,"wa":1851},{"ts":"2014-02-11T20:50:00Z","nsw":8885,"qld":5847,"sa":2023,"tas":1166,"vic":6284,"wa":1847},{"ts":"2014-02-11T21:00:00Z","nsw":8961,"qld":5926,"sa":2021,"tas":1171,"vic":6246,"wa":1887},{"ts":"2014-02-11T21:10:00Z","nsw":9021,"qld":6054,"sa":2062,"tas":1168,"vic":6167,"wa":1895},{"ts":"2014-02-11T21:20:00Z","nsw":9044,"qld":6111,"sa":2072,"tas":1157,"vic":6203,"wa":1913},{"ts":"2014-02-11T21:30:00Z","nsw":9093,"qld":6144,"sa":2104,"tas":1155,"vic":6213,"wa":1921},{"ts":"2014-02-11T21:40:00Z","nsw":9123,"qld":6173,"sa":2106,"tas":1170,"vic":6252,"wa":1963},{"ts":"2014-02-11T21:50:00Z","nsw":9210,"qld":6192,"sa":2135,"tas":1160,"vic":6251,"wa":1973},{"ts":"2014-02-11T22:00:00Z","nsw":9305,"qld":6228,"sa":2150,"tas":1165,"vic":6283,"wa":2023},{"ts":"2014-02-11T22:10:00Z","nsw":9433,"qld":6249,"sa":2176,"tas":1160,"vic":6349,"wa":2054},{"ts":"2014-02-11T22:20:00Z","nsw":9395,"qld":6213,"sa":2213,"tas":1165,"vic":6345,"wa":2070},{"ts":"2014-02-11T22:30:00Z","nsw":9444,"qld":6138,"sa":2248,"tas":1176,"vic":6347,"wa":2140},{"ts":"2014-02-11T22:40:00Z","nsw":9495,"qld":6190,"sa":2251,"tas":1162,"vic":6428,"wa":2161},{"ts":"2014-02-11T22:50:00Z","nsw":9555,"qld":6258,"sa":2278,"tas":1157,"vic":6436,"wa":2201},{"ts":"2014-02-11T23:00:00Z","nsw":9591,"qld":6328,"sa":2315,"tas":1159,"vic":6456},{"ts":"2014-02-11T23:10:00Z","nsw":9619,"qld":6351,"sa":2326,"tas":1158,"vic":6485,"wa":2281},{"ts":"2014-02-11T23:20:00Z","nsw":9651,"qld":6378,"sa":2353,"tas":1159,"vic":6551,"wa":2301},{"ts":"2014-02-11T23:30:00Z","nsw":9678,"qld":6320,"sa":2418,"tas":1159,"vic":6546,"wa":2357},{"ts":"2014-02-11T23:40:00Z","nsw":9709,"qld":6340,"sa":2429,"tas":1090,"vic":6562,"wa":2363},{"ts":"2014-02-11T23:50:00Z","nsw":9727,"qld":6328,"sa":2476,"tas":1034,"vic":6572,"wa":2367},{"ts":"2014-02-12T00:00:00Z","nsw":9742,"qld":6268,"sa":2501,"tas":1061,"vic":6649,"wa":2383},{"ts":"2014-02-12T00:10:00Z","nsw":9755,"qld":6295,"sa":2524,"tas":1087,"vic":6638,"wa":2406},{"ts":"2014-02-12T00:20:00Z","nsw":9781,"qld":6315,"sa":2503,"tas":1071,"vic":6659,"wa":2398},{"ts":"2014-02-12T00:30:00Z","nsw":9833,"qld":6323,"sa":2510,"tas":1067,"vic":6696,"wa":2426},{"ts":"2014-02-12T00:40:00Z","nsw":9785,"qld":6316,"sa":2527,"tas":1061,"vic":6736,"wa":2437},{"ts":"2014-02-12T00:50:00Z","nsw":9832,"qld":6339,"sa":2550,"tas":1058,"vic":6759,"wa":2449},{"ts":"2014-02-12T01:00:00Z","nsw":9856,"qld":6381,"sa":2581,"tas":1049,"vic":6777,"wa":2485},{"ts":"2014-02-12T01:10:00Z","nsw":9821,"qld":6375,"sa":2629,"tas":1039,"vic":6779,"wa":2481},{"ts":"2014-02-12T01:20:00Z","nsw":9882,"qld":6400,"sa":2686,"tas":1043,"vic":6802,"wa":2481},{"ts":"2014-02-12T01:30:00Z","nsw":9848,"qld":6340,"sa":2694,"tas":1052,"vic":6821,"wa":2487},{"ts":"2014-02-12T01:40:00Z","nsw":9835,"qld":6393,"sa":2719,"tas":1066,"vic":6849,"wa":2490},{"ts":"2014-02-12T01:50:00Z","nsw":9870,"qld":6420,"sa":2724,"tas":1071,"vic":6905,"wa":2504},{"ts":"2014-02-12T02:00:00Z","nsw":9928,"qld":6383,"sa":2692,"tas":1066,"vic":6917,"wa":2564},{"ts":"2014-02-12T02:10:00Z","nsw":9991,"qld":6476,"sa":2719,"tas":1047,"vic":6945,"wa":2560},{"ts":"2014-02-12T02:20:00Z","nsw":9990,"qld":6405,"sa":2752,"tas":1050,"vic":6984,"wa":2562},{"ts":"2014-02-12T02:30:00Z","nsw":10034,"qld":6451,"sa":2793,"tas":1044,"vic":6999,"wa":2580},{"ts":"2014-02-12T02:40:00Z","nsw":10041,"qld":6492,"sa":2801,"tas":1054,"vic":7088,"wa":2589},{"ts":"2014-02-12T02:50:00Z","nsw":10110,"qld":6455,"sa":2816,"tas":1052,"vic":7097,"wa":2591},{"ts":"2014-02-12T03:00:00Z","nsw":10102,"qld":6474,"sa":2779,"tas":1065,"vic":7139,"wa":2611},{"ts":"2014-02-12T03:10:00Z","nsw":10114,"qld":6531,"sa":2782,"tas":1076,"vic":7212,"wa":2579},{"ts":"2014-02-12T03:20:00Z","nsw":10139,"qld":6559,"sa":2780,"tas":1077,"vic":7202,"wa":2583},{"ts":"2014-02-12T03:30:00Z","nsw":10151,"qld":6556,"sa":2794,"tas":1071,"vic":7229,"wa":2664},{"ts":"2014-02-12T03:40:00Z","nsw":10149,"qld":6544,"sa":2816,"tas":1053,"vic":7223,"wa":2676},{"ts":"2014-02-12T03:50:00Z","nsw":10193,"qld":6557,"sa":2827,"tas":1058,"vic":7269,"wa":2680},{"ts":"2014-02-12T04:00:00Z","nsw":10157,"qld":6559,"sa":2838,"tas":1062,"vic":7277,"wa":2674},{"ts":"2014-02-12T04:10:00Z","nsw":10157,"qld":6622,"sa":2856,"tas":1062,"vic":7313,"wa":2697},{"ts":"2014-02-12T04:20:00Z","nsw":10171,"qld":6641,"sa":2882,"tas":1082,"vic":7320,"wa":2701},{"ts":"2014-02-12T04:30:00Z","nsw":10212,"qld":6654,"sa":2907,"tas":1096,"vic":7270,"wa":2701},{"ts":"2014-02-12T04:40:00Z","nsw":10237,"qld":6633,"sa":2870,"tas":1105,"vic":7292,"wa":2738},{"ts":"2014-02-12T04:50:00Z","nsw":10324,"qld":6660,"sa":2883,"tas":1101,"vic":7326,"wa":2758},{"ts":"2014-02-12T05:00:00Z","nsw":10346,"qld":6643,"sa":2904,"tas":1104,"vic":7365},{"ts":"2014-02-12T05:10:00Z","nsw":10337,"qld":6622,"sa":2945,"tas":1110,"vic":7410,"wa":2801},{"ts":"2014-02-12T05:20:00Z","nsw":10403,"qld":6683,"sa":2978,"tas":1105,"vic":7410,"wa":2811},{"ts":"2014-02-12T05:30:00Z","nsw":10417,"qld":6687,"sa":2938,"tas":1081,"vic":7424,"wa":2822},{"ts":"2014-02-12T05:40:00Z","nsw":10408,"qld":6761,"sa":2928,"tas":1087,"vic":7441,"wa":2877},{"ts":"2014-02-12T05:50:00Z","nsw":10424,"qld":6799,"sa":2938,"tas":1103,"vic":7480,"wa":2901},{"ts":"2014-02-12T06:00:00Z","nsw":10369,"qld":6790,"sa":2913,"tas":1094,"vic":7498},{"ts":"2014-02-12T06:10:00Z","nsw":10301,"qld":6844,"sa":2891,"tas":1102,"vic":7433,"wa":2989},{"ts":"2014-02-12T06:20:00Z","nsw":10291,"qld":6905,"sa":2823,"tas":1103,"vic":7444,"wa":3010},{"ts":"2014-02-12T06:30:00Z","nsw":10265,"qld":6919,"sa":2790,"tas":1103,"vic":7453,"wa":3026},{"ts":"2014-02-12T06:40:00Z","nsw":10211,"qld":6946,"sa":2842,"tas":1100,"vic":7375,"wa":3033},{"ts":"2014-02-12T06:50:00Z","nsw":10119,"qld":6986,"sa":2893,"tas":1108,"vic":7302,"wa":3037},{"ts":"2014-02-12T07:00:00Z","nsw":10046,"qld":6955,"sa":2905,"tas":1103,"vic":7244},{"ts":"2014-02-12T07:10:00Z","nsw":9824,"qld":6932,"sa":2850,"tas":1093,"vic":7141,"wa":3072},{"ts":"2014-02-12T07:20:00Z","nsw":9896,"qld":6917,"sa":2788,"tas":1097,"vic":7067,"wa":3097},{"ts":"2014-02-12T07:30:00Z","nsw":9799,"qld":7003,"sa":2754,"tas":1113,"vic":7012,"wa":3161},{"ts":"2014-02-12T07:40:00Z","nsw":9756,"qld":6941,"sa":2717,"tas":1118,"vic":6975,"wa":3173},{"ts":"2014-02-12T07:50:00Z","nsw":9679,"qld":6951,"sa":2662,"tas":1116,"vic":6935,"wa":3187},{"ts":"2014-02-12T08:00:00Z","nsw":9545,"qld":6881,"sa":2652,"tas":1112,"vic":6898},{"ts":"2014-02-12T08:10:00Z","nsw":9498,"qld":6809,"sa":2635,"tas":1103,"vic":6815,"wa":3239},{"ts":"2014-02-12T08:20:00Z","nsw":9469,"qld":6746,"sa":2618,"tas":1103,"vic":6780,"wa":3251},{"ts":"2014-02-12T08:30:00Z","nsw":9479,"qld":6763,"sa":2614,"tas":1106,"vic":6744,"wa":3282},{"ts":"2014-02-12T08:40:00Z","nsw":9425,"qld":6763,"sa":2594,"tas":1113,"vic":6693,"wa":3292},{"ts":"2014-02-12T08:50:00Z","nsw":9410,"qld":6845,"sa":2570,"tas":1121,"vic":6674,"wa":3303},{"ts":"2014-02-12T09:00:00Z","nsw":9459,"qld":6899,"sa":2518,"tas":1123,"vic":6587},{"ts":"2014-02-12T09:10:00Z","nsw":9491,"qld":6917,"sa":2523,"tas":1118,"vic":6520,"wa":3265},{"ts":"2014-02-12T09:20:00Z","nsw":9515,"qld":6885,"sa":2549,"tas":1119,"vic":6526,"wa":3263},{"ts":"2014-02-12T09:30:00Z","nsw":9486,"qld":6825,"sa":2556,"tas":1118,"vic":6559},{"ts":"2014-02-12T09:40:00Z","nsw":9372,"qld":6793,"sa":2548,"tas":1107,"vic":6613,"wa":3266},{"ts":"2014-02-12T09:50:00Z","nsw":9276,"qld":6740,"sa":2538,"tas":1117,"vic":6594,"wa":3259},{"ts":"2014-02-12T10:00:00Z","nsw":9265,"qld":6665,"sa":2504,"tas":1122,"vic":6584},{"ts":"2014-02-12T10:10:00Z","nsw":9237,"qld":6626,"sa":2513,"tas":1119,"vic":6500,"wa":3231},{"ts":"2014-02-12T10:20:00Z","nsw":9096,"qld":6603,"sa":2450,"tas":1111,"vic":6453,"wa":3223},{"ts":"2014-02-12T10:30:00Z","nsw":8974,"qld":6505,"sa":2422,"tas":1106,"vic":6367,"wa":3192},{"ts":"2014-02-12T10:40:00Z","nsw":8820,"qld":6483,"sa":2437,"tas":1099,"vic":6269,"wa":3188},{"ts":"2014-02-12T10:50:00Z","nsw":8636,"qld":6476,"sa":2441,"tas":1090,"vic":6143,"wa":3187},{"ts":"2014-02-12T11:00:00Z","nsw":8689,"qld":6388,"sa":2404,"tas":1077,"vic":6040},{"ts":"2014-02-12T11:10:00Z","nsw":8734,"qld":6551,"sa":2364,"tas":1067,"vic":5928,"wa":3190},{"ts":"2014-02-12T11:20:00Z","nsw":8641,"qld":6500,"sa":2342,"tas":1055,"vic":5767,"wa":3189},{"ts":"2014-02-12T11:30:00Z","nsw":8582,"qld":6368,"sa":2259,"tas":1039,"vic":5666,"wa":3163},{"ts":"2014-02-12T11:40:00Z","nsw":8478,"qld":6339,"sa":2209,"tas":1022,"vic":5579,"wa":3164},{"ts":"2014-02-12T11:50:00Z","nsw":8334,"qld":6196,"sa":2183,"tas":1012,"vic":5454,"wa":3160}],"output":[{"ts":"2014-02-11T17:00:00Z","nsw":2,"qld":1,"sa":0,"tas":0,"vic":0,"wa":0},{"ts":"2014-02-11T17:10:00Z","nsw":3,"qld":1,"sa":0,"tas":0,"vic":0,"wa":0},{"ts":"2014-02-11T17:20:00Z","nsw":3,"qld":1,"sa":0,"tas":0,"vic":0,"wa":0},{"ts":"2014-02-11T17:30:00Z","nsw":3,"qld":1,"sa":0,"tas":0,"vic":0,"wa":0},{"ts":"2014-02-11T17:40:00Z","nsw":3,"qld":1,"sa":0,"tas":0,"vic":0,"wa":0},{"ts":"2014-02-11T17:50:00Z","nsw":3,"qld":1,"sa":0,"tas":0,"vic":0,"wa":0},{"ts":"2014-02-11T18:00:00Z","nsw":3,"qld":1,"sa":0,"tas":0,"vic":0,"wa":0},{"ts":"2014-02-11T18:10:00Z","nsw":3,"qld":1,"sa":0,"tas":0,"vic":0,"wa":0},{"ts":"2014-02-11T18:20:00Z","nsw":3,"qld":1,"sa":0,"tas":0,"vic":0,"wa":0},{"ts":"2014-02-11T18:30:00Z","nsw":3,"qld":1,"sa":1,"tas":0,"vic":0,"wa":0},{"ts":"2014-02-11T18:40:00Z","nsw":3,"qld":1,"sa":0,"tas":0,"vic":0,"wa":0},{"ts":"2014-02-11T18:50:00Z","nsw":3,"qld":1,"sa":0,"tas":0,"vic":0,"wa":0},{"ts":"2014-02-11T19:00:00Z","nsw":3,"qld":1,"sa":0,"tas":0,"vic":0,"wa":0},{"ts":"2014-02-11T19:10:00Z","nsw":3,"qld":1,"sa":0,"tas":0,"vic":0,"wa":0},{"ts":"2014-02-11T19:20:00Z","nsw":4,"qld":1,"sa":0,"tas":0,"vic":0,"wa":0},{"ts":"2014-02-11T19:30:00Z","nsw":3,"qld":1,"sa":0,"tas":0,"vic":0,"wa":0},{"ts":"2014-02-11T19:40:00Z","nsw":5,"qld":5,"sa":0,"tas":0,"vic":0,"wa":0},{"ts":"2014-02-11T19:50:00Z","nsw":7,"qld":14,"sa":0,"tas":0,"vic":1,"wa":0},{"ts":"2014-02-11T20:00:00Z","nsw":11,"qld":28,"sa":0,"tas":0,"vic":3,"wa":0},{"ts":"2014-02-11T20:10:00Z","nsw":14,"qld":43,"sa":0,"tas":1,"vic":8,"wa":0},{"ts":"2014-02-11T20:20:00Z","nsw":20,"qld":61,"sa":1,"tas":1,"vic":13,"wa":0},{"ts":"2014-02-11T20:30:00Z","nsw":26,"qld":81,"sa":4,"tas":2,"vic":17,"wa":0},{"ts":"2014-02-11T20:40:00Z","nsw":37,"qld":107,"sa":7,"tas":2,"vic":23,"wa":0},{"ts":"2014-02-11T20:50:00Z","nsw":43,"qld":131,"sa":13,"tas":2,"vic":27,"wa":0},{"ts":"2014-02-11T21:00:00Z","nsw":55,"qld":157,"sa":16,"tas":3,"vic":34,"wa":0},{"ts":"2014-02-11T21:10:00Z","nsw":65,"qld":182,"sa":21,"tas":3,"vic":40,"wa":0},{"ts":"2014-02-11T21:20:00Z","nsw":76,"qld":211,"sa":30,"tas":4,"vic":50,"wa":0},{"ts":"2014-02-11T21:30:00Z","nsw":86,"qld":239,"sa":39,"tas":4,"vic":60,"wa":0},{"ts":"2014-02-11T21:40:00Z","nsw":97,"qld":278,"sa":49,"tas":4,"vic":69,"wa":0},{"ts":"2014-02-11T21:50:00Z","nsw":105,"qld":299,"sa":58,"tas":5,"vic":77,"wa":0},{"ts":"2014-02-11T22:00:00Z","nsw":115,"qld":338,"sa":66,"tas":6,"vic":89,"wa":1},{"ts":"2014-02-11T22:10:00Z","nsw":128,"qld":364,"sa":79,"tas":6,"vic":99,"wa":5},{"ts":"2014-02-11T22:20:00Z","nsw":141,"qld":389,"sa":95,"tas":6,"vic":115,"wa":8},{"ts":"2014-02-11T22:30:00Z","nsw":146,"qld":401,"sa":105,"tas":6,"vic":127,"wa":12},{"ts":"2014-02-11T22:40:00Z","nsw":156,"qld":407,"sa":117,"tas":5,"vic":144,"wa":19},{"ts":"2014-02-11T22:50:00Z","nsw":163,"qld":405,"sa":138,"tas":4,"vic":151,"wa":24},{"ts":"2014-02-11T23:00:00Z","nsw":180,"qld":412,"sa":143,"tas":5,"vic":162},{"ts":"2014-02-11T23:10:00Z","nsw":186,"qld":406,"sa":157,"tas":5,"vic":159,"wa":35},{"ts":"2014-02-11T23:20:00Z","nsw":197,"qld":408,"sa":169,"tas":6,"vic":166,"wa":38},{"ts":"2014-02-11T23:30:00Z","nsw":202,"qld":416,"sa":176,"tas":8,"vic":173,"wa":38},{"ts":"2014-02-11T23:40:00Z","nsw":216,"qld":437,"sa":175,"tas":9,"vic":193,"wa":43},{"ts":"2014-02-11T23:50:00Z","nsw":211,"qld":462,"sa":191,"tas":10,"vic":206,"wa":52},{"ts":"2014-02-12T00:00:00Z","nsw":218,"qld":470,"sa":180,"tas":12,"vic":213,"wa":59},{"ts":"2014-02-12T00:10:00Z","nsw":225,"qld":471,"sa":174,"tas":11,"vic":222,"wa":67},{"ts":"2014-02-12T00:20:00Z","nsw":235,"qld":477,"sa":183,"tas":11,"vic":232,"wa":77},{"ts":"2014-02-12T00:30:00Z","nsw":237,"qld":462,"sa":223,"tas":9,"vic":232,"wa":89},{"ts":"2014-02-12T00:40:00Z","nsw":257,"qld":496,"sa":231,"tas":9,"vic":250,"wa":108},{"ts":"2014-02-12T00:50:00Z","nsw":252,"qld":501,"sa":212,"tas":9,"vic":247,"wa":121},{"ts":"2014-02-12T01:00:00Z","nsw":269,"qld":513,"sa":203,"tas":11,"vic":246,"wa":131},{"ts":"2014-02-12T01:10:00Z","nsw":291,"qld":534,"sa":183,"tas":11,"vic":245,"wa":142},{"ts":"2014-02-12T01:20:00Z","nsw":311,"qld":534,"sa":173,"tas":14,"vic":258,"wa":153},{"ts":"2014-02-12T01:30:00Z","nsw":296,"qld":541,"sa":162,"tas":15,"vic":266,"wa":154},{"ts":"2014-02-12T01:40:00Z","nsw":295,"qld":554,"sa":154,"tas":19,"vic":290,"wa":169},{"ts":"2014-02-12T01:50:00Z","nsw":296,"qld":529,"sa":182,"tas":20,"vic":287,"wa":173},{"ts":"2014-02-12T02:00:00Z","nsw":298,"qld":556,"sa":194,"tas":23,"vic":303,"wa":189},{"ts":"2014-02-12T02:10:00Z","nsw":303,"qld":534,"sa":217,"tas":23,"vic":296,"wa":188},{"ts":"2014-02-12T02:20:00Z","nsw":312,"qld":567,"sa":191,"tas":25,"vic":304,"wa":203},{"ts":"2014-02-12T02:30:00Z","nsw":304,"qld":570,"sa":194,"tas":25,"vic":298,"wa":215},{"ts":"2014-02-12T02:40:00Z","nsw":307,"qld":585,"sa":184,"tas":27,"vic":289,"wa":214},{"ts":"2014-02-12T02:50:00Z","nsw":295,"qld":597,"sa":172,"tas":25,"vic":274,"wa":217},{"ts":"2014-02-12T03:00:00Z","nsw":308,"qld":598,"sa":180,"tas":25,"vic":284,"wa":230},{"ts":"2014-02-12T03:10:00Z","nsw":303,"qld":591,"sa":201,"tas":22,"vic":273,"wa":224},{"ts":"2014-02-12T03:20:00Z","nsw":328,"qld":601,"sa":211,"tas":19,"vic":267,"wa":235},{"ts":"2014-02-12T03:30:00Z","nsw":321,"qld":574,"sa":215,"tas":18,"vic":262,"wa":231},{"ts":"2014-02-12T03:40:00Z","nsw":317,"qld":598,"sa":212,"tas":18,"vic":281,"wa":234},{"ts":"2014-02-12T03:50:00Z","nsw":316,"qld":572,"sa":204,"tas":16,"vic":282,"wa":231},{"ts":"2014-02-12T04:00:00Z","nsw":309,"qld":584,"sa":186,"tas":17,"vic":289,"wa":244},{"ts":"2014-02-12T04:10:00Z","nsw":317,"qld":576,"sa":169,"tas":15,"vic":273,"wa":237},{"ts":"2014-02-12T04:20:00Z","nsw":309,"qld":583,"sa":151,"tas":14,"vic":277,"wa":239},{"ts":"2014-02-12T04:40:00Z","nsw":268,"qld":557,"sa":117,"tas":11,"vic":270,"wa":240},{"ts":"2014-02-12T04:50:00Z","nsw":254,"qld":551,"sa":106,"tas":9,"vic":241,"wa":234},{"ts":"2014-02-12T05:00:00Z","nsw":258,"qld":521,"sa":93,"tas":11,"vic":234},{"ts":"2014-02-12T05:10:00Z","nsw":242,"qld":497,"sa":78,"tas":11,"vic":193,"wa":239},{"ts":"2014-02-12T05:20:00Z","nsw":239,"qld":487,"sa":71,"tas":10,"vic":196,"wa":240},{"ts":"2014-02-12T05:30:00Z","nsw":221,"qld":465,"sa":71,"tas":9,"vic":170,"wa":235},{"ts":"2014-02-12T05:40:00Z","nsw":201,"qld":434,"sa":77,"tas":9,"vic":166,"wa":232},{"ts":"2014-02-12T05:50:00Z","nsw":184,"qld":407,"sa":93,"tas":8,"vic":150,"wa":225},{"ts":"2014-02-12T06:00:00Z","nsw":162,"qld":369,"sa":104,"tas":9,"vic":156},{"ts":"2014-02-12T06:10:00Z","nsw":138,"qld":341,"sa":119,"tas":8,"vic":147,"wa":220},{"ts":"2014-02-12T06:20:00Z","nsw":134,"qld":310,"sa":129,"tas":8,"vic":133,"wa":217},{"ts":"2014-02-12T06:30:00Z","nsw":121,"qld":277,"sa":118,"tas":6,"vic":113,"wa":219},{"ts":"2014-02-12T06:40:00Z","nsw":119,"qld":245,"sa":106,"tas":5,"vic":109,"wa":212},{"ts":"2014-02-12T06:50:00Z","nsw":107,"qld":218,"sa":97,"tas":5,"vic":94,"wa":204},{"ts":"2014-02-12T07:00:00Z","nsw":92,"qld":186,"sa":82,"tas":5,"vic":84},{"ts":"2014-02-12T07:10:00Z","nsw":78,"qld":152,"sa":75,"tas":4,"vic":67,"wa":193},{"ts":"2014-02-12T07:20:00Z","nsw":62,"qld":133,"sa":67,"tas":5,"vic":61,"wa":189},{"ts":"2014-02-12T07:30:00Z","nsw":55,"qld":101,"sa":61,"tas":4,"vic":52,"wa":173},{"ts":"2014-02-12T07:40:00Z","nsw":53,"qld":77,"sa":53,"tas":3,"vic":44,"wa":174},{"ts":"2014-02-12T07:50:00Z","nsw":44,"qld":57,"sa":46,"tas":4,"vic":41,"wa":163},{"ts":"2014-02-12T08:00:00Z","nsw":36,"qld":37,"sa":39,"tas":3,"vic":34},{"ts":"2014-02-12T08:10:00Z","nsw":27,"qld":21,"sa":31,"tas":4,"vic":25,"wa":144},{"ts":"2014-02-12T08:20:00Z","nsw":19,"qld":11,"sa":23,"tas":3,"vic":22,"wa":138},{"ts":"2014-02-12T08:30:00Z","nsw":15,"qld":4,"sa":18,"tas":2,"vic":17,"wa":133},{"ts":"2014-02-12T08:40:00Z","nsw":10,"qld":1,"sa":13,"tas":1,"vic":12,"wa":120},{"ts":"2014-02-12T08:50:00Z","nsw":7,"qld":1,"sa":8,"tas":0,"vic":7,"wa":109},{"ts":"2014-02-12T09:00:00Z","nsw":7,"qld":1,"sa":7,"tas":0,"vic":4},{"ts":"2014-02-12T09:10:00Z","nsw":7,"qld":2,"sa":4,"tas":0,"vic":3,"wa":84},{"ts":"2014-02-12T09:20:00Z","nsw":5,"qld":2,"sa":3,"tas":0,"vic":2,"wa":77},{"ts":"2014-02-12T09:30:00Z","nsw":5,"qld":2,"sa":1,"tas":0,"vic":3},{"ts":"2014-02-12T09:40:00Z","nsw":9,"qld":2,"sa":1,"tas":0,"vic":2,"wa":57},{"ts":"2014-02-12T09:50:00Z","nsw":10,"qld":2,"sa":1,"tas":0,"vic":1,"wa":46},{"ts":"2014-02-12T10:00:00Z","nsw":8,"qld":2,"sa":1,"tas":0,"vic":1},{"ts":"2014-02-12T10:10:00Z","nsw":8,"qld":1,"sa":1,"tas":0,"vic":0,"wa":34},{"ts":"2014-02-12T10:20:00Z","nsw":7,"qld":1,"sa":1,"tas":0,"vic":1,"wa":26},{"ts":"2014-02-12T10:30:00Z","nsw":7,"qld":1,"sa":1,"tas":0,"vic":0,"wa":18},{"ts":"2014-02-12T10:40:00Z","nsw":6,"qld":1,"sa":1,"tas":0,"vic":0,"wa":12},{"ts":"2014-02-12T10:50:00Z","nsw":6,"qld":1,"sa":0,"tas":0,"vic":0,"wa":7},{"ts":"2014-02-12T11:00:00Z","nsw":6,"qld":1,"sa":0,"tas":0,"vic":1},{"ts":"2014-02-12T11:10:00Z","nsw":5,"qld":1,"sa":0,"tas":0,"vic":1,"wa":1},{"ts":"2014-02-12T11:20:00Z","nsw":4,"qld":1,"sa":0,"tas":0,"vic":1,"wa":1},{"ts":"2014-02-12T11:30:00Z","nsw":5,"qld":1,"sa":0,"tas":0,"vic":0,"wa":1},{"ts":"2014-02-12T11:40:00Z","nsw":4,"qld":2,"sa":0,"tas":0,"vic":1,"wa":1},{"ts":"2014-02-12T11:50:00Z","nsw":4,"qld":1,"sa":0,"tas":0,"vic":1,"wa":1}]}